YEAR,QUARTER,ID,CPI1,CPI2,CPI3,CPI4,CPI5,CPI6
2000,1,20,2.9,3.0,2.9,2.8,3.1,3.2
2000,1,40,2.9,2.6,3.2,2.9,2.8,2.9
2000,1,65,2.9,1.7,1.8,1.9,2.0,1.9
2000,1,84,2.9,2.6,2.8,3.0,3.0,
2000,1,94,2.9,2.1,2.3,2.3,2.1,2.1
2000,1,407,2.9,3.2,2.5,2.6,2.7,2.9
2000,1,411,2.9,2.4,2.2,2.0,2.5,2.6
2000,1,414,2.9,2.4,2.4,2.3,2.3,2.2
2000,1,420,2.9,2.3,2.4,2.5,2.7,2.8
2000,1,421,2.9,3.1,2.8,2.4,2.1,1.9
2000,1,426,2.9,2.3,2.3,2.3,2.5,2.5
2000,1,428,,,,,,
2000,1,429,2.9,3.7,3.0,2.8,2.7,2.6
2000,1,431,2.9,2.4,2.2,2.2,2.5,2.5
2000,1,433,2.9,2.6,2.4,2.1,2.2,2.2
2000,1,456,2.9,2.7,2.6,2.3,2.6,2.6
2000,1,463,2.9,2.3,2.4,2.3,2.5,2.5
2000,1,464,2.9,2.7,2.3,2.3,2.5,2.7
2000,1,465,2.9,2.3,2.2,2.0,2.0,2.0
2000,1,469,2.9,3.0,3.1,3.1,3.2,3.2
2000,1,470,2.9,2.3,2.5,2.5,2.3,2.0
2000,1,472,2.9,3.0,2.5,1.8,1.8,
2000,1,481,2.9,2.0,2.2,2.5,2.3,2.3
2000,1,484,2.9,2.95,3.45,3.35,3.15,3.2
2000,1,486,2.9,3.1,2.6,2.8,3.0,
2000,1,498,2.9,2.3,1.5,1.3,1.5,1.7
2000,1,499,2.9,1.5,1.8,2.7,1.9,2.2
2000,1,500,2.9,1.8,3.9,2.9,2.8,1.5
2000,1,501,2.9,2.5,2.2,2.2,2.5,2.8
2000,1,504,2.9,2.5,1.6,1.7,1.7,
2000,1,506,2.9,2.5,2.5,2.5,2.4,2.3
2000,1,507,2.9,3.0,2.8,2.9,2.8,2.8
2000,1,508,,,,,,
2000,1,510,2.9,2.4,2.0,1.8,1.6,1.5
2000,1,512,2.9,2.7,2.6,2.4,2.3,2.3
2000,1,513,2.9,3.0,3.2,3.2,3.3,3.4
2000,2,20,4.0,4.2,4.2,4.3,4.3,4.4
2000,2,65,4.0,2.8,2.7,2.6,2.5,2.5
2000,2,84,4.0,3.0,3.2,3.2,3.2,
2000,2,407,4.0,2.9,2.3,2.6,2.7,2.8
2000,2,420,4.0,3.6,2.7,3.0,2.9,3.1
2000,2,421,4.0,3.2,2.3,2.3,1.9,2.0
2000,2,423,4.0,4.53,2.87,2.67,2.65,2.65
2000,2,426,4.0,2.4,2.3,2.5,2.5,2.3
2000,2,428,,,,,,
2000,2,431,4.0,3.0,2.5,2.0,2.6,2.7
2000,2,433,4.0,4.0,2.4,2.5,2.8,2.5
2000,2,439,4.0,3.9,3.3,3.2,3.5,3.5
2000,2,446,4.0,3.9,2.1,2.2,2.4,2.5
2000,2,456,4.0,3.7,2.3,2.6,2.4,2.9
2000,2,458,4.0,2.5,2.5,2.7,2.8,2.9
2000,2,463,4.0,3.2,2.2,2.5,2.4,2.4
2000,2,465,4.0,6.8,2.3,2.1,2.5,2.5
2000,2,469,4.0,4.0,4.0,4.0,3.8,3.6
2000,2,472,4.0,2.9,1.5,1.6,2.0,2.2
2000,2,475,4.0,2.4,2.6,2.8,3.2,2.9
2000,2,483,4.0,2.85,2.59,3.05,2.79,2.54
2000,2,484,4.0,3.15,3.05,3.0,2.9,3.05
2000,2,486,4.0,3.3,2.5,2.6,2.5,2.6
2000,2,497,4.0,3.8,2.1,2.6,2.8,3.0
2000,2,498,4.0,1.3,1.2,1.2,1.7,
2000,2,500,4.0,5.7,1.9,2.4,3.5,5.0
2000,2,501,4.0,3.8,2.1,2.6,3.0,3.0
2000,2,502,4.0,2.5,3.0,3.0,2.7,2.5
2000,2,506,4.0,2.7,1.5,1.6,2.5,2.3
2000,2,507,4.0,3.6,3.0,2.6,2.7,2.5
2000,2,508,,,,,,
2000,2,510,4.0,1.0,2.0,2.2,2.4,1.9
2000,2,512,4.0,3.2,3.0,2.5,2.5,2.5
2000,2,513,4.0,4.2,4.3,4.3,4.4,4.4
2000,3,20,3.6,3.2,3.1,3.2,3.2,3.3
2000,3,40,3.6,3.4,3.1,3.2,2.8,2.8
2000,3,65,3.6,3.0,2.9,2.8,2.7,2.6
2000,3,84,3.6,4.0,3.5,3.0,3.0,3.0
2000,3,407,3.6,1.8,2.3,2.6,2.7,2.8
2000,3,420,3.6,2.7,3.0,2.9,3.1,2.8
2000,3,421,3.6,3.4,3.1,2.6,2.3,1.9
2000,3,423,3.6,3.6,2.9,3.0,2.4,2.6
2000,3,426,3.6,2.3,2.6,2.6,2.5,2.4
2000,3,428,,,,,,
2000,3,431,3.6,3.0,2.6,3.0,2.3,2.1
2000,3,433,3.6,2.9,2.8,2.7,2.8,2.5
2000,3,446,3.6,2.7,2.8,2.9,2.9,3.0
2000,3,456,3.6,3.2,2.7,2.9,2.7,2.8
2000,3,463,3.6,2.7,2.4,2.6,2.7,2.4
2000,3,464,3.6,2.9,2.4,2.5,2.5,2.5
2000,3,472,3.6,1.5,3.2,2.0,2.2,2.3
2000,3,475,3.6,2.6,2.7,2.7,2.7,2.8
2000,3,484,,,,,,
2000,3,485,3.6,1.6,2.8,2.3,2.5,2.3
2000,3,497,3.6,2.6,2.4,2.8,3.0,
2000,3,498,3.6,2.2,2.0,2.0,1.8,2.0
2000,3,499,3.6,2.9,2.5,3.0,2.7,3.1
2000,3,500,3.6,3.5,2.9,3.3,2.9,3.0
2000,3,501,3.6,2.7,2.8,3.0,3.0,3.1
2000,3,502,3.6,3.2,2.6,2.8,2.9,3.0
2000,3,504,,,,,,
2000,3,506,3.6,3.0,1.8,2.0,2.2,2.2
2000,3,507,3.6,3.2,2.6,2.7,2.1,3.0
2000,3,508,,,,,,
2000,3,510,3.6,2.0,2.0,1.8,1.5,2.0
2000,3,512,3.6,3.3,3.0,3.0,2.5,2.5
2000,4,20,3.1,3.2,3.1,3.1,3.2,3.1
2000,4,40,3.1,3.0,3.5,3.0,3.0,2.9
2000,4,65,3.1,3.0,2.9,2.9,2.8,2.8
2000,4,84,3.1,3.5,3.0,2.0,2.5,3.0
2000,4,99,3.1,3.4,3.0,2.8,2.7,2.6
2000,4,407,3.1,2.4,2.2,2.5,2.8,2.8
2000,4,411,3.1,2.8,2.3,2.5,2.8,2.5
2000,4,420,3.1,3.0,2.9,3.2,3.0,3.3
2000,4,421,3.1,3.1,2.8,2.4,2.1,2.2
2000,4,423,3.1,3.4,2.6,2.4,2.6,2.5
2000,4,426,3.1,2.1,2.5,2.6,2.5,2.4
2000,4,428,3.1,2.4,2.4,2.5,2.0,2.6
2000,4,431,3.1,3.5,3.3,2.8,2.7,2.7
2000,4,433,3.1,3.2,3.2,3.2,2.8,2.8
2000,4,439,3.1,3.2,3.5,2.6,2.7,3.5
2000,4,446,3.1,2.8,2.9,2.9,3.0,2.9
2000,4,456,3.1,3.4,3.2,2.9,2.6,2.3
2000,4,463,3.1,2.7,2.6,2.8,2.5,2.5
2000,4,465,3.1,4.0,2.4,2.5,2.0,2.0
2000,4,475,3.1,3.1,3.3,2.7,2.4,2.2
2000,4,483,3.1,3.8,3.6,3.3,3.0,2.7
2000,4,485,3.1,3.8,2.0,2.0,2.0,2.0
2000,4,488,3.1,3.0,2.5,2.7,2.9,3.0
2000,4,497,3.1,2.7,2.6,2.5,2.6,2.5
2000,4,498,3.1,2.6,1.8,1.9,1.9,1.8
2000,4,499,3.1,3.3,2.6,2.7,3.3,3.0
2000,4,500,3.1,3.0,3.6,3.0,2.5,2.6
2000,4,501,3.1,2.7,2.3,2.6,2.9,2.7
2000,4,502,3.1,3.2,3.3,3.1,2.9,2.9
2000,4,504,,,,,,
2000,4,506,3.1,3.0,2.6,2.2,2.4,2.2
2000,4,508,3.1,2.9,2.3,2.1,2.0,1.7
2000,4,510,3.1,2.3,2.4,1.9,1.8,2.2
2000,4,512,3.1,3.4,3.0,2.8,2.6,2.4
2001,1,20,2.7,2.8,2.7,3.0,3.1,3.1
2001,1,40,2.7,2.8,2.5,2.8,2.8,3.2
2001,1,65,2.7,2.5,2.2,2.0,2.2,2.2
2001,1,84,2.7,3.0,2.7,2.7,2.7,
2001,1,94,2.7,1.7,2.5,2.3,1.6,1.6
2001,1,99,2.7,2.0,2.8,2.8,3.2,3.0
2001,1,411,2.7,2.3,2.3,2.5,2.4,2.6
2001,1,421,2.7,2.8,2.5,2.0,2.1,2.4
2001,1,423,,,,,,
2001,1,428,2.7,2.4,2.5,2.1,2.2,2.5
2001,1,429,2.8,2.7,2.7,2.5,2.8,2.8
2001,1,431,2.7,1.8,2.7,2.8,2.4,2.3
2001,1,433,2.7,2.7,2.6,2.8,3.0,3.0
2001,1,439,2.7,3.2,2.5,3.0,3.8,3.1
2001,1,446,2.7,2.5,2.4,2.3,2.2,2.3
2001,1,456,2.7,2.6,1.2,1.5,1.9,1.9
2001,1,463,2.7,2.8,2.7,3.1,2.7,2.7
2001,1,465,2.7,3.0,2.5,2.0,2.0,2.0
2001,1,472,2.7,2.4,2.3,2.3,2.1,2.4
2001,1,475,2.7,2.8,2.8,2.9,3.0,3.0
2001,1,483,2.7,3.0,3.0,2.5,2.5,2.5
2001,1,484,2.7,2.5,2.6,2.7,2.8,3.0
2001,1,485,2.7,2.3,2.5,3.2,3.5,2.0
2001,1,497,2.7,2.3,2.4,2.4,2.4,2.6
2001,1,498,2.7,1.8,1.9,1.7,1.9,1.9
2001,1,499,2.7,2.9,3.1,3.0,2.7,2.8
2001,1,500,2.7,3.9,3.0,2.5,2.3,3.2
2001,1,502,2.7,2.5,2.4,2.4,2.5,2.7
2001,1,504,2.7,2.1,1.1,1.1,2.1,2.0
2001,1,506,2.7,2.8,2.3,2.2,2.3,2.5
2001,1,507,2.7,2.6,2.6,3.0,2.7,2.9
2001,1,508,2.7,2.9,1.8,1.8,1.9,1.9
2001,1,510,,,,,,
2001,1,512,2.7,2.7,2.7,2.6,2.4,2.0
2001,1,516,2.7,2.9,2.9,1.9,1.9,2.8
2001,2,20,4.2,3.8,3.7,4.0,4.3,4.3
2001,2,40,4.2,3.2,3.4,3.4,3.3,3.2
2001,2,65,4.2,2.5,2.4,2.4,2.5,2.5
2001,2,84,4.2,4.0,3.5,3.0,3.0,3.0
2001,2,94,4.2,3.7,2.6,1.8,1.9,1.9
2001,2,407,4.2,0.0,3.0,3.2,3.1,3.3
2001,2,411,4.2,3.9,1.8,2.0,2.2,2.1
2001,2,421,4.2,3.8,3.5,2.6,2.2,2.2
2001,2,423,4.2,2.7,2.8,2.8,2.7,2.7
2001,2,428,4.2,2.4,1.9,2.0,2.3,2.2
2001,2,429,4.2,3.1,2.7,2.8,2.9,2.9
2001,2,431,4.2,2.9,1.9,1.5,1.4,1.2
2001,2,433,4.2,2.4,3.1,3.0,3.0,2.7
2001,2,446,4.2,2.3,2.5,2.4,2.5,2.3
2001,2,456,4.2,3.0,2.0,1.5,2.0,2.0
2001,2,463,4.2,3.4,2.4,2.1,3.0,2.5
2001,2,465,,,,,,
2001,2,472,4.2,2.6,2.5,2.5,2.7,2.7
2001,2,484,4.2,3.6,3.3,3.1,3.0,2.9
2001,2,485,4.2,3.5,2.5,2.5,2.0,2.0
2001,2,497,4.2,3.5,1.9,2.0,2.3,2.3
2001,2,498,4.2,2.1,2.1,1.5,1.9,1.9
2001,2,499,4.2,1.0,2.5,2.5,2.7,2.5
2001,2,500,4.2,3.9,1.8,2.0,2.2,2.1
2001,2,502,4.2,3.6,2.6,2.7,2.6,2.7
2001,2,504,4.2,2.5,0.2,0.7,2.0,1.6
2001,2,506,4.2,3.3,2.0,2.1,2.5,2.8
2001,2,507,4.2,2.9,2.6,2.7,3.5,1.8
2001,2,508,,,,,,
2001,2,510,4.2,,,,,
2001,2,512,4.2,2.9,2.7,2.5,2.5,2.5
2001,2,516,4.2,1.5,2.1,2.5,2.6,2.5
2001,2,518,4.2,3.2,2.8,2.6,2.7,2.9
2001,3,20,3.1,3.1,3.1,3.0,3.1,3.1
2001,3,40,3.1,3.1,3.1,3.0,2.9,2.9
2001,3,65,3.1,2.4,2.3,2.5,2.4,2.5
2001,3,84,3.1,2.0,3.0,3.2,3.1,3.0
2001,3,99,3.1,2.5,2.5,2.6,2.7,2.7
2001,3,407,3.1,2.2,2.8,3.0,3.0,2.9
2001,3,411,3.1,1.2,2.6,2.8,2.8,2.8
2001,3,420,3.1,3.2,3.4,2.9,2.9,2.8
2001,3,421,3.1,3.0,2.4,2.0,2.3,2.2
2001,3,426,3.1,1.7,1.6,1.8,2.4,2.4
2001,3,428,3.1,2.3,2.1,2.0,2.2,2.3
2001,3,429,3.1,1.0,1.7,2.0,2.1,2.4
2001,3,431,3.1,1.7,2.3,1.8,1.7,1.6
2001,3,433,3.1,2.6,3.2,3.5,3.2,3.2
2001,3,439,3.1,1.3,2.0,2.2,2.6,3.1
2001,3,456,3.1,2.4,1.8,2.3,2.2,2.0
2001,3,463,3.1,1.7,2.6,2.5,2.5,2.5
2001,3,465,3.1,2.6,1.1,2.3,2.5,3.1
2001,3,483,3.1,2.7,2.5,2.5,2.5,2.7
2001,3,484,3.1,3.1,3.2,2.9,2.8,2.6
2001,3,485,3.1,2.5,2.5,2.0,2.0,2.0
2001,3,488,3.1,2.1,2.5,2.7,2.8,2.9
2001,3,498,3.1,2.3,1.8,2.1,2.1,2.1
2001,3,499,3.1,2.2,2.1,2.8,3.4,2.2
2001,3,500,3.1,1.2,2.6,2.8,2.8,2.8
2001,3,502,3.1,2.8,2.8,2.8,2.8,2.8
2001,3,504,3.1,1.4,1.4,2.0,1.8,1.8
2001,3,507,3.1,1.6,1.8,2.7,3.2,3.3
2001,3,508,3.1,2.6,2.4,2.4,2.3,2.3
2001,3,510,3.1,2.5,2.2,2.8,2.2,2.5
2001,3,512,3.1,3.6,3.8,4.0,4.2,4.2
2001,3,516,3.1,2.3,2.1,2.2,2.0,2.4
2001,3,518,3.1,2.8,2.7,2.7,2.7,2.8
2001,4,20,0.7,0.8,1.0,1.0,1.0,1.1
2001,4,40,0.7,2.4,2.5,2.2,2.5,2.5
2001,4,65,0.7,1.5,1.4,1.4,1.6,2.0
2001,4,84,0.7,2.0,2.2,2.5,2.5,2.7
2001,4,407,0.7,1.8,2.9,2.6,2.9,3.2
2001,4,411,0.7,1.1,2.4,2.3,2.2,2.6
2001,4,420,0.7,2.0,2.6,2.9,2.8,3.1
2001,4,423,0.7,2.9,2.7,2.6,2.1,2.7
2001,4,426,0.7,0.6,1.6,1.8,2.4,2.4
2001,4,428,0.7,1.6,1.8,1.9,2.1,2.1
2001,4,429,0.7,0.4,1.7,2.3,2.9,3.0
2001,4,433,0.7,1.8,1.6,1.5,1.7,2.2
2001,4,446,0.7,2.3,2.4,2.3,2.2,2.4
2001,4,456,0.7,2.0,1.7,1.8,2.1,2.2
2001,4,463,0.7,1.2,2.5,2.5,2.5,2.5
2001,4,472,0.7,1.8,2.0,2.0,2.0,2.5
2001,4,485,0.7,0.1,1.0,1.0,1.0,1.0
2001,4,488,0.7,2.1,2.5,2.5,2.6,2.9
2001,4,497,0.7,1.1,1.9,2.0,,
2001,4,498,0.7,1.3,1.4,1.4,1.4,1.4
2001,4,499,0.7,1.2,2.4,2.1,2.0,2.3
2001,4,504,0.7,0.5,2.3,2.3,1.3,1.6
2001,4,506,0.7,2.3,1.7,1.8,1.8,2.4
2001,4,507,0.7,0.9,2.7,2.7,3.0,2.7
2001,4,508,0.7,1.5,1.9,1.4,2.0,2.2
2001,4,512,0.7,1.5,1.7,2.0,2.7,3.0
2001,4,516,0.7,2.2,2.2,2.3,2.4,2.4
2001,4,518,0.7,2.0,1.9,2.4,2.3,2.5
2001,4,519,0.7,2.4,1.9,2.1,2.0,2.6
2002,1,20,-0.4,0.7,0.8,0.8,0.9,0.9
2002,1,40,-0.4,1.7,2.1,2.3,2.8,2.6
2002,1,65,-0.4,1.8,2.0,2.2,2.3,2.4
2002,1,84,,,,,,
2002,1,99,-0.4,1.9,2.1,2.2,2.4,2.3
2002,1,407,-0.4,3.2,2.7,2.9,3.0,2.8
2002,1,411,-0.4,1.6,2.2,1.9,2.3,2.5
2002,1,421,-0.4,2.4,2.5,2.6,2.3,2.1
2002,1,423,-0.4,0.6,2.1,1.8,1.5,2.2
2002,1,426,-0.4,2.3,2.4,2.4,2.4,2.0
2002,1,428,-0.4,1.3,2.2,2.5,2.4,2.2
2002,1,429,-0.4,0.5,1.8,2.3,2.8,2.9
2002,1,431,-0.4,1.4,1.0,0.9,1.1,1.6
2002,1,433,-0.4,0.9,1.7,1.9,2.2,2.7
2002,1,439,-0.4,0.9,3.6,2.5,2.5,2.5
2002,1,446,-0.4,1.2,1.7,1.9,2.4,2.5
2002,1,463,-0.4,1.8,2.7,2.5,2.5,2.5
2002,1,465,-0.4,1.0,1.7,2.0,2.3,2.5
2002,1,483,-0.4,1.587,1.581,1.574,1.794,2.011
2002,1,484,-0.4,-0.1,0.5,1.2,1.3,1.6
2002,1,485,-0.4,0.7,1.0,2.0,4.5,2.5
2002,1,498,-0.4,1.0,1.9,1.5,1.3,2.2
2002,1,499,-0.4,1.7,1.8,1.8,1.1,1.0
2002,1,500,-0.4,1.4,1.7,1.9,2.1,2.4
2002,1,502,-0.4,1.3,2.2,2.4,2.8,2.6
2002,1,507,-0.4,0.6,2.9,3.2,2.2,2.9
2002,1,508,-0.4,1.4,1.8,2.1,2.2,2.3
2002,1,510,-0.4,1.2,1.5,1.8,2.4,2.4
2002,1,512,-0.4,1.5,2.25,3.0,3.5,3.5
2002,1,516,-0.4,1.3,2.2,2.2,2.2,2.3
2002,1,517,,,,,,
2002,1,518,-0.4,1.5,1.7,2.1,2.3,3.1
2002,1,519,-0.4,1.5,2.7,2.1,2.8,2.6
2002,1,520,-0.4,2.5,3.0,3.5,3.3,3.0
2002,1,521,-0.4,2.0,1.8,1.9,1.5,2.4
2002,2,20,1.4,1.7,1.7,1.6,1.6,1.7
2002,2,40,1.4,2.6,2.6,2.9,2.6,2.4
2002,2,65,1.4,2.2,2.2,2.2,2.2,2.2
2002,2,84,1.4,2.0,2.2,2.2,,
2002,2,99,1.4,2.2,2.3,2.3,2.4,2.5
2002,2,405,1.4,3.8,1.6,1.3,3.0,4.6
2002,2,407,1.4,3.3,2.5,2.6,2.6,2.9
2002,2,420,1.4,2.1,2.1,2.4,2.5,2.3
2002,2,421,1.4,2.2,2.5,2.6,2.3,2.1
2002,2,423,1.4,3.4,2.3,1.6,2.6,2.6
2002,2,426,1.4,2.4,2.4,2.4,2.0,2.4
2002,2,428,1.4,2.8,2.6,2.2,2.3,2.2
2002,2,429,1.4,3.5,2.5,2.5,2.7,2.9
2002,2,431,1.4,3.0,2.0,2.2,1.9,1.8
2002,2,433,1.4,3.4,1.8,2.0,2.1,2.5
2002,2,439,1.4,4.1,2.2,2.2,2.5,2.6
2002,2,446,1.4,3.6,2.6,2.2,2.3,2.4
2002,2,456,1.4,3.0,2.0,2.0,2.1,1.8
2002,2,463,1.4,4.1,2.5,2.5,2.5,2.5
2002,2,465,1.4,4.3,2.1,2.3,2.5,2.7
2002,2,472,1.4,3.3,2.8,2.6,2.6,2.4
2002,2,483,1.359,1.581,1.575,1.795,2.012,2.002
2002,2,484,1.4,1.9,2.2,2.1,1.9,1.8
2002,2,485,1.4,2.5,0.0,0.5,2.5,3.5
2002,2,497,,,,,,
2002,2,500,1.4,4.0,3.1,2.2,2.2,2.3
2002,2,502,1.4,3.0,2.0,2.0,2.5,2.5
2002,2,504,1.359,3.873,1.117,1.562,2.678,2.214
2002,2,507,1.4,3.8,2.7,3.0,2.9,2.5
2002,2,508,1.4,2.7,2.2,2.5,2.7,2.3
2002,2,510,1.4,2.0,1.9,2.3,2.4,2.5
2002,2,512,1.4,1.9,2.5,3.5,3.5,3.25
2002,2,516,1.4,3.8,2.9,2.0,2.0,2.1
2002,2,518,1.4,3.05,2.2,2.87,2.98,2.85
2002,2,519,1.4,3.5,2.2,2.6,2.9,2.5
2002,2,520,1.4,2.2,2.8,2.5,2.8,2.9
2002,2,521,1.4,3.8,1.1,1.1,2.2,2.7
2002,3,20,3.4,2.0,1.6,1.6,1.7,1.4
2002,3,40,3.4,4.3,2.0,1.9,1.8,1.9
2002,3,84,3.4,1.8,1.9,2.0,2.0,2.3
2002,3,99,3.4,2.7,1.9,1.3,1.3,1.7
2002,3,405,3.4,1.2,1.3,1.8,3.8,2.4
2002,3,407,3.4,1.7,2.6,3.1,3.1,3.0
2002,3,411,3.4,1.9,2.4,2.4,2.4,2.0
2002,3,420,3.4,2.7,2.4,2.5,2.4,2.5
2002,3,421,3.4,2.3,2.0,2.4,2.1,2.2
2002,3,426,3.4,2.4,2.4,2.0,2.4,2.4
2002,3,428,3.4,2.7,1.9,1.9,2.1,2.2
2002,3,429,3.4,2.9,3.2,2.9,2.8,2.7
2002,3,433,3.4,2.0,1.8,2.0,2.2,2.0
2002,3,439,3.4,1.6,2.1,2.4,2.6,2.6
2002,3,446,3.4,2.5,2.2,2.2,2.2,2.3
2002,3,448,3.4,2.4,2.4,3.0,3.1,3.1
2002,3,456,3.4,1.8,1.7,1.7,1.8,1.7
2002,3,463,3.4,1.9,2.4,2.4,2.4,2.4
2002,3,465,3.4,1.7,2.5,2.8,2.4,2.9
2002,3,483,3.4,1.3,1.8,1.8,1.8,1.8
2002,3,484,3.4,1.2,1.3,1.6,1.8,2.6
2002,3,497,3.4,2.0,2.3,2.2,2.3,
2002,3,498,3.4,2.2,1.0,1.9,1.5,1.9
2002,3,500,3.4,1.9,2.4,2.4,2.4,2.0
2002,3,502,3.4,2.6,2.0,2.0,2.4,2.6
2002,3,504,3.4,1.6,1.8,2.9,2.4,2.2
2002,3,507,3.4,1.5,2.8,2.8,2.5,3.3
2002,3,508,,,,,,
2002,3,510,3.4,2.1,2.8,2.8,2.6,2.6
2002,3,512,3.4,3.5,3.5,3.7,3.6,3.2
2002,3,516,3.4,2.2,2.4,2.3,2.1,2.0
2002,3,518,3.4,1.6,1.9,2.2,2.5,2.7
2002,3,519,3.4,2.3,2.1,3.0,2.3,2.8
2002,3,520,3.4,2.7,2.7,2.8,2.8,2.8
2002,3,521,3.4,2.0,1.9,2.1,2.4,2.2
2002,4,20,1.9,2.0,1.9,2.0,2.0,2.0
2002,4,40,1.9,2.5,1.8,1.6,1.6,1.7
2002,4,65,1.9,1.8,1.7,1.6,1.8,2.0
2002,4,84,1.9,2.0,2.0,2.0,2.2,2.2
2002,4,99,1.9,2.2,2.2,2.1,2.2,2.3
2002,4,405,1.9,0.6,1.8,3.2,2.9,1.4
2002,4,407,1.9,1.2,2.9,3.0,3.0,2.4
2002,4,421,1.9,2.3,2.8,2.5,1.9,2.2
2002,4,423,1.9,2.3,2.9,2.7,3.0,3.1
2002,4,426,1.9,2.4,2.7,3.0,2.6,2.8
2002,4,428,1.9,1.9,1.9,1.8,1.9,2.0
2002,4,429,1.9,2.3,3.0,2.4,2.4,2.1
2002,4,431,1.9,2.4,2.0,1.0,1.6,1.8
2002,4,433,1.9,2.5,1.9,1.9,2.1,2.2
2002,4,439,1.9,3.0,2.3,2.6,2.6,2.7
2002,4,446,1.9,2.1,2.0,2.2,2.2,2.3
2002,4,448,1.9,2.5,2.3,2.8,2.7,3.1
2002,4,463,1.9,2.9,2.4,2.4,2.4,2.4
2002,4,465,1.9,2.4,2.8,2.2,2.3,2.5
2002,4,472,1.9,2.0,2.4,2.0,2.2,2.2
2002,4,485,1.9,1.3,2.0,2.0,2.0,2.0
2002,4,497,1.9,2.5,2.2,1.9,2.1,2.2
2002,4,498,1.9,1.7,2.0,1.2,1.3,2.2
2002,4,500,1.9,2.9,2.4,0.5,1.6,2.0
2002,4,504,1.9,2.2,1.3,0.2,1.5,2.0
2002,4,506,,,,,,
2002,4,507,1.9,2.4,2.2,3.0,3.1,2.4
2002,4,508,,,,,,
2002,4,510,1.9,2.2,2.5,2.6,2.6,2.8
2002,4,512,1.9,2.0,2.25,2.34,2.5,2.8
2002,4,516,1.9,1.7,2.0,2.1,2.1,2.0
2002,4,518,,,,,,
2002,4,519,1.9,2.6,2.1,2.2,2.7,2.5
2002,4,520,1.9,2.3,2.4,2.0,2.2,2.4
2002,4,521,1.9,2.8,2.7,2.3,1.9,1.8
2003,1,20,2.4,2.0,2.1,2.3,2.4,2.4
2003,1,40,2.4,2.7,2.9,2.6,2.7,2.5
2003,1,65,2.4,2.2,2.3,2.4,2.5,2.5
2003,1,99,2.4,2.0,2.1,2.2,2.3,2.4
2003,1,405,2.4,1.5,2.6,1.9,3.2,1.9
2003,1,407,2.4,2.5,1.7,1.4,1.2,2.1
2003,1,411,2.4,3.4,2.2,1.3,2.0,2.2
2003,1,420,2.4,2.5,2.7,2.5,2.3,2.4
2003,1,421,2.4,2.9,2.5,1.8,2.2,2.4
2003,1,426,2.4,2.3,3.0,2.0,2.8,2.6
2003,1,428,2.4,2.2,2.2,1.6,1.6,2.0
2003,1,429,2.4,4.5,1.7,-0.7,1.8,2.6
2003,1,431,2.4,2.8,2.3,2.4,2.6,2.7
2003,1,433,2.4,2.2,2.2,2.1,2.1,2.1
2003,1,439,2.4,2.6,2.1,2.3,2.7,2.5
2003,1,446,2.4,2.0,2.2,2.2,2.3,2.3
2003,1,456,2.4,2.8,2.4,1.3,1.4,1.5
2003,1,463,2.4,2.2,1.6,1.8,1.9,2.1
2003,1,465,2.4,2.5,2.0,2.2,2.4,2.5
2003,1,483,2.4,2.2,2.0,1.8,1.9,2.0
2003,1,484,2.4,1.6,1.8,1.83,2.01,2.2
2003,1,485,2.4,3.5,-1.5,2.5,3.5,2.0
2003,1,497,2.4,4.0,2.2,1.3,2.0,2.0
2003,1,498,2.4,3.4,1.0,1.1,1.8,1.7
2003,1,500,2.4,3.4,2.2,1.3,2.0,2.2
2003,1,502,2.4,3.0,2.0,2.4,2.6,2.7
2003,1,504,2.4,0.88,-0.22,1.55,1.99,2.2
2003,1,506,2.4,1.7,2.7,1.2,1.6,1.9
2003,1,507,2.4,2.5,2.2,2.2,2.2,2.1
2003,1,510,2.4,2.0,2.1,2.2,2.4,2.6
2003,1,512,2.4,2.3,2.5,2.9,3.2,3.3
2003,1,516,2.4,2.3,1.2,1.9,1.8,2.0
2003,1,519,2.4,2.5,2.1,2.0,2.3,2.2
2003,1,520,2.4,2.3,2.0,2.1,2.3,2.3
2003,1,521,2.4,2.6,2.2,2.0,1.7,1.4
2003,1,523,2.4,2.2,2.1,2.2,2.3,2.5
2003,1,524,2.4,2.6,2.0,1.93,2.0,2.2
2003,2,20,3.9,3.0,3.1,2.9,2.9,2.6
2003,2,40,3.9,3.4,2.1,2.4,2.4,2.4
2003,2,65,3.9,2.4,2.3,2.3,2.3,2.2
2003,2,84,3.9,2.0,2.2,2.2,2.2,2.3
2003,2,99,3.9,1.0,1.7,2.1,2.3,2.4
2003,2,407,3.9,-1.1,1.5,1.3,2.1,2.2
2003,2,420,3.9,2.1,2.5,2.3,2.4,2.6
2003,2,421,3.9,2.6,1.8,2.4,2.2,2.3
2003,2,426,3.9,2.4,2.4,2.5,2.6,2.6
2003,2,428,3.9,2.2,1.2,1.9,2.2,2.3
2003,2,429,3.8,0.6,0.6,1.8,2.6,2.8
2003,2,431,3.9,4.2,1.9,2.5,2.3,2.3
2003,2,433,3.9,2.6,1.7,2.1,2.1,2.2
2003,2,439,3.9,0.8,0.5,2.0,2.5,2.6
2003,2,446,3.9,2.2,2.2,1.3,1.6,1.7
2003,2,448,3.9,1.8,2.0,2.2,2.3,2.2
2003,2,456,3.9,2.0,1.2,1.3,1.2,1.3
2003,2,463,3.9,1.1,2.0,2.0,2.3,2.3
2003,2,483,3.9,1.2,1.8,1.9,2.0,2.0
2003,2,484,3.9,1.8,1.83,2.01,2.18,2.21
2003,2,485,3.9,0.5,0.6,-1.0,2.0,2.0
2003,2,500,3.9,2.2,2.2,1.3,1.6,1.7
2003,2,504,3.9,0.3,-3.4,1.8,2.3,2.2
2003,2,506,3.9,1.8,0.9,1.6,1.5,1.3
2003,2,507,3.9,2.2,2.3,2.6,2.1,2.9
2003,2,508,,,,,,
2003,2,510,3.9,2.2,2.0,2.0,2.1,2.3
2003,2,512,3.9,3.5,3.0,3.0,2.75,2.7
2003,2,516,3.9,-0.5,1.2,1.8,1.6,1.6
2003,2,518,3.9,2.3,1.7,2.7,3.0,2.8
2003,2,519,3.9,2.0,1.8,2.1,1.8,1.4
2003,2,520,3.9,2.0,2.1,2.3,2.3,2.4
2003,2,521,3.9,1.4,1.6,1.1,0.9,1.5
2003,2,523,,,,,,
2003,2,525,,,,,,
2003,3,20,0.6,1.3,1.1,1.0,1.1,1.1
2003,3,40,0.6,2.9,2.9,3.3,3.2,3.1
2003,3,65,0.6,2.0,2.2,2.4,2.5,2.7
2003,3,84,0.6,2.5,2.5,2.5,2.5,2.5
2003,3,405,0.6,2.0,2.8,4.3,1.0,1.6
2003,3,407,0.6,2.9,2.4,2.6,2.4,2.2
2003,3,411,0.6,1.8,1.0,0.9,1.4,1.4
2003,3,420,0.6,1.1,1.7,2.3,2.2,1.7
2003,3,421,0.6,2.3,2.1,2.4,2.1,2.2
2003,3,426,0.6,2.0,2.8,2.6,3.0,3.0
2003,3,428,0.6,0.7,1.0,1.0,1.1,1.3
2003,3,429,0.7,1.6,2.3,2.7,2.7,2.6
2003,3,433,0.6,1.5,1.0,1.3,1.6,1.9
2003,3,446,0.6,1.1,1.0,1.2,1.2,1.6
2003,3,448,0.6,2.2,2.3,2.4,2.2,2.4
2003,3,483,,,,,,
2003,3,484,0.6,1.1,1.3,1.7,1.9,2.1
2003,3,485,0.6,2.0,-2.5,2.0,1.5,2.0
2003,3,498,0.6,1.2,0.9,1.0,0.8,1.2
2003,3,502,0.6,1.4,1.7,1.9,2.0,2.0
2003,3,504,,,,,,
2003,3,506,0.6,1.5,1.0,0.9,1.2,2.0
2003,3,507,0.6,1.7,2.6,3.2,3.2,3.0
2003,3,510,0.6,1.0,1.2,1.8,2.0,2.5
2003,3,512,0.6,1.4,1.4,2.0,2.0,2.5
2003,3,518,0.6,1.8,2.0,2.2,1.9,2.2
2003,3,519,0.6,1.7,1.2,1.1,1.4,2.3
2003,3,520,0.6,1.3,1.4,1.5,1.7,1.8
2003,3,524,0.6,1.0,1.2,1.4,1.8,2.0
2003,3,526,0.6,1.2,1.0,1.2,1.1,1.8
2003,4,20,2.3,2.1,2.0,2.1,2.2,2.2
2003,4,40,2.3,2.1,2.2,2.2,2.3,2.4
2003,4,65,2.3,2.2,2.4,2.6,2.8,3.0
2003,4,84,2.3,2.4,2.5,2.5,2.5,2.5
2003,4,99,2.3,1.7,1.7,1.9,2.0,2.1
2003,4,405,2.3,2.4,3.5,-0.2,3.2,2.8
2003,4,420,2.3,1.8,2.1,2.2,2.0,2.3
2003,4,421,2.3,3.0,2.4,2.1,2.2,2.3
2003,4,426,2.3,2.4,2.1,2.7,2.8,2.7
2003,4,428,2.3,1.7,0.9,0.9,1.0,1.2
2003,4,429,2.4,2.0,1.5,1.7,2.0,2.1
2003,4,431,2.3,2.6,2.1,1.9,1.6,1.3
2003,4,433,2.3,1.8,1.3,1.6,1.9,2.2
2003,4,448,2.3,1.8,2.3,2.2,2.4,2.4
2003,4,456,2.3,2.6,1.0,1.1,1.0,1.0
2003,4,463,2.3,1.3,1.6,1.4,1.7,1.8
2003,4,472,2.3,2.4,2.3,2.2,2.5,2.4
2003,4,484,2.3,2.1,2.1,2.3,2.5,2.5
2003,4,485,2.3,4.5,,2.0,2.0,2.0
2003,4,497,2.3,1.5,1.3,1.5,1.2,1.4
2003,4,498,2.3,2.2,1.2,1.4,1.2,1.0
2003,4,504,2.3,3.0,-0.8,0.4,1.2,1.8
2003,4,506,2.3,1.1,0.9,1.2,2.0,2.0
2003,4,507,2.3,2.9,2.8,3.0,2.9,2.5
2003,4,508,2.3,2.3,2.3,2.3,2.3,2.3
2003,4,510,2.3,2.4,2.2,2.6,2.5,2.7
2003,4,512,2.3,2.5,1.9,2.2,2.4,1.7
2003,4,516,2.3,0.2,1.3,1.5,1.7,1.4
2003,4,518,2.3,2.0,2.2,1.9,2.2,2.4
2003,4,519,2.3,2.1,1.3,2.0,2.6,2.5
2003,4,521,2.3,2.2,1.6,1.6,1.1,0.8
2003,4,523,,,,,,
2003,4,524,2.3,2.3,2.4,2.4,2.4,2.6
2003,4,526,2.3,2.1,2.1,1.7,1.7,1.3
2004,1,20,0.9,1.0,1.5,1.2,1.3,1.01
2004,1,40,0.9,1.8,1.7,2.0,2.2,2.0
2004,1,99,0.9,1.8,1.9,1.8,2.0,2.1
2004,1,411,0.87,1.71,1.18,0.97,1.11,1.07
2004,1,421,0.9,1.6,2.0,2.2,2.4,2.3
2004,1,423,,,,,,
2004,1,426,0.9,2.1,2.7,2.8,2.7,2.6
2004,1,428,0.9,1.1,1.0,1.1,1.2,1.3
2004,1,429,0.9,2.0,1.2,1.5,1.7,2.3
2004,1,431,0.9,1.4,1.8,1.8,2.4,1.9
2004,1,433,0.9,1.7,1.4,1.9,2.2,2.3
2004,1,446,0.9,1.3,1.2,1.3,1.5,1.6
2004,1,448,0.9,2.1,2.2,2.3,2.4,2.4
2004,1,456,0.9,2.4,1.0,0.9,1.0,1.0
2004,1,463,0.9,1.5,1.4,1.5,1.6,1.8
2004,1,483,0.9,1.1,1.5,1.5,1.5,1.7
2004,1,484,0.9,1.9,2.1,2.3,2.2,2.3
2004,1,485,0.9,2.0,2.0,2.0,2.0,2.0
2004,1,497,0.9,1.7,1.2,1.0,1.6,1.8
2004,1,502,0.9,1.2,1.1,1.1,1.2,1.2
2004,1,504,0.9,-0.5,0.4,0.9,1.8,
2004,1,506,0.9,2.8,0.1,1.0,1.3,1.4
2004,1,507,0.9,2.6,2.6,1.9,3.0,2.7
2004,1,510,0.9,1.6,2.0,1.6,1.8,2.3
2004,1,512,0.9,1.9,2.7,2.2,2.7,2.7
2004,1,516,0.9,1.7,0.8,1.0,1.4,1.4
2004,1,518,0.9,2.0,1.7,1.5,1.3,1.7
2004,1,519,0.9,2.8,1.2,1.4,1.1,1.4
2004,1,520,0.9,1.6,1.6,1.9,2.0,1.8
2004,1,521,0.9,1.8,1.3,1.4,1.5,1.4
2004,1,523,0.9,1.3,1.52,1.64,1.71,1.73
2004,1,524,0.9,1.3,1.5,1.6,1.9,2.2
2004,2,20,3.6,3.7,3.8,3.8,3.7,3.7
2004,2,65,3.6,2.3,2.4,2.2,2.1,2.2
2004,2,84,3.6,4.0,3.5,3.5,3.5,3.5
2004,2,99,3.6,1.9,1.8,2.0,2.0,2.2
2004,2,411,3.6,2.0,1.187,1.149,1.5,1.726
2004,2,420,3.6,1.8,1.8,1.7,2.1,2.0
2004,2,421,3.6,3.3,2.9,2.7,2.5,2.3
2004,2,426,,,,,,
2004,2,428,3.6,1.74,1.23,1.25,0.96,1.38
2004,2,429,3.6,3.9,2.2,1.9,1.9,2.0
2004,2,433,3.6,2.9,2.2,2.4,2.5,2.4
2004,2,446,3.6,2.1,1.7,1.8,2.0,2.0
2004,2,448,3.6,3.2,2.3,2.3,2.6,2.3
2004,2,456,3.6,3.6,2.0,1.6,1.1,1.7
2004,2,463,3.6,3.1,1.9,1.9,2.0,2.1
2004,2,472,3.6,,3.682,2.92,2.6,2.284
2004,2,483,3.6,2.9,2.7,2.5,2.5,2.6
2004,2,484,3.6,2.9,3.1,3.3,3.1,3.2
2004,2,497,3.582,3.3,2.5,1.5,2.155,2.168
2004,2,498,3.6,2.1,1.5,1.8,,
2004,2,504,3.583,2.87,-1.832,0.781,0.562,0.107
2004,2,506,3.6,3.2,0.9,1.4,1.5,1.4
2004,2,507,3.6,3.819,2.59,3.01,2.724,2.426
2004,2,508,,,,,,
2004,2,510,3.6,1.6,2.5,2.7,2.5,2.8
2004,2,512,3.6,3.9,2.9,3.0,3.0,3.0
2004,2,518,3.6,3.184,2.584,2.22,2.174,2.216
2004,2,519,3.6,3.2,1.2,1.7,1.9,2.0
2004,2,520,3.6,2.0,2.1,2.2,2.2,2.3
2004,2,521,,,,,,
2004,2,524,3.6,1.92,1.73,1.45,1.37,1.33
2004,2,526,3.6,1.9,1.015,1.176,1.271,1.606
2004,3,20,4.7,4.7,4.6,4.6,4.5,4.5
2004,3,40,4.7,3.0,2.4,2.1,2.2,2.3
2004,3,65,4.7,3.8,4.2,4.5,4.4,3.9
2004,3,84,4.7,2.5,2.8,3.0,3.2,3.3
2004,3,420,4.7,2.4,2.0,2.3,2.4,2.5
2004,3,421,4.7,4.0,3.2,2.9,2.5,2.2
2004,3,429,4.7,4.0,3.2,2.4,2.3,2.3
2004,3,433,4.7,2.7,2.3,2.0,2.0,1.9
2004,3,446,4.7,3.0,1.7,1.7,1.8,1.6
2004,3,448,4.7,2.9,2.1,2.6,2.3,2.6
2004,3,456,4.73,2.978,2.041,1.985,2.394,2.429
2004,3,483,4.7,3.44,2.98,2.95,2.51,2.7
2004,3,484,4.7,3.3,3.1,3.0,2.7,2.5
2004,3,497,4.7,3.2,2.0,1.9,2.0,2.0
2004,3,498,4.7,3.0,2.9,2.0,2.0,1.8
2004,3,504,4.7,2.869,-0.1,-0.238,-0.451,-1.221
2004,3,506,4.7,2.5,1.7,1.1,1.1,1.4
2004,3,507,4.7,3.4,1.7,2.7,2.7,2.3
2004,3,508,4.7,1.2,1.7,1.9,2.3,2.0
2004,3,510,4.7,3.9,3.1,2.8,3.0,3.2
2004,3,512,4.7,3.7,3.5,3.5,3.0,2.8
2004,3,516,4.7,2.429,1.633,1.845,1.919,2.221
2004,3,518,4.7,3.219,2.548,2.535,2.111,1.897
2004,3,519,4.7,2.5,1.8,1.2,1.1,1.5
2004,3,520,4.7,2.9,2.2,2.3,2.2,2.3
2004,3,521,4.7,3.505,2.122,2.199,2.166,2.091
2004,3,523,4.7,4.7,4.8,5.12,5.22,5.26
2004,3,524,,,,,,
2004,3,526,4.7,2.735,0.988,1.055,1.495,2.334
2004,3,527,4.7,3.0,2.4,2.2,2.4,2.4
2004,4,20,1.9,2.21,3.4,3.3,3.12,3.2
2004,4,65,1.9,2.5,2.5,2.5,2.5,2.5
2004,4,84,1.9,2.4,2.7,2.8,3.0,3.1
2004,4,99,1.9,2.1,2.3,2.2,2.3,2.3
2004,4,405,1.9,2.261,1.984,3.108,1.057,3.873
2004,4,411,1.9,3.1,1.4,1.0,1.2,1.3
2004,4,420,1.9,2.3,2.2,2.1,2.3,2.4
2004,4,421,1.9,2.8,2.0,2.1,2.3,2.2
2004,4,423,1.9,2.39,3.07,3.09,3.09,3.09
2004,4,426,1.9,1.8,2.0,1.9,2.1,2.2
2004,4,428,1.9,2.9,1.5,1.9,1.7,1.6
2004,4,429,1.9,3.3,2.2,2.0,2.1,2.1
2004,4,433,1.9,2.0,2.1,1.9,1.8,1.8
2004,4,446,1.9,2.0,1.7,2.0,2.2,2.3
2004,4,448,1.9,2.8,2.5,2.0,2.9,2.9
2004,4,456,1.851,3.082,2.627,2.572,2.465,2.5
2004,4,472,1.9,2.737,2.114,1.891,1.882,2.083
2004,4,483,1.9,3.3,3.0,2.8,2.8,2.8
2004,4,484,1.9,2.5,2.7,2.5,2.4,2.6
2004,4,497,1.9,3.096,1.442,1.733,1.944,2.065
2004,4,498,1.9,3.3,2.0,1.7,1.4,1.5
2004,4,504,,,,,,
2004,4,506,1.9,3.1,2.3,2.0,0.7,1.0
2004,4,507,1.9,3.069,2.972,2.699,2.577,2.727
2004,4,508,1.9,0.703,2.658,2.299,1.733,0.588
2004,4,510,1.9,2.0,2.3,2.5,2.8,3.3
2004,4,516,1.9,2.6,1.885,2.389,2.288,2.031
2004,4,518,1.9,2.836,2.742,2.322,2.142,2.174
2004,4,520,1.9,2.5,2.2,2.2,2.2,2.3
2004,4,521,1.9,2.78,2.254,2.073,2.019,2.316
2004,4,523,1.9,3.25,3.51,3.77,4.03,4.29
2004,4,524,,,,,,
2004,4,526,1.9,1.601,2.446,1.836,0.394,2.673
2004,4,527,1.9,2.2,2.5,2.8,2.7,2.6
2005,1,20,3.4,3.0,3.1,2.5,2.9,3.0
2005,1,65,3.4,2.2,2.2,2.2,2.3,2.4
2005,1,99,3.4,2.4,2.5,2.3,2.5,2.3
2005,1,411,3.4,1.3,2.1,1.8,1.8,1.8
2005,1,420,3.4,2.3,2.2,2.3,2.4,2.4
2005,1,421,3.4,2.7,2.5,2.3,2.5,2.4
2005,1,426,3.4,2.9,2.1,2.2,1.9,2.0
2005,1,428,3.42,1.73,2.09,1.79,1.63,2.24
2005,1,429,3.4,2.2,2.0,2.0,2.1,2.1
2005,1,431,3.4,1.7,2.2,2.1,2.2,2.2
2005,1,433,3.4,1.6,1.3,1.3,1.6,1.8
2005,1,446,3.4,2.0,2.0,2.2,2.3,2.2
2005,1,448,3.4,1.8,2.4,2.9,2.9,2.3
2005,1,456,3.4,1.945,2.5,2.465,2.5,2.543
2005,1,463,3.4,1.7,2.8,2.6,2.7,2.7
2005,1,472,3.4,1.829,1.654,1.679,2.717,2.03
2005,1,483,3.4,3.2,3.0,2.9,2.9,3.0
2005,1,484,3.4,2.7,2.5,2.4,2.6,2.7
2005,1,497,3.4,1.787,2.387,2.076,2.107,2.2
2005,1,498,3.4,2.9,2.1,2.0,1.5,
2005,1,502,3.4,1.9,2.1,2.1,2.1,2.3
2005,1,504,3.4,0.622,-1.272,1.559,1.182,1.162
2005,1,506,3.4,1.6,0.7,1.0,2.1,1.4
2005,1,507,3.4,1.816,2.018,2.577,2.821,2.836
2005,1,508,3.4,2.702,3.007,2.342,2.342,2.05
2005,1,510,3.4,2.9,2.7,2.6,2.4,2.7
2005,1,512,3.4,3.0,3.0,3.2,3.2,3.0
2005,1,516,3.4,2.465,2.168,2.019,2.107,2.321
2005,1,518,3.4,1.964,1.661,1.648,1.455,1.683
2005,1,520,3.4,2.1,2.2,2.2,2.1,2.2
2005,1,521,3.4,2.994,2.6,2.639,2.6,2.6
2005,1,523,3.4,3.48,3.84,3.84,4.0,4.08
2005,1,524,3.4,3.3,2.9,2.5,2.1,1.7
2005,1,526,3.4,1.759,1.914,1.716,2.079,2.292
2005,1,527,3.4,3.3,3.1,2.8,2.8,2.6
2005,1,528,3.4,1.7,1.0,1.0,2.0,1.4
2005,2,20,2.4,2.5,2.6,2.7,2.7,2.8
2005,2,65,2.4,2.5,2.5,2.4,2.4,2.4
2005,2,84,2.4,2.8,2.8,2.9,3.0,3.1
2005,2,99,2.4,3.2,2.4,2.4,2.4,2.5
2005,2,411,2.4,4.4,2.3,2.0,2.1,2.4
2005,2,421,2.4,3.3,2.8,2.5,2.0,2.4
2005,2,423,,,,,,
2005,2,424,2.4,4.273,2.858,2.705,0.99,3.463
2005,2,428,2.4,2.6,2.1,2.0,2.7,2.6
2005,2,431,2.4,3.1,2.1,2.1,2.2,2.3
2005,2,433,2.4,3.3,1.7,1.5,1.6,1.8
2005,2,446,2.4,3.0,2.2,2.3,2.3,2.4
2005,2,448,2.4,3.5,2.9,2.9,2.3,2.0
2005,2,456,2.4,4.315,1.95,2.5,2.618,2.695
2005,2,463,2.4,4.1,2.3,2.7,2.7,2.7
2005,2,472,2.4,4.451,1.901,2.706,2.27,2.257
2005,2,483,2.4,3.0,2.9,2.9,3.0,3.0
2005,2,484,2.4,2.5,2.4,2.6,2.7,2.5
2005,2,504,2.4,-0.698,-1.194,3.444,-0.664,0.27
2005,2,506,2.4,4.3,1.4,2.1,2.1,2.3
2005,2,508,2.4,2.5,2.4,2.4,2.5,2.5
2005,2,510,2.4,3.2,2.0,2.4,2.4,2.4
2005,2,512,2.4,3.0,3.2,3.3,3.5,3.5
2005,2,516,2.4,2.419,2.424,2.262,1.698,2.305
2005,2,518,2.4,3.235,2.457,2.253,2.043,2.258
2005,2,519,2.4,4.283,1.342,2.237,2.251,2.369
2005,2,521,2.4,5.025,2.078,2.44,2.801,3.266
2005,2,524,2.4,3.9,1.4,3.4,1.3,2.5
2005,2,526,2.4,1.351,1.502,2.223,2.931,1.351
2005,2,527,2.4,3.2,3.0,2.8,2.6,2.5
2005,2,528,2.4,4.0,1.5,2.1,2.1,2.3
2005,2,529,2.4,2.71,2.31,1.92,1.66,1.72
2005,2,530,2.4,2.6,2.6,2.6,2.5,2.5
2005,2,531,2.4,2.9,3.3,3.1,,
2005,2,532,2.4,3.5,2.1,2.7,,
2005,2,533,2.4,2.9,2.4,2.4,1.9,2.2
2005,2,534,2.4,2.1,1.6,3.4,2.5,2.5
2005,2,535,2.4,4.6,2.0,2.4,2.4,2.4
2005,2,536,2.4,3.96,2.614,2.656,2.78,2.551
2005,2,538,2.4,3.88,1.49,3.68,2.62,3.77
2005,2,539,2.4,3.5,2.6,2.8,3.0,3.0
2005,2,541,2.4,3.5,2.2,2.4,2.2,2.4
2005,2,542,2.4,4.2,1.4,2.4,3.4,2.7
2005,2,543,2.4,4.4,2.3,1.9,2.0,2.4
2005,2,544,2.4,4.3,2.3,2.1,2.1,2.4
2005,2,545,2.4,4.4,2.3,2.0,2.1,2.4
2005,3,20,4.2,3.9,3.4,3.4,3.5,3.4
2005,3,65,4.2,2.4,2.3,2.2,2.3,2.4
2005,3,84,4.2,1.0,2.7,2.9,3.0,3.1
2005,3,407,4.2,2.811,3.503,2.995,2.746,2.748
2005,3,411,4.2,2.5,1.9,1.8,1.6,1.8
2005,3,420,4.2,2.4,2.5,2.4,2.6,2.5
2005,3,421,4.2,3.1,2.7,2.3,2.0,2.3
2005,3,423,4.2,1.6,2.8,2.8,2.9,3.0
2005,3,424,4.2,2.921,2.842,2.736,2.427,2.427
2005,3,426,4.2,3.3,2.9,2.4,2.0,2.3
2005,3,428,4.2,2.61,2.13,2.55,2.68,2.72
2005,3,429,4.2,3.0,2.4,2.2,2.3,2.4
2005,3,431,4.2,3.0,2.0,2.3,2.1,2.1
2005,3,433,4.2,2.7,2.2,2.0,2.0,2.1
2005,3,446,4.2,2.2,2.3,2.3,2.4,2.5
2005,3,448,4.2,3.3,2.9,2.3,2.2,2.0
2005,3,456,4.157,2.339,2.5,2.498,2.576,2.655
2005,3,463,4.2,2.5,3.3,2.7,2.7,2.7
2005,3,472,4.2,2.967,2.449,1.506,2.619,2.66
2005,3,483,4.2,4.0,3.8,3.5,3.3,3.2
2005,3,484,4.2,2.4,2.6,2.8,2.7,2.8
2005,3,497,4.2,2.853,2.268,2.1,2.3,2.3
2005,3,504,4.157,3.213,-1.806,-0.875,0.605,0.633
2005,3,506,4.2,3.4,2.0,2.1,1.8,1.6
2005,3,507,4.2,3.0,2.8,2.8,2.8,2.4
2005,3,508,4.2,2.2,2.2,2.2,2.2,2.2
2005,3,510,4.2,1.3,2.5,2.8,1.6,2.2
2005,3,512,4.2,3.0,3.1,3.3,3.3,3.0
2005,3,516,4.2,2.365,2.146,2.342,2.171,2.36
2005,3,518,4.2,3.902,3.097,2.453,2.233,1.409
2005,3,519,4.2,3.361,2.005,2.094,1.866,1.683
2005,3,520,4.2,2.5,2.3,2.3,2.4,2.3
2005,3,521,4.2,3.321,3.129,3.211,2.652,2.5
2005,3,523,4.2,4.45,4.25,4.72,4.65,5.04
2005,3,524,4.2,2.125,2.797,0.464,1.959,0.449
2005,3,526,4.2,0.715,1.565,2.529,2.67,0.452
2005,3,527,4.2,2.6,2.2,2.4,2.5,2.3
2005,3,528,4.2,3.5,2.1,2.4,2.5,2.3
2005,3,529,4.2,1.64,3.57,2.39,4.16,2.04
2005,3,531,4.2,3.1,3.3,3.3,3.3,2.8
2005,3,532,4.2,2.3,2.5,2.5,2.5,2.6
2005,3,533,4.2,2.6,1.0,2.2,2.5,2.2
2005,3,535,4.2,2.8,2.4,2.5,2.5,2.5
2005,3,536,4.2,1.897,2.307,2.831,2.683,2.655
2005,3,537,4.2,4.2,4.3,4.6,4.8,4.8
2005,3,538,4.2,2.998,2.978,3.055,3.08,2.99
2005,3,539,4.2,3.177,2.985,3.137,2.85,2.925
2005,3,541,4.2,3.0,1.9,2.0,2.0,2.0
2005,3,542,4.2,3.5,1.6,2.8,2.8,2.2
2005,3,543,4.2,2.543,1.752,1.761,2.31,2.158
2005,3,544,4.2,2.3,2.1,2.1,2.4,2.5
2005,3,546,4.2,2.2,2.3,2.4,2.6,2.8
2005,3,548,4.2,3.87,2.2,2.11,1.81,1.6
2005,4,20,5.1,5.3,5.3,5.4,5.2,5.2
2005,4,65,5.1,3.5,3.0,2.7,2.5,2.4
2005,4,84,5.1,3.0,3.0,3.3,3.6,3.6
2005,4,99,5.1,4.8,2.5,2.3,2.3,2.4
2005,4,411,5.1,4.32,1.35,2.25,2.38,2.28
2005,4,420,5.1,3.8,2.5,2.4,2.5,2.6
2005,4,421,5.1,3.1,2.6,2.4,2.3,2.4
2005,4,422,5.1,1.4,2.5,2.4,2.6,2.5
2005,4,424,5.1,4.726,3.184,1.517,2.203,2.432
2005,4,426,5.1,1.0,3.3,1.1,1.7,2.0
2005,4,428,5.1,3.21,2.82,2.57,2.78,2.87
2005,4,429,5.1,2.7,1.4,2.0,2.0,2.0
2005,4,431,5.1,4.3,1.6,2.0,2.3,2.4
2005,4,433,5.1,4.1,2.5,1.9,1.4,1.6
2005,4,446,5.1,4.2,1.8,1.4,2.2,2.2
2005,4,448,5.1,5.2,2.2,2.0,2.6,2.8
2005,4,456,5.109,4.167,2.336,2.386,2.429,2.584
2005,4,463,5.1,3.3,1.5,2.5,2.6,2.7
2005,4,472,5.1,-0.557,0.506,1.135,2.161,1.39
2005,4,483,5.1,2.7,3.4,3.4,3.3,3.3
2005,4,484,5.1,4.8,4.6,3.8,3.6,2.7
2005,4,497,5.1,4.311,1.335,2.3,2.412,2.387
2005,4,504,5.109,1.903,1.08,0.673,0.164,0.546
2005,4,506,5.1,3.189,2.44,1.231,1.185,1.346
2005,4,508,5.1,8.6,4.39,3.73,3.21,2.93
2005,4,510,5.1,4.4,2.8,1.6,2.0,3.0
2005,4,512,5.1,5.5,4.5,4.0,3.5,3.5
2005,4,516,5.1,3.342,2.225,2.18,2.234,2.028
2005,4,518,5.1,3.783,3.472,2.42,1.8,1.993
2005,4,519,5.1,3.158,2.252,0.842,0.899,1.23
2005,4,520,5.1,3.5,2.3,2.4,2.3,2.4
2005,4,521,5.1,5.397,2.276,2.661,2.627,2.613
2005,4,523,5.1,4.3,4.0,4.0,3.8,3.6
2005,4,526,5.1,1.969,-0.222,1.882,3.608,1.969
2005,4,527,5.1,5.3,3.8,3.0,2.5,2.5
2005,4,528,5.1,3.1,2.5,1.3,1.3,1.4
2005,4,529,5.1,5.67,4.67,3.98,2.6,2.07
2005,4,531,5.1,3.2,2.2,2.5,2.8,3.2
2005,4,532,,,,,,
2005,4,533,5.1,2.6,2.4,2.4,1.9,1.9
2005,4,535,5.1,2.2,1.0,2.5,2.5,2.5
2005,4,536,5.1,5.838,2.277,2.147,2.118,2.13
2005,4,538,5.1,4.487,4.416,3.878,3.412,3.266
2005,4,539,5.1,2.2,3.0,3.0,2.9,3.0
2005,4,541,5.1,4.1,2.2,2.2,2.2,2.2
2005,4,542,5.1,4.5,2.0,2.0,2.1,2.3
2005,4,543,5.1,4.32,1.342,2.222,2.366,2.337
2005,4,544,5.1,4.0,3.0,2.7,2.4,2.5
2005,4,545,5.1,4.3,1.3,2.3,2.4,2.3
2005,4,546,5.1,1.5,1.8,2.2,2.8,2.9
2005,4,548,5.1,3.151,2.418,1.225,1.179,1.339
2006,1,20,3.2,3.4,3.5,3.6,3.7,3.7
2006,1,65,3.2,2.2,2.1,2.0,2.0,2.1
2006,1,99,3.2,3.7,3.3,2.5,2.4,2.3
2006,1,405,3.2,1.15,2.555,3.89,2.425,0.755
2006,1,407,3.2,3.2,3.5,3.0,2.8,2.9
2006,1,411,3.2,2.0,3.0,2.5,2.4,2.3
2006,1,420,3.2,2.4,2.8,2.7,2.4,2.6
2006,1,421,3.2,3.6,3.2,2.9,2.6,2.4
2006,1,422,,,,,,
2006,1,424,3.2,3.997,3.405,2.699,2.494,
2006,1,426,3.2,3.5,2.7,1.9,1.6,1.7
2006,1,428,3.2,3.5,2.5,3.0,2.9,3.0
2006,1,429,3.2,2.0,1.6,1.9,1.8,1.9
2006,1,431,3.2,1.5,2.5,2.1,2.2,2.1
2006,1,433,3.2,1.2,1.8,2.2,2.1,2.2
2006,1,446,3.2,1.8,1.8,2.0,2.0,2.0
2006,1,448,3.2,1.4,2.3,2.6,2.8,2.7
2006,1,456,3.2,2.603,2.715,2.474,2.492,2.299
2006,1,463,3.2,2.1,2.0,2.5,2.7,2.6
2006,1,472,3.2,2.395,3.456,1.31,2.725,2.466
2006,1,483,3.2,3.8,3.6,3.4,3.3,3.5
2006,1,484,3.2,2.7,2.5,2.3,2.4,2.4
2006,1,497,3.2,1.998,2.988,2.519,2.445,2.3
2006,1,498,3.2,0.7,1.4,0.7,1.2,
2006,1,504,3.226,0.642,0.557,-0.021,0.229,1.913
2006,1,506,3.2,1.5,1.4,1.7,2.0,1.8
2006,1,507,3.2,1.1,2.1,2.7,2.4,2.9
2006,1,508,3.2,3.0,2.5,2.2,2.2,2.3
2006,1,510,3.2,0.4,2.0,2.4,2.0,2.2
2006,1,512,3.2,3.7,4.0,2.6,4.2,3.4
2006,1,516,3.2,1.427,2.138,2.024,1.9,1.753
2006,1,518,3.2,3.385,2.625,2.406,2.593,1.977
2006,1,519,3.2,1.5,1.8,1.4,1.9,1.6
2006,1,521,3.2,1.532,2.7,2.563,2.563,2.699
2006,1,524,3.2,0.978,3.305,4.105,1.901,0.221
2006,1,526,3.2,-1.438,1.882,3.608,3.226,-1.438
2006,1,527,3.2,2.0,2.8,2.8,2.5,2.5
2006,1,528,3.2,2.2,2.0,2.3,2.5,2.5
2006,1,531,3.2,1.8,3.0,3.4,2.6,3.0
2006,1,532,,,,,,
2006,1,533,3.2,3.4,2.7,1.9,1.4,1.7
2006,1,535,3.2,2.0,2.5,2.5,2.5,2.5
2006,1,536,3.2,1.641,2.409,2.404,2.418,2.565
2006,1,539,3.2,1.5,2.4,2.9,3.0,
2006,1,541,3.2,1.9,2.25,2.1,2.1,
2006,1,542,3.2,2.1,2.7,2.5,2.7,2.1
2006,1,543,3.2,2.0,4.157,5.109,3.226,2.0
2006,1,544,3.2,1.9,2.0,2.2,2.3,2.2
2006,1,545,3.2,5.8,-2.1,2.4,2.2,2.3
2006,1,546,3.2,2.8,2.0,2.5,2.6,2.6
2006,1,548,3.2,1.793,1.485,1.781,2.025,1.779
2006,1,549,3.2,1.8,1.6,2.3,1.3,2.4
2006,1,550,3.2,4.5,2.8,4.2,10.2,5.8
2006,2,20,2.2,2.3,2.4,2.4,2.3,3.0
2006,2,65,2.2,2.6,2.8,2.7,2.5,2.4
2006,2,84,2.2,3.0,3.2,3.6,3.7,3.8
2006,2,99,2.2,2.9,2.6,2.3,2.3,2.2
2006,2,405,2.2385,2.0324,4.1173,2.0267,1.4437,1.6344
2006,2,411,2.2,4.3,3.1,2.5,1.8,2.1
2006,2,421,2.2,3.9,3.6,3.2,2.7,2.4
2006,2,422,2.2,3.5,1.7,2.1,2.5,2.5
2006,2,423,2.2,3.2,3.1,3.1,3.1,3.1
2006,2,424,2.2,3.6849,2.8625,2.1997,,
2006,2,426,2.2,2.1,1.7,2.0,2.1,2.1
2006,2,428,2.2,2.44,2.42,2.2,2.17,1.95
2006,2,429,2.2,3.7,2.6,2.5,2.5,2.5
2006,2,431,2.2,4.1,2.8,2.4,2.2,2.2
2006,2,433,2.2,4.6,2.3,2.0,1.9,1.8
2006,2,446,2.2,2.4,2.3,2.3,2.3,2.3
2006,2,448,2.2,4.0,3.0,2.8,2.7,2.0
2006,2,456,2.2385,3.315,2.4737,2.4982,2.3077,2.1435
2006,2,463,2.2,4.6,2.7,2.6,2.7,2.7
2006,2,472,2.2,3.3146,2.1709,2.6288,2.1601,1.7582
2006,2,483,2.2,4.5,4.0,3.7,3.5,3.6
2006,2,484,2.2,2.6,2.5,2.4,2.4,2.3
2006,2,497,2.2,4.0352,3.1428,2.5507,1.8852,2.2419
2006,2,504,2.2385,3.8559,2.5518,0.6144,1.0042,0.7296
2006,2,506,2.2,5.0499,1.0588,0.0261,1.919,1.2125
2006,2,507,2.2,3.93,2.68,2.92,2.57,2.66
2006,2,508,2.2,3.0,2.5,2.5,2.5,2.25
2006,2,510,2.2,2.0,2.4,2.0,1.7,2.6
2006,2,512,2.2,3.3,2.5,3.7,4.1,2.2
2006,2,516,2.2,3.4388,2.4296,1.9932,2.0659,1.9733
2006,2,518,2.2,3.4714,2.8314,2.4892,2.5993,2.2188
2006,2,519,2.2,4.4,0.5,0.3,2.2,1.9
2006,2,520,2.2,2.4,2.3,2.4,2.4,2.4
2006,2,521,2.2,3.5,2.8,2.8,2.6,2.5
2006,2,524,2.2,3.9194,4.2726,1.7457,0.7894,2.7538
2006,2,526,2.2,0.6561,1.3628,2.9574,3.0443,1.3166
2006,2,527,2.2,4.0,3.0,2.5,2.5,2.5
2006,2,528,2.2,2.0,1.0,1.7,1.8,1.6
2006,2,531,2.2,2.6,2.8,3.0,2.8,
2006,2,532,,,,,,
2006,2,535,2.2,3.8,2.1,2.4,2.6,2.6
2006,2,536,2.2,3.3764,2.3996,2.7111,2.5804,2.5705
2006,2,538,2.2,3.4,4.1,3.6,2.4,2.6
2006,2,539,2.2,2.4,2.9,3.0,1.5,2.4
2006,2,541,2.2,3.59,1.8,2.21,2.1,2.1
2006,2,542,2.2,4.1,2.9,1.8,2.0,2.0
2006,2,543,2.2,4.2698,3.0401,2.3758,1.9933,2.249
2006,2,544,2.2,2.5,2.5,2.4,2.3,2.3
2006,2,545,2.2,,,,,
2006,2,546,2.2,3.6,2.0,2.6,2.6,2.7
2006,2,548,2.2,1.8932,2.1934,2.4406,2.1913,2.1544
2006,2,549,2.2,3.1,2.4,2.4,1.8,1.4
2006,2,550,2.2,2.8,4.2,6.5,5.8,6.1
2006,3,20,5.0,5.5,5.5,5.0,4.5,4.0
2006,3,65,5.0,4.0,3.7,3.3,3.1,2.9
2006,3,84,5.0,3.7,3.8,3.9,3.9,4.0
2006,3,407,5.0,3.6,2.8,2.9,2.9,2.8
2006,3,420,5.0,2.1,2.2,2.5,2.3,2.4
2006,3,422,5.0,3.0,3.0,2.3,2.5,2.5
2006,3,423,5.0,3.2,3.2,3.1,3.1,3.1
2006,3,424,5.0,4.411,3.2102,2.2647,2.4266,2.4266
2006,3,426,5.0,3.0,2.6,2.5,2.0,2.0
2006,3,428,5.0,3.0,2.6,2.2,2.1,1.9
2006,3,429,5.0,4.3,3.3,2.7,2.7,2.7
2006,3,433,5.0,3.6,3.2,3.0,2.7,2.4
2006,3,446,5.0,3.3,2.3,2.0,2.0,2.3
2006,3,448,5.0,3.9,3.0,2.8,2.3,2.6
2006,3,463,5.0,4.0,3.5,2.8,2.7,2.7
2006,3,472,5.0,3.151,3.1434,2.6691,2.2631,2.7617
2006,3,483,5.0,4.8,4.2,3.8,3.6,3.3
2006,3,484,5.0,2.3,2.3,2.4,2.5,2.3
2006,3,497,5.0,2.8016,2.7478,2.1082,2.2043,2.3029
2006,3,504,4.9739,3.1953,0.1668,2.5325,0.8968,2.3019
2006,3,506,5.0,3.61,2.15,2.52,2.01,1.75
2006,3,507,5.0,3.7622,2.7933,2.7104,2.6616,2.2252
2006,3,510,5.0,2.8,2.4,2.1,2.4,2.2
2006,3,512,5.0,4.0,4.0,3.9,3.9,3.7
2006,3,516,5.0,2.4009,2.2119,2.3212,2.1871,2.4929
2006,3,518,5.0,3.2367,2.2145,1.9048,1.8168,1.7429
2006,3,519,5.0,3.6,2.2,2.5,2.0,1.8
2006,3,520,5.0,4.0,3.8,3.6,3.6,3.5
2006,3,521,5.0,4.6,3.4,2.9,3.0,2.8
2006,3,523,5.0,4.61,4.46,4.42,4.41,4.4
2006,3,524,5.0,3.9127,3.6895,3.2814,2.7234,2.1933
2006,3,526,5.0,-0.891,0.9676,3.0443,5.6592,-0.3716
2006,3,527,5.0,3.8,3.0,2.8,2.5,2.3
2006,3,528,5.0,1.9,0.2,3.1,2.2,1.6
2006,3,530,5.0,3.97,3.47,3.14,2.9,2.8
2006,3,531,5.0,2.5,2.0,2.8,3.2,1.4
2006,3,532,,,,,,
2006,3,533,5.0,2.4,0.3,2.0,2.0,2.0
2006,3,535,5.0,3.7,2.5,2.7,2.7,2.5
2006,3,536,5.0,3.5728,2.4581,2.6747,2.476,2.6027
2006,3,539,5.0,4.0,3.5,3.0,2.7,2.9
2006,3,540,5.0,3.5,3.2,3.0,2.9,2.8
2006,3,541,5.0,3.7,2.1,2.3,2.3,2.3
2006,3,543,5.0,3.6956,2.5191,2.4,2.6,2.5331
2006,3,544,5.0,3.2,2.6,2.4,2.4,2.4
2006,3,545,5.0,3.0,2.6,2.2,2.0,1.8
2006,3,546,5.0,3.6,2.4,2.6,2.7,2.7
2006,3,548,5.0,1.8733,0.1391,2.1844,1.6118,1.7497
2006,3,549,5.0,3.5,2.3,2.5,1.6,
2006,3,550,5.0,4.2,6.5,5.8,6.1,7.0
2006,3,551,5.0,1.6965,4.4232,4.1741,4.592,4.5271
2006,4,20,2.9,5.0,2.9,4.5,4.0,4.5
2006,4,65,2.9,1.9,2.0,2.2,2.3,2.5
2006,4,84,,,,,,
2006,4,99,2.9,3.0,3.7,4.0,3.4,3.0
2006,4,405,2.9,0.3019,1.4437,4.5645,2.5381,-0.0901
2006,4,407,2.9,0.0,2.8,2.9,2.8,2.7
2006,4,411,2.9,-1.0,3.1,2.9,2.8,2.5
2006,4,420,2.9,2.5,2.4,2.4,2.3,2.1
2006,4,421,2.9,1.9,2.6,2.4,2.3,2.5
2006,4,422,2.9,2.7,2.6,2.5,2.4,2.4
2006,4,424,2.9,-1.7033,2.6125,3.0846,3.1005,2.2146
2006,4,426,2.9,-0.5,4.4,2.8,1.8,1.4
2006,4,428,2.9,1.61,2.33,2.76,2.15,1.95
2006,4,429,2.9,-0.6,2.0,2.4,2.3,2.5
2006,4,431,2.9,2.4,2.5,1.7,1.3,1.9
2006,4,446,2.9,0.0,2.5,2.5,2.4,2.4
2006,4,448,2.9,-1.0,2.4,2.2,2.6,2.8
2006,4,463,2.9,-1.0,2.9,2.7,2.7,2.7
2006,4,472,2.9,-1.614,2.9413,1.1187,1.8287,2.443
2006,4,483,2.9,3.5,3.8,3.6,3.3,3.2
2006,4,484,2.9,2.8,2.7,2.6,2.6,2.5
2006,4,497,2.9,-0.9896,3.0,2.8,2.65,2.35
2006,4,498,2.9,-1.5,2.3,1.6,2.2,1.9
2006,4,504,2.94,-2.8962,3.0635,1.351,2.5262,2.4723
2006,4,506,2.9,-1.87,3.829,2.6493,1.8982,1.9136
2006,4,507,2.9,-0.6599,2.5965,2.5561,2.3097,2.4967
2006,4,510,2.9,2.4,2.1,2.4,2.2,2.0
2006,4,512,2.9,2.6,2.9,3.0,3.0,3.0
2006,4,516,2.9,-1.7393,2.578,2.4166,2.103,2.5158
2006,4,520,2.9,3.2,2.4,2.3,2.3,2.3
2006,4,521,2.9,-1.2,3.6,3.4,2.8,2.5
2006,4,523,2.9,3.0,3.2,3.3,3.4,3.7
2006,4,524,3.3395,2.2981,3.1335,3.7193,2.1024,1.5195
2006,4,526,2.9,-0.0886,0.2582,5.6592,3.4809,-0.4786
2006,4,527,2.9,-0.3,3.0,3.3,2.8,1.8
2006,4,528,2.9,-1.7,3.6,2.6,2.0,1.9
2006,4,531,2.9,-0.6,2.0,2.4,2.5,2.6
2006,4,532,,,,,,
2006,4,535,2.9,-1.1,2.9,2.7,2.5,2.4
2006,4,536,2.9,-0.5371,2.5807,2.5666,2.4697,2.4939
2006,4,539,2.9,-1.0,3.0,2.7,2.9,3.0
2006,4,540,2.9,-1.1,3.1,2.9,2.8,2.6
2006,4,541,2.9,-1.05,2.4,2.3,2.3,2.3
2006,4,542,2.9,-0.9,4.9,2.9,3.2,2.8
2006,4,543,2.9,-0.9829,3.2907,3.112,2.9365,2.6152
2006,4,544,2.9,1.0,2.8,2.6,2.6,2.5
2006,4,546,2.9,2.4,2.5,2.6,2.7,2.7
2006,4,548,2.9,2.3592,3.4002,2.263,1.9109,1.985
2006,4,549,2.9,-1.7,1.7,2.4,2.0,0.9
2006,4,550,2.9,4.4,3.4,5.5,4.2,3.0
2006,4,551,2.9,3.7072,3.1845,3.4526,3.3227,3.4309
2007,1,20,-2.2,2.9,4.0,3.1,3.5,2.3
2007,1,84,,,,,,
2007,1,405,,,,,,
2007,1,407,-2.2,2.7498,2.8996,2.799,2.7004,2.7
2007,1,411,-2.2,2.2,2.5,2.5,2.5,2.5
2007,1,420,-2.2,1.9,3.2,2.7,1.0,1.3
2007,1,421,-2.2,-0.9,2.8,3.2,2.3,2.5
2007,1,424,-2.2,1.2128,2.1576,3.2665,2.1974,
2007,1,426,-2.2,4.4,2.8,1.8,1.4,3.3
2007,1,428,-2.2,2.3,3.0,2.0,2.1,1.9
2007,1,431,-2.2,1.1,2.1,2.3,2.3,2.3
2007,1,433,-2.2,2.4,2.1,1.9,1.8,1.6
2007,1,446,-2.2124,2.5,2.5,2.4,2.4,2.3
2007,1,448,-2.2,1.9096,2.6217,2.8255,2.9295,2.6217
2007,1,456,-2.2124,3.3345,2.9706,2.3288,1.8152,1.3199
2007,1,463,-2.2,2.4,2.7,3.0,2.7,2.7
2007,1,472,-2.2,4.2186,3.1143,1.3055,1.2387,1.3003
2007,1,483,-2.2,2.2,2.7,3.0,3.0,2.8
2007,1,484,-2.2,3.2,2.6,2.7,2.6,3.3
2007,1,497,-2.2,2.3,2.5,2.5,2.4,2.4
2007,1,504,-2.2,0.1066,0.4674,2.3827,2.0607,1.8614
2007,1,507,-2.2,1.6272,2.6625,2.7601,2.9065,2.2036
2007,1,508,-2.2,2.6,2.3,2.1,2.0,1.9
2007,1,510,-2.2,2.0,2.6,2.8,2.0,2.2
2007,1,512,-2.2,3.5,3.2,2.9,3.0,3.2
2007,1,516,-2.2,1.0488,1.8223,2.242,2.4982,2.4688
2007,1,518,-2.2,1.9772,1.7694,1.7616,1.5579,1.5519
2007,1,519,-2.2,1.63,2.33,2.59,2.08,2.58
2007,1,520,-2.2,3.8,3.5,3.5,3.5,3.4
2007,1,521,-2.2,2.4,3.0,2.9,2.4,2.4
2007,1,524,-2.2,1.1634,5.2214,3.5646,-1.5008,1.8357
2007,1,526,-2.2,2.4357,4.4251,2.267,1.0319,0.9803
2007,1,527,-2.2,1.8,2.8,3.0,2.0,2.3
2007,1,528,-2.2,3.14,2.48,2.3,2.19,2.13
2007,1,532,,,,,,
2007,1,533,-2.2,2.6,1.4,2.0,2.0,2.2
2007,1,535,-2.2,2.8,2.7,2.5,2.4,2.4
2007,1,536,-2.2,2.9744,2.5237,2.7643,2.5446,2.4638
2007,1,539,-2.2,2.7,2.8,2.9,3.1,
2007,1,540,-2.2,2.7,2.8,2.8,2.7,2.3
2007,1,541,-2.2,3.5,2.6,2.4,2.4,
2007,1,542,-2.2,3.0,3.1,3.4,2.9,3.3
2007,1,543,-2.2,2.191,2.5503,2.5507,2.4799,2.465
2007,1,544,-2.2,2.8,2.4,2.6,2.5,2.4
2007,1,546,-2.2,2.5,2.4,2.5,2.3,2.3
2007,1,548,-2.2,3.03,2.39,2.28,2.18,2.13
2007,1,549,-2.2,2.5,2.2,2.2,1.1,2.3
2007,1,551,-2.2,1.9,2.4,0.8,3.1,3.2
2007,1,552,-2.2,0.6,1.6,2.3,2.6,2.4
2007,2,20,3.8,5.2,5.2,4.8,2.1,3.1
2007,2,65,,,,,,
2007,2,84,,,,,,
2007,2,99,3.8,2.7,2.6,2.4,2.4,2.3
2007,2,405,,,,,,
2007,2,407,3.8,2.9007,2.8003,2.6999,2.6995,2.7008
2007,2,411,3.8,5.6,2.7,2.3,2.3,2.4
2007,2,420,3.8,3.0,2.5,1.0,1.3,1.9
2007,2,421,3.8,4.2,3.8,3.0,2.6,2.5
2007,2,422,3.8,3.4,2.25,2.5,2.5,2.5
2007,2,423,3.8,4.3779,3.1549,3.0064,2.9967,2.9965
2007,2,424,3.8,4.9741,1.8617,1.3464,2.1769,2.4266
2007,2,426,3.8,2.8,3.5,1.4,3.3,1.1
2007,2,429,3.8,4.0,1.4,1.8,1.9,2.0
2007,2,431,3.8,4.2,2.4,4.5,2.9,2.6
2007,2,439,3.8,4.8489,3.2229,3.396,2.7959,2.7355
2007,2,446,3.8,4.9,2.7,2.4,2.3,2.4
2007,2,456,3.8,5.7873,2.061,1.8918,1.8288,1.8187
2007,2,463,3.8,4.7,2.5,2.9,2.7,2.6
2007,2,472,3.8,4.395,2.2874,2.2056,2.2351,3.0688
2007,2,483,3.8,3.6,3.5,3.3,3.2,3.1
2007,2,484,3.8,3.2,2.9,2.7,2.9,2.5
2007,2,497,3.8,5.5999,2.7145,2.3198,2.2686,2.3334
2007,2,498,3.8,5.6,1.7,0.6,,
2007,2,506,3.8,4.9,0.2,0.9,2.0,1.9
2007,2,507,3.8,5.1043,2.566,2.1863,2.2036,2.4864
2007,2,508,3.8,3.6082,2.5133,2.415,1.8002,2.8274
2007,2,510,3.8,2.5,2.0,2.2,2.3,2.4
2007,2,512,3.8,3.2,2.4,3.0,3.2,3.0
2007,2,516,3.8,0.4435,0.9967,1.6841,4.0124,0.4234
2007,2,518,3.8,1.7816,1.7627,1.7689,1.9613,2.1552
2007,2,519,3.8,4.93,0.24,0.91,2.08,1.91
2007,2,520,3.8,3.5,3.5,3.5,3.4,3.3
2007,2,521,3.8,5.0267,3.2347,2.4361,2.4267,2.5335
2007,2,524,3.8,2.8,3.7765,2.1,3.7097,2.5
2007,2,526,3.8,3.2,2.0,1.3,2.2,2.8
2007,2,527,3.8,3.8,2.5,2.8,3.0,3.3
2007,2,528,3.8,5.0,0.3,1.0,2.0,2.0
2007,2,531,3.8,2.0,2.3,2.5,,
2007,2,532,,,,,,
2007,2,535,3.8,5.8,2.2,1.9,2.6,2.5
2007,2,539,3.8,2.8,2.9,3.1,3.0,2.8
2007,2,540,3.8,3.7,2.8,2.7,2.3,2.2
2007,2,541,3.8,4.6,2.2,1.2,2.3,2.2
2007,2,542,3.8,5.4,2.4,2.1,2.8,1.9
2007,2,543,3.8,5.6,2.7,2.3099,2.5796,2.5454
2007,2,544,3.8,3.3,2.8,2.5,2.4,2.6
2007,2,546,3.8,5.0,2.4,2.0,2.5,2.5
2007,2,548,3.8,5.1617,0.3232,1.1368,1.8212,1.767
2007,2,549,3.8,5.1,2.6,1.1,2.8,3.1
2007,2,550,3.8,3.4,5.7,4.4,2.9,4.2
2007,2,551,3.8,2.5084,2.601,2.5852,2.5851,2.5804
2007,2,552,3.8,5.1,1.9,2.1,2.2,2.2
2007,3,20,6.0,2.4,3.7,2.6,1.6,3.2
2007,3,65,6.0,2.8,2.6,2.4,2.6,2.4
2007,3,84,,,,,,
2007,3,411,6.0,2.6,2.1,2.3,2.0,2.0
2007,3,420,6.0,2.6,1.5,1.8,2.3,2.4
2007,3,422,6.0,2.25,2.5,2.5,2.5,2.5
2007,3,424,6.0,2.7229,1.2367,2.456,2.4266,2.4266
2007,3,426,6.0,0.5,1.5,1.9,2.3,1.8
2007,3,428,6.0,3.45,1.53,1.53,1.8,2.09
2007,3,429,6.0,2.8,2.3,2.1,2.1,2.1
2007,3,431,6.0,3.7,1.6,2.0,1.8,1.8
2007,3,433,6.0,2.2,2.1,1.6,1.5,2.2
2007,3,446,6.0,2.7,2.4,2.3,2.4,2.5
2007,3,456,6.0,2.4793,2.0143,1.9287,1.8624,1.8503
2007,3,463,6.0,3.5,2.6,2.7,2.7,2.7
2007,3,472,6.0,2.2638,0.5242,1.5504,2.4509,2.1079
2007,3,483,6.0,4.0,3.7,3.5,3.2,3.0
2007,3,484,6.0,-1.7,2.5,2.7,2.3,2.6
2007,3,497,6.0,2.5781,2.0817,2.3247,2.044,2.035
2007,3,504,6.0,0.4313,0.4313,0.4313,0.4313,0.4313
2007,3,506,6.0,1.5,0.9,1.9,2.2,2.6
2007,3,507,6.0,2.8646,2.08,2.1282,2.4864,2.96
2007,3,508,6.0,4.1126,1.8929,2.3879,2.6936,2.1616
2007,3,510,6.0,2.8,2.6,2.3,2.5,2.2
2007,3,512,6.0,3.2,3.6,4.4,3.6,3.1
2007,3,516,6.0,1.2676,0.4533,1.9942,1.8449,1.1686
2007,3,518,6.0,1.1949,0.7658,1.6796,1.8103,1.9565
2007,3,519,6.0,1.53,0.95,1.93,2.27,2.29
2007,3,521,6.0,2.2639,1.7304,2.296,2.2761,2.213
2007,3,524,6.0,3.45,-2.96,2.77,5.95,3.86
2007,3,526,6.0,0.09,-3.2,4.5,6.4,0.6
2007,3,527,6.0,3.3,2.8,2.8,3.0,3.0
2007,3,528,6.0,0.0,1.9,1.9,1.9,1.9
2007,3,531,6.0,2.4,3.3,3.9,2.5,1.7
2007,3,532,,,,,,
2007,3,533,,,,,,
2007,3,535,6.0,2.5,1.9,2.8,3.5,3.1
2007,3,538,6.0,3.6,1.4,3.0,3.6,3.2
2007,3,540,6.0,2.8,2.8,2.4,2.4,2.3
2007,3,541,6.0,2.2,1.5,2.2,2.3,2.3
2007,3,542,6.0,2.4499,1.5081,3.04,3.2483,3.2209
2007,3,543,6.0,2.5791,2.2012,2.4163,2.0954,2.0882
2007,3,544,6.0,2.7,2.5,2.4,2.6,2.6
2007,3,546,6.0,2.0,2.2,2.4,2.5,2.6
2007,3,548,6.0,0.3232,1.1368,1.8212,1.767,1.6456
2007,3,549,6.0,3.1,1.1,2.8,3.3,2.8
2007,3,551,6.0,3.9333,3.3486,3.1916,3.1493,3.1319
2007,3,552,6.0,1.9,2.1,2.2,2.2,2.1
2007,3,554,6.0,2.7,1.5,2.0,2.0,2.0
2007,4,20,1.9,2.5,2.6,2.5,1.9,2.0
2007,4,84,1.9,2.4,2.9,2.9,3.1,3.1
2007,4,407,1.9,2.6997,2.7011,2.7004,2.6996,2.7006
2007,4,411,1.9,3.5,4.0,2.2,1.5,2.0
2007,4,420,1.9,2.8,3.0,2.4,2.1,1.8
2007,4,421,1.9,3.9,4.2,3.1,2.5,2.2
2007,4,422,1.9,2.25,2.5,2.5,2.5,2.5
2007,4,424,1.9,3.4612,3.534,2.094,2.7928,2.7719
2007,4,428,1.9,3.64,2.4,1.84,1.49,1.55
2007,4,429,1.9,3.8,2.5,2.2,2.2,2.2
2007,4,431,1.9,2.4,2.9,2.2,2.4,2.5
2007,4,446,1.9,3.0,3.5,1.0,2.0,2.0
2007,4,448,1.9,3.0,3.0,2.7,2.7,3.3
2007,4,456,1.9,2.6131,2.4723,1.9707,1.9505,1.8819
2007,4,463,1.9,3.1,3.3,2.5,2.6,2.5
2007,4,472,1.9,2.499,3.3014,3.1872,2.597,2.5992
2007,4,483,1.9,4.0,3.7,3.5,3.3,3.1
2007,4,484,1.9,2.5,2.4,2.7,2.6,2.7
2007,4,498,1.9,2.9,3.2,1.5,1.6,1.5
2007,4,504,1.9,4.6533,1.524,-0.7646,-0.1808,0.7094
2007,4,507,1.9,3.0325,2.5785,2.4864,2.96,2.5624
2007,4,508,1.9,1.7776,2.6304,2.7954,2.1249,2.2644
2007,4,510,1.9,3.9,2.3,4.0,1.2,2.0
2007,4,512,1.9,3.7,3.6,2.3,2.6,3.0
2007,4,516,1.9,3.3698,1.0233,0.772,0.2046,0.2094
2007,4,518,1.9,2.6226,0.9314,1.0065,0.7267,1.5831
2007,4,519,1.9,4.3,0.8,0.78,1.38,1.16
2007,4,520,1.9,3.1,3.1,3.2,3.2,3.3
2007,4,521,1.9,3.9,4.0,2.0,2.0,1.9
2007,4,524,1.9,-0.4218,2.9361,2.5166,1.506,2.2033
2007,4,526,1.9,-2.2,2.5,6.0,2.0,-1.9
2007,4,527,1.9,3.0,3.3,2.8,2.5,2.5
2007,4,528,1.9,3.5,1.9,1.9,1.9,1.9
2007,4,532,1.9,4.0,2.4,2.0,2.0,
2007,4,535,1.9,4.2,3.5,3.4,3.1,2.6
2007,4,539,1.9,3.5,3.0,2.8,2.9,3.1
2007,4,540,1.9,0.9,3.6,2.4,2.3,2.3
2007,4,542,1.9,4.0349,4.1863,2.0292,2.1618,1.7358
2007,4,543,1.9,3.5182,3.8914,2.4358,1.9406,2.3107
2007,4,544,1.9,2.4,2.3,2.3,2.2,2.0
2007,4,546,1.9,4.0,2.0,2.0,2.1,2.2
2007,4,548,1.9,0.8823,1.8637,2.229,2.6577,1.5382
2007,4,549,1.9,2.4,3.6,3.3,2.5,1.5
2007,4,550,1.9,4.0,2.0,4.2,4.5,3.0
2007,4,552,1.9,2.4,2.6,2.2,2.1,2.1
2007,4,553,1.9,2.0,2.7,2.3,2.3,2.3
2007,4,554,1.9,2.5,2.9,3.1,2.9,3.1
2007,4,555,1.8727,2.9644,4.2102,2.4946,3.0422,2.8354
2008,1,99,4.3,3.3,2.4,2.2,2.1,2.2
2008,1,407,4.3,3.2003,2.7002,2.6994,2.7003,2.9997
2008,1,411,4.3,3.5,2.6,1.8,1.7,1.9
2008,1,420,4.3,3.7,1.5,1.3,1.5,1.7
2008,1,421,4.3,3.7,3.1,2.5,2.2,2.4
2008,1,422,4.3,2.0,2.5,2.5,2.5,2.5
2008,1,423,4.3,3.6,3.2,3.2,3.2,3.2
2008,1,424,4.3,3.6,2.3,3.1,2.2,
2008,1,426,4.3,2.5,2.3,1.8,2.1,2.0
2008,1,431,4.3,3.8,2.3,2.4,1.7,2.4
2008,1,446,4.3,1.95,1.75,1.75,1.65,1.9
2008,1,448,4.3,3.1,3.0,3.1,3.3,2.6
2008,1,463,4.3,3.9,2.7,2.9,2.7,2.6
2008,1,472,4.3,2.9149,0.8695,2.9404,3.052,
2008,1,483,4.3,3.7,3.5,3.3,3.1,3.1
2008,1,484,4.3,3.3,2.8,2.9,2.8,2.6
2008,1,498,4.3,3.6,1.8,1.7,1.4,
2008,1,504,4.3,2.6488,0.3932,1.2161,-2.7134,0.0126
2008,1,507,4.3,2.248,1.368,1.8892,2.2983,2.4817
2008,1,508,4.3,4.115,2.4302,2.9259,2.5369,2.4652
2008,1,510,4.3,2.1,1.0,2.7,2.7,2.4
2008,1,512,4.3,3.6,3.1,3.4,3.9,3.2
2008,1,516,4.3,3.9741,0.361,0.0737,1.0193,2.1242
2008,1,518,4.3,1.3062,0.5125,0.3089,1.116,1.1071
2008,1,519,4.3,3.47,1.28,1.72,1.12,2.25
2008,1,520,4.3,3.8,3.1,3.4,3.1,3.2
2008,1,521,4.3,3.0743,1.2248,2.7567,0.8269,2.0339
2008,1,523,,,,,,
2008,1,524,4.3,3.8,3.3634,2.6,1.6043,4.3001
2008,1,526,4.3,1.7,1.3,0.9,4.6,2.2
2008,1,527,4.3,3.5,2.3,2.0,1.8,1.5
2008,1,528,4.3,2.5,0.0,1.8,1.3,1.6
2008,1,531,4.3,1.7056,3.0664,2.4673,3.0244,
2008,1,532,4.3,2.3,2.0,2.1,2.2,
2008,1,535,4.3,3.7,2.6,3.1,2.6,2.6
2008,1,539,4.3,3.0,2.8,2.9,3.1,
2008,1,540,4.3,5.6,3.6,2.9,2.7,3.0
2008,1,541,4.3,2.6,2.0,1.7,1.5,
2008,1,542,4.3,3.4232,2.0797,2.621,2.2254,2.922
2008,1,543,4.3,3.5271,2.7619,1.9091,1.5808,1.3059
2008,1,546,4.3,2.0,2.0,2.1,2.1,2.2
2008,1,548,4.3,3.6,1.6,1.0,0.9,1.5
2008,1,549,4.3,4.3,3.3,2.5,2.0,
2008,1,550,4.3,3.1,4.2,4.5,3.0,3.3
2008,1,551,,,,,,
2008,1,552,4.3,3.5,1.8,1.8,2.0,2.3
2008,1,553,4.3,4.0,2.9,3.1,2.7,2.3
2008,1,554,4.3,4.0,3.3,3.6,3.3,3.1
2008,1,555,4.3,4.8466,2.4946,3.0422,2.8354,3.1791
2008,1,557,4.3,1.4109,3.1489,2.2835,2.7778,2.4399
2008,2,20,4.3,5.0,3.0,4.1,3.4,4.2
2008,2,84,,,,,,
2008,2,407,4.3,3.0994,2.7001,2.7009,3.4001,2.9995
2008,2,411,4.3,3.6,4.9,2.5,3.0,2.4
2008,2,421,4.3,4.0,3.5,2.9,2.6,2.4
2008,2,422,4.3,3.5,1.8,1.5,2.4,2.0
2008,2,424,4.3,3.4048,4.0025,3.0195,2.8743,2.4266
2008,2,426,4.3,1.9,3.0,1.3,2.1,2.0
2008,2,428,4.3,2.93,1.83,2.34,2.03,2.1
2008,2,429,4.3,4.7,3.4,3.0,2.8,2.7
2008,2,431,4.3,3.68,2.73,2.69,1.68,2.14
2008,2,446,4.3,2.5,2.2,2.3,2.3,2.2
2008,2,463,4.3,4.0,3.7,2.9,2.6,2.5
2008,2,472,4.3,9.502,4.5242,2.5135,1.5156,1.8363
2008,2,483,4.3,4.0,3.8,3.7,3.5,3.1
2008,2,484,4.3,3.5,3.8,3.4,3.0,2.8
2008,2,504,4.3,0.6866,-0.0004,0.8292,1.8875,2.5753
2008,2,506,4.3,3.2739,3.5224,1.7384,2.0956,0.5578
2008,2,507,4.3,3.4834,2.2486,2.4197,2.3239,3.0542
2008,2,508,4.3,4.1,3.8,3.0,2.7,1.9
2008,2,510,4.3,1.5,2.4,2.0,2.2,2.0
2008,2,512,4.3,3.4,3.7,3.7,3.4,4.6
2008,2,516,4.3,5.7322,0.3337,1.2951,2.8767,2.7153
2008,2,519,4.3,3.29,3.6,1.86,2.28,0.81
2008,2,520,4.3,3.6,3.2,3.1,3.0,2.9
2008,2,521,4.3,3.0,3.8,-0.8,1.1,2.4
2008,2,523,4.3,4.0,3.8,3.69,3.63,3.6
2008,2,524,4.3,3.5119,2.8551,2.4625,3.4517,2.4342
2008,2,526,4.3,1.6,-0.5,1.7,6.6,1.6
2008,2,528,4.3,3.6,3.5,2.9,2.4,2.0
2008,2,530,,,,,,
2008,2,531,4.3,5.0,3.4,2.4,,
2008,2,532,,,,,,
2008,2,535,4.3,2.8,3.0,2.6,2.6,2.8
2008,2,540,4.3,4.3,3.6,2.9,2.7,3.4
2008,2,541,4.3,2.4,3.3,1.2,2.5,2.5
2008,2,542,4.3,2.7485,4.4204,3.0088,2.6114,1.1366
2008,2,543,4.3,2.1614,2.9103,2.6537,2.3842,2.2675
2008,2,544,4.3,3.6,2.6,2.3,2.0,2.0
2008,2,546,4.3,3.8,2.2,2.2,2.2,2.2
2008,2,548,4.3,1.3472,1.7647,1.529,1.7885,0.2781
2008,2,549,4.3,3.3,3.1,1.8,3.2,
2008,2,550,4.3,4.2,4.5,3.9,3.8,3.6
2008,2,551,4.3,4.2,4.1,4.0,4.0,4.0
2008,2,552,4.3,2.3,2.2,2.4,2.6,2.2
2008,2,553,4.3,2.8,2.8,2.2,2.6,2.3
2008,2,554,4.3,4.5,5.1,4.9,4.6,3.8
2008,2,555,4.3,4.0,3.1,2.4,2.6,2.3
2008,2,556,4.3,4.2056,2.996,1.7339,1.1697,1.1718
2008,2,557,4.3,3.1493,3.2911,2.2344,2.385,2.4319
2008,3,20,5.0,3.0,4.1,3.4,4.1,3.8
2008,3,84,5.0,6.5,4.25,4.0,4.0,4.0
2008,3,99,5.0,4.8,3.0,2.7,2.4,2.6
2008,3,407,5.0,2.3998,2.6996,3.3997,3.0006,3.1999
2008,3,411,5.0,6.1,2.7,2.6,2.1,1.8
2008,3,420,5.0,5.6,2.0,1.8,1.0,1.2
2008,3,421,5.0,3.2,2.6,2.5,2.4,2.2
2008,3,424,5.0,5.8,2.8,3.6,1.0,2.6
2008,3,426,5.0,5.0,3.1,2.6,2.0,2.0
2008,3,428,5.0,5.42,1.84,1.76,2.25,2.3
2008,3,431,5.0,6.1,2.2,2.4,2.7,2.6
2008,3,446,5.0,5.5,2.5,2.4,2.3,2.3
2008,3,463,5.0,6.0,3.1,3.5,3.2,3.0
2008,3,472,5.0,4.0318,-0.8174,0.6165,1.7032,2.0386
2008,3,483,5.0,3.5,3.1,2.5,2.3,2.2
2008,3,484,5.0,4.2,3.8,3.4,3.0,2.8
2008,3,497,5.0,4.5,3.3,3.3,3.2142,3.2
2008,3,504,5.0,4.2985,0.7774,-0.2145,-2.7084,2.0561
2008,3,510,5.0,2.1,2.7,2.2,2.3,2.2
2008,3,512,5.0,6.7,4.2,3.1,2.3,5.3
2008,3,516,5.0,8.6858,6.5855,1.6441,-1.6288,-2.2869
2008,3,518,5.0,4.0789,2.4166,1.1214,-1.0482,0.9944
2008,3,519,5.0,5.4,1.1,1.7,1.7,1.7
2008,3,520,5.0,3.7,3.8,3.5,2.9,2.8
2008,3,521,5.0,6.4,1.1,-0.6,1.1,1.8
2008,3,523,5.0,4.84,5.11,4.69,4.67,4.6
2008,3,526,5.0,1.8,0.9,3.5,5.0,1.8
2008,3,527,5.0,6.0,3.3,2.3,1.8,1.5
2008,3,528,5.0,5.7,3.0,3.5,3.2,2.4
2008,3,532,,,,,,
2008,3,533,,,,,,
2008,3,535,5.0,5.3,0.8,2.8,3.0,3.1
2008,3,540,5.0,5.6,3.5,3.1,3.4,3.3
2008,3,541,5.0,7.1,2.9,4.0,0.0,3.3
2008,3,542,5.0,6.034,3.2008,3.606,0.3634,3.3369
2008,3,543,5.0,6.2097,2.8934,2.4532,2.2275,2.208
2008,3,546,5.0,5.3,1.0,2.0,2.2,2.3
2008,3,548,5.0,3.4882,1.7609,2.1209,0.5905,1.9174
2008,3,549,5.0,6.1,2.2,3.2,2.8,3.4
2008,3,552,5.0,2.5,2.4,2.6,2.2,2.1
2008,3,553,5.0,4.9,2.9,2.8,2.4,2.5
2008,3,554,5.0,5.3,4.7,4.6,3.3,3.0
2008,3,555,5.0,5.9,-1.1,1.9,2.1,2.2
2008,3,556,5.0,5.1962,1.1936,2.2324,1.5325,1.2383
2008,3,557,5.0,8.6467,4.1139,2.7537,2.347,2.7135
2008,3,559,5.0,6.8046,3.0,2.5,2.0,2.1
2008,3,561,5.0,4.6,4.3,2.1,1.9,1.9
2008,4,84,,,,,,
2008,4,99,6.7,0.9,2.0,1.9,2.5,2.3
2008,4,407,6.7,-1.2003,0.7,2.8001,3.2004,3.4003
2008,4,411,6.7,-3.7,0.5,1.3,1.8,2.0
2008,4,420,6.7,-4.8,-1.5,0.6,1.8,1.5
2008,4,421,6.7,-1.5,0.9,1.8,2.2,2.4
2008,4,423,6.7,2.1,2.9,3.0,3.0,3.0
2008,4,426,6.7,-0.6,1.1,1.5,2.5,2.6
2008,4,428,6.7,-1.8,0.71,2.19,2.52,2.38
2008,4,429,6.7,-2.8,1.1,2.6,2.8,2.8
2008,4,431,6.7,-3.43,-1.2,0.901,1.88,1.859
2008,4,433,6.7,-2.2,1.8,2.1,2.2,2.1
2008,4,446,6.7,-2.5,2.5,2.3,2.3,2.0
2008,4,463,6.7,-4.7632,0.2029,3.0241,2.8428,2.8657
2008,4,472,6.7,-5.343,-0.2676,0.644,1.9635,2.1764
2008,4,483,6.7,1.0,2.0,3.0,2.7,2.4
2008,4,484,6.7,4.9,3.6,3.4,3.2,3.2
2008,4,497,6.7,-3.7324,1.8999,1.797,1.7016,1.7262
2008,4,504,6.7,-5.7655,0.2408,-0.6795,3.0918,3.3298
2008,4,506,6.7,-7.461,-2.2608,-1.3629,1.4041,2.0481
2008,4,507,6.7,-1.7742,0.8022,0.6941,1.5721,1.9772
2008,4,508,6.7,-3.5151,-7.5284,1.3734,1.9943,4.5946
2008,4,510,6.7,-0.8,0.6,1.4,1.4,1.6
2008,4,512,6.7,2.3,4.7,2.7,4.4,3.2
2008,4,516,6.7,-4.9202,-1.534,-1.6769,2.4667,0.4961
2008,4,518,6.7,-4.3443,-1.8275,-1.4814,1.5024,2.2282
2008,4,519,6.7,-6.73,-1.26,-0.31,1.75,1.89
2008,4,520,6.7,2.1,2.0,2.1,2.4,2.5
2008,4,524,6.7,0.1988,1.0416,1.3925,1.2275,1.5263
2008,4,527,6.7,-1.8,0.0,0.8,2.5,1.5
2008,4,528,6.7,-7.0,-2.0,-1.5,1.5,2.0
2008,4,531,6.7,-3.5,0.9,1.9,2.8,3.7
2008,4,532,6.7,-4.0,-0.9,1.5,2.0,2.0
2008,4,535,6.7,-7.3,0.6,2.4,2.4,2.4
2008,4,538,,,,,,
2008,4,540,6.7,4.5,3.2,3.0,2.8,2.7
2008,4,542,6.7,-6.8471,1.2273,2.1208,4.0559,3.1024
2008,4,543,6.7,-3.7309,0.5848,1.4029,1.7717,1.6803
2008,4,544,6.7,-3.7,0.5,1.3,1.8,2.0
2008,4,546,6.7,1.0,1.9,1.7,1.8,1.8
2008,4,548,6.7,-7.7589,-2.9808,-1.529,1.3123,1.7792
2008,4,549,6.7,-2.6,1.3,1.9,1.7,1.6
2008,4,551,6.7,2.8,1.1,1.3,2.2,1.3
2008,4,552,6.7,-2.8,-1.0,2.0,2.0,2.3
2008,4,553,6.7,-3.3,1.2,2.8,3.1,2.6
2008,4,554,6.7,-0.2,2.8,2.7,2.8,3.0
2008,4,555,6.7,-2.4,0.5,2.0,2.7,2.8
2008,4,556,6.7,-2.0875,1.0056,2.075,1.4419,2.357
2008,4,557,6.7,-1.7027,0.7525,1.5348,1.5221,1.6
2008,4,560,6.7,4.0,2.5,3.5,4.3,4.7
2008,4,561,6.7,-4.9,2.5,1.9,1.9,1.9
2009,1,411,-9.2,-2.78,0.19,0.38,0.75,0.19
2009,1,420,-9.2,-1.5,2.0,5.1,1.0,2.1
2009,1,421,-9.2,-0.3,0.6,2.1,2.3,2.4
2009,1,423,-9.2,-3.8,1.8,2.8,3.0,3.0
2009,1,424,-9.2,-1.6274,-0.7718,2.6535,1.8864,
2009,1,426,-9.2,-6.9,-0.9,2.2,3.0,2.8
2009,1,428,-9.2,-2.52,0.49,1.87,0.96,1.81
2009,1,431,-9.2,-2.5,1.6,1.5,1.5,2.4
2009,1,446,-9.2,-3.2,1.4,1.2,1.0,0.9
2009,1,463,-9.2,-1.1,3.3,1.8,1.8,1.8
2009,1,472,-9.2,-5.7707,-1.8333,1.6131,2.3236,2.4783
2009,1,483,-9.2,0.5,0.7,1.4,1.7,1.7
2009,1,484,-9.2,1.5,2.0,2.203,2.3,2.5
2009,1,504,-9.2,-3.9252,2.092,6.0392,2.0569,-0.3527
2009,1,506,-9.2,-3.4,-2.6,0.5,1.5,2.6
2009,1,507,-9.2,-2.733,1.9864,2.1717,2.3315,2.7183
2009,1,508,-9.2,4.4572,0.8078,-2.1664,0.9757,3.709
2009,1,510,-9.2,-0.8,0.8,1.4,1.6,1.6
2009,1,512,-9.2,-3.3,2.5,2.8,2.9,2.5
2009,1,516,-9.2,-2.8257,0.1642,0.6313,0.2203,0.6536
2009,1,518,-9.2,-3.1831,-0.3448,0.3163,0.9372,1.2187
2009,1,520,-9.2,-3.5,0.5,0.75,2.0,2.0
2009,1,524,-9.2,-0.24,0.54,1.03,1.53,1.64
2009,1,526,-9.2,2.4925,5.8697,7.5665,-7.2616,3.2988
2009,1,528,-9.2,-5.0,-1.0,2.0,2.1,2.5
2009,1,532,-9.2,1.0,0.5,0.5,0.5,
2009,1,535,-9.2,-2.2,1.2,1.4,1.9,2.3
2009,1,538,,,,,,
2009,1,540,-9.2,-2.2,1.8,2.1,2.2,2.4
2009,1,541,-9.2,-4.3,0.5,2.7,1.9,1.8
2009,1,542,-9.2,-2.9058,1.3376,3.2172,2.1522,2.4921
2009,1,543,-9.2,-2.7065,0.2115,1.4376,0.3292,-0.114
2009,1,544,-9.2,-5.8,0.6,1.1,0.9,0.9
2009,1,546,-9.2,-2.5,1.4,1.3,1.2,1.2
2009,1,548,-9.2,-7.1147,-0.9087,2.1901,2.0995,2.7233
2009,1,549,-9.2,-1.8,1.9,2.4,2.0,1.7
2009,1,552,-9.2,-3.5,1.7,1.7,1.8,1.9
2009,1,553,-9.2,-2.1,1.6,-3.0,0.0,-0.2
2009,1,555,-9.2,-3.1,0.9,1.3,1.1,1.6
2009,1,556,-9.2,-3.0917,1.1594,1.7896,2.0447,2.2109
2009,1,557,-9.2,-3.7846,0.8272,0.94,1.0531,1.6038
2009,1,559,-9.2,-2.3,0.8,1.4,1.9,1.4
2009,1,560,-9.2,-2.7,2.5,3.5,4.3,4.7
2009,2,20,-2.4,4.1,3.8,2.9,3.0,2.9
2009,2,84,-2.4,1.6,1.6,1.6,1.6,1.6
2009,2,407,-2.4,2.0988,2.6001,3.0009,2.9993,3.2001
2009,2,411,-2.4,0.6,2.2,1.1,0.8,0.4
2009,2,420,-2.4,0.7,3.6,1.2,1.8,1.7
2009,2,421,-2.4,2.0,2.4,2.8,3.3,3.5
2009,2,423,-2.4,1.69,2.85,3.07,3.11,3.12
2009,2,424,-2.4,-0.8,2.5,2.0,,
2009,2,426,-2.4,-0.2,1.8,2.0,2.5,2.1
2009,2,428,-2.4,-0.26,1.17,0.95,2.22,2.3
2009,2,431,-2.4,1.4,1.5,1.2,0.4,0.4
2009,2,433,-2.4,1.9,1.8,1.1,1.3,2.1
2009,2,446,,,,,,
2009,2,463,-2.4,1.0,2.3,1.5,1.5,1.5
2009,2,472,-2.4,0.6722,1.6823,2.2189,2.2468,2.3114
2009,2,483,-2.4,1.0,1.4,1.7,1.7,1.8
2009,2,484,-2.4,0.6,1.1,1.6,2.1,2.3
2009,2,498,-2.4,-0.9,1.4,3.0,1.6,-0.5
2009,2,504,-2.4,2.0532,8.217,1.4782,1.2869,0.1237
2009,2,506,-2.4,-0.4,0.2,1.4,1.8,2.3
2009,2,507,-2.4,1.4887,1.965,1.7233,2.4545,2.2797
2009,2,508,,,,,,
2009,2,510,-2.4,0.8,1.4,1.6,1.5,1.7
2009,2,512,-2.4,1.6,3.2,2.8,3.3,3.1
2009,2,516,-2.4,-0.6727,-0.4797,0.6892,1.1215,1.6411
2009,2,518,-2.4,-0.0825,0.5654,0.6177,1.0045,1.2417
2009,2,520,-2.4,0.4994,0.75,2.0,2.0,2.1
2009,2,523,-2.4,2.8775,4.2214,4.5594,4.6441,4.6652
2009,2,524,-2.4,0.66,1.67,1.11,1.47,2.42
2009,2,526,-2.3685,6.787,8.8975,-7.2505,-1.3361,7.4918
2009,2,527,-2.4,1.3,1.0,1.3,1.3,1.5
2009,2,528,-2.4,-1.8,2.0,0.0,1.9,2.0
2009,2,531,-2.4,0.2542,2.9939,3.8687,3.6535,3.5147
2009,2,535,-2.4,0.8,2.0,1.9,2.3,2.6
2009,2,538,,,,,,
2009,2,540,-2.4,1.8,2.1,2.2,2.4,2.6
2009,2,541,,,,,,
2009,2,542,-2.4,-1.2735,-1.759,1.0677,2.1881,1.9722
2009,2,543,-2.4,-2.3296,0.5768,0.5633,0.6646,0.9945
2009,2,544,-2.4,0.5,1.2,0.8,0.8,0.5
2009,2,546,-2.4,1.0,1.6,1.4,1.3,1.2
2009,2,548,-2.4,0.206,0.2615,1.4707,1.8816,2.3424
2009,2,549,-2.4,1.3,1.4,1.1,1.1,1.6
2009,2,551,-2.4,1.0878,0.2015,1.0022,1.3305,1.9744
2009,2,553,-2.4,0.55,1.5,1.35,2.0,2.0
2009,2,555,-2.4,-0.4,0.5,1.0,1.1,1.3
2009,2,556,-2.4,0.5095,1.1392,1.4802,2.0755,2.0006
2009,2,557,-2.4,3.6544,1.0718,1.0531,1.6038,1.5712
2009,2,558,-2.4,-0.2031,1.5777,0.1698,0.1021,-0.6394
2009,2,560,-2.4,2.2,2.2,2.5,2.2,2.0
2009,2,561,-2.4,0.6,3.2,1.7,1.2,0.2
2009,3,84,1.3,2.4,1.0,1.1,1.2,1.2
2009,3,407,1.3,2.6012,2.999,3.0013,3.1987,3.0
2009,3,411,1.3,3.9,3.3,0.6,1.3,1.2
2009,3,420,1.3,3.8,1.8,1.8,0.5,1.1
2009,3,422,1.3,2.0,2.0,2.0,2.0,2.0
2009,3,423,1.3,1.6,1.6,2.2,2.2,2.2
2009,3,424,1.3,3.1477,1.9696,1.8437,0.158,1.9132
2009,3,426,1.3,-0.0225,3.0,2.8,2.1,2.9
2009,3,433,1.3,3.2,0.8,1.3,1.9,2.5
2009,3,446,1.3,3.5,1.5,1.4,1.5,1.4
2009,3,456,1.3,2.5,1.4,0.9,0.6,0.1
2009,3,463,1.3,2.8,1.6,1.3,1.3,1.6
2009,3,472,1.3,1.7619,2.9058,2.8537,2.9107,2.8665
2009,3,483,1.3,1.4,1.7,1.7,1.8,1.8
2009,3,498,1.3,3.8,3.4,1.8,-0.2,0.3
2009,3,504,1.3,4.1936,0.1471,1.4449,-1.691,5.907
2009,3,510,1.3,1.4,1.6,1.8,2.0,2.5
2009,3,512,1.3,3.6,2.8,4.8,3.9,3.4
2009,3,516,1.3,2.3907,0.9447,1.1617,0.8832,1.7672
2009,3,518,1.3,1.9,1.1421,1.7091,2.1078,2.0597
2009,3,520,1.3,1.4,1.6,1.7,2.0,2.0
2009,3,523,1.3,3.265,4.2475,4.7387,4.9844,5.1072
2009,3,524,1.3,0.37,0.86,1.8,1.91,2.91
2009,3,527,1.3,3.3,1.0,1.5,2.0,2.3
2009,3,528,1.3,2.8,1.7,1.4,1.8,1.9
2009,3,531,,,,,,
2009,3,535,1.3,2.2,1.7,2.0,2.4,2.8
2009,3,540,1.3,1.3,2.3,2.4,2.6,2.9
2009,3,543,1.3,-1.5,1.0,1.6,1.5,0.7
2009,3,549,1.3,3.2,1.0,2.0,1.9,2.4
2009,3,555,1.3,2.6,0.7,1.1,1.3,1.5
2009,3,556,1.3,2.241,-0.0397,1.5804,1.7775,0.4831
2009,3,557,1.3,0.5,-0.04,0.2,0.4,0.4
2009,3,560,1.3,2.2,2.5,2.2,2.0,2.5
2009,4,84,,,,,,
2009,4,99,3.6,1.8,1.9,1.9,1.7,1.8
2009,4,407,3.5988,3.0012,2.9996,3.2002,3.0001,3.249
2009,4,411,3.6,2.2,1.4,1.2,1.0,0.9
2009,4,421,3.6,3.5,2.9,2.4,2.6,2.7
2009,4,422,3.6,1.75,1.75,1.75,1.75,2.0
2009,4,424,3.6,2.4082,1.5143,-0.4559,1.7321,1.7511
2009,4,426,3.6,2.0848,2.8,2.1,2.9,3.3
2009,4,428,3.6,1.85,1.28,0.91,1.75,1.59
2009,4,446,3.6,1.5,1.4,1.5,1.4,1.3
2009,4,456,3.6,1.9509,0.5155,0.4955,0.095,-0.2689
2009,4,463,3.6,3.3,2.4,1.4,1.3,1.6
2009,4,472,3.6,3.1641,2.1293,2.1727,2.2068,2.1714
2009,4,483,3.6,2.0,1.5,1.6,1.7,1.8
2009,4,484,3.6,2.0,2.1,2.3,2.5,2.6
2009,4,498,3.6,3.9751,2.9576,0.0935,2.3673,2.2073
2009,4,504,3.6,3.6191,-1.2388,-2.0998,1.462,2.6763
2009,4,506,3.6,3.2335,-0.1833,0.6429,1.8585,1.7563
2009,4,507,3.6,2.3989,1.0709,1.8183,2.0998,2.44
2009,4,508,,,,,,
2009,4,510,3.6,1.9,2.4,2.0,2.4,2.3
2009,4,516,3.6,2.0228,0.6778,1.1797,1.4734,1.4024
2009,4,518,3.6,2.0886,-0.3918,0.94,2.0589,2.1644
2009,4,520,3.6,1.5,1.7,1.7,1.8,1.8
2009,4,524,3.6,0.86,2.1,2.51,2.91,1.87
2009,4,527,3.6,1.8,1.5,2.0,2.0,1.5
2009,4,528,3.6,2.5,1.0,1.1,1.7,1.8
2009,4,531,3.6,2.6,2.2,2.2,2.4,2.2
2009,4,532,3.6,2.0,1.0,1.0,1.0,
2009,4,540,3.6,2.3,2.4,2.6,2.9,3.1
2009,4,541,3.6,1.7,1.7,-0.1,3.3,2.7
2009,4,546,3.6,2.6,1.8,1.6,1.5,1.5
2009,4,548,3.6,4.0838,-0.242,0.5315,1.7283,1.5888
2009,4,549,3.6,2.2,1.6,1.9,2.4,1.6
2009,4,553,3.6,1.9,1.6,1.6,1.9,2.0
2009,4,555,3.6,2.27,0.99,1.33,1.54,1.78
2009,4,556,3.6,1.1432,0.343,1.1983,0.431,2.0157
2009,4,557,3.6,0.2206,1.0175,1.1322,0.9601,1.4102
2009,4,558,,,,,,
2009,4,560,3.6,1.1,1.4,1.3,1.6,1.2
2009,4,564,3.6,1.9578,-0.0425,1.1067,1.9025,1.8759
2010,1,407,3.4,3.5003,3.2,2.9983,3.2506,3.501
2010,1,411,3.4,2.6,0.3,1.4,1.2,1.1
2010,1,420,3.4,2.0,0.2,2.0,2.1,2.3
2010,1,421,3.4,2.2,2.4,2.5,2.6,2.8
2010,1,422,3.4,1.0,1.75,1.75,2.0,2.0
2010,1,424,3.4,2.1576,-0.2786,2.1147,2.1389,1.3311
2010,1,426,3.4,2.8,2.1,2.9,3.3,2.8
2010,1,428,3.4,2.04,0.6,1.24,1.24,1.92
2010,1,446,3.4,1.5,1.5,1.4,1.3,1.2
2010,1,456,3.4,2.2835,1.1034,0.5661,0.3374,0.3374
2010,1,463,3.4,2.9,1.7,1.4,1.5,1.8
2010,1,472,3.4,2.6758,1.8384,1.9119,2.0532,1.8114
2010,1,483,3.4,1.8,1.6,1.7,1.8,2.0
2010,1,484,3.4,2.3,2.5,2.6,2.6,2.6
2010,1,498,3.4,2.7,0.3,2.9,2.4,1.8
2010,1,504,3.4,1.4052,-1.5695,1.2983,3.0781,2.2619
2010,1,506,3.4,1.9145,-0.188,1.5479,1.4419,1.9641
2010,1,507,3.4,2.3406,1.0742,1.7634,1.9249,1.8833
2010,1,508,3.4,2.7656,2.4559,1.8967,0.9508,2.7
2010,1,510,3.4,2.6,2.8,3.1,2.5,3.4
2010,1,516,3.4,0.6207,1.6393,1.6874,1.8062,2.3875
2010,1,518,3.4,1.4364,1.1165,2.0201,1.9042,2.3792
2010,1,520,3.4,2.5131,2.6065,2.1582,1.75,1.8
2010,1,524,3.4,0.61,0.88,1.37,0.97,2.42
2010,1,527,3.4,2.0,2.0,1.8,2.0,2.3
2010,1,528,3.4,0.6,0.8,1.7,1.9,2.1
2010,1,532,,,,,,
2010,1,535,3.4,3.0,2.4,2.8,3.0,3.2
2010,1,538,3.4,3.7,2.0,1.8,1.8,
2010,1,540,3.4,2.4,2.6,2.6,2.7,2.9
2010,1,541,3.4,1.58,-0.89,2.59,2.45,1.77
2010,1,542,3.4,2.5919,-0.9366,2.4398,2.4932,2.1727
2010,1,546,3.4,2.4,2.0,1.6,1.5,1.6
2010,1,548,3.4,0.4336,0.6067,1.7997,1.9513,2.3307
2010,1,549,3.4,2.1,1.1,1.8,2.4,2.7
2010,1,553,3.4,2.5,2.5,2.2,1.8,1.7
2010,1,555,3.4,1.9,1.4,1.6,1.8,2.2
2010,1,556,3.4,1.581,0.9381,-0.08,1.8809,1.5629
2010,1,557,3.4,1.0,1.4,1.4,1.4,1.8
2010,1,558,3.4,-0.5961,-0.2083,-0.4233,-0.1233,-0.1045
2010,1,560,3.4,0.37,0.37,0.45,0.45,0.63
2010,1,564,3.4,0.1843,0.6587,1.9183,2.0062,2.4452
2010,2,407,1.5,2.9996,2.9996,3.2497,3.4998,4.2501
2010,2,411,1.5,0.1968,1.7901,0.8568,1.0296,1.0967
2010,2,421,1.5,2.4,2.5,2.7,2.9,3.0
2010,2,422,1.5,1.6,1.6,1.6,1.9,1.9
2010,2,423,1.5,1.99,2.87,3.01,3.03,3.03
2010,2,424,1.5,0.3545,2.6261,1.5776,1.3106,0.8432
2010,2,426,1.5,2.1,2.0,2.0,2.3,2.1
2010,2,428,1.5,0.76,1.21,1.66,1.99,2.53
2010,2,431,1.5,-0.1,1.8,1.3,1.3,1.2
2010,2,446,1.5,1.5,1.6,1.6,1.6,1.6
2010,2,456,1.5,1.054,0.8131,0.509,0.509,0.509
2010,2,463,1.5,1.9,2.0,1.9,1.9,2.0
2010,2,472,1.5,2.5701,2.8094,2.2519,1.9709,1.7808
2010,2,483,1.5,1.6,1.7,1.8,2.0,2.1
2010,2,484,1.5,2.5,2.6,2.6,2.6,2.8
2010,2,498,1.5,1.5,2.3,1.5,1.6,0.9
2010,2,504,1.5,-2.2562,1.0223,2.2897,1.3084,-2.2409
2010,2,506,1.5,0.4,1.6,1.4,1.9,1.9
2010,2,507,1.5,1.7305,1.4366,2.128,2.1259,1.9613
2010,2,510,1.5,1.6,2.2,2.2,2.3,2.8
2010,2,516,1.5,1.2374,1.5169,1.5087,3.2872,1.8985
2010,2,518,1.5,1.845,1.4672,1.6457,1.6389,1.8148
2010,2,520,1.5,1.5,2.0,2.0,2.1,2.2
2010,2,524,1.5,2.25,2.35,2.05,1.92,2.66
2010,2,527,1.5,1.5,1.5,1.5,1.8,2.0
2010,2,528,1.5,0.0,2.0,1.5,1.9,2.0
2010,2,532,1.5,1.0,1.0,1.0,1.5,
2010,2,535,1.5,1.1,2.6,3.0,3.2,3.4
2010,2,540,1.5,2.6,2.6,2.7,2.9,3.0
2010,2,541,1.5,0.0,3.0,2.0,2.0,2.2
2010,2,542,1.5,0.3755,2.9748,1.7288,2.3368,0.1005
2010,2,546,1.5,1.0,1.4,1.4,1.5,1.5
2010,2,548,1.5,0.4879,1.5954,1.6518,2.3399,1.9631
2010,2,549,1.5,1.0,1.8,2.2,1.6,2.0
2010,2,551,1.5,1.8,1.8,1.8,1.9,2.0
2010,2,553,1.5,1.25,1.87,1.8,2.0,2.0
2010,2,555,1.5,1.461,1.4227,1.815,1.9642,2.2225
2010,2,556,1.5,0.7696,-0.4302,1.8387,1.4976,1.6647
2010,2,557,1.5,1.4,1.4,1.4,1.8,2.1
2010,2,558,1.5,-1.519,-0.2769,-0.7375,-0.9965,-0.2597
2010,2,559,1.5,1.0,1.1,1.3,1.8,2.0
2010,2,560,1.5,2.0,2.5,2.0,1.5,1.5
2010,2,563,1.5,2.6,2.9,2.6,2.9,3.1
2010,2,564,1.5,0.2798,1.7675,1.8249,2.625,2.2582
2010,3,407,-0.7,1.9997,2.5002,2.4995,2.6998,3.0011
2010,3,411,-0.7,1.4,1.7,0.92,0.89,0.86
2010,3,420,-0.7,1.7,1.2,1.2,1.4,1.8
2010,3,421,-0.7,2.0,2.9,3.2,2.7,2.6
2010,3,422,-0.7,1.6,1.6,1.9,1.9,1.9
2010,3,423,-0.7,0.82,2.65,2.96,3.01,3.02
2010,3,424,-0.7,1.8346,1.7337,1.8481,-0.2986,0.68
2010,3,426,-0.7,1.4,1.7,1.8,1.7,2.25
2010,3,428,-0.7,1.06,1.46,1.92,2.48,3.14
2010,3,446,-0.7,1.3,1.2,1.3,1.3,1.4
2010,3,463,-0.7,0.8,1.9,2.2,1.7,1.9
2010,3,472,-0.7,3.5925,1.9448,1.8378,1.4888,1.6967
2010,3,483,-0.7,1.7,1.2,1.2,1.2,1.4
2010,3,484,-0.7,1.9,2.0,1.9,2.0,2.1
2010,3,498,-0.7,1.5,1.1,1.1,0.8,1.6
2010,3,504,-0.7,-0.3219,2.3145,1.3322,-1.6095,1.0144
2010,3,507,-0.7,0.6678,1.3762,1.932,1.7601,2.2386
2010,3,510,-0.7,2.6,2.7,2.7,-1.1,5.8
2010,3,518,-0.7,0.5144,0.9987,1.5154,1.7941,1.9949
2010,3,520,-0.7,2.0,2.0,2.1,1.7,2.0
2010,3,527,-0.7,0.3,1.8,1.3,1.5,1.5
2010,3,528,-0.7,1.0,1.6,1.9,2.0,2.1
2010,3,532,-0.7,1.0,1.3,1.1,1.2,
2010,3,535,-0.7,1.4,2.2,2.5,2.8,3.1
2010,3,540,-0.7,1.8,2.7,2.6,2.6,2.7
2010,3,546,-0.7,0.8,0.9,0.9,0.8,0.8
2010,3,548,-0.7,1.5392,1.3734,1.7514,1.7785,1.9655
2010,3,549,-0.7,1.2,2.0,1.8,1.3,2.2
2010,3,551,-0.7,1.5,1.5,1.3,1.6,1.1
2010,3,555,-0.7,-0.2,0.7,1.1,1.4,1.6
2010,3,556,-0.7,-0.0307,0.8995,1.246,1.1363,1.6982
2010,3,558,-0.7,0.0542,0.4355,0.2088,0.9334,0.4393
2010,3,560,,,,,,
2010,3,561,-0.7,1.4,1.4,1.0,1.1,1.0
2010,3,563,-0.7,1.0,1.5,1.2,1.6,2.0
2010,3,566,-0.7,0.6645,1.4787,1.6586,1.8365,2.0123
2010,4,407,1.5,2.4997,2.499,2.7015,2.9995,2.9991
2010,4,411,1.5,1.9998,1.0979,0.8217,0.8694,0.8785
2010,4,420,1.5,1.5,1.5,1.0,1.8,2.0
2010,4,421,1.5,1.7,2.6,3.5,3.0,2.8
2010,4,422,1.5,1.6,1.9,1.9,1.9,1.9
2010,4,424,1.5,2.2555,1.793,-0.4201,0.6578,0.8432
2010,4,426,1.5,1.55,1.65,1.7,1.65,1.8
2010,4,428,1.5,1.46,1.54,1.69,1.98,2.28
2010,4,431,1.5,2.7,2.2,0.6,0.8,1.2
2010,4,446,1.5,1.4,1.1,1.1,1.1,1.1
2010,4,456,1.5,1.6337,1.4671,0.8535,0.6001,0.2735
2010,4,463,1.5,3.3,2.3,1.4,1.8,2.1
2010,4,472,1.5,2.8449,1.7494,1.6649,1.6191,1.565
2010,4,483,1.5,1.2,1.2,1.2,1.4,1.4
2010,4,484,1.5,2.0,1.9,2.0,2.1,2.2
2010,4,498,1.5,1.5,0.9,0.7,1.3,0.7
2010,4,504,1.5,1.8778,0.5219,-1.6574,1.2329,1.4902
2010,4,506,1.5,2.69,1.37,1.06,1.7,1.9
2010,4,507,1.5,2.1056,1.3492,1.5475,2.1193,2.0931
2010,4,508,1.5,,1.4,-1.3,2.1,1.0
2010,4,510,1.5,2.5,3.1,3.2,2.3,2.9
2010,4,516,1.5,2.2423,1.5993,1.2718,1.6556,2.3301
2010,4,518,1.5,3.027,1.1657,1.4423,1.3204,1.7561
2010,4,520,1.5,2.0,2.1,1.7,1.8,1.8
2010,4,523,1.5,3.26,3.68,4.45,4.41,4.76
2010,4,524,1.5,0.96,1.18,1.05,0.93,2.27
2010,4,526,1.5,2.2,2.4,2.6,2.7,2.8
2010,4,527,1.5,1.8,1.0,1.3,1.3,1.5
2010,4,528,1.5,1.8,1.9,1.5,1.8,1.8
2010,4,532,1.5,1.3,1.1,1.2,1.1,
2010,4,535,1.5,2.7,2.1,2.5,2.8,3.1
2010,4,540,1.5,2.7,2.6,2.6,2.7,2.7
2010,4,541,1.5,2.28,1.5,-0.36,3.42,2.52
2010,4,542,1.5,2.2582,2.1219,0.198,3.0359,2.0177
2010,4,546,1.5,1.7,1.1,1.0,1.0,1.2
2010,4,548,1.5,1.5258,2.0456,1.0959,1.482,1.651
2010,4,549,1.5,2.0,1.7,1.1,1.8,1.5
2010,4,555,1.5,1.5,1.6,1.7,1.9,2.2
2010,4,556,1.5,1.1916,1.2828,0.8332,0.5236,0.8668
2010,4,557,1.5,1.6074,1.6019,0.9472,0.894,1.2012
2010,4,558,1.5,0.0367,0.7178,1.9564,0.7864,0.1639
2010,4,560,,,,,,
2010,4,563,1.5,1.8,1.7,2.3,2.3,2.3
2011,1,407,2.6,2.9991,2.6996,3.0009,3.0004,2.9998
2011,1,411,2.6,2.9022,0.1866,1.1446,1.1668,1.3177
2011,1,420,2.6,2.7,0.5,1.8,1.8,2.0
2011,1,422,2.6,1.9,1.5,1.0,1.9,2.2
2011,1,423,2.6,3.87,3.14,3.05,3.04,3.03
2011,1,424,2.567,3.1422,-0.3025,1.8404,1.0585,
2011,1,426,2.6,1.5,1.6,2.0,2.1,2.3
2011,1,428,2.6,1.65,1.72,1.66,1.68,2.5
2011,1,431,2.6,3.7,0.2,0.7,0.9,1.2
2011,1,446,2.6,1.3,1.3,1.3,1.3,1.4
2011,1,456,2.6,2.9576,1.1303,0.9036,1.0049,1.1424
2011,1,483,2.6,1.4,1.4,1.6,1.6,1.6
2011,1,484,2.6,1.9,2.0,2.1,2.2,2.2
2011,1,498,2.6,3.1,0.4,1.0,0.9,0.7
2011,1,504,2.6,1.7582,-0.7824,2.2075,0.9748,-0.9505
2011,1,506,2.6,3.8,-0.2,1.9,1.8,1.9
2011,1,507,2.6,3.014,1.7598,2.1193,2.0931,2.1166
2011,1,508,2.6,5.7497,1.8739,1.8755,1.6872,5.5724
2011,1,510,2.6,1.9,2.4,2.3,2.5,2.2
2011,1,516,2.6,2.9967,1.2625,1.0306,1.1725,2.9022
2011,1,518,2.6,2.1754,0.6245,1.2965,1.837,1.9862
2011,1,520,2.6,1.7,1.6,1.8,1.8,1.9
2011,1,524,2.6,0.87,1.47,1.71,1.47,1.3
2011,1,526,2.6,2.3,0.5,0.9,1.8,2.4
2011,1,527,2.6,2.0,1.3,1.3,1.5,1.3
2011,1,528,2.6,2.5,1.7,1.7,2.1,2.3
2011,1,532,3.49,1.1,1.2,1.1,1.2,
2011,1,535,2.6,3.7,2.5,2.8,3.1,3.4
2011,1,538,,,,,,
2011,1,540,2.6,2.6,2.6,2.7,2.7,2.6
2011,1,542,2.6,0.906,-0.1727,2.7092,1.9316,4.3908
2011,1,548,2.6,3.0867,1.4482,1.831,2.0361,2.1311
2011,1,549,2.6,2.8,1.2,2.0,1.6,2.7
2011,1,553,2.6,2.5,2.0,2.0,1.9,2.0
2011,1,555,2.6,3.3,2.0,1.9,2.2,2.6
2011,1,556,2.6,2.9682,0.8994,0.6135,0.926,1.9783
2011,1,557,2.6,1.0948,1.0852,0.9642,1.2066,1.6119
2011,1,558,2.6,0.6375,-1.1287,-0.7369,-0.673,1.07
2011,1,560,,,,,,
2011,1,561,2.3,2.8,3.0,1.5,1.7,1.5
2011,1,563,2.6,1.7,2.1,2.6,2.5,2.6
2011,1,564,2.6,1.83,0.54,2.92,4.37,1.43
2011,1,568,2.6,2.5,1.1,1.3,1.4,1.3
2011,2,407,5.2,3.5002,3.0002,2.9996,3.0007,2.9997
2011,2,411,5.2,4.4973,3.1988,1.3703,1.5809,1.5481
2011,2,420,5.2,2.8,0.6,1.5,2.0,1.8
2011,2,422,5.2,1.5,1.0,1.9,2.2,2.2
2011,2,423,5.2,4.6833,3.2925,3.0571,3.0181,3.0113
2011,2,424,5.2,4.4263,2.9333,1.609,1.2932,-0.9885
2011,2,426,5.2,4.1,1.9,2.0,2.25,2.35
2011,2,431,5.2,4.8,0.0,0.3,0.6,1.0
2011,2,446,5.2,3.1,1.3,1.3,1.4,1.4
2011,2,463,5.2,4.3,2.3,2.5,2.8,2.8
2011,2,472,5.2,6.0297,3.2187,2.241,2.2746,2.3083
2011,2,483,5.2,2.4,2.0,2.0,2.0,2.0
2011,2,484,5.2,2.3,2.2,2.2,2.3,2.4
2011,2,498,5.2,4.7,2.2,1.2,1.4,1.3
2011,2,504,5.2,3.6016,1.178,-0.558,-0.4826,-2.3063
2011,2,506,5.2,4.3,2.0,0.8,1.7,1.3
2011,2,507,5.2,2.8,2.0,1.7,1.6,1.6
2011,2,508,,,,,,
2011,2,510,5.2,2.9,1.7,3.2,2.6,2.3
2011,2,516,5.2,5.0966,0.6453,0.0612,1.6415,2.0434
2011,2,518,5.2,2.727,2.5206,2.486,2.3156,2.4811
2011,2,520,5.2,2.3,2.1,2.1,2.0,2.1
2011,2,523,5.2,3.2,3.36,3.771,4.0587,4.2601
2011,2,524,5.2,2.58,2.48,2.23,2.54,2.02
2011,2,526,5.2,4.45,-0.5,0.1,4.0,4.5
2011,2,527,5.2,5.0,2.3,2.0,2.3,2.5
2011,2,532,6.14,1.2,1.1,2.0,2.5,
2011,2,533,5.2,2.2,-0.1,1.1,2.0,1.5
2011,2,535,5.2,4.8,2.1,3.1,3.4,3.5
2011,2,540,5.2,4.3,3.0,2.9,2.6,2.6
2011,2,542,5.2,4.0059,3.1685,1.6635,2.3142,0.4519
2011,2,546,5.2,3.5,2.0,1.8,1.9,2.0
2011,2,548,5.2,3.2828,1.9657,0.7553,1.6929,1.2912
2011,2,549,5.2,4.2,2.2,1.7,2.3,2.2
2011,2,553,5.2,3.5,2.3,1.9,2.0,2.0
2011,2,555,5.2,4.2,2.6,3.6,3.7,3.3
2011,2,556,5.2,3.0413,1.5092,0.9513,1.829,2.245
2011,2,557,5.2,2.4413,2.4325,2.5032,2.154,2.027
2011,2,558,5.2,1.9135,1.2288,1.5481,1.6389,1.8151
2011,2,559,5.2,2.7,2.7,3.2,2.5,2.1
2011,2,561,5.2,2.8,2.7,2.7,2.3,2.8
2011,2,563,5.2,4.0,3.7,4.3,4.2,4.1
2011,2,564,5.22,2.59,2.71,2.51,4.67,1.58
2011,2,568,5.2,0.5,1.6,1.7,1.8,2.0
2011,3,407,4.1,2.9996,2.9989,3.0018,2.999,2.9997
2011,3,420,4.1,2.1,0.8,2.3,2.0,2.0
2011,3,422,4.1,0.95,1.0,1.25,1.25,1.25
2011,3,423,4.1,2.9,2.21,2.0,2.2,1.9
2011,3,426,4.1,1.85,2.0,2.2,3.15,3.25
2011,3,431,4.1,-0.1,-0.3,0.9,1.0,1.1
2011,3,433,4.1,0.12,2.0,2.4,2.3,2.2
2011,3,446,4.1,1.7,1.9,1.8,1.8,1.9
2011,3,456,4.1,1.4314,2.6829,1.7664,1.9683,1.6068
2011,3,463,4.1,0.8,2.5,2.9,2.9,2.8
2011,3,472,4.1,1.8,1.0,0.9,1.2,1.5
2011,3,483,4.1,1.4,1.5,1.5,1.5,1.6
2011,3,484,4.1,3.5,3.1,2.7,2.8,2.9
2011,3,498,4.1,2.7,2.0,1.7,1.6,2.0
2011,3,504,4.1,-0.3562,-0.0295,0.0214,-2.4098,1.3828
2011,3,507,4.1,0.5358,0.8569,1.682,1.7837,1.7027
2011,3,510,4.1,0.9,2.7,3.2,3.6,1.8
2011,3,516,4.1,0.7727,1.0045,1.8923,2.9632,1.2231
2011,3,518,4.1,1.4408,1.7666,1.5632,1.713,1.8688
2011,3,520,4.1,3.0,2.5,2.0,2.1,2.3
2011,3,523,4.1,4.4,4.6,4.8,5.0,5.1
2011,3,524,4.1,2.41,1.68,2.81,2.59,2.33
2011,3,527,4.1,1.5,2.0,2.5,2.5,2.5
2011,3,532,,,,,,
2011,3,540,4.1,3.0,2.9,2.6,2.6,2.6
2011,3,542,4.1,3.7,2.2,2.7,1.0,4.0
2011,3,546,4.1,1.2,1.8,1.9,2.0,2.0
2011,3,548,4.1,1.7297,1.7337,1.6315,1.0432,2.198
2011,3,549,4.1,1.9,2.1,2.1,2.0,2.9
2011,3,551,4.1,2.2884,2.2271,2.2538,2.1542,2.2071
2011,3,554,4.1,0.3,0.2,1.8,1.6,1.6
2011,3,555,4.1,0.5,2.5,2.6,3.0,2.6
2011,3,557,4.1,0.204,1.5425,2.5976,2.6927,2.561
2011,3,558,4.1,-0.4547,1.3851,0.968,1.0478,0.765
2011,3,561,4.1,6.6,2.8,3.8,3.0,2.6
2011,3,563,4.1,1.1,1.5,1.3,1.7,2.0
2011,3,568,4.1,0.3,2.0,1.9,2.1,2.0
2011,4,407,3.1,2.3006,2.4986,2.5009,2.6996,2.8998
2011,4,411,3.1,1.7925,2.2026,1.7907,1.6874,1.6856
2011,4,420,3.1,1.7,2.1,2.0,2.0,2.0
2011,4,421,3.1,3.4,3.5,3.3,3.5,3.2
2011,4,422,3.1,1.0,1.25,1.25,1.25,1.25
2011,4,424,3.1,1.674,1.6587,0.2531,2.585,1.8394
2011,4,426,3.1,2.0,2.2,3.15,3.25,3.3
2011,4,428,3.1,3.32,2.47,1.86,1.61,1.9
2011,4,431,3.1,2.062,1.844,1.129,1.227,1.235
2011,4,433,3.1,2.9239,2.5354,2.0721,1.8638,1.7529
2011,4,446,3.1,2.2,1.8,1.8,1.7,1.6
2011,4,456,3.1,1.9147,1.9485,2.077,1.8493,1.7784
2011,4,463,3.1,2.2,2.8,3.0,2.9,2.7
2011,4,472,3.1,0.3584,1.0704,1.792,2.0267,2.2273
2011,4,483,3.1,1.5,1.5,1.5,1.6,1.6
2011,4,498,3.1,1.4,1.5,1.4,1.4,1.4
2011,4,504,3.1,-0.5981,-1.1607,-1.6735,2.4882,1.4005
2011,4,506,3.1,1.1283,0.8714,0.8894,1.3977,1.2183
2011,4,507,3.1,2.2433,1.2971,0.6912,1.7027,1.8839
2011,4,508,3.1,2.2126,2.0008,0.9917,1.9859,1.9761
2011,4,510,3.1,2.9,3.3,3.5,3.0,2.6
2011,4,518,3.1,2.5484,1.3056,0.8907,0.6274,1.5012
2011,4,520,3.1,2.5,2.0,2.1,2.3,2.5
2011,4,523,3.1,2.94,3.42,3.52,3.62,3.9
2011,4,524,3.1,2.04,1.68,2.81,2.59,2.33
2011,4,526,3.1,1.6815,2.3716,4.8971,0.8804,3.3055
2011,4,527,3.1,-0.5,1.0,0.8,2.3,2.0
2011,4,532,,,,,,
2011,4,535,3.1,1.0,2.4,2.9,3.2,3.4
2011,4,540,3.1,3.1,2.9,2.8,2.6,3.1
2011,4,542,3.1,1.6302,2.6314,1.1204,3.7554,2.7561
2011,4,546,3.1,2.5,1.9,1.8,1.8,2.0
2011,4,548,3.1,3.4266,2.3504,1.5651,1.1636,1.1402
2011,4,549,3.1,1.9,1.9,2.0,2.9,2.4
2011,4,553,3.1,1.7,2.8,2.3,2.0,1.9
2011,4,554,3.1,2.2,1.8,1.6,1.6,1.6
2011,4,555,3.1,2.6,1.8,1.9,1.9,1.9
2011,4,556,3.1,1.8932,1.54,1.3232,1.6022,0.8129
2011,4,557,3.1,-2.4225,4.2283,2.5777,2.5539,2.475
2011,4,558,3.1,0.3399,1.7402,0.9492,1.3531,0.5121
2011,4,559,3.1,3.4,3.6,3.2,2.8,2.2
2011,4,560,,,,,,
2011,4,563,3.1,3.4,3.5,3.1,3.2,3.3
2011,4,564,3.1,1.6,3.58,2.12,1.05,0.35
2011,4,568,3.1,2.4,2.3,2.3,2.2,2.5
2012,1,407,0.9,2.4999,2.5005,2.6999,2.9009,2.9994
2012,1,420,0.9,2.1,2.0,1.9,2.1,2.0
2012,1,421,0.9,3.4,3.3,3.5,3.2,3.0
2012,1,422,0.9,1.25,1.25,1.25,1.25,1.25
2012,1,423,0.9,1.3234,2.0269,1.9985,1.9702,1.9422
2012,1,424,0.9,2.2371,0.2111,2.0733,1.3637,
2012,1,426,0.9,2.2,3.15,3.25,3.3,3.4
2012,1,428,0.9,2.66,2.08,1.8,1.91,1.84
2012,1,431,0.9,1.7,1.7,1.2,1.4,1.2
2012,1,433,0.9,1.5,1.9,2.0,2.1,2.1
2012,1,446,0.9,1.7,1.7,1.8,1.7,1.5
2012,1,456,0.9,2.0258,2.1543,1.9266,1.7784,1.579
2012,1,472,0.9,2.7691,2.4429,1.9779,2.1815,1.9408
2012,1,483,0.9,1.2,1.2,1.4,1.4,1.6
2012,1,484,0.9,1.5,1.9,2.1,2.2,2.2
2012,1,504,0.9,-0.5462,-2.6806,1.8071,1.8699,0.6456
2012,1,506,0.9,2.3,0.8,2.5,2.2,2.0
2012,1,507,0.9,1.942,2.3409,2.3062,2.0502,2.3569
2012,1,508,0.9,1.4734,0.9962,1.9948,1.9849,1.9751
2012,1,510,0.9,2.4,3.0,2.8,2.4,2.5
2012,1,518,0.9,1.9096,0.5696,2.4644,0.5296,1.8452
2012,1,520,0.9,1.7,2.1,2.3,2.2,2.1
2012,1,523,0.9,4.22,4.43,4.64,4.85,5.05
2012,1,524,0.9,2.26,1.83,1.92,2.32,2.58
2012,1,527,0.9,2.0,2.8,2.3,1.8,
2012,1,532,-0.4,2.0,2.2,2.3,2.3,
2012,1,535,0.9,2.8,2.9,2.9,3.1,3.3
2012,1,540,0.9,2.5,2.3,2.2,2.6,2.7
2012,1,542,0.9,2.567,0.9876,3.6171,2.7343,3.1485
2012,1,546,0.9,1.4,1.8,1.8,2.0,2.0
2012,1,548,0.9,1.2363,0.5944,1.8698,1.4186,1.7884
2012,1,549,0.9,1.7,2.0,2.9,2.4,2.6
2012,1,551,0.9,2.1,3.2,2.9,2.8,2.3
2012,1,553,0.9,2.0,2.0,2.1,2.0,2.0
2012,1,554,0.9,1.7,1.8,2.0,2.2,2.4
2012,1,555,0.9,1.6,1.8,1.8,1.9,2.0
2012,1,556,0.9,1.8004,1.8306,1.8271,1.09,2.6043
2012,1,557,0.9,2.1595,3.1133,2.1513,2.2241,2.2974
2012,1,558,0.9,1.0445,-0.9088,0.6162,0.3624,0.7252
2012,1,559,0.9,3.5,3.0,2.6,2.2,2.2
2012,1,561,0.9,2.1,1.6,2.0,1.9,1.9
2012,1,563,0.9,2.7,2.8,2.6,2.9,3.1
2012,1,564,,,,,,
2012,1,568,0.9,1.2132,2.2278,2.3241,2.4857,2.4316
2012,1,569,,,,,,
2012,2,407,2.5,2.5001,2.701,2.9001,3.0003,2.9989
2012,2,420,2.5,1.8,1.9,2.1,2.0,2.2
2012,2,421,2.5,3.3,3.5,3.2,3.0,2.9
2012,2,422,2.5,1.25,1.25,1.25,1.25,1.25
2012,2,423,2.5,3.04,2.67,2.65,2.63,2.61
2012,2,424,2.5,0.7989,2.407,1.6725,1.0639,-0.2694
2012,2,426,2.5,1.8,2.0,2.2,2.4,2.4
2012,2,428,2.5,1.48,1.87,1.65,1.91,2.06
2012,2,431,2.5,1.32,2.57,1.96,1.46,1.28
2012,2,433,2.5,2.9,2.1,1.9,2.0,2.0
2012,2,446,2.5,2.5,2.1,2.1,2.0,2.0
2012,2,463,2.5,2.8,2.4,2.8,3.4,3.4
2012,2,483,2.5,1.8,1.6,1.4,1.6,1.6
2012,2,484,2.5,1.9,2.1,2.2,2.2,2.3
2012,2,504,2.5,-2.3891,0.6416,1.8755,-0.048,-0.4255
2012,2,506,2.5,1.5,2.8,1.4,1.7,1.1
2012,2,507,2.5,2.7593,1.6029,2.0502,1.9548,2.1448
2012,2,508,2.5,1.5,1.0,2.0,2.0,2.0
2012,2,510,,,,,,
2012,2,512,2.5,4.7,2.2,2.02,2.25,2.64
2012,2,518,2.5,2.9196,1.2275,1.5536,1.7348,1.5688
2012,2,520,2.5,2.1,2.3,2.2,2.1,2.4
2012,2,524,2.5,1.87,2.26,2.18,2.2,1.75
2012,2,527,2.5,3.0,2.3,1.8,2.3,2.0
2012,2,532,3.6882,2.2,2.3,2.3,2.3,
2012,2,535,2.5,0.8,2.3,3.1,3.3,3.5
2012,2,540,2.5,2.3,2.5,2.6,2.7,2.5
2012,2,542,2.5,1.9853,3.1278,2.3956,2.3114,1.5362
2012,2,546,2.5,2.7,1.8,2.0,2.0,2.2
2012,2,548,2.5,1.9944,1.8971,1.4452,1.6633,0.9083
2012,2,549,2.5,2.0,2.4,2.4,2.6,2.9
2012,2,553,2.5,2.3,1.9,2.4,2.4,2.4
2012,2,556,2.5,2.4124,1.4253,0.974,2.6078,2.4401
2012,2,557,2.82,2.4,2.3,2.6,2.3,2.1
2012,2,558,2.5,1.4264,1.2098,1.4523,1.2193,1.1807
2012,2,559,2.5,2.4,2.3,2.3,2.3,2.3
2012,2,563,2.5,2.7,2.5,3.0,3.1,3.1
2012,2,568,2.5,1.8791,2.3175,2.4809,2.3362,2.3851
2012,2,569,,,,,,
2012,3,407,0.8,1.9,2.4002,2.5004,2.7987,3.0008
2012,3,411,0.8,1.7,2.1,2.0,1.94,2.01
2012,3,420,0.8,1.8,2.1,2.3,2.2,2.4
2012,3,421,0.8,1.3,3.3,3.6,2.7,2.6
2012,3,422,0.8,1.75,1.75,1.75,1.75,1.75
2012,3,423,0.8,0.8211,1.513,1.4976,1.482,1.4663
2012,3,424,0.8,1.3262,1.7324,1.1222,0.2304,2.3251
2012,3,426,0.8,1.3,2.2,2.4,2.6,2.9
2012,3,428,0.8,2.0,2.4,1.3,2.1,2.8
2012,3,431,0.8,1.0,1.5,1.4,1.5,1.6
2012,3,433,0.8,1.4,2.1,2.7,2.4,2.4
2012,3,446,0.8,1.5,1.7,2.0,2.0,2.0
2012,3,456,0.8,1.4306,1.4079,2.1755,1.684,1.6237
2012,3,463,0.8,2.3,2.5,2.6,2.4,2.5
2012,3,472,0.8,3.0967,1.9702,2.9324,2.2084,2.2696
2012,3,483,0.8,1.2,1.4,1.6,1.6,1.7
2012,3,484,0.8,2.6,2.2,2.2,2.3,2.4
2012,3,504,0.8,-0.1987,0.7282,-1.0838,-1.1777,2.3107
2012,3,507,0.8,2.1232,3.0112,1.9548,2.1448,1.8982
2012,3,508,,,,,,
2012,3,510,0.8,5.1,3.6,1.8,3.1,0.1
2012,3,512,0.8,3.3,3.81,1.38,1.55,1.31
2012,3,518,0.8,1.5,1.5536,1.7348,1.5688,1.5806
2012,3,520,0.8,2.3,2.2,2.1,2.4,2.2
2012,3,523,0.8,1.5,2.0,2.5,2.8,3.1
2012,3,524,0.8,1.59,2.02,2.12,0.94,2.05
2012,3,526,0.8,2.4,2.0,2.5,1.1,3.2
2012,3,527,0.8,1.3,2.3,2.5,2.5,2.3
2012,3,532,-0.8354,2.3,2.0,2.0,2.0,
2012,3,533,0.8,0.8688,0.8688,0.8688,0.8688,0.8688
2012,3,535,0.8,2.0,3.2,2.8,3.1,3.3
2012,3,540,0.8,2.2,2.6,2.7,2.5,2.6
2012,3,542,0.8,2.0147,2.0046,2.2695,1.8268,3.5649
2012,3,546,0.8,1.0,2.0,2.0,2.2,2.2
2012,3,548,0.8,0.3588,1.3291,1.4105,0.9887,2.1782
2012,3,549,0.8,1.2,2.2,2.6,2.3,2.4
2012,3,553,0.8,0.8,2.0,2.1,2.0,2.2
2012,3,555,0.8,0.5,2.0,2.5,2.5,2.3
2012,3,556,0.8,0.6349,1.4369,2.4467,2.4143,2.3898
2012,3,557,1.9,1.5,1.7,1.6,1.9,2.0
2012,3,558,0.8,1.4739,0.261,-0.1736,0.0695,1.0118
2012,3,559,0.8,2.2,2.2,2.2,2.2,2.2
2012,3,560,,,,,,
2012,3,563,0.8,3.3,3.4,3.9,3.5,3.4
2012,3,568,0.8,1.6857,2.0324,2.0078,2.2301,2.357
2012,3,569,,,,,,
2012,3,571,0.8,1.3372,2.3517,1.9643,1.882,1.94
2012,3,572,0.8,1.3,1.8,2.0,1.9,2.1
2012,4,407,2.3,2.3,3.0,3.5,3.2,3.2
2012,4,411,2.3,3.0002,0.9002,0.9864,1.6484,1.6752
2012,4,426,2.3,2.2,2.4,2.6,2.9,3.0
2012,4,428,2.3,1.97,1.84,2.26,2.31,2.41
2012,4,433,2.3,3.06,2.27,2.39,1.83,1.93
2012,4,446,2.3,2.0,1.9,2.0,2.0,2.0
2012,4,463,2.3,3.7,2.1,2.7,2.6,2.6
2012,4,472,2.3,2.0782,2.3738,1.7581,1.7762,1.7287
2012,4,483,2.3,-0.8828,1.6,1.6,1.7,1.7
2012,4,484,2.3,2.2791,2.0905,2.4294,2.4147,2.2274
2012,4,504,2.3,-0.3272,-2.4191,-1.4599,2.2473,2.0127
2012,4,506,2.3,1.8,0.1,1.2,2.1,1.6
2012,4,507,2.3,2.4,1.8,2.1,2.3,2.2
2012,4,508,2.3,2.4,2.0,2.1,2.3,2.5
2012,4,510,2.3,1.9,4.5,1.2,1.0,4.9
2012,4,512,2.3,4.8,1.4,1.5,1.3,1.7
2012,4,518,2.3,1.3962,1.84,2.2073,2.6062,2.2168
2012,4,520,2.3,2.2,2.1,2.4,2.2,2.2
2012,4,524,2.3,1.76,2.11,2.21,1.77,2.7
2012,4,526,2.3,2.0722,2.4813,1.1491,3.1072,3.276
2012,4,527,2.3,3.5,2.5,2.5,2.0,1.8
2012,4,532,,,,,,
2012,4,535,2.3,2.5,2.5,2.9,2.9,3.1
2012,4,540,2.3,2.6,2.7,2.5,2.3,2.4
2012,4,542,2.3,3.1176,1.4199,1.5406,3.5181,2.8102
2012,4,546,2.3,2.0,2.0,2.2,2.2,2.3
2012,4,548,2.3,0.5467,1.0458,1.5349,2.0518,1.6945
2012,4,549,2.3,2.8,1.2,1.8,2.4,2.4
2012,4,553,2.3,2.0,2.2,2.3,2.1,2.2
2012,4,555,2.3,2.3,2.2,2.7,2.7,2.3
2012,4,556,2.3,3.5929,3.4341,2.8797,1.6512,1.6089
2012,4,557,1.7,1.8,1.8,2.1,2.2,2.3
2012,4,559,2.3,2.1,2.5,2.3,2.3,2.3
2012,4,560,,,,,,
2012,4,563,2.3,2.5,2.3,2.5,2.6,2.5
2012,4,568,2.3,2.6478,1.5186,2.1278,2.1583,2.1887
2012,4,569,,,,,,
2012,4,570,2.3,2.8,2.5,2.3,2.0,2.0
2012,4,571,2.3,3.4845,2.185,2.7626,1.4312,2.5491
2013,1,407,2.1,2.9996,3.4996,3.2005,3.1994,3.1997
2013,1,411,2.1,1.5,2.1994,1.7647,1.4001,1.4073
2013,1,420,2.1,2.3,2.0,2.6,2.5,2.0
2013,1,421,2.1,3.1,2.8,2.6,2.4,2.3
2013,1,422,2.1,2.0,2.0,2.0,2.0,2.0
2013,1,423,,,,,,
2013,1,426,2.1,2.4,2.6,2.8,2.7,2.6
2013,1,428,2.1,1.76,2.16,2.24,2.38,2.47
2013,1,433,2.1,1.1,2.1,2.3,2.2,2.1
2013,1,446,2.1,1.9,2.0,2.0,2.0,2.02
2013,1,456,2.1,0.8173,2.0827,2.0699,1.7597,1.8314
2013,1,463,2.1,1.4,2.6,1.8,2.3,2.5
2013,1,472,2.1,2.6,2.0,2.1,2.1,1.8
2013,1,484,2.1,2.4,2.3,1.9,2.0,2.2
2013,1,504,2.1,-2.5461,-3.063,2.2806,2.0649,-0.1501
2013,1,506,2.1,1.1131,0.9625,1.2215,1.859,1.9896
2013,1,507,2.1,1.6988,2.2297,1.8982,2.1336,2.2958
2013,1,510,2.1,2.9,2.1,1.2,5.0,2.4
2013,1,512,2.1,4.1,1.5,1.31,1.71,2.9
2013,1,518,2.1,0.6162,1.4714,1.8132,1.9153,1.98
2013,1,520,2.1,2.1,2.2,2.3,2.2,2.0
2013,1,524,2.1,1.9783,1.6266,2.4028,1.8197,1.8297
2013,1,526,2.1,2.5005,1.1491,3.1072,2.8544,1.702
2013,1,527,2.1,1.3,2.5,2.3,2.0,2.0
2013,1,528,2.1,0.9,2.3,1.7,1.6,1.4
2013,1,532,2.1,1.8,2.0,2.0,2.0,
2013,1,535,2.1,1.9,3.0,2.5,2.6,2.8
2013,1,540,2.1,2.6,2.5,2.3,2.4,2.4
2013,1,542,2.1,0.6369,1.8432,3.4946,2.5488,1.9787
2013,1,546,2.1,2.0,2.2,2.2,2.3,2.3
2013,1,548,2.1,1.4707,1.0969,1.2227,1.5553,1.9009
2013,1,549,2.1,1.2,2.3,2.6,2.5,2.6
2013,1,551,2.1,2.1,2.3,2.3,2.3,2.2
2013,1,553,2.1,2.3,1.6,1.8,1.8,1.9
2013,1,555,2.1,0.9,2.0,2.0,2.1,2.1
2013,1,556,2.1,1.3467,2.1724,1.6566,1.902,2.9196
2013,1,557,1.8894,1.7577,2.1451,2.1661,2.2306,2.3293
2013,1,559,2.1,1.8,1.9,1.925,2.1,2.2
2013,1,560,,,,,,
2013,1,563,2.1,2.1,2.5,2.4,2.5,2.8
2013,1,564,2.1,0.17,1.22,1.91,1.9,1.89
2013,1,568,2.1,0.8,2.1578,2.2288,2.3171,2.3767
2013,1,569,,,,,,
2013,1,570,2.1,1.8,1.8,1.9,2.0,2.1
2013,1,571,2.1,1.3,1.6,3.5,1.2,-1.5
2013,1,572,2.1,2.0,1.9,2.0,2.0,1.9
2013,2,407,1.4,2.0002,1.9989,2.2004,2.2004,2.6989
2013,2,411,1.4,0.2989,2.5986,1.3902,1.25,1.3307
2013,2,420,1.4,0.5,2.8,2.0,2.1,2.6
2013,2,421,1.4,1.9,2.3,2.6,2.6,3.0
2013,2,422,1.4,1.7,1.7,1.7,1.7,1.7
2013,2,426,1.4,1.8,2.4,2.4,2.5,2.6
2013,2,428,1.4,1.78,1.79,1.76,1.91,2.11
2013,2,433,1.4,1.5,1.6,2.1,2.4,2.4
2013,2,446,1.4,1.7,2.0,2.0,2.02,2.04
2013,2,463,1.4,0.8,2.2,2.2,2.3,2.3
2013,2,484,1.4,1.9,1.8,1.9,2.0,2.1
2013,2,504,1.4,-1.3919,-0.8195,1.0802,-0.5249,-1.373
2013,2,506,1.4,-0.4844,2.1936,1.636,1.8392,1.7785
2013,2,507,1.4,2.0797,1.6253,1.9659,2.2958,1.841
2013,2,508,1.4,2.7,1.9,2.5,2.0,2.1
2013,2,510,1.4,2.0,5.0,1.5,0.1,4.8
2013,2,512,1.4,1.6,1.7,1.2,1.2,1.4
2013,2,518,1.4,0.9512,1.5054,1.2993,1.8197,1.7878
2013,2,520,1.4,1.8,2.3,2.2,1.9,2.1
2013,2,524,1.4,1.53,1.66,1.54,2.0,2.4
2013,2,526,1.4,0.8232,3.5751,2.588,1.4357,0.8232
2013,2,527,1.4,1.3,2.0,1.8,2.0,2.3
2013,2,528,1.4,-0.3,2.8,2.2,1.7,1.6
2013,2,532,1.4,2.0,2.0,2.0,2.0,
2013,2,535,1.4,-0.1,2.4,2.6,2.8,2.8
2013,2,540,1.4,1.9,2.3,2.4,2.4,2.4
2013,2,542,1.4,-0.4113,3.1416,2.73,1.9336,2.0342
2013,2,546,1.4,0.2,1.7,2.0,2.0,2.2
2013,2,548,1.4,-0.5,2.1,1.6,1.8,1.8
2013,2,549,1.4,0.3,2.4,2.5,2.4,2.2
2013,2,551,1.4,2.2,2.3,2.3,2.3,2.3
2013,2,553,1.4,1.8,2.1,2.1,2.0,2.1
2013,2,555,1.4,1.8,1.9,1.9,2.2,2.2
2013,2,556,1.4,0.9539,1.6473,2.0076,2.9931,2.1313
2013,2,557,1.8,2.2,2.2,2.3,2.4,2.3
2013,2,559,1.4,1.9,1.925,2.0,2.1,2.1
2013,2,563,1.4,1.9,2.0,2.3,2.5,2.5
2013,2,568,1.4,1.0,1.9156,2.0685,2.3757,2.4372
2013,2,569,,,,,,
2013,2,570,1.4,1.3,1.95,2.0,2.15,2.3
2013,2,571,1.4,-0.1,3.4,2.2,1.9,1.5
2013,2,574,1.4,2.4,2.0,2.0,2.5,2.5
2013,3,411,0.0,3.1262,1.2319,1.2247,1.305,1.484
2013,3,420,0.0,2.0,1.6,1.9,2.4,2.3
2013,3,421,0.0,1.5,2.1,2.3,2.8,2.7
2013,3,422,0.0,3.5,1.6,2.0,2.0,2.0
2013,3,424,0.0,2.913,1.8982,0.9672,0.7496,2.8484
2013,3,426,0.0,1.8552,1.8087,1.9749,2.1498,2.2498
2013,3,428,0.0,0.58,0.45,0.48,0.48,0.52
2013,3,433,0.0,2.3,2.2,2.3,2.2,2.3
2013,3,446,0.0,1.0,1.7,1.751,1.8035,1.8576
2013,3,456,0.0,3.0,1.7,1.7,1.8,1.8
2013,3,463,0.0,3.0867,2.2438,2.1673,2.2264,2.3447
2013,3,484,0.0,2.0,2.1,2.2,2.3,
2013,3,504,,,,,,
2013,3,506,0.0,,,,,
2013,3,507,0.0,2.5531,1.739,2.2958,1.841,2.2417
2013,3,510,,,,,,
2013,3,512,0.0,3.3,1.2,1.2,1.4,1.6
2013,3,518,0.0,1.5719,1.2144,1.6924,1.7378,1.448
2013,3,520,0.0,1.5,1.7,1.9,2.1,2.2
2013,3,524,0.0,1.87,1.67,1.8,2.11,1.82
2013,3,528,0.0,3.5,1.4,1.2,1.4,1.5
2013,3,532,0.0,1.5,1.5,1.5,1.5,
2013,3,540,0.0,2.3,2.2,2.3,2.4,2.5
2013,3,542,0.0,4.1939,2.5452,1.4504,1.5141,2.95
2013,3,546,0.0,3.5,1.8,1.8,2.0,2.0
2013,3,548,0.0,1.577,1.2087,1.704,1.7638,1.4866
2013,3,549,0.0,3.2,2.1,2.4,1.9,2.7
2013,3,551,0.0,2.0269,2.4879,2.5669,2.8107,2.8154
2013,3,553,0.0,1.6,1.5,1.7,2.0,2.1
2013,3,555,0.0,2.7,1.9,2.2,2.2,2.2
2013,3,556,0.0,2.9371,2.3763,2.9339,2.0801,1.7784
2013,3,557,0.0,0.74,0.75,0.6,0.38,0.5
2013,3,560,0.0,,,,,
2013,3,563,0.0,0.8,1.6,1.5,1.6,1.9
2013,3,570,0.0,1.2,1.8,1.7,1.7,2.1
2013,3,571,0.0,3.3,2.0,1.5,1.3,2.2
2013,3,572,0.0,2.3,1.4,1.3,1.3,1.4
2013,3,574,0.0,2.0,2.0,2.5,2.5,2.6
2013,3,575,0.0,0.5,1.3,1.7,2.0,2.0
2013,3,576,0.0,-0.5887,2.2224,2.0016,2.3658,2.7205
2013,3,577,0.0,0.9,1.3,1.6,1.7,1.8
2013,4,407,2.6,1.9994,1.9999,2.2,2.7014,2.4989
2013,4,420,2.6,1.6,1.8,2.1,2.0,2.2
2013,4,421,2.6,0.6,1.5,2.1,2.3,2.8
2013,4,422,2.6,1.7,1.7,1.9,2.0,2.0
2013,4,426,2.6,1.6924,1.694,1.9214,2.0744,2.1999
2013,4,428,2.6,1.07,1.93,2.1,2.09,1.97
2013,4,429,2.6,1.376,1.315,1.346,1.51,1.63
2013,4,433,2.6285,0.8693,2.9239,2.0428,2.0698,2.0258
2013,4,446,2.6,1.8,1.8504,1.9022,1.9555,2.0102
2013,4,463,2.6,1.5,1.8,1.9,2.0,2.2
2013,4,504,2.6,0.1589,-2.1987,-2.3989,0.5933,1.622
2013,4,506,2.6286,0.3961,1.3635,1.9906,1.6821,1.5851
2013,4,507,2.6,0.3931,1.4058,1.841,2.0017,1.9923
2013,4,508,,,,,,
2013,4,510,2.6,3.5,0.0,4.9,2.0,0.0
2013,4,512,2.6,1.9,1.2,1.4,1.6,1.8
2013,4,518,2.6,1.2564,1.4366,1.5333,1.3601,1.2255
2013,4,520,2.6,1.7,1.9,2.1,2.2,2.2
2013,4,524,2.6,1.92,1.8,1.67,2.56,2.14
2013,4,526,2.6,2.8,2.2,0.0,3.4,3.2
2013,4,527,2.6,1.8,1.8,2.0,2.0,2.0
2013,4,532,1.7,1.5,1.7,1.7,1.7,
2013,4,535,2.6,1.1,2.3,2.3,2.4,2.5
2013,4,540,2.6,1.8,2.1,2.1,2.3,2.5
2013,4,542,2.6,1.2634,1.4899,1.7925,3.1416,2.5521
2013,4,546,2.6,1.2,1.8,2.0,2.0,2.0
2013,4,548,2.6,1.2224,1.5101,1.614,1.4723,1.3643
2013,4,549,2.6,1.1,2.0,2.2,2.7,2.4
2013,4,553,2.6,1.7,1.8,2.1,1.9,2.0
2013,4,555,2.6,1.8,2.0,1.9,1.9,2.0
2013,4,557,2.6,2.9,2.4,1.5,2.0,2.4
2013,4,559,2.6,2.0,2.1,2.1,2.2,2.2
2013,4,563,2.6,2.7,2.2,2.6,2.7,2.6
2013,4,568,2.6,1.5045,2.4148,2.219,2.4271,2.5284
2013,4,569,,,,,,
2013,4,570,2.6,2.4,1.0,1.2,1.84,1.76
2013,4,571,2.6,1.1,0.8,1.5,2.3,2.5
2013,4,572,2.6,1.6,1.5,1.5,1.6,1.7
2013,4,574,2.6,2.5,2.2,2.6,2.5,2.5
2013,4,576,2.6,2.5791,2.5767,2.5585,2.5228,2.4913
2013,4,577,2.6,2.5,2.4,2.4,2.3,2.2
2013,4,579,2.6,1.2,2.1,2.0,1.8,1.8
2014,1,407,0.9,1.5001,1.7012,1.9999,1.9985,2.1011
2014,1,411,0.9,1.8,1.5,2.207,1.4437,1.4677
2014,1,420,0.9,1.2,1.4,1.3,1.2,1.4
2014,1,421,0.9,2.1,2.3,2.8,2.7,3.1
2014,1,422,0.9,1.5,1.5,1.5,1.5,1.5
2014,1,424,0.9,1.1297,1.14,2.8726,2.3942,
2014,1,426,0.9,1.8896,2.3,2.4,2.0,2.6
2014,1,428,0.9,1.8933,2.2589,2.4217,2.381,2.381
2014,1,429,0.9,1.299,1.251,1.423,1.594,1.726
2014,1,433,0.8508,1.6026,1.7996,2.0196,2.0327,2.023
2014,1,446,0.9,1.6,1.6448,1.6909,1.7382,1.7869
2014,1,463,0.9,2.3,1.6,1.9,2.1,2.2
2014,1,484,0.9,2.0,2.1,2.1,2.2,2.2
2014,1,504,0.9,0.4154,-2.0295,0.6317,-0.6275,-0.1474
2014,1,506,0.8509,0.8672,0.7973,2.7006,1.7347,1.6708
2014,1,507,0.9,1.3641,1.6661,1.9691,1.9271,1.5651
2014,1,508,0.9,1.8,1.6,1.7,2.0,1.8
2014,1,510,0.9,2.6,4.9,1.3,1.2,1.7
2014,1,512,0.9,2.3,1.4,1.6,1.2,1.0
2014,1,520,0.9,1.9,2.1,2.2,2.2,2.0
2014,1,524,0.9,1.85,1.7,1.83,2.4,2.39
2014,1,527,0.9,2.0,1.5,1.8,1.8,2.0
2014,1,532,1.5,1.7,1.7,1.7,1.7,
2014,1,535,0.9,1.8,1.7,2.0,2.1,2.2
2014,1,542,0.9,1.0872,1.5207,2.8943,2.3242,1.5819
2014,1,546,0.9,1.6,1.8,1.8,1.9,2.0
2014,1,548,0.9,1.2837,0.8197,2.715,1.7407,1.6617
2014,1,549,0.9,1.7,1.8,2.7,2.3,2.6
2014,1,553,0.9,1.4,1.9,2.0,2.0,2.1
2014,1,555,0.9,2.3,1.9,1.9,2.0,2.1
2014,1,556,0.9,2.9339,2.0801,1.7784,1.7212,
2014,1,557,0.9,3.978,1.1651,4.2666,0.9635,2.2589
2014,1,559,0.9,2.0,2.1,2.1,2.2,2.2
2014,1,563,0.9,1.4,2.2,2.1,2.3,2.7
2014,1,568,0.9,2.1646,2.2863,2.4626,2.8094,2.9601
2014,1,569,,,,,,
2014,1,570,0.9,1.3663,1.5624,1.3388,1.423,1.4439
2014,1,571,0.9,1.3,0.9,2.4,2.4,2.4
2014,1,572,0.8,1.5,1.5,1.6,1.7,1.7
2014,1,574,0.9,1.4,1.6,1.8,2.0,2.2
2014,1,575,0.9,2.0,2.1,2.1,2.2,2.3
2014,1,576,0.8,3.2,0.4,1.8,0.8,3.6
2014,1,577,0.9,0.7,1.2,1.5,1.7,1.6
2014,1,578,0.9,2.8701,1.431,1.562,1.6595,1.8231
2014,1,579,0.9,1.5,1.7,1.8,1.8,1.8
2014,2,407,1.9,1.7009,1.9995,1.9999,2.1007,2.0999
2014,2,420,1.9,2.4,2.0,1.4,1.3,1.2
2014,2,421,1.9,1.5,2.0,2.3,2.4,2.5
2014,2,422,1.9,1.8,1.8,2.1,2.1,2.1
2014,2,426,1.9,2.3,2.2,2.0,2.3,2.6
2014,2,428,1.9,1.89,1.81,2.02,2.02,1.97
2014,2,429,1.9,1.983,1.292,1.74,1.819,1.814
2014,2,433,1.9116,1.8206,1.9466,1.9768,2.1057,2.0818
2014,2,446,,,,,,
2014,2,463,1.9,2.2,1.4,1.8,2.1,2.2
2014,2,484,1.9,2.1,2.1,2.2,2.2,2.3
2014,2,504,1.9,-0.8413,-0.3269,-0.6472,-0.2,-0.4518
2014,2,506,1.9,2.7711,2.2996,1.791,1.32,0.7761
2014,2,508,1.9,1.8,1.8,1.9,2.0,2.0
2014,2,510,1.9,1.8,2.0,2.3,2.4,2.0
2014,2,512,1.9,1.7,1.6,1.2,0.9,2.3
2014,2,518,1.9,2.7735,2.1308,1.8401,1.74,1.8399
2014,2,520,1.9,1.8,1.7,1.9,2.0,1.8
2014,2,524,1.9,1.85,2.0,2.32,2.4,2.39
2014,2,526,1.9,1.2,3.0,1.5,2.3,1.5
2014,2,532,1.7,1.7,1.7,1.7,1.8,
2014,2,533,1.9,2.3,1.5,1.5,1.8,1.8
2014,2,535,1.9,2.4,2.0,2.1,2.2,2.3
2014,2,542,1.9,2.6998,2.4419,2.324,1.3241,2.2138
2014,2,546,1.9,2.0,1.8,1.9,2.0,2.0
2014,2,548,1.9,2.7697,2.276,1.7433,1.2431,0.6676
2014,2,549,1.9,2.1,1.8,2.0,2.2,2.3
2014,2,553,1.9,1.8,1.7,1.8,2.0,1.9
2014,2,555,1.9,2.5,2.2,2.0,2.1,2.1
2014,2,556,1.9,1.8674,1.8382,1.6596,2.4777,2.7744
2014,2,557,1.9,1.6,1.9,2.2,2.2,2.3
2014,2,559,1.9,1.7,1.8,1.9,2.0,2.1
2014,2,563,1.9,2.1,1.9,2.3,2.5,2.5
2014,2,568,1.9,1.9306,2.1466,2.2369,2.1707,2.3822
2014,2,569,,,,,,
2014,2,570,1.9,1.2,1.1,1.5,1.6,1.6
2014,2,572,1.9,1.6,2.0,1.7,1.7,1.7
2014,2,574,1.9,2.0739,2.1204,2.1021,2.0988,2.225
2014,2,576,1.9,1.5,2.5,1.1,2.3,1.8
2014,2,577,1.9,1.8,1.4,1.6,2.0,1.8
2014,2,578,1.9,2.0,2.1,2.2,2.0,2.0
2014,2,579,1.9,3.5,1.3,0.8,1.2,1.5
2014,3,411,3.0,2.5004,1.8002,0.7951,1.5508,1.7522
2014,3,420,3.0,2.1,1.8,1.4,1.3,1.2
2014,3,421,3.0,2.3,2.8,2.7,3.1,2.8
2014,3,422,3.0,2.5,2.2,2.2,2.2,2.2
2014,3,426,3.0,2.4,2.5,2.7,2.6,2.6
2014,3,428,3.0,1.94,2.18,2.24,2.16,2.2
2014,3,433,3.0,1.4,1.9,2.1,2.1,2.1
2014,3,446,3.0,1.6,1.9,1.9532,2.0079,2.0641
2014,3,463,3.0,1.6,1.7,2.3,2.4,2.4
2014,3,484,3.0,2.1,2.2,2.2,2.3,2.3
2014,3,504,3.0,-0.6132,0.9754,-1.2171,-1.0438,0.9696
2014,3,506,3.031,1.9487,1.3623,1.7468,1.1491,1.4603
2014,3,507,3.0,1.8565,2.1981,1.5651,1.7605,1.6158
2014,3,508,,,,,,
2014,3,510,3.0,4.0,1.0,3.0,2.5,2.0
2014,3,512,3.0,2.2,2.0,2.0,2.1,1.6
2014,3,518,3.0,2.33,2.34,2.174,2.13,2.13
2014,3,520,3.0,1.7,1.9,2.0,1.8,1.9
2014,3,524,3.0,2.87,2.85,2.43,2.79,2.33
2014,3,526,3.0,1.1331,1.5341,2.3122,3.301,1.3973
2014,3,527,3.0,2.5,2.0,2.0,2.3,2.0
2014,3,532,1.7,1.8,2.1,2.0,2.1,
2014,3,535,3.0,1.6,2.1,2.5,2.6,2.8
2014,3,542,3.0,2.2047,2.2893,1.5466,2.2224,2.7766
2014,3,546,3.0,2.4,1.9,2.0,2.0,2.1
2014,3,548,3.0,2.276,1.7433,1.2431,0.6676,1.3074
2014,3,549,3.0,2.3,1.9,2.1,2.3,2.5
2014,3,553,3.0,2.0,2.1,2.2,2.2,2.1
2014,3,555,3.0,2.6,2.2,2.1,2.1,2.5
2014,3,556,3.0,2.5712,2.0361,3.2267,2.4474,2.0414
2014,3,557,3.0,2.16,1.26,2.25,3.33,1.93
2014,3,559,3.0,2.5,2.3,2.3,2.3,2.3
2014,3,563,3.0,2.6,2.8,3.0,3.1,3.2
2014,3,568,3.0,2.6543,2.4724,2.4557,2.4995,2.5123
2014,3,569,,,,,,
2014,3,570,3.0,2.15,1.9,1.9,1.8,1.7
2014,3,572,3.0,2.2,2.0,1.8,1.8,1.9
2014,3,574,3.0,2.6153,2.4262,2.4923,2.5957,2.5931
2014,3,575,3.0,2.2,2.4,2.8,2.8,2.6
2014,3,577,3.0,2.6,2.4,2.3,1.9,2.2
2014,3,578,3.0,1.6876,2.4348,1.9397,2.0037,1.9059
2014,3,579,3.0,1.7,1.6,2.1,2.0,2.0
2014,3,580,3.0,2.7,0.7,1.5,1.8,1.5
2014,4,411,1.1,0.1,0.8,2.0,2.0,2.0
2014,4,421,1.1,1.1,1.8,2.4,2.8,2.9
2014,4,422,1.1,-0.3,0.7,1.2,1.2,1.2
2014,4,423,1.1,1.08,1.51,1.5,1.49,1.48
2014,4,426,1.1,2.2,2.3,2.2,2.6,2.5
2014,4,428,1.83,1.96,2.09,1.9,2.13,2.25
2014,4,429,1.1,0.082,1.215,1.635,1.683,1.705
2014,4,433,1.0959,1.63,2.6983,2.6068,2.4291,2.1806
2014,4,446,1.1,1.7,1.7476,1.7965,1.8468,1.8985
2014,4,484,1.1,1.9,2.0,2.1,2.2,2.3
2014,4,504,1.1,-1.9481,-0.4853,-0.2124,0.9498,1.5211
2014,4,506,1.0958,-0.2843,0.2566,1.6596,1.9628,1.2075
2014,4,507,1.1,0.0266,1.9319,1.8427,1.5183,2.0533
2014,4,510,1.1,1.0,1.6,1.8,1.9,1.6
2014,4,512,1.1,1.0,2.9,1.9,2.1,1.1
2014,4,518,1.1,0.8999,1.4799,1.6802,1.98,2.0999
2014,4,520,1.1,1.2,2.0,1.8,1.9,2.0
2014,4,524,1.1,1.7,2.36,2.38,2.7,2.43
2014,4,526,1.1,1.1739,2.7144,3.301,1.3598,1.4383
2014,4,527,1.1,0.8,2.5,2.8,2.0,1.8
2014,4,533,1.1,0.0,2.0,1.5,1.5,1.5
2014,4,535,1.1,-0.1,2.0,2.6,2.8,2.9
2014,4,542,1.1,-0.3009,0.8686,2.4514,2.6516,2.4717
2014,4,546,1.1,0.2,1.8,2.0,2.0,2.2
2014,4,548,1.1,2.08,0.88,0.7,1.62,0.7
2014,4,549,1.1,0.0,1.4,2.5,2.5,2.2
2014,4,553,1.1,1.6,1.8,1.9,1.9,1.8
2014,4,555,1.1,1.4,2.1,2.1,2.5,2.2
2014,4,556,1.1,0.6287,2.398,2.3897,1.9671,2.2261
2014,4,557,1.1,1.26,2.25,3.33,1.93,2.0
2014,4,559,1.1,1.55,1.7558,1.8975,2.015,2.1063
2014,4,560,,,,,,
2014,4,563,1.1,2.2,2.8,2.6,2.8,2.9
2014,4,568,1.1,1.7668,2.1736,2.1841,2.2427,2.148
2014,4,569,,,,,,
2014,4,570,1.1,1.1,2.0,1.9,1.8,1.9
2014,4,572,1.1,0.9,0.5,1.7,1.9,1.9
2014,4,574,1.1,1.5,1.6,1.7,1.8,1.9
2014,4,575,1.1,0.9,1.0,1.4,1.2,1.2
2014,4,577,1.1,1.5,1.6,2.7,1.4,1.9
2014,4,578,1.1,-0.6182,1.328,1.832,1.8765,2.0271
2014,4,579,1.1,-0.5,1.1,2.1,2.1,2.1
2015,1,411,-1.2,-2.0,2.5,2.1,1.9,2.1
2015,1,421,-1.2,0.5,1.1,1.8,2.4,2.8
2015,1,422,-1.2,-2.8,1.2,2.2,1.2,1.6
2015,1,423,-1.2,-1.14,0.22,0.22,0.22,0.21
2015,1,426,-1.2,-1.9,2.4,2.9,3.3,3.0
2015,1,428,-0.57,0.12,2.23,2.14,2.35,2.44
2015,1,429,-1.2,-2.511,1.321,1.829,1.964,1.919
2015,1,433,-1.1992,-2.0479,1.5608,2.0758,2.2327,2.2831
2015,1,456,-1.2,-3.1,1.9,1.9,2.1,2.1
2015,1,504,-1.2,-6.5255,0.2875,1.1097,1.9558,0.7439
2015,1,506,-1.2,-4.87,-0.17,2.49,2.61,2.62
2015,1,507,-1.2,-1.3846,2.3728,1.5183,1.8993,1.7401
2015,1,508,-1.2,2.556,3.0511,3.6755,-2.0712,1.3338
2015,1,510,-1.2,1.0,1.7,1.8,2.1,1.5
2015,1,512,-1.2,-0.6,0.9,1.9,3.3,1.3
2015,1,518,-1.2,-1.1999,1.8,2.35,1.8,2.4606
2015,1,520,,,,,,
2015,1,524,-1.2,0.903,1.2567,1.5673,1.8881,2.0096
2015,1,527,-1.2,-3.0,2.0,2.5,2.8,2.5
2015,1,542,-1.1991,-4.0691,2.4449,2.5619,2.1924,2.1765
2015,1,546,-1.2,-1.9,1.4,1.6,1.7,1.8
2015,1,548,-1.2,0.25,1.62,1.9,1.13,1.15
2015,1,549,-1.2,-4.0,1.5,2.6,2.3,2.4
2015,1,553,-1.2,0.5,1.0,1.8,2.2,2.4
2015,1,555,-1.2,-1.9486,1.9642,2.3859,2.3038,2.3994
2015,1,556,-1.2,-1.9567,1.3597,2.5164,3.4469,3.5913
2015,1,557,-1.2,-0.9,1.93,2.38,1.95,1.68
2015,1,559,-1.0,-1.5,1.5,2.0,2.5,2.4
2015,1,563,-1.2,1.1,1.7,1.3,1.8,2.2
2015,1,568,-1.2,-0.4866,2.8056,2.5737,2.5046,2.2524
2015,1,569,,,,,,
2015,1,570,-1.2,-0.0908,0.8905,0.8909,1.8977,2.5363
2015,1,572,-1.2,-3.5,1.7,1.9,1.9,1.9
2015,1,574,-1.2,1.2098,1.7,1.8,1.9,2.0
2015,1,575,-1.2,0.0,0.5,0.9,1.3,1.7
2015,1,577,-1.2,0.76,1.3,1.5,1.57,1.7
2015,1,578,-1.2,-3.4,2.3,2.1,1.9,1.9
2015,1,579,-1.2,-4.3,1.8,2.3,2.1,2.1
2015,1,580,-1.2,-0.5,-0.4,-0.2,0.3016,1.9
2015,2,411,-3.1,2.1,3.4,2.2,2.1,2.1
2015,2,422,-3.1,2.5,1.5,1.6,1.7,1.7
2015,2,424,-3.1,2.3,1.6,1.8,1.4,1.7
2015,2,426,-3.1,-0.104,0.317,1.3517,2.8995,2.9497
2015,2,428,-3.1,2.98,2.07,3.38,2.38,2.51
2015,2,429,-3.1,2.036,2.182,1.916,1.985,2.06
2015,2,433,-3.0587,3.1175,2.4393,2.5136,2.1804,2.1918
2015,2,456,-3.1,1.9,2.5,2.0,2.0,2.0
2015,2,463,-3.1,1.9424,2.7087,2.5447,2.1094,2.0314
2015,2,484,-3.1,1.8,2.0,2.1,1.9,2.1
2015,2,504,-3.1,-0.8285,1.589,2.2357,-0.1885,4.0049
2015,2,506,-3.1,1.038,1.5016,1.1693,1.6348,2.9309
2015,2,507,-3.1,2.5048,1.7091,1.6551,1.7401,1.6726
2015,2,510,-3.1,1.5,1.7,1.6,1.0,1.2
2015,2,512,-3.1,0.9,1.9,3.3,1.3,1.4
2015,2,518,-3.1,-0.779,-0.6305,0.309,1.4704,2.2866
2015,2,520,-3.1,0.5,1.6,1.9,2.0,1.8
2015,2,523,-3.1,-0.97,0.52,1.56,2.29,2.8
2015,2,527,-3.1,2.3,2.5,2.3,2.0,2.0
2015,2,532,-3.1,1.6,1.8,1.8,2.0,
2015,2,533,-3.1,2.6,2.2,2.0,2.0,2.0
2015,2,535,-3.1,2.9,3.2,2.9,3.0,3.1
2015,2,542,-3.1,2.0421,2.5176,2.0025,1.5027,2.0646
2015,2,546,-3.1,3.2,1.8,1.9,1.9,2.0
2015,2,548,-3.1,1.19,1.5,1.17,1.63,2.9
2015,2,549,-3.1,2.5,2.4,1.9,1.9,1.8
2015,2,555,-3.1,2.8,2.2,2.2,2.1,2.2
2015,2,556,-3.1,1.1851,2.6169,3.4958,3.5888,2.3529
2015,2,557,-3.1,3.57,3.1,2.23,0.95,1.22
2015,2,559,-3.1,1.5,2.0,2.5,2.4,2.4
2015,2,560,,,,,,
2015,2,563,-3.1,-1.3,-0.6,-0.5,-0.2,0.2
2015,2,568,-3.1,1.8538,2.7683,2.805,2.732,2.3894
2015,2,569,,,,,,
2015,2,570,-3.1,1.0132,1.8803,1.3155,2.2,2.2
2015,2,572,-3.1,1.7,1.9,1.9,1.9,1.9
2015,2,574,-3.1,1.7,1.8,1.9,2.0,2.1
2015,2,575,-3.1,0.4,0.7,0.7,0.9,0.9
2015,2,576,-3.1,2.1,2.1,2.0,2.0,2.0
2015,2,577,-3.1,0.61,2.5,1.6,1.9,2.1
2015,2,578,-3.1,1.9,1.4,1.7,1.8,1.9
2015,2,579,-3.1,2.6,3.1,2.1,2.1,2.1
2015,2,580,-3.1,2.3,1.6,1.1,1.4,2.9
2015,2,581,-3.1,2.5845,3.3116,1.4308,1.4902,2.496
2015,3,411,3.0,2.4,0.7,1.3,2.2,2.2
2015,3,421,3.0,1.6,2.0,2.3,2.8,3.0
2015,3,422,3.0,0.9,0.9,1.3,1.4,1.4
2015,3,424,3.0,2.2,1.6,0.9,1.2,1.7
2015,3,426,3.0,2.4491,2.4759,2.4911,3.112,2.472
2015,3,428,3.0,0.3,1.37,2.43,2.32,2.64
2015,3,433,3.0,0.8,2.0,2.0,2.0,2.0
2015,3,456,3.0,2.0573,1.3514,2.1053,2.1827,2.2506
2015,3,463,3.0,1.6541,1.3386,2.0808,2.1309,2.2261
2015,3,484,3.0,2.2,2.3,2.1,2.3,2.4
2015,3,504,3.0,-1.6729,2.7913,0.2177,0.2706,2.3946
2015,3,506,3.0,1.2216,1.7656,1.0589,2.0748,2.5062
2015,3,508,3.0,2.6717,1.8828,1.7471,2.2225,0.9713
2015,3,510,3.0,3.5,5.1,-0.8,2.5,-0.03
2015,3,512,3.0,1.9,3.3,1.3,1.4,1.2
2015,3,518,3.0,0.1045,0.8431,1.9284,1.7297,2.0195
2015,3,520,3.0,1.7,1.9,2.0,1.8,1.9
2015,3,527,3.0,2.0,1.8,2.3,2.8,2.3
2015,3,528,3.0,2.0,0.3,1.0,4.0,2.3
2015,3,533,3.0,3.1,2.2,2.0,2.0,2.0
2015,3,535,3.0,2.2,1.9,3.0,3.1,3.2
2015,3,542,3.0,2.0653,0.8109,1.249,2.4139,2.4434
2015,3,546,3.0,2.3,1.9,1.9,2.0,2.0
2015,3,548,3.0,1.51,1.17,1.64,2.93,2.8
2015,3,549,3.0,2.2,1.3,1.9,1.7,1.9
2015,3,553,3.0,2.9,2.5,2.2,2.3,2.4
2015,3,555,3.0,2.9,2.1,2.1,2.2,2.3
2015,3,557,3.0,3.3848,2.3732,0.9722,0.8518,1.8765
2015,3,559,3.0,1.5,2.3,2.2,2.3,2.3
2015,3,560,,,,,,
2015,3,563,3.0,1.8,0.7,1.9,2.1,1.9
2015,3,568,3.0,2.1576,2.4177,2.1531,2.2885,2.3178
2015,3,569,,,,,,
2015,3,570,3.0,2.2524,0.9051,2.8096,2.8563,1.9061
2015,3,572,3.0,2.0,2.0,2.0,2.0,2.0
2015,3,574,3.0,1.8,1.9,2.0,2.1,2.2
2015,3,575,3.0,0.1,0.9,1.8,1.5,1.6
2015,3,576,3.0,1.6573,1.7986,1.4905,1.282,1.8918
2015,3,577,3.0,3.2,1.7,2.4,2.4,2.4
2015,3,578,3.0,0.2663,1.6168,2.546,1.8277,1.9942
2015,3,579,3.0,2.1,0.9,2.3,2.3,2.3
2015,3,581,3.0,1.7121,0.6825,2.4976,1.8494,2.4209
2015,4,411,1.6,0.2,1.2,2.6,2.2,2.2
2015,4,421,1.6,0.7833,2.0,2.1,2.3,2.7
2015,4,422,1.6,1.2,1.2,1.3,1.4,1.4
2015,4,424,1.6,0.9,1.0,1.3,1.8,2.2
2015,4,426,1.6,2.3,2.4,2.6,2.5,2.9
2015,4,428,1.6,1.45,2.13,2.34,2.4,2.76
2015,4,429,1.6,-0.142,1.697,2.071,2.154,2.202
2015,4,433,1.5833,0.2,1.85,2.36,1.44,1.77
2015,4,456,1.6,0.9184,1.914,2.2184,2.3475,2.4327
2015,4,463,,,,,,
2015,4,472,1.6,1.0,1.5,1.8,2.0,1.9
2015,4,484,1.6,2.3,2.1,2.3,2.4,2.3
2015,4,504,1.6,-1.7096,0.4311,0.7654,2.9528,5.7728
2015,4,506,1.6,-0.9475,0.2867,2.2657,3.9142,3.0448
2015,4,507,1.6,-0.3474,1.6467,1.4731,1.8472,1.429
2015,4,508,1.6,-0.2,1.7,2.0,2.0,1.9
2015,4,510,1.6,1.9,1.7,0.8,2.5,3.3
2015,4,518,1.6,-0.6984,1.8043,2.3989,2.4892,2.3639
2015,4,520,1.6,1.7,2.0,1.8,1.9,2.0
2015,4,523,,,,,,
2015,4,524,1.6,2.2395,1.6387,2.2991,2.028,1.8525
2015,4,528,1.6,0.6,1.1,3.2,2.1,1.2
2015,4,532,1.6,3.0,1.8,1.8,1.9,
2015,4,533,1.6,1.3,1.4,1.4,1.4,1.4
2015,4,535,1.6,0.7,2.4,2.8,2.9,3.1
2015,4,540,1.6,0.7,2.0,2.2,2.4,2.5
2015,4,542,1.6,0.6867,0.895,2.1749,1.8847,1.8103
2015,4,546,1.6,1.9,1.9,2.0,2.0,2.1
2015,4,548,1.6,-0.95,0.27,2.24,3.88,3.01
2015,4,549,1.6,0.6,1.5,2.0,2.0,2.0
2015,4,553,1.6,0.5,1.8,1.9,1.8,2.1
2015,4,555,1.6,0.6,1.8,2.2,2.4,2.2
2015,4,556,1.6,0.872,3.2413,2.21,1.8802,1.9665
2015,4,557,1.6,2.12,2.13,1.03,1.22,2.13
2015,4,559,1.6,2.3,1.9,1.9,2.0,2.0
2015,4,563,1.6,1.2,2.4,2.3,2.2,2.5
2015,4,568,1.6,1.4371,2.3342,2.4349,2.1389,2.1706
2015,4,569,,,,,,
2015,4,570,1.6,0.2294,2.1478,2.0,2.1713,2.3722
2015,4,572,1.6,1.8,2.0,2.0,2.0,2.1
2015,4,574,1.6,1.7,1.8,1.9,2.0,2.1
2015,4,575,1.6,1.7,2.0,2.3,2.3,2.1
2015,4,576,1.6,1.7944,1.4952,1.2636,1.9094,1.0256
2015,4,578,1.6,0.3,2.8,2.4,2.0,2.5
2015,4,579,1.6,0.8,2.1,2.3,2.3,2.2
2016,1,421,0.2,-0.3,1.9,2.4,2.7,2.855
2016,1,422,0.2,0.3,1.1,2.3,1.4,1.2
2016,1,424,0.2,0.4794,1.0592,1.1967,1.7256,2.0744
2016,1,426,0.2,1.9,2.6,2.5,2.9,2.4
2016,1,433,0.2267,-0.6627,2.0539,1.8879,2.4274,2.1764
2016,1,456,0.2,-0.4,1.9,2.4,2.6,2.6
2016,1,472,0.2,-1.12,0.71,1.86,1.86,1.78
2016,1,484,0.2,2.1,2.3,2.4,2.3,2.3
2016,1,504,0.2,-3.4804,1.8976,3.3167,4.2886,1.8393
2016,1,506,0.2267,-1.7763,0.8098,2.3615,3.7005,1.1226
2016,1,507,0.2,0.4552,1.2436,1.485,1.429,1.7385
2016,1,508,0.2,1.1,1.5,1.6,1.7,1.8
2016,1,510,0.2,0.4,1.3,1.6,2.1,1.9
2016,1,512,0.2,-2.1,0.6,0.98,0.5,0.2
2016,1,518,0.2,1.3783,1.2354,1.4901,2.2637,2.3666
2016,1,520,0.2,1.4,1.3,1.9,2.0,1.9
2016,1,524,0.2,1.6668,1.5902,2.1152,2.1341,2.3846
2016,1,527,0.2,0.3,2.5,2.3,2.0,2.0
2016,1,528,0.2,1.444,3.175,2.2205,0.8245,2.5946
2016,1,532,0.2,0.5,1.8,1.9,1.9,
2016,1,533,0.2,1.0,1.4,1.4,1.4,1.5
2016,1,535,0.2,-0.5,2.3,2.8,3.0,3.1
2016,1,542,0.2,-1.1768,2.2226,2.3518,1.7075,1.6095
2016,1,546,0.2,0.2,1.8,2.1,2.1,2.2
2016,1,548,0.2,0.27,2.24,3.88,3.01,1.51
2016,1,549,0.2,-0.1,1.4,2.0,2.1,2.0
2016,1,553,0.2,0.9,1.0,1.2,1.8,2.2
2016,1,555,0.2,-0.2,2.3,2.6,2.5,2.2
2016,1,556,0.2,-0.2214,0.976,2.1291,2.2537,2.8708
2016,1,557,0.2,-0.36,2.96,2.67,1.66,1.96
2016,1,563,0.2,1.4,1.6,1.6,1.8,1.9
2016,1,568,0.2,1.8279,2.4244,2.4519,2.5224,2.398
2016,1,569,,,,,,
2016,1,570,0.2,0.9492,1.1505,1.7138,2.0254,2.6
2016,1,572,0.2,0.9,2.0,2.0,2.1,2.2
2016,1,574,0.2,0.4323,1.3051,1.6051,1.8051,1.9051
2016,1,576,0.2,1.6807,0.8368,0.8351,1.6667,0.6639
2016,1,577,0.2,1.9468,2.3189,2.2,2.3092,2.4
2016,1,578,0.2,-0.7,2.2,2.4,2.0,2.2
2016,1,579,0.2,-1.5,0.5,2.3,2.4,2.3
2016,2,421,-0.3,1.9,2.4,2.7,2.855,3.1
2016,2,422,-0.3,1.7,1.75,1.8,1.85,1.9
2016,2,424,-0.3,1.7603,1.6936,2.4587,1.9391,1.2834
2016,2,426,-0.3,2.7,2.2,2.9,3.1,3.0
2016,2,429,-0.3,1.717,1.777,1.977,2.01,2.088
2016,2,433,-0.3121,2.6,2.2,1.9,2.4,2.3124
2016,2,446,-0.3,0.463,1.5,1.95,2.0085,2.0688
2016,2,456,-0.3,2.2,2.6,2.6,2.6,2.3
2016,2,463,-0.3,2.6,2.5,1.9,2.1,2.1
2016,2,472,-0.3,3.2,2.4,2.1,2.1,2.2
2016,2,484,-0.3,2.3,2.2,2.2,2.2,2.3
2016,2,504,-0.3,0.9385,1.0696,2.5558,1.4096,0.473
2016,2,506,-0.3121,1.6609,1.002,3.5967,1.7482,2.8251
2016,2,507,-0.3,1.571,1.7438,1.9512,1.8006,1.7385
2016,2,508,-0.3,0.8,1.0,1.3,1.8,2.0
2016,2,510,-0.3,2.7,2.9,4.7,1.6,1.3
2016,2,518,-0.3,0.5272,1.7991,2.238,2.0972,2.4138
2016,2,520,-0.3,1.3,1.9,2.0,1.9,1.8
2016,2,523,-0.3,0.4,0.96,1.4,1.76,2.05
2016,2,524,-0.3,0.5902,1.1152,1.5341,1.8846,1.8668
2016,2,532,-0.3,2.2,1.9,2.1,2.1,
2016,2,533,-0.3,1.4,1.4,1.4,1.5,1.5
2016,2,535,-0.3,2.4,2.8,3.0,3.1,3.2
2016,2,542,-0.3,3.0832,3.0329,2.3759,2.0958,3.2079
2016,2,546,-0.3,2.0,2.1,2.2,2.2,2.2
2016,2,548,-0.3,1.66,0.99,3.58,1.73,2.8
2016,2,549,-0.3,1.9,2.2,2.2,1.9,2.2
2016,2,553,-0.3,1.0,1.2,1.8,2.2,2.3
2016,2,555,-0.3,2.0,2.6,2.2,2.1,2.2
2016,2,556,-0.3,2.8686,2.0029,2.1238,3.1385,2.1332
2016,2,557,-0.3,2.74,2.67,1.66,1.96,1.36
2016,2,559,-0.3,3.1,2.44,2.37,2.14,2.1
2016,2,563,-0.3,0.7,1.3,1.1,1.3,1.7
2016,2,568,-0.3,1.3682,2.6999,2.4515,2.506,2.397
2016,2,569,,,,,,
2016,2,570,-0.3,2.1848,3.2433,2.5519,3.5149,2.2182
2016,2,572,-0.3,2.0,2.0,2.1,2.2,2.2
2016,2,574,-0.3,1.0677,1.3677,1.5677,1.6677,1.7677
2016,2,576,-0.3,2.1639,1.6254,0.8286,-0.0098,1.9847
2016,2,577,-0.3,0.7604,2.0652,1.7864,1.5635,2.2876
2016,2,578,-0.3121,2.8754,2.1319,2.2106,2.0016,1.9299
2016,2,579,-0.3,2.8,2.3,2.1,2.1,2.1
2016,3,411,2.5,2.0,1.6,2.4,2.4,2.5
2016,3,421,2.5,1.4,2.7,2.855,3.1,2.8
2016,3,422,2.5,1.6,1.65,1.7,1.75,1.8
2016,3,424,2.5,1.4,2.4,1.9,1.0,2.5
2016,3,426,2.5,2.2,2.4,2.8,3.0,2.8
2016,3,433,2.542,1.8123,2.3433,2.7206,2.0805,1.7584
2016,3,446,2.5,1.9,1.995,2.0549,2.1165,2.18
2016,3,456,2.5,2.3,1.9,2.5,2.3,2.3
2016,3,463,2.5,0.3895,0.5062,0.5311,0.5303,0.5433
2016,3,472,2.5,2.2,2.1,2.2,2.2,2.1
2016,3,484,2.5,2.2,2.2,2.2,2.3,2.4
2016,3,504,2.5,-0.1546,2.7545,1.4322,0.858,2.1324
2016,3,506,2.5419,1.3548,3.0086,2.2715,2.5877,2.1922
2016,3,507,2.5,1.6376,1.9512,2.0886,1.882,1.3765
2016,3,508,2.5,2.3199,1.5925,2.4458,2.2644,2.3071
2016,3,510,2.5,3.0,3.7,2.5,1.3,1.1
2016,3,512,2.5,2.11,2.0,0.6,1.6,2.7
2016,3,518,2.5,1.2445,1.5919,2.2835,2.2205,2.4349
2016,3,520,2.5,1.9,2.0,1.9,1.8,1.8
2016,3,523,2.5,2.96,3.06,3.16,3.26,3.35
2016,3,527,2.5,2.5,2.5,2.5,2.3,2.3
2016,3,528,2.5,1.9453,2.1377,1.161,2.5076,1.8985
2016,3,535,2.5,2.0,2.9,3.1,3.2,3.4
2016,3,542,2.5,2.1049,3.3852,2.3288,2.875,2.5148
2016,3,546,2.5,2.0,2.2,2.2,2.3,2.3
2016,3,548,2.5,0.99,3.58,1.73,2.8,2.67
2016,3,549,2.5,1.3,2.2,2.2,2.4,2.3
2016,3,553,2.5,2.0,2.0,2.2,2.2,2.2
2016,3,555,2.5,1.9,2.1,2.5,2.1,2.3
2016,3,557,2.5,2.0927,1.6283,1.4401,1.5829,1.84
2016,3,559,2.5,2.2835,1.9118,2.0369,1.7644,2.2481
2016,3,563,2.5,2.0,1.3,2.1,2.2,2.1
2016,3,568,2.5,1.5777,2.2366,2.0842,2.1751,2.2051
2016,3,569,,,,,,
2016,3,570,2.5,2.5,2.6239,2.7,2.2103,1.6126
2016,3,572,2.5,2.0,2.1,2.2,2.2,2.3
2016,3,574,2.5,2.5055,2.5254,2.49,2.5372,2.6395
2016,3,575,2.5,2.6,2.6,1.5,2.5,2.5
2016,3,576,2.5,1.6121,0.8533,-0.0184,2.2742,1.7886
2016,3,578,2.5,1.2508,2.3641,1.983,1.969,2.0018
2016,4,411,1.6,3.9,1.4,2.4,2.4,2.2
2016,4,421,1.6,2.7,2.855,3.1,2.8,2.9
2016,4,422,1.6,1.7,1.8,1.9,2.2,2.4
2016,4,424,1.6,3.5612,1.8327,1.4651,1.8922,3.0753
2016,4,426,1.6,2.9,3.1,3.0,2.8,2.9
2016,4,429,1.6,1.7395,1.9625,1.8332,1.8006,1.8737
2016,4,433,1.6323,2.1597,2.1765,1.8686,2.0705,1.8
2016,4,446,1.6,2.0496,2.0701,2.0908,2.1117,2.1328
2016,4,456,1.6,2.6,1.7,2.2,2.2,2.3
2016,4,463,1.6,3.5,2.3,2.1,2.1,2.2
2016,4,472,1.6,1.86,2.13,2.24,2.08,2.06
2016,4,484,1.6,2.2,2.2,2.3,2.4,2.4
2016,4,504,1.6,1.6305,1.0972,0.8603,2.3374,3.496
2016,4,506,1.6323,3.4072,1.8828,2.5029,3.0859,2.1998
2016,4,507,1.6,2.5186,1.4923,1.5756,1.8436,1.3305
2016,4,508,1.6,3.8395,2.2423,2.15,2.0693,2.1235
2016,4,510,1.6,2.7,3.3,1.6,2.5,2.1
2016,4,512,1.6,2.5,0.7,1.6,2.7,1.5
2016,4,518,1.6,1.8044,2.3489,2.3666,2.4789,2.2298
2016,4,527,1.6,2.8,2.5,2.3,2.0,2.0
2016,4,532,1.8382,2.1,1.7,1.7,1.8,
2016,4,535,1.6,3.6,3.1,3.2,3.4,3.4
2016,4,546,1.6,3.0,2.2,2.2,2.3,2.3
2016,4,548,1.6,2.5,2.49,2.68,2.22,2.16
2016,4,549,1.6,3.1,2.3,2.4,2.3,2.5
2016,4,553,1.6,1.6,2.2,2.2,2.2,2.2
2016,4,555,1.6,2.9,2.3,2.3,2.3,2.4
2016,4,556,1.6,2.7358,2.3108,2.3198,2.4294,2.4902
2016,4,557,1.6,2.2069,1.7166,2.1436,2.4296,1.9625
2016,4,559,1.6,1.9313,2.1,2.1,2.2,2.2
2016,4,560,1.6,1.5336,2.6898,2.2162,2.1696,1.9925
2016,4,563,1.6,1.4,2.1,2.2,2.1,2.3
2016,4,568,1.6,2.7527,2.052,2.2821,2.2512,2.5592
2016,4,569,,,,,,
2016,4,570,1.6,1.7722,2.6,2.6,1.9,2.25
2016,4,572,1.6,2.1,2.2,2.2,2.3,2.3
2016,4,574,1.6,2.0231,2.1371,2.1461,2.2058,2.328
2016,4,575,1.6,2.0,2.2,2.3,2.5,2.6
2016,4,576,1.6,1.2402,1.2938,1.8352,2.3525,1.4941
2016,4,577,1.6,1.9857,2.7028,2.8076,3.1475,2.3523
2016,4,578,1.6,2.3,1.8,2.1,2.1,2.1
2016,4,583,1.6,2.0,1.9,1.8,1.8,1.7
2017,1,411,3.4,2.4,1.9,2.5,2.2,2.1
2017,1,421,3.4,2.855,3.1,2.8,2.9,3.2
2017,1,422,3.4,2.3,2.7,2.7,2.7,2.9
2017,1,424,3.4,2.4215,1.0302,1.6907,2.8445,2.1561
2017,1,426,3.4,2.4484,2.4984,2.7997,2.8998,2.8499
2017,1,429,3.4,2.3336,1.9057,1.608,1.7122,1.7924
2017,1,433,3.4439,2.6936,1.9978,2.1934,2.1934,2.5
2017,1,446,3.4,2.0,2.02,2.0402,2.0606,2.0709
2017,1,456,3.4,3.646,2.5515,2.2734,2.1591,2.1065
2017,1,463,3.4,3.2,2.1,2.2,2.4,2.5
2017,1,472,3.4,2.68,2.3,1.92,2.02,2.12
2017,1,484,3.4,2.2,2.3,2.3,2.4,2.4
2017,1,504,3.4,1.2931,0.4866,2.2281,3.3787,2.1613
2017,1,506,3.4439,2.463,1.8642,2.5011,1.6187,1.5038
2017,1,508,3.4,2.237,2.6448,2.2305,2.1669,2.1044
2017,1,510,3.4,3.5,1.3,2.0,2.1,2.4
2017,1,512,3.4,1.5,0.7,1.6,3.0,2.3
2017,1,518,3.4,1.8,2.6,2.3,1.8,2.1
2017,1,523,3.4,2.62,2.65,2.7675,3.1394,3.0742
2017,1,527,3.4,3.5,2.5,2.5,2.5,2.5
2017,1,532,,,,,,
2017,1,535,3.4,2.8,2.9,3.4,3.4,3.4
2017,1,542,3.4,2.4802,1.9864,2.2048,2.7294,2.4523
2017,1,546,3.4,2.2,2.2,2.3,2.3,2.4
2017,1,548,3.4,2.84,3.13,3.8,3.33,4.11
2017,1,549,3.4,2.7,2.1,2.2,2.5,2.2
2017,1,553,3.4,2.7,2.9,2.2,2.1,2.2
2017,1,555,3.4,2.5,2.2,2.5,2.6,2.6
2017,1,556,3.4,3.5042,2.2767,1.6622,1.836,2.9435
2017,1,557,3.4,2.41,1.59,2.09,2.13,1.89
2017,1,560,3.4,2.6898,2.2162,2.1696,1.9925,2.267
2017,1,563,3.4,3.0,2.5,2.9,3.1,2.9
2017,1,568,3.4,2.3553,2.4876,2.5302,2.7455,2.7468
2017,1,569,,,,,,
2017,1,570,3.4,4.3206,2.1597,2.272,2.5836,2.2864
2017,1,572,3.4,2.2,2.5,2.3,2.3,2.3
2017,1,574,3.4,2.4732,2.3662,2.4809,2.572,2.6731
2017,1,576,3.4,2.7831,2.545,2.4698,2.3742,2.6281
2017,1,577,3.4,3.1248,3.05,2.9979,2.855,3.0432
2017,1,578,3.4439,2.4578,2.1692,2.8129,2.6336,2.4927
2017,1,579,3.4,2.7,2.7,2.8,2.5,2.2
2017,1,583,3.4,1.9,1.8,1.8,1.7,1.7
2017,2,411,3.1,0.3,1.8,2.3,2.1,1.9
2017,2,421,3.1,2.4,3.0,2.8,2.9,3.2
2017,2,422,3.1,2.3,2.4,2.4,2.4,2.5
2017,2,424,3.1,0.2659,2.3257,2.7685,2.7275,1.3912
2017,2,426,3.1,3.0,2.8,2.9,2.4,2.1
2017,2,429,3.1,1.6395,1.7739,1.8415,1.8916,1.9702
2017,2,433,3.1,0.9448,2.1096,2.1096,1.9202,2.4745
2017,2,446,3.1,2.0,2.04,2.0808,2.1016,2.1226
2017,2,456,3.1,0.9513,2.5646,2.2687,2.1073,2.103
2017,2,463,3.1,0.9,2.0,2.1,2.3,2.5
2017,2,484,3.1,2.3,2.3,2.4,2.4,2.3
2017,2,504,3.1,-0.2,2.2,2.9,2.6,1.2
2017,2,507,3.1,2.0937,2.1898,1.7758,1.7525,1.8807
2017,2,508,3.1,1.4,2.4,2.3,2.1,1.9
2017,2,510,3.1,2.6,2.7,2.9,2.5,2.3
2017,2,512,3.1,0.7,1.6,3.0,2.3,1.0
2017,2,518,3.1,1.8713,2.4713,1.8759,1.4452,2.4659
2017,2,527,3.1,1.3,2.5,2.5,2.8,2.0
2017,2,532,,,,,,
2017,2,535,3.1,0.9,2.7,3.1,3.2,3.3
2017,2,546,3.1,1.3,2.2,2.3,2.4,2.5
2017,2,548,3.1,1.56,2.71,2.91,3.5,3.11
2017,2,549,3.1,0.5,2.2,2.5,2.6,2.2
2017,2,555,3.1,0.9,2.1,2.5,2.4,2.4
2017,2,556,3.1,1.2355,1.8524,2.1158,3.229,2.3389
2017,2,557,3.1,1.4007,1.8658,1.809,1.8455,2.0201
2017,2,559,3.1,1.2,1.6,2.0,2.2,2.2
2017,2,563,3.1,2.8,2.9,3.2,3.1,3.2
2017,2,568,3.1,1.0715,2.3182,2.7219,2.7233,2.7249
2017,2,569,,,,,,
2017,2,570,3.1,2.3298,2.2775,1.949,1.8957,2.0984
2017,2,572,3.1,2.0,2.3,2.3,2.3,2.2
2017,2,574,3.1,2.7751,2.5091,2.5736,2.6547,2.6499
2017,2,576,3.1,2.3316,1.9006,2.6838,2.8899,2.341
2017,2,578,3.1,2.9,1.1,1.7,1.9,2.1
2017,2,579,3.1,2.1,1.9,1.7,1.5,1.9
2017,2,583,3.1,2.2,1.9,2.0,2.2,2.3
2017,3,411,-0.3,1.9,2.8,2.2,1.9,1.9
2017,3,421,-0.3,1.8,2.2,2.7,2.9,2.6
2017,3,422,-0.3,1.9,1.9,1.9,2.0,2.0
2017,3,426,-0.3,2.1,2.4,2.6,3.0,3.3
2017,3,433,-0.3121,1.0944,1.7327,2.2638,1.9042,1.7948
2017,3,456,-0.3,1.2123,2.4293,2.1489,2.1167,2.1006
2017,3,463,-0.3,1.5,2.8,2.4,2.3,2.4
2017,3,472,-0.3,1.78,2.05,2.0,2.13,2.24
2017,3,484,-0.3,2.3,2.4,2.4,2.3,2.4
2017,3,504,-0.3,1.4,3.2,2.5,0.4,2.6
2017,3,506,-0.312,1.4343,2.1278,1.6853,1.7315,1.6263
2017,3,507,-0.3,1.2469,1.5156,2.6694,2.3942,1.9045
2017,3,508,-0.3,2.3675,2.2524,2.1372,1.9159,1.9103
2017,3,510,-0.3,1.8,1.6,2.0,2.2,2.0
2017,3,512,-0.3,0.9,3.4,3.0,0.8,1.6
2017,3,518,-0.3,1.8179,1.5923,1.257,1.77,1.8404
2017,3,524,-0.3,1.8866,2.1041,2.0682,2.0747,1.9466
2017,3,527,-0.3,1.3,2.5,2.8,2.0,2.3
2017,3,532,0.6,1.5,1.8,1.8,1.9,
2017,3,535,-0.3,2.4,3.0,3.1,3.2,3.3
2017,3,542,-0.3,1.6,2.7,2.5,2.2,2.1
2017,3,546,-0.3,1.4,2.2,2.2,2.3,2.3
2017,3,548,-0.3,3.35,2.66,3.35,2.87,3.14
2017,3,549,-0.3,1.4,2.4,2.6,2.2,2.1
2017,3,553,-0.3,1.2,2.0,2.2,2.2,2.2
2017,3,555,-0.3,1.2,2.4,2.5,2.5,2.3
2017,3,556,-0.3,1.6845,2.8279,3.5939,1.8862,1.6543
2017,3,557,-0.3,1.61,1.6242,1.7833,1.9936,1.9519
2017,3,563,-0.3,1.3,2.4,1.8,2.0,2.5
2017,3,568,-0.3,1.172,2.3842,2.6057,2.678,2.6153
2017,3,569,,,,,,
2017,3,570,-0.3,1.301,2.4033,1.9899,2.0445,2.2728
2017,3,572,-0.3,2.1,2.1,2.1,2.1,2.1
2017,3,574,-0.3126,2.0837,2.0418,1.99,1.819,
2017,3,576,-0.3,1.7139,1.9,2.2,2.4,2.4
2017,3,577,-0.3,1.2,2.1,1.7,1.9,2.0
2017,3,579,-0.3,1.916,2.7552,2.1434,2.186,2.159
2017,3,583,-0.3,2.1,2.0,2.2,2.3,2.2
2017,3,584,-0.3,2.5937,2.7615,2.8577,2.8317,2.7928
2017,4,411,2.0,2.8,1.8,1.3,1.9,1.9
2017,4,421,2.0,2.1,2.4,2.7,2.6,2.5
2017,4,422,2.0,2.2,2.3,2.3,2.3,2.3
2017,4,424,2.0,2.8967,1.6794,0.7293,1.7237,2.9915
2017,4,428,2.0,2.99,2.04,2.12,2.62,2.75
2017,4,429,2.0,2.7755,0.9062,1.6757,1.7602,1.7962
2017,4,433,2.014,4.0412,1.4071,1.5149,1.5793,2.02
2017,4,446,2.0,2.2,1.9,1.8,1.9,1.9
2017,4,456,2.0,3.7148,2.4245,1.9386,1.9422,1.8992
2017,4,472,2.0,1.95,2.31,1.99,2.15,1.97
2017,4,484,2.0,2.2,2.3,2.2,2.3,2.2
2017,4,504,2.0,3.6,1.7,0.4,2.6,3.6
2017,4,507,2.0,3.8537,1.769,1.2789,1.9045,1.7808
2017,4,508,2.0,1.9713,1.9025,1.837,1.8506,1.8232
2017,4,510,2.0,1.7,1.9,1.3,1.8,1.9
2017,4,512,2.0,2.4,2.9,0.9,1.7,1.8
2017,4,518,2.0,1.8041,1.5943,2.2284,2.2249,2.0998
2017,4,524,2.0,2.1979,2.0334,2.3992,2.3452,2.621
2017,4,527,2.0,2.5,2.8,2.0,2.3,2.3
2017,4,532,2.0,1.8,1.8,1.9,1.9,
2017,4,535,2.0,3.8,2.9,2.7,2.9,3.0
2017,4,542,2.0,2.9812,2.3095,1.779,1.9868,2.5297
2017,4,546,2.0,3.2,2.1,2.2,2.3,2.3
2017,4,548,2.0,2.97,3.83,3.08,2.66,2.57
2017,4,549,2.0,3.6,2.6,2.2,2.1,2.3
2017,4,553,2.0,1.9,1.6,2.2,2.3,1.9
2017,4,555,2.0,3.0,2.1,2.1,2.3,1.4
2017,4,556,2.0,3.9236,3.3128,1.9096,1.4775,1.8677
2017,4,557,2.0,2.1684,1.9512,1.6538,2.1498,2.1837
2017,4,559,2.0,1.9701,1.661,2.1685,2.2455,2.0936
2017,4,563,2.0,2.5,1.9,2.3,2.5,2.4
2017,4,568,2.0,1.9501,1.9265,2.508,2.4549,2.4862
2017,4,569,,,,,,
2017,4,570,2.0,2.0037,1.6288,2.1148,2.3276,2.1698
2017,4,572,2.0,2.2,2.2,2.0,2.0,2.0
2017,4,574,2.0,1.9961,1.9328,1.7475,1.9942,2.0176
2017,4,576,2.0,2.7003,2.8889,2.2,1.9085,2.4664
2017,4,578,2.0,1.7,2.1,2.4,2.2,2.0
2017,4,579,2.0,3.6131,3.0947,2.0364,2.0245,1.9773
2017,4,583,2.0,2.0,2.2,1.9,2.2,2.0
2017,4,584,2.0,1.9818,2.1934,2.3914,2.5118,2.5619
2018,1,411,3.7,2.8,0.8,3.2,1.5,0.8
2018,1,421,3.7,2.9,3.1,2.7,2.9,2.5
2018,1,422,3.7,1.9,1.9,1.9,2.0,2.1
2018,1,424,3.7,2.7,0.7,1.7,2.4,2.8
2018,1,428,3.72,2.73,2.23,2.41,2.36,2.53
2018,1,433,3.7,2.54,2.03,1.69,1.99,1.74
2018,1,446,3.7,2.8,0.8,3.2,1.6,0.8
2018,1,456,3.7,2.7,2.3,1.8,1.7,1.9
2018,1,472,3.7,2.66,2.02,2.37,2.12,2.45
2018,1,484,3.7,2.7,2.2,2.3,2.2,2.3
2018,1,504,3.7,3.5,-0.3,1.9,3.2,2.7
2018,1,508,3.7,1.586,0.713,1.9962,1.8587,1.8234
2018,1,510,3.7,1.0,2.4,1.6,2.3,1.8
2018,1,518,3.7,1.965,2.6807,2.6666,2.227,2.1252
2018,1,532,3.7,1.8,1.9,1.9,2.0,
2018,1,533,3.7,2.3,2.8,2.3,2.2,2.0
2018,1,535,3.7,3.6,2.7,2.9,3.0,3.2
2018,1,546,3.7,2.3,2.2,2.3,2.4,2.4
2018,1,548,3.7,4.11,2.72,2.94,3.22,2.46
2018,1,549,3.7,2.8,1.9,2.3,2.3,1.8
2018,1,553,3.7,1.8,2.3,2.0,2.0,2.0
2018,1,555,3.7,3.6,1.8,1.4,0.7,2.3
2018,1,556,3.7,3.0035,2.0892,1.3959,1.8308,2.2338
2018,1,557,3.7,2.8345,2.0514,2.049,2.2231,2.183
2018,1,559,3.7,2.5825,0.7478,2.2136,2.3463,2.3
2018,1,563,3.7,2.9,3.0,3.3,3.3,3.5
2018,1,568,3.7,2.029,2.0005,2.3853,2.4074,2.5893
2018,1,569,,,,,,
2018,1,570,3.7,1.7973,1.7701,2.4912,2.4237,1.7973
2018,1,572,3.7187,2.2,2.0,2.0,2.0,2.0
2018,1,574,3.7,2.4707,2.6707,2.5374,2.5596,2.5892
2018,1,576,3.7,2.9632,0.1682,1.9166,3.2747,2.8403
2018,1,578,3.7,3.0,1.62,1.7,1.8,2.37
2018,1,579,3.7,3.025,1.1451,2.3331,2.6932,2.3154
2018,1,583,3.7,2.2,1.9,2.2,2.0,2.0
2018,1,584,3.7,3.6,3.3145,3.1158,2.9472,2.8629
2018,2,411,3.5,1.8,2.8,1.1,0.9,2.2
2018,2,421,3.5,3.2,2.7,2.9,2.5,2.7
2018,2,422,3.5,2.4,1.5,2.3,2.3,2.5
2018,2,424,3.5,1.6285,2.0013,2.1433,2.8955,1.4655
2018,2,426,3.5,2.4,2.9,2.8,2.9,2.4
2018,2,428,,,,,,
2018,2,429,3.5,1.3788,1.8617,1.8613,1.8,2.0331
2018,2,433,3.5,1.906,1.682,1.765,2.064,2.049
2018,2,446,3.5,2.0,2.2,2.2,2.3,2.3
2018,2,472,3.5,3.52,2.84,2.74,2.71,2.6
2018,2,484,3.5,2.2,2.3,2.2,2.3,2.3
2018,2,504,3.5077,0.8671,1.4998,2.722,2.6867,0.6586
2018,2,508,3.5,0.713,1.9962,1.8587,1.8234,
2018,2,510,3.5,2.0,2.3,1.9,1.7,1.6
2018,2,518,3.5,2.733,2.9097,2.5451,2.0245,2.015
2018,2,523,,,,,,
2018,2,532,3.5,1.9,1.9,2.0,2.0,
2018,2,535,3.5,1.9,2.8,3.0,3.2,3.3
2018,2,546,3.5,1.7,2.2,2.3,2.4,2.4
2018,2,548,3.5,1.79,4.17,2.29,1.32,2.46
2018,2,549,3.5,1.7,1.8,2.1,2.9,1.9
2018,2,553,3.5,2.5,2.5,2.2,2.1,2.0
2018,2,555,3.5,1.7,2.1,2.0,2.6,2.4
2018,2,556,3.5,1.2108,1.6671,1.6908,1.9949,1.6842
2018,2,557,3.5,1.7591,2.5143,2.7314,2.7825,3.1048
2018,2,563,3.5,3.2,3.1,3.4,3.5,3.4
2018,2,568,3.5,1.8622,2.3916,2.3474,2.531,2.5327
2018,2,569,,,,,,
2018,2,570,3.5,2.1948,2.2012,2.4109,2.2278,2.0935
2018,2,572,3.5077,2.2,2.0,2.0,2.0,2.0
2018,2,574,3.5,2.9547,2.6919,2.8671,2.8379,2.799
2018,2,576,3.5,0.5255,2.0388,2.962,3.2338,0.8512
2018,2,578,3.5,1.6046,2.1664,2.0109,2.081,2.2477
2018,2,579,3.5,2.2443,2.9205,2.5968,2.4132,1.516
2018,2,583,3.5,2.2,2.2,2.0,2.1,2.2
2018,2,584,3.5,2.4608,3.5028,3.5343,3.4621,3.3574
2018,3,411,1.7,2.7,2.7,2.7,1.9,1.5
2018,3,421,1.7,3.0,2.9,2.5,2.7,2.3
2018,3,422,1.7,2.4,2.2,2.3,2.3,2.5
2018,3,424,1.656,2.0503,2.3732,2.3756,1.1027,1.7148
2018,3,426,1.7,2.4,2.1,2.1,2.0,2.0
2018,3,428,1.7,2.82,2.39,2.62,2.63,2.45
2018,3,433,1.7,2.307,2.23,2.2285,1.8763,1.7961
2018,3,456,1.7,1.9284,2.0123,2.5416,2.3012,2.2385
2018,3,472,1.7,3.75,3.14,2.66,2.57,3.09
2018,3,484,1.7,2.2,2.2,2.3,2.3,2.4
2018,3,504,1.7,1.6,2.5,2.4,0.8,2.2
2018,3,507,1.7,2.0302,1.563,1.7552,1.6419,1.8169
2018,3,508,1.7,2.7565,1.5768,1.0309,2.1083,2.4335
2018,3,510,1.7,2.1,2.0,1.9,1.8,1.6
2018,3,518,1.7,2.8234,2.4592,1.939,2.0151,1.8045
2018,3,524,1.7,1.7894,1.7534,2.2505,2.0605,1.9928
2018,3,528,1.7,2.4535,1.9273,2.3387,1.9743,2.1568
2018,3,532,1.7,1.9,2.0,2.0,2.0,
2018,3,535,1.7,2.5,2.8,3.0,3.0,3.1
2018,3,546,1.7,2.0,2.1,2.3,2.3,2.4
2018,3,549,1.7,2.2,2.1,2.5,1.8,2.3
2018,3,553,1.7,2.3,2.0,2.2,2.0,2.0
2018,3,555,1.7,2.2,2.3,2.9,2.5,2.9
2018,3,557,1.7,3.2719,2.4542,2.1675,2.4288,4.8045
2018,3,559,1.7,2.4192,1.8867,2.5368,1.3549,2.3482
2018,3,560,1.7,2.1125,2.4339,2.7723,2.235,2.0115
2018,3,563,1.7,2.4,3.2,2.9,2.9,3.2
2018,3,568,1.7,2.0193,2.3025,2.2128,2.5351,2.5371
2018,3,569,,,,,,
2018,3,570,1.7,1.84,2.3555,2.2195,2.0579,2.122
2018,3,572,1.7,2.2,2.1,2.0,2.0,2.1
2018,3,574,1.7,2.5028,2.6484,2.5796,2.6769,2.6683
2018,3,576,1.7,2.6109,3.4629,3.2049,1.2926,2.3502
2018,3,577,1.7,2.1379,2.8099,2.5796,2.6759,2.7603
2018,3,578,1.7,1.8,2.1,2.2,2.0,2.1
2018,3,579,1.7,2.5721,2.5181,2.457,1.5102,2.567
2018,3,583,1.7,2.2,2.1,2.4,2.3,2.3
2018,3,584,1.7,2.4523,2.9244,3.0011,2.9963,2.9492
2018,4,411,2.0,2.9,2.9,2.6,2.3,2.0
2018,4,421,2.0,2.9,2.5,2.7,2.3,1.5
2018,4,426,2.0,2.5,2.8,2.5,2.5,3.0
2018,4,428,2.0,2.2795,2.4268,2.4301,2.2692,2.1142
2018,4,429,2.0,1.9508,1.9246,2.1495,2.1495,2.0614
2018,4,433,1.9957,2.3726,2.0975,1.9854,1.9202,1.969
2018,4,463,2.0,2.1,2.5,2.6,2.5,2.4
2018,4,472,,,,,,
2018,4,484,2.0,2.3,2.3,2.3,2.4,2.4
2018,4,504,2.0,2.1361,1.9683,0.2435,1.8559,2.9035
2018,4,507,2.0,1.6942,1.6495,1.6419,1.8169,1.8282
2018,4,508,,,,,,
2018,4,510,2.0,2.4,2.5,2.6,2.7,2.8
2018,4,518,2.0,2.4131,2.0964,2.1281,2.026,1.8846
2018,4,523,2.0,2.2,2.3,2.3,2.4,2.4
2018,4,528,1.9956,2.4124,2.3585,2.1901,2.2121,1.6933
2018,4,532,2.0,2.0,2.4,2.4,2.5,
2018,4,535,2.0,2.6,2.9,3.0,3.1,3.2
2018,4,542,2.0,1.4963,2.1803,2.0864,2.4404,2.3886
2018,4,546,2.0,2.2,2.3,2.3,2.4,2.45
2018,4,549,2.0,2.2,2.4,1.8,2.3,1.9
2018,4,555,2.0,2.9,3.5,2.5,2.9,2.6
2018,4,556,2.0,2.215,2.4461,2.7486,2.7403,2.6313
2018,4,557,2.0,2.6356,2.722,2.9057,2.7319,2.7231
2018,4,563,2.0,2.9,2.8,2.7,2.8,2.8
2018,4,568,2.0,2.1309,2.3359,2.1561,2.535,2.509
2018,4,569,,,,,,
2018,4,570,2.0,3.0419,2.4431,1.7645,1.924,2.0688
2018,4,572,1.9956,3.0,2.5,2.0,2.1,2.1
2018,4,574,2.0,2.6171,2.6441,2.4282,2.6212,2.7777
2018,4,576,2.0,2.686,2.2712,1.0562,1.6694,2.5076
2018,4,577,2.0,2.6,2.6,3.3,3.2,3.0
2018,4,578,2.0,1.9,2.2,2.2,1.7,1.8
2018,4,583,2.0,2.3,2.4,2.3,2.3,2.4
2018,4,584,2.0,1.7491,2.5803,2.6778,2.6668,2.6424
2018,4,585,2.0,3.972,2.8341,1.1075,2.2038,3.4707
2018,4,586,2.0,1.89,1.73,1.72,2.11,2.24
2019,1,411,1.5,0.8,3.5,2.7,2.1,1.9
2019,1,421,1.5,1.5,2.4,2.3,2.0,2.1
2019,1,422,1.5,1.7,2.2,2.3,2.3,2.5
2019,1,423,1.5,0.46,1.58,1.56,1.55,1.53
2019,1,424,1.5,0.7,1.4,1.9,2.3,2.7
2019,1,428,1.5,1.6331,2.716,2.8174,2.5379,1.9184
2019,1,433,1.4859,0.438,2.0485,2.0953,2.1194,1.9028
2019,1,463,1.5,0.7,2.5,2.5,2.4,2.4
2019,1,472,1.5,1.46,2.74,2.85,2.31,2.73
2019,1,484,1.5,2.3,2.3,2.4,2.3,2.5
2019,1,504,1.4859,1.4491,1.6197,2.08,2.3457,2.5911
2019,1,508,,,,,,
2019,1,510,1.5,1.6,1.7,1.8,2.0,1.9
2019,1,518,1.5,0.8657,3.0847,2.5952,2.125,1.761
2019,1,528,1.5,0.885,2.7592,2.6952,2.0478,2.4716
2019,1,535,1.5,0.9,3.0,2.9,3.0,3.2
2019,1,542,1.5,1.0209,2.5609,2.3146,1.7872,2.5973
2019,1,546,1.5,0.8,2.2,2.3,2.4,2.3
2019,1,548,1.5,1.1,2.6,2.5,2.2,1.8
2019,1,549,1.5,0.7,2.2,2.4,1.8,1.2
2019,1,553,1.5,1.7,1.9,2.1,2.2,2.4
2019,1,555,1.5,0.9,2.8,2.69,2.52,2.67
2019,1,557,1.5,0.6,2.0,2.6,2.3,2.4
2019,1,559,1.5,0.8316,3.21,2.0104,2.1409,2.2064
2019,1,563,1.5,2.2,2.4,2.5,2.6,2.7
2019,1,568,1.5,1.2402,2.6337,2.6762,2.5816,2.617
2019,1,569,,,,,,
2019,1,570,1.5,1.1,2.3,2.2,2.0,2.0
2019,1,572,1.4859,1.1,2.1,2.1,2.1,1.8
2019,1,574,1.5,2.2088,2.1635,2.3671,2.4563,2.4989
2019,1,575,1.5,1.9,2.0,2.0,2.2,2.1
2019,1,576,1.5,1.7329,2.1152,2.0215,2.0205,1.9916
2019,1,577,1.5,2.0,2.4,2.6,2.7,2.8
2019,1,579,1.5,1.0917,2.9981,2.4995,2.2621,2.6323
2019,1,583,1.5,2.1,2.3,2.1,2.1,2.2
2019,1,584,1.5,0.4186,1.609,1.8024,1.8724,1.9046
2019,1,585,1.5,0.4145,1.2308,2.0141,2.9214,1.9624
2019,1,586,1.5,1.7041,1.7128,1.6737,1.7776,1.6436
2019,2,411,0.9,4.4,3.0,2.2,1.9,1.5
2019,2,421,0.9,2.5,2.3,2.0,2.1,1.8
2019,2,422,0.9,1.2,2.0,2.0,2.1,2.1
2019,2,424,0.9,3.4,1.9,2.7,2.0,0.8
2019,2,426,0.9,1.8,2.2,2.1,2.3,2.2
2019,2,428,0.9,3.42,2.37,2.19,1.92,1.72
2019,2,429,0.9,2.2724,1.7814,1.5133,1.5936,1.7519
2019,2,433,0.8769,3.9157,2.4998,1.9468,1.2221,1.3865
2019,2,463,0.9,4.0,2.6,2.4,2.5,2.4
2019,2,472,0.9,4.87,2.8,2.7,2.71,2.57
2019,2,484,0.9,2.2,2.2,2.1,2.3,2.1
2019,2,504,0.9,2.2056,1.6941,2.3319,2.3859,0.8509
2019,2,508,,,,,,
2019,2,510,0.9,1.8,1.6,1.9,1.3,1.7
2019,2,518,0.9,3.7888,2.7463,1.8779,1.4264,1.2684
2019,2,524,0.9,2.3122,2.0286,2.3258,2.1366,2.2083
2019,2,532,0.9,2.0,2.0,2.1,2.2,
2019,2,535,0.9,3.6,2.7,2.9,3.0,3.0
2019,2,546,0.9,3.0,2.3,2.4,2.3,2.3
2019,2,548,0.9,2.6,2.5,2.2,1.8,1.9
2019,2,549,0.9,3.4,1.7,1.9,1.8,2.5
2019,2,555,0.9,3.6,2.1,2.3,2.5,2.1
2019,2,557,0.9,2.8,2.1,2.1,1.8,1.8
2019,2,563,0.9,1.4,1.8,1.8,1.8,2.0
2019,2,568,0.9,2.5519,2.8039,2.5816,2.6175,2.5429
2019,2,569,,,,,,
2019,2,570,0.9,2.1517,2.1477,2.4046,2.7496,1.9452
2019,2,572,0.877,2.1,2.1,2.1,1.8,1.8
2019,2,574,0.9,1.8305,1.9509,1.9361,2.0486,2.1415
2019,2,576,0.9,1.7245,2.216,1.9673,1.507,1.5889
2019,2,577,0.9,2.0,2.2,2.3,2.4,2.4
2019,2,578,0.9,2.5,1.7,1.6,2.4,2.0
2019,2,579,0.9,4.1324,2.3348,1.9491,2.2952,1.9427
2019,2,580,0.9,1.7828,1.9532,2.094,2.4931,2.5812
2019,2,583,0.9,2.3,2.1,2.1,2.2,2.1
2019,2,584,0.9,2.0058,2.2423,2.358,2.3522,2.3212
2019,2,585,0.9,2.7144,1.7087,3.1185,2.0865,0.8149
2019,2,586,0.9,1.4128,1.6147,1.64,1.5859,1.6268
2019,2,587,0.9,1.8,2.0,2.25,2.25,2.25
2019,2,588,0.9,3.9239,2.5622,1.7468,0.9373,2.0183
2019,3,411,2.9,2.5,2.4,1.9,1.6,2.0
2019,3,421,2.9,0.3,1.6,1.9,1.8,1.6
2019,3,422,2.9,1.2,2.0,2.0,2.1,2.1
2019,3,424,2.9,1.9,2.6,1.5,0.8,1.5
2019,3,426,2.9,2.5,2.1,2.0,2.1,2.2
2019,3,428,2.9,2.5,2.2,1.7,1.7,2.3
2019,3,433,2.918,1.23,1.9922,2.06,1.9983,1.96
2019,3,456,2.918,1.3274,2.2167,1.8925,1.9215,2.09
2019,3,484,2.9,2.2,2.1,2.3,2.1,2.3
2019,3,504,2.9,0.2166,3.0542,2.432,0.7625,2.3214
2019,3,508,,,,,,
2019,3,510,2.9,1.6,1.8,1.5,1.7,1.4
2019,3,518,2.9,2.1604,3.0459,2.0811,1.3299,1.8919
2019,3,527,2.9,1.5,2.0,2.0,2.0,2.0
2019,3,528,2.9,2.3996,3.1318,2.9927,1.5211,2.7711
2019,3,535,2.9,2.1,2.5,2.7,2.7,2.8
2019,3,546,2.9,1.9,2.2,2.3,2.3,2.2
2019,3,549,2.9,1.4,1.7,1.8,2.3,2.2
2019,3,555,2.9,1.9,2.2,2.8,,1.9
2019,3,557,2.9,1.552,1.933,2.358,1.583,1.91
2019,3,563,2.9,2.5,2.1,2.4,2.5,2.5
2019,3,568,2.9,2.5017,2.5372,2.5492,2.5505,2.5521
2019,3,570,2.9,1.3512,1.506,2.2902,1.8798,1.8821
2019,3,572,2.9,1.3,1.7,1.7,1.7,1.7
2019,3,574,2.9,1.8228,2.0759,1.9234,2.185,2.0018
2019,3,576,2.9,2.7703,1.7272,1.6119,2.2761,2.7176
2019,3,577,2.9,2.5,2.6,2.4,2.5,2.5
2019,3,578,2.9,1.5,1.7,2.0,2.7,1.5
2019,3,579,2.9,2.1079,1.5554,2.6026,2.3565,2.4707
2019,3,583,2.9,1.6,1.5,2.2,2.1,2.3
2019,3,584,2.9,1.7913,1.8879,1.9065,1.9193,1.9187
2019,3,585,2.9,1.86,2.8962,2.0107,0.4743,1.896
2019,3,586,2.9,2.2449,1.7103,1.7974,1.7737,1.7814
2019,3,587,2.918,2.0,2.25,2.25,2.25,2.25
2019,3,588,2.9,1.8183,1.7468,0.9373,2.6995,2.0183
2019,4,411,1.8,2.4,1.6,2.4,1.4,0.7
2019,4,421,1.8,1.9,2.1,1.8,1.6,1.2
2019,4,422,1.8,2.1,2.0,2.2,2.2,2.2
2019,4,423,1.8,1.4204,1.6804,1.9904,1.9192,1.8266
2019,4,424,1.8,1.9,2.2,2.1,1.7,2.1
2019,4,426,1.8,1.8,1.69,2.0,2.0,2.3
2019,4,428,1.8,1.5023,1.7732,1.8462,2.5949,2.6137
2019,4,433,1.8,0.6732,2.2254,2.103,1.9524,1.9624
2019,4,456,1.8,1.4712,2.1216,1.9238,2.0797,2.0395
2019,4,463,1.8,2.0,2.4,2.3,2.3,2.3
2019,4,472,1.8,1.75,2.22,2.86,2.27,2.37
2019,4,504,1.8,1.2937,3.0426,0.6281,2.4268,2.6357
2019,4,507,1.8,1.3369,1.8851,1.7842,1.1382,2.1194
2019,4,508,,,,,,
2019,4,510,1.8,1.7,1.5,1.6,1.2,1.8
2019,4,518,1.8,3.0294,1.9106,1.4796,1.6929,1.48
2019,4,528,1.8,1.9871,2.8482,1.7339,2.9373,3.1754
2019,4,535,1.8,2.4,2.7,2.6,2.8,2.8
2019,4,546,1.8,1.8,2.2,2.2,2.2,2.1
2019,4,549,1.8,2.2,2.1,2.3,2.4,1.7
2019,4,553,1.8,2.0,2.1,2.0,2.0,2.0
2019,4,555,1.8,1.5,2.6,2.2,2.1,2.3
2019,4,557,1.8,1.4973,2.5369,1.7237,1.9044,2.1762
2019,4,559,1.8,2.1165,2.1171,2.0,2.3,2.1
2019,4,563,1.8,1.8,2.3,2.3,2.3,2.4
2019,4,568,1.8,1.7175,2.6864,2.5191,2.5494,2.5512
2019,4,569,,,,,,
2019,4,570,1.8,1.8724,2.3926,1.854,1.9689,2.1424
2019,4,572,1.7892,1.7,1.7,1.7,1.7,1.6
2019,4,574,1.8,2.0675,1.9129,2.1719,1.9854,2.0344
2019,4,576,1.8,2.3392,2.4399,2.4583,2.7069,1.7474
2019,4,577,1.8,2.2,2.4,2.5,2.6,2.7
2019,4,578,1.8,1.7,2.5,2.4,1.9,1.8
2019,4,579,1.8,2.6394,2.6523,1.811,2.2247,1.9058
2019,4,583,1.8,1.5,2.2,2.1,2.3,2.0
2019,4,584,1.8,1.373,2.4531,2.5039,2.4108,2.3646
2019,4,586,1.8,1.5384,1.7687,1.7138,1.7377,1.668
2019,4,587,1.7897,2.0,2.1,2.25,2.25,2.25
2019,4,588,1.8,1.6816,1.4765,2.9734,2.1538,2.4266
2020,1,411,2.6,1.4,1.9,1.4,0.7,1.6
2020,1,421,2.6,2.2,2.1,2.2,2.4,2.5
2020,1,422,2.6,2.1,2.0,2.2,2.2,2.2
2020,1,423,2.6,2.41,2.22,2.31,2.21,2.15
2020,1,426,2.6,1.69,2.0,2.0,2.3,2.4
2020,1,428,2.568,0.5746,1.706,2.6127,2.7739,2.6286
2020,1,429,2.6,1.4145,1.8458,2.0846,1.9845,1.8546
2020,1,433,2.6,1.9735,1.6316,2.0341,2.1604,1.9287
2020,1,463,2.6,1.7,2.1,2.4,2.3,2.2
2020,1,484,2.6,2.3,2.1,2.3,2.2,2.3
2020,1,504,2.6,1.1023,1.4486,2.5464,2.7035,1.0954
2020,1,507,2.6,1.8234,1.8934,1.178,2.1995,1.3194
2020,1,508,,,,,,
2020,1,510,2.6,1.5,1.8,2.0,2.3,2.1
2020,1,518,2.6,1.3374,1.5556,1.3533,0.6969,1.6081
2020,1,528,2.6,2.7751,1.8255,2.6086,2.7922,3.5546
2020,1,535,2.6,1.9,2.6,2.6,2.8,2.9
2020,1,546,2.6,2.5,2.2,2.1,2.1,2.0
2020,1,549,2.6,2.0,2.2,2.4,1.7,1.2
2020,1,553,2.6,2.0,2.2,2.2,2.0,2.2
2020,1,555,2.6,2.0,1.7,2.1,2.3,2.3
2020,1,557,2.6,1.65,1.6234,1.7186,2.2331,2.4615
2020,1,563,2.6,2.6,2.3,2.5,2.6,2.6
2020,1,568,2.6,2.33,2.4332,2.4157,2.4188,2.5255
2020,1,569,,,,,,
2020,1,570,2.6,2.1713,1.5239,2.0811,2.1561,2.1713
2020,1,572,2.6,1.8,1.6,1.1,0.7,1.8
2020,1,574,2.6,2.038,2.3283,2.2809,2.4038,2.2628
2020,1,576,2.6,2.2,2.4,2.7,1.9,2.1
2020,1,577,2.6,2.5,2.3,2.5,2.6,2.7
2020,1,578,2.6,1.7,1.9,2.0,2.2,2.0
2020,1,579,2.6,1.9347,1.8809,2.2699,1.9392,2.4078
2020,1,584,2.6,2.5029,3.1035,2.9732,2.8693,2.793
2020,1,585,2.6,2.0042,0.5013,1.5819,2.8792,2.0307
2020,1,586,2.6,2.2,1.7,1.9,1.8,1.8
2020,1,587,2.6,2.1,2.25,2.25,2.25,2.25
2020,1,588,2.6,0.6207,2.2905,2.0183,2.4266,2.1682
2020,2,411,1.2,-3.3,2.3,2.4,2.3,1.9
2020,2,421,1.2,-0.2,0.8,1.0,1.4,1.7
2020,2,422,1.2,-1.0,1.5,2.0,2.1,2.1
2020,2,424,1.2,-4.0507,2.0938,2.3216,1.7336,2.0592
2020,2,426,1.2,-4.0755,1.9068,1.8326,2.4,2.5
2020,2,428,1.2,-3.9488,1.3821,2.7814,3.062,2.7401
2020,2,429,1.2,-5.4645,1.0893,2.6184,2.2416,2.1979
2020,2,433,1.2,-6.5219,0.3942,1.9621,1.92,1.978
2020,2,463,1.2,-3.8,1.2,2.0,2.4,2.5
2020,2,472,1.2,-0.32,2.21,2.24,0.95,0.78
2020,2,484,1.2,1.25,1.5,1.8,2.0,2.1
2020,2,504,1.2,-2.1608,4.5142,1.9119,1.1039,0.9257
2020,2,508,,,,,,
2020,2,510,1.2,1.2,1.5,1.7,1.4,2.1
2020,2,518,1.2,-2.3577,1.2,1.8,2.4973,2.3739
2020,2,524,1.2,0.5704,1.1344,1.1934,1.955,2.162
2020,2,527,1.2,-4.0,2.0,2.0,2.0,1.8
2020,2,528,1.2,-5.7277,3.721,2.4464,3.7305,3.2999
2020,2,535,1.2,-3.1,3.1,2.8,2.9,2.8
2020,2,546,1.2,-2.8,1.5,2.0,2.0,2.1
2020,2,548,1.2,-6.34,3.77,3.13,2.46,2.26
2020,2,549,1.2,-3.2,1.7,1.2,0.7,1.3
2020,2,553,1.2,1.5,1.5,1.9,2.0,2.0
2020,2,555,1.2,-4.0,1.5,2.4,2.3,1.2
2020,2,557,1.2,-2.3162,-0.7845,0.4648,0.8475,0.8662
2020,2,559,1.2,-6.0213,1.6975,2.1952,2.2045,1.5859
2020,2,560,1.2,-3.1,1.8,1.9,2.4,2.7
2020,2,563,1.2,0.4,0.9,1.4,0.9,0.9
2020,2,568,1.2,-2.2949,3.3317,3.2765,3.0533,2.2874
2020,2,569,,,,,,
2020,2,570,1.2,-1.0793,1.5,1.5,2.0,2.0
2020,2,572,1.2083,-1.8,0.1,0.5,1.0,1.0
2020,2,574,1.2,1.2,1.6508,1.6082,1.4168,1.4689
2020,2,576,1.2,-1.2436,2.7073,2.1936,2.4068,1.9123
2020,2,577,1.2,-0.15,0.5,0.8,0.9,1.2
2020,2,578,1.2,-4.4,1.4,1.9,2.5,1.8
2020,2,579,1.2,-3.684,0.9484,-0.6534,0.2992,0.5081
2020,2,584,1.2,-8.2946,-1.7945,-0.3956,1.0936,1.86
2020,2,585,1.2,-3.0042,1.5809,4.0951,3.1367,2.1054
2020,2,586,1.2,1.4,1.8,1.6,1.7,1.7
2020,2,587,1.2093,1.5,2.25,2.25,2.25,2.25
2020,2,588,1.2,-1.0123,1.6117,3.3851,2.4394,2.4104
2020,3,411,-3.5,3.4,1.6,2.9,2.7,2.6
2020,3,421,-3.5,0.8,2.3,1.4,1.7,2.0
2020,3,422,-3.5,-1.0,1.5,2.0,2.1,2.1
2020,3,423,-3.5,2.1,1.8,1.8,1.8,1.8
2020,3,426,-3.5,1.91,1.83,2.4,2.5,2.3
2020,3,433,-3.5,3.4529,1.6235,1.7518,1.7534,1.726
2020,3,456,-3.5,5.362,1.8275,1.784,1.4338,1.6418
2020,3,484,-3.5,1.3,1.7,1.85,2.0,2.1
2020,3,504,-3.5,2.1226,2.3331,1.1871,0.9785,0.1121
2020,3,507,-3.5,2.5505,1.6356,1.9038,-0.1264,2.6487
2020,3,508,,,,,,
2020,3,510,-3.5,2.8,1.0,1.8,2.0,2.3
2020,3,518,-3.5,2.8267,1.1702,1.9811,2.7532,3.4983
2020,3,528,,,,,,
2020,3,535,-3.5,3.9,2.6,2.7,2.7,2.8
2020,3,546,-3.5,3.4,2.3,2.1,2.2,2.2
2020,3,549,-3.5,3.3,1.3,0.6,1.2,2.2
2020,3,555,-3.5,3.1,1.5,1.2,1.2,1.4
2020,3,557,-3.5,-0.8496,-0.038,1.0996,1.4683,3.2257
2020,3,559,-3.5,3.1564,1.4222,1.4545,1.1249,1.4684
2020,3,560,-3.5,3.2298,1.8017,1.312,2.0041,2.6503
2020,3,563,-3.5,-5.4,-4.1,-4.0,-3.5,-3.0
2020,3,568,-3.5,3.2963,4.5775,3.5733,2.4107,2.7902
2020,3,569,,,,,,
2020,3,570,-3.5,1.0954,1.2505,1.2973,1.3554,1.6551
2020,3,572,-3.5299,2.0,1.2,1.0,1.0,1.3
2020,3,574,-3.5,0.4683,0.8683,1.1683,1.3683,1.4683
2020,3,576,-3.5,-2.5,0.08,0.5,1.5,2.2
2020,3,577,-3.5,1.2,1.1,1.2,1.4,1.4
2020,3,579,-3.5,3.381,1.1988,0.6273,0.1806,0.5082
2020,3,584,-3.5,1.5349,2.7134,2.7475,2.6661,2.594
2020,3,585,-3.5,4.0286,3.1012,2.8084,0.4989,1.0618
2020,3,586,-3.5,-0.3,1.3,1.0,1.3,1.1
2020,3,587,-3.5299,1.2,1.7,2.0,2.25,2.25
2020,3,588,-3.5,4.2054,3.2472,2.3038,2.4104,2.3277
2020,4,411,5.2,2.3,1.6,2.6,2.8,2.8
2020,4,421,5.2,2.9,2.9,2.1,1.4,1.7
2020,4,422,5.2,-1.0,1.5,2.0,2.1,2.1
2020,4,424,5.2,1.9663,2.0194,1.9981,1.9981,1.9981
2020,4,426,5.2,1.8326,2.4,2.5,2.3,2.2
2020,4,429,5.2,1.2891,2.0393,2.0357,2.174,2.2855
2020,4,433,5.2,1.6821,1.901,1.718,1.7082,1.7122
2020,4,456,5.2,1.4801,1.4831,1.5719,1.5277,2.1539
2020,4,472,5.2,1.92,0.91,1.01,0.58,1.31
2020,4,504,5.2,1.2895,5.6885,-1.5274,2.8652,2.4482
2020,4,507,5.2,2.3795,1.958,1.9326,1.8589,1.9776
2020,4,508,,,,,,
2020,4,510,5.2,4.1,3.2,3.0,3.8,3.6
2020,4,518,5.2,1.5473,3.3626,2.3931,2.5666,2.7399
2020,4,528,5.2,1.6667,2.6,2.3586,2.0378,2.1682
2020,4,535,5.2,2.7,2.8,2.7,2.8,2.8
2020,4,546,5.2,2.4,2.1,2.2,2.2,2.3
2020,4,548,5.2,1.75,2.95,2.41,2.64,2.5
2020,4,549,5.2,2.2,1.7,2.0,1.7,1.1
2020,4,553,5.2,1.7,1.4,1.7,2.1,2.1
2020,4,555,5.2,2.2,1.5,1.5,1.8,2.4
2020,4,557,5.2,2.6585,2.4594,2.6124,2.9638,3.118
2020,4,563,5.2,7.3,1.7,1.4,4.5,3.7
2020,4,568,5.2,2.7589,2.3562,2.7501,2.3723,2.9516
2020,4,569,,,,,,
2020,4,570,5.2,2.2,2.0,1.7,2.1,2.0
2020,4,572,5.2,1.6,1.4,1.4,1.4,1.4
2020,4,574,5.2,2.5791,2.4791,2.3791,2.2791,2.1791
2020,4,577,5.2,1.1,1.2,1.4,1.4,1.5
2020,4,578,5.2,1.3,1.0,1.0,1.4,1.4
2020,4,579,5.2,2.0784,1.7633,0.9803,1.3122,1.0298
2020,4,586,5.2,3.1,1.0,2.1,1.5,1.7
2020,4,587,5.1582,1.7,2.0,2.25,2.25,2.25
2020,4,588,5.2,2.691,2.3038,2.4104,2.3277,2.0183
2020,4,589,5.2,1.8715,2.0586,2.141,2.2052,2.2563
2020,4,590,5.1582,2.0082,1.8539,1.7032,2.3182,1.7267
2020,4,591,5.2,2.3924,2.4,-1.1,2.0,2.6
2021,1,411,2.2,2.7,1.1,1.8,2.9,2.0
2021,1,421,2.2,2.34,1.4,1.7,2.0,2.3
2021,1,422,2.2,-1.0,1.5,2.0,2.1,2.1
2021,1,424,2.2,2.9,2.0,2.02,2.0,
2021,1,426,2.2,0.6517,1.7057,2.7174,1.6136,2.6258
2021,1,429,2.2,2.9755,1.7791,1.4557,2.1548,2.2296
2021,1,433,2.2,3.4926,2.1683,2.5605,2.2409,2.0011
2021,1,456,2.2,2.8458,2.4639,1.5781,1.6975,1.8693
2021,1,463,2.2,3.7,2.0,1.9,2.0,2.3
2021,1,484,2.2,2.25,2.25,2.3,2.35,2.4
2021,1,504,2.2,3.3595,0.5834,2.0337,2.2911,2.5577
2021,1,507,2.2,3.8191,3.2834,3.0213,2.7161,2.431
2021,1,508,,,,,,
2021,1,510,2.2,3.1,2.8,2.0,2.2,2.2
2021,1,518,2.2,1.3294,2.9101,2.3278,2.4567,2.6219
2021,1,524,2.2,2.345,2.1877,2.6568,1.7385,2.3919
2021,1,528,2.2,3.797,2.1629,1.879,1.4979,2.4245
2021,1,535,2.2,3.7,2.7,2.8,2.8,2.9
2021,1,546,2.2,2.0,2.2,2.3,2.4,2.4
2021,1,549,2.2,3.1,2.1,1.7,1.4,1.9
2021,1,553,2.2,1.8,2.5,2.3,2.2,2.0
2021,1,555,2.2,3.4,2.4,2.1,2.7,2.4
2021,1,557,2.2,3.1474,1.465,2.1708,2.2847,2.3734
2021,1,563,2.2,0.5,0.9,2.9,2.7,2.2
2021,1,568,2.2,2.6352,2.8343,2.816,2.6381,2.736
2021,1,570,2.2,4.0356,2.1013,1.8151,2.066,2.0671
2021,1,572,2.2295,2.5,1.7,1.8,2.0,2.0
2021,1,574,2.2,2.4295,2.4295,2.5295,2.5295,2.4295
2021,1,576,2.2,1.9729,2.3213,2.2813,2.4097,2.4309
2021,1,577,2.2,1.8,1.8,1.9,2.0,2.1
2021,1,578,2.2,2.4,1.8,1.9,1.7,1.7
2021,1,579,2.2,3.6984,1.8987,1.7608,1.3789,1.7459
2021,1,584,2.2,2.316,2.1655,2.0728,2.0694,2.1026
2021,1,585,2.2,3.3681,0.9084,1.6019,3.1895,2.1645
2021,1,586,2.2,0.7,2.2,1.3,1.6,1.7
2021,1,587,2.2285,2.0,2.25,2.25,2.25,2.25
2021,1,588,2.2,1.9199,3.6596,3.2472,3.1104,1.881
2021,1,589,2.2,1.9,1.9,2.1,2.1,2.2
2021,1,591,2.2,2.4924,0.8,2.4,2.7,1.9
2021,2,411,3.7,2.5,1.8,1.6,1.8,1.6
2021,2,421,3.7,5.6,4.2,3.3,2.7,2.5
2021,2,422,3.7,3.35,3.05,2.65,2.15,2.15
2021,2,423,3.7,3.75,3.25,3.3,3.02,2.64
2021,2,424,3.7,3.4614,2.563,2.4266,,
2021,2,426,3.7,2.4349,2.78,2.5146,2.5246,2.5246
2021,2,429,3.7,4.1751,1.9973,2.3278,2.5512,2.5838
2021,2,433,3.7,4.05,2.43,2.19,2.154,2.615
2021,2,456,3.7,4.0161,2.3972,1.5476,1.9619,1.9961
2021,2,484,3.7,3.0,3.3,2.8,2.6,2.3
2021,2,504,3.7,1.7975,1.246,2.0294,5.8531,3.2377
2021,2,508,3.7,0.3569,4.8388,2.0539,3.2026,0.3569
2021,2,510,3.7,5.0,3.0,2.8,2.7,2.8
2021,2,518,3.7,2.8733,2.6142,2.3032,2.1846,2.2918
2021,2,528,3.7,1.9671,1.6889,1.6328,2.408,2.5438
2021,2,535,3.7,3.7,2.7,2.8,2.9,2.8
2021,2,546,3.7,4.5,3.5,3.0,2.7,2.6
2021,2,549,3.7,3.2,2.2,2.1,2.0,2.2
2021,2,553,3.7,3.2,2.4,2.4,2.5,2.2
2021,2,555,3.7,5.1,3.5,2.5,2.3,2.1
2021,2,557,3.7,2.4889,2.4735,2.4583,2.1534,1.9613
2021,2,563,3.7,2.3,3.9,4.1,3.6,4.0
2021,2,568,3.7,5.1126,2.3277,1.8771,2.183,2.2326
2021,2,570,3.7,3.1418,2.3654,2.0052,2.2332,2.1086
2021,2,572,3.7,2.0,2.0,2.0,2.0,2.1
2021,2,574,3.7484,3.6193,3.2658,3.0658,2.8658,2.6658
2021,2,576,3.7,2.4994,2.2636,2.4334,2.2837,2.016
2021,2,577,3.7,3.8,3.2,2.8,2.5,2.5
2021,2,578,3.7,2.9471,2.4167,2.1709,1.6573,2.2477
2021,2,579,3.7,4.6161,2.8641,2.0717,1.4958,1.537
2021,2,584,3.7,2.1769,2.546,2.5604,2.548,2.5455
2021,2,586,3.7,3.1,1.3,2.3,1.6,2.0
2021,2,587,3.7484,2.4584,2.9979,3.0584,2.8408,2.603
2021,2,588,3.7,6.5362,2.6965,1.3416,2.2905,2.0183
2021,2,589,3.7,3.0,2.5,2.2,2.0,1.9
2021,2,590,3.7,3.9914,2.5704,1.9306,1.467,1.9577
2021,3,411,8.4,5.9,1.5,1.5,1.3,1.5
2021,3,421,8.4,4.2,3.3,2.7,2.5,2.5
2021,3,422,8.4,3.3,2.7,2.6,2.5,2.5
2021,3,424,8.4,5.0999,1.8149,2.2225,2.4266,2.4266
2021,3,426,8.4,2.8388,2.6756,2.3854,2.7991,2.7991
2021,3,428,8.445,4.1996,2.9372,2.3607,2.2351,2.255
2021,3,433,8.4,5.9,1.2,1.4,2.1,2.5
2021,3,456,8.445,6.3398,1.1797,2.0636,2.5132,2.1574
2021,3,463,8.4,5.3,1.6,2.1,2.4,2.6
2021,3,484,8.4,5.5,5.3,5.1,4.6,3.8
2021,3,504,8.4,2.9924,0.0536,-0.0886,0.3742,2.0353
2021,3,508,8.4,2.9365,2.7609,2.9521,3.0344,2.574
2021,3,510,8.4,6.2,3.5,3.0,3.1,2.8
2021,3,518,8.4,4.307,2.0519,2.1498,2.5713,2.4287
2021,3,528,8.4,4.8392,1.3533,2.0497,2.3659,2.2143
2021,3,535,8.4,6.5,2.5,2.9,2.8,2.8
2021,3,546,8.4,6.25,3.8,3.2,3.2,3.1
2021,3,549,8.4,6.4,3.1,1.9,1.4,2.1
2021,3,553,8.4,6.3,2.5,1.9,1.9,1.7
2021,3,555,8.4,6.5,2.8,2.2,2.1,2.4
2021,3,557,8.4,2.7,2.46,2.15,1.96,2.2
2021,3,563,8.4,5.6,4.6,5.7,5.2,4.7
2021,3,568,8.4,4.7227,2.2216,1.9575,2.1416,2.2489
2021,3,570,8.4,7.4002,4.7386,2.1001,1.8304,1.9156
2021,3,572,8.4,3.7,2.5,2.0,2.1,2.0
2021,3,574,8.4,4.8257,3.8257,3.3257,3.0257,2.8257
2021,3,576,8.4,3.6758,1.3594,2.0458,1.6502,2.5769
2021,3,577,8.4,4.6,3.2,3.0,2.8,
2021,3,578,8.4,5.3,2.0,2.1,2.0,1.8
2021,3,579,8.4,8.1394,2.5842,1.4079,0.877,1.9642
2021,3,584,8.4,3.7029,3.5889,3.6871,3.6833,3.6265
2021,3,586,8.4,3.6,2.4,2.7,2.3,2.4
2021,3,587,8.445,5.0,4.0,3.0,2.3181,2.5319
2021,3,588,8.4,6.3773,1.8826,2.0183,1.8828,2.4266
2021,3,589,8.4,6.0428,3.1024,2.2617,2.2903,2.2796
2021,3,591,8.4,6.0,2.9,1.9,1.9,1.9
2021,4,411,6.6,4.6,1.4,2.1,2.2,2.1
2021,4,421,6.6,4.6,2.7,2.5,2.5,2.3
2021,4,422,6.6,-1.0,1.5,2.0,2.1,2.1
2021,4,424,6.6,5.9166,3.0023,1.8555,1.8828,2.4268
2021,4,426,6.6,3.7274,2.8146,2.4393,3.6429,3.6429
2021,4,428,6.6329,4.3889,2.9305,2.5486,2.1866,2.1467
2021,4,429,6.6,5.3188,4.2787,3.0389,2.6975,2.4185
2021,4,433,6.6,4.4565,2.5689,2.4813,2.1986,1.9682
2021,4,456,6.6,5.8564,4.0797,3.848,2.8504,2.1672
2021,4,463,6.6,4.6,2.8,2.4,2.4,2.5
2021,4,484,6.6,5.3,5.1,4.6,3.8,3.65
2021,4,504,6.6,3.6434,-2.3868,-1.4263,1.7124,1.7414
2021,4,508,6.6,5.2305,2.9676,2.8179,2.2093,1.2146
2021,4,510,6.6,4.8,3.0,3.2,2.8,2.5
2021,4,518,6.6,3.4416,2.2524,2.9615,2.8583,2.905
2021,4,524,6.6,5.3014,4.7698,3.7208,3.19,2.4027
2021,4,528,6.6,3.4245,1.913,1.8503,2.1322,2.5651
2021,4,535,6.6,6.3,4.0,3.3,3.1,3.0
2021,4,546,6.6,4.5,4.0,3.5,3.2,3.0
2021,4,549,6.6,4.6,2.1,1.8,2.3,1.9
2021,4,553,6.6,5.7,5.6,4.1,3.1,2.8
2021,4,555,6.6,6.1,4.3,3.2,2.8,2.0
2021,4,563,6.6,4.6,4.8,4.5,3.9,3.9
2021,4,568,6.6,4.0014,3.0045,2.7065,2.6989,2.2576
2021,4,570,6.6,4.7604,3.9986,2.6111,2.3838,2.3325
2021,4,572,6.6,4.0,2.8,2.5,2.3,2.2
2021,4,574,6.6,5.1329,4.7329,4.3329,3.9329,3.5329
2021,4,576,6.6,4.1204,2.655,2.6468,1.6973,2.0661
2021,4,577,6.6,5.4,5.0,3.8,3.2,3.0
2021,4,579,6.6,7.4109,5.5334,0.9145,1.1074,2.1552
2021,4,584,6.6,4.5203,3.5698,3.6625,3.7267,3.7177
2021,4,587,6.6324,5.5,4.0,2.3181,2.5319,2.4942
2021,4,588,6.6,4.1422,2.9726,2.0183,2.4266,2.0183
2021,4,589,6.6,3.5697,2.6543,2.4246,2.2839,2.2325
2021,4,591,6.6,4.8,3.7,2.8,2.4,2.4
2021,4,593,6.6,3.4,1.3,2.0,2.0,2.0
2021,4,594,,,,,,
2022,1,411,8.2,4.2,1.5,1.9,1.5,2.3
2022,1,421,8.2,4.7,4.2,3.5,2.7,2.5
2022,1,422,8.2,2.9,2.8,1.4,1.5,2.1
2022,1,424,8.2,5.4323,2.4946,2.4266,2.4266,
2022,1,426,8.2,4.2053,2.972,2.1909,4.8037,2.1332
2022,1,428,8.2394,4.635,3.2953,2.6982,2.4679,2.306
2022,1,429,8.2,6.5343,3.7328,3.3287,2.8789,2.9667
2022,1,433,8.2,5.5,3.2,1.6,1.7,2.1
2022,1,456,8.2,6.2425,6.1473,3.0306,2.3971,2.7088
2022,1,463,8.2,5.6,3.3,2.8,2.5,2.4
2022,1,484,8.2,5.1,4.9,4.1,4.0,4.1
2022,1,504,8.2,6.557,-3.8028,-2.7246,0.4448,1.5212
2022,1,508,,,,,,
2022,1,510,8.2,5.5,4.2,3.7,3.1,3.0
2022,1,518,8.2,5.8,4.5,2.9198,2.8226,2.3855
2022,1,528,8.2,5.1463,2.6905,2.4929,2.749,2.6951
2022,1,535,8.2,6.2,4.2,3.4,3.3,3.1
2022,1,546,8.2,5.9,5.0,4.0,3.5,3.1
2022,1,549,8.2,5.5,2.5,2.3,2.5,3.1
2022,1,553,8.2,7.0,5.8,4.8,3.3,2.8
2022,1,555,8.2,5.2,3.8,3.4,2.8,1.9
2022,1,563,8.2,8.0,6.8,6.9,6.7,6.2
2022,1,568,8.2,4.5904,2.498,2.6539,2.4763,2.0943
2022,1,570,8.2,6.1749,3.8727,2.6758,2.3178,2.7719
2022,1,572,8.2,5.7,3.3,2.5,2.3,2.1
2022,1,574,8.2,6.7394,5.7394,4.9594,4.3594,3.7594
2022,1,576,8.2,5.4052,4.7046,2.6932,2.2465,1.8766
2022,1,577,8.2,6.5,6.0,5.5,5.0,4.5
2022,1,579,8.2,6.2533,3.8955,2.1917,1.922,1.5876
2022,1,584,8.2,6.7085,4.7097,4.8495,4.984,4.9608
2022,1,585,8.2,4.6036,1.1195,1.349,3.7078,2.3549
2022,1,586,8.2,5.4,4.2,4.5,4.2,4.3
2022,1,587,8.2405,6.0,5.5,5.0,4.5,4.0
2022,1,588,8.2,3.9417,2.0183,2.4266,2.0183,1.4758
2022,1,589,8.2,3.666,2.8465,2.5409,2.3911,2.4
2022,1,594,,,,,,
2022,2,411,9.2,5.3,4.0,3.0,2.7,2.0
2022,2,422,9.2,5.99,4.3,3.0,2.7,2.1
2022,2,424,9.2,8.3092,4.5617,4.2546,3.4395,3.0416
2022,2,428,9.2009,6.4963,3.6619,2.6399,2.2405,2.267
2022,2,429,9.2,9.6821,5.2364,3.7676,3.2133,3.0426
2022,2,433,9.2,9.5499,3.4578,1.3828,0.8179,1.4058
2022,2,456,9.2,6.652,5.5966,2.9782,3.0152,2.9
2022,2,463,9.2,6.3,3.2,2.7,2.5,2.5
2022,2,484,9.2,9.5,9.6,9.4,9.0,8.8
2022,2,504,9.2,3.737,-6.1703,-1.3684,1.679,2.1408
2022,2,508,9.2,5.4119,4.0692,4.333,3.0,2.6078
2022,2,510,9.2,6.5,3.5,3.0,2.8,2.5
2022,2,518,9.2,8.4835,4.6733,3.9846,3.5002,3.124
2022,2,535,9.2,7.3,5.0,3.8,3.4,3.3
2022,2,546,9.2,7.0,4.5,4.0,3.5,3.25
2022,2,549,9.2,7.9,4.6,3.3,2.7,3.6
2022,2,553,9.2,6.8,4.0,3.0,2.9,2.9
2022,2,555,9.2,8.9,5.3,3.8,2.0,0.9
2022,2,563,9.2,9.0,8.7,7.9,6.9,6.3
2022,2,568,9.2,6.5137,3.3201,2.8598,2.5309,2.5918
2022,2,570,9.2,8.5813,6.0168,3.2461,3.2523,3.0258
2022,2,572,9.2,5.8,4.2,3.7,3.4,3.2
2022,2,574,9.2,8.004,7.004,6.104,5.304,4.604
2022,2,576,9.2,5.2336,3.1847,2.4828,2.3187,2.3878
2022,2,577,9.2,8.2,7.0,6.5,5.5,5.0
2022,2,579,9.2,8.677,6.1562,3.7877,3.7,2.6843
2022,2,584,9.2,6.3432,3.8213,4.1806,4.4494,4.5355
2022,2,586,9.2,6.5,6.3,6.2,5.5,5.7
2022,2,587,9.2019,7.5,6.5,5.5,4.5,3.5
2022,2,588,9.2,7.3902,3.5219,1.7462,2.4273,3.2472
2022,2,589,9.2,6.1,3.7,3.0,2.4,2.1
2022,2,591,,,,,,
2022,2,593,9.2,7.2,6.8,5.7,3.6,3.4
2022,2,594,,,,,,
2022,3,411,10.5,6.3,4.6,3.7,2.7,2.5
2022,3,422,10.5,5.0,4.5,4.0,3.5,3.3
2022,3,424,10.5,6.0775,4.4566,3.4113,3.0416,2.7129
2022,3,426,10.5,3.9777,3.3203,2.5978,3.1023,3.1023
2022,3,428,10.5309,4.127,3.7164,2.9423,2.4991,1.8122
2022,3,433,10.5,6.6624,3.0318,2.3101,1.8912,1.8258
2022,3,456,10.5,7.7366,3.5225,3.2831,2.8546,2.733
2022,3,463,10.5,6.7,2.6,2.6,2.6,2.6
2022,3,484,10.5,9.6,9.4,9.0,8.8,8.5
2022,3,504,10.5,-2.3795,-1.0991,3.9457,3.8367,3.0571
2022,3,508,10.5,4.2,3.7,3.0,3.3,3.0
2022,3,510,10.5,6.2,5.5,4.5,4.2,4.0
2022,3,518,10.5,4.67,3.9528,3.4391,3.0268,2.3816
2022,3,528,10.5,5.6525,2.0566,2.6026,2.4376,1.9097
2022,3,535,10.5,7.0,4.3,4.2,3.8,3.4
2022,3,546,10.5,4.8,4.3,3.4,2.4,2.6
2022,3,549,10.5,7.3,2.8,2.2,3.8,4.4
2022,3,553,10.5,8.4,6.0,4.0,3.8,3.0
2022,3,555,10.5,6.7909,4.584,3.1183,1.0994,1.6962
2022,3,563,10.5,8.6,8.0,8.2,7.5,7.0
2022,3,568,10.5,6.3384,4.3789,2.7623,2.2881,2.0791
2022,3,570,10.5,8.1634,6.6367,3.7595,3.6067,3.0984
2022,3,572,10.5,8.2,6.0,4.0,3.5,2.9
2022,3,574,10.5,8.5309,7.3309,6.3309,5.5309,4.8309
2022,3,576,10.5,3.0423,2.6573,2.8451,2.6621,2.4146
2022,3,577,10.5309,7.0,6.5,5.5,5.0,4.5
2022,3,584,10.5,4.289,3.0606,3.6209,3.956,4.0668
2022,3,587,10.5309,7.0,5.5,4.5,3.5,3.0
2022,3,588,10.5,6.9065,1.6112,2.4273,3.2472,2.4251
2022,3,589,10.5,4.7448,3.3902,2.9638,2.5744,2.505
2022,3,591,10.5,6.2,3.6,3.5,3.1,3.1
2022,3,593,10.5,7.2,6.8,5.7,3.6,3.4
2022,3,594,,,,,,
2022,3,595,10.5,7.5,6.75,5.0,3.5,3.25
2022,3,596,10.5,11.1659,5.1866,3.6143,3.6143,3.6143
2022,4,411,5.7,5.4,3.7,2.2,3.1,3.1
2022,4,422,5.7,5.0,4.5,4.0,3.5,3.3
2022,4,426,5.7,3.7164,2.9423,2.4991,3.5148,3.5148
2022,4,428,5.6856,4.0389,3.607,3.0994,2.5272,2.3509
2022,4,429,5.7,5.0,4.2,3.5,3.0,2.6
2022,4,433,5.6856,5.2098,5.3173,3.7117,2.9553,2.5389
2022,4,456,5.7,3.225,3.3929,3.1897,2.497,3.7543
2022,4,463,5.7,5.0,3.3,2.7,2.6,2.5
2022,4,484,5.7,6.8,7.5,7.25,7.0,6.5
2022,4,504,5.7,1.2501,0.1378,1.969,2.2271,2.5239
2022,4,508,5.7,4.4185,4.0426,2.5836,2.4588,1.7809
2022,4,510,5.7,3.5,3.0,2.8,2.5,2.6
2022,4,518,5.7,5.0193,4.2354,2.4176,2.8403,2.936
2022,4,524,5.7,5.4092,5.1017,4.9109,4.6119,4.562
2022,4,528,5.7,6.551,5.0568,3.184,2.514,2.6674
2022,4,530,,,,,,
2022,4,535,5.7,6.3,6.0,5.2,4.4,3.7
2022,4,546,5.7,5.5,4.6,3.9,3.3,2.9
2022,4,549,5.7,6.5,2.1,3.6,3.6,3.3
2022,4,555,5.7,5.3809,4.4735,3.2484,2.9116,2.8915
2022,4,563,5.7,5.9,6.2,5.1,4.7,4.7
2022,4,568,,,,,,
2022,4,570,5.7,6.3266,5.7689,3.4439,3.1967,3.1286
2022,4,572,5.7,4.2,3.9,3.6,3.0,2.5
2022,4,574,5.7,4.4856,3.8856,3.4856,3.1856,2.9856
2022,4,576,5.7,5.3951,5.752,0.3255,1.8656,0.5163
2022,4,577,5.6856,5.6856,6.5,5.5,4.9,4.0
2022,4,579,5.7,5.3,3.6,1.4,1.3,1.1
2022,4,584,5.7,7.6756,5.4623,5.8039,6.0115,6.0062
2022,4,585,5.7,5.7618,4.2235,1.4328,2.3518,3.1518
2022,4,586,5.7,5.7,6.1,5.3,5.7,5.4
2022,4,587,5.6851,5.5,4.5,3.5,3.0,2.75
2022,4,588,5.7,5.7362,4.6269,4.4907,3.7958,1.6112
2022,4,589,5.7,5.4334,3.7086,3.4985,2.7074,2.5906
2022,4,591,5.7,3.9,3.5,3.1,3.1,3.1
2022,4,594,,,,,,
2022,4,595,5.7,6.75,5.0,3.5,3.25,2.25
2022,4,596,5.7,6.1364,6.1364,6.1364,6.1364,6.1364
2023,1,411,3.1,3.2,3.5,3.1,2.9,1.8
2023,1,422,3.1,3.7,3.6,2.7,2.5,2.5
2023,1,428,3.1324,3.4795,3.2911,2.5382,2.794,2.1658
2023,1,429,3.1,2.5063,3.1447,2.7416,2.6848,2.635
2023,1,433,3.1,4.0828,4.2185,3.4664,2.8019,2.3861
2023,1,456,3.1,3.2624,3.9843,2.0172,2.8133,2.6271
2023,1,463,3.1,2.9,2.9,2.6,2.5,2.4
2023,1,484,3.1,5.5,5.25,5.0,4.5,3.75
2023,1,504,3.1,-1.1967,1.3611,2.2617,3.5484,3.0578
2023,1,508,3.1,2.7186,3.415,3.5887,3.0457,3.0579
2023,1,510,3.1,2.0,2.1,2.4,2.0,2.2
2023,1,518,3.1,5.8585,3.8643,3.1659,3.1274,2.7472
2023,1,524,3.1,3.5017,3.429,3.5495,3.2041,3.2121
2023,1,528,3.1,3.2499,2.7691,1.6173,2.2041,2.6553
2023,1,535,3.1,4.3,5.2,4.4,3.7,3.2
2023,1,548,3.1,3.9986,3.5361,3.4278,3.2108,2.2719
2023,1,549,3.1,2.9,3.7,4.1,2.5,1.7
2023,1,555,3.1,2.8,2.4,1.7,2.3,2.6
2023,1,563,3.1,5.4,4.9,4.1,4.5,
2023,1,568,3.1,2.954,3.6813,3.1647,2.6747,2.5268
2023,1,570,3.1,4.3663,3.3949,2.7433,2.4961,2.8336
2023,1,572,3.1,3.7,3.1,3.0,2.5,2.4
2023,1,574,3.1,2.6324,2.3324,2.1324,2.0324,2.0324
2023,1,576,3.1,3.3902,3.3427,2.5114,2.7543,2.1339
2023,1,577,3.1,3.6,3.4,3.2,3.0,2.8
2023,1,584,3.1,2.7049,2.7936,3.1098,3.2977,3.3648
2023,1,586,3.1,4.6,3.8,4.2,3.7,3.9
2023,1,587,3.1319,3.5,3.5,3.0,2.75,2.5
2023,1,588,3.1,2.1295,2.4247,3.2474,2.5626,1.6112
2023,1,589,3.1,3.1,3.0854,2.7855,2.5072,2.5061
2023,1,591,3.1,2.5,2.6,2.5,2.5,2.7
2023,1,593,3.1,3.0,3.0,2.8,2.6,2.4
2023,1,594,,,,,,
2023,1,595,3.1,3.5,3.5,3.5,3.5,3.0
2023,1,596,3.1,3.7,3.7,3.7,3.7,3.7
2023,1,598,3.1,2.5,1.9,1.5,1.7,2.0
2023,1,601,3.1,4.3418,3.9885,3.4667,3.0962,2.7256
2023,2,411,3.8,3.2,3.6,2.7,1.7,2.6
2023,2,422,3.8,3.3,2.9,2.3,2.7,2.7
2023,2,426,3.8,2.6328,2.7078,3.0263,3.223,3.223
2023,2,428,3.8127,2.2464,2.7004,2.9842,2.5299,2.4008
2023,2,429,3.8,3.0604,3.1453,2.9492,2.7185,2.5504
2023,2,433,3.8127,3.7977,4.6914,3.4206,2.6204,2.2833
2023,2,456,3.8,3.2392,2.8938,3.4388,2.8447,2.3358
2023,2,463,3.8,3.2,2.5,2.5,2.4,2.3
2023,2,504,,,,,,
2023,2,508,3.8,3.8875,3.5765,2.8863,2.1385,1.8872
2023,2,510,3.8,2.2,1.9,2.1,1.7,1.6
2023,2,518,3.8,3.4331,3.8973,2.2727,1.8631,1.914
2023,2,524,3.8,4.029,3.9495,3.6041,3.5212,3.6016
2023,2,528,3.8,3.0161,1.9441,2.7296,2.7917,2.5032
2023,2,535,3.8,3.5,4.0,3.7,3.2,2.9
2023,2,548,3.8,5.4204,6.0676,3.2615,2.7361,2.1715
2023,2,549,3.8,3.5,3.1,2.3,2.3,2.2
2023,2,555,3.8,2.6497,2.1725,2.3612,2.4733,2.3663
2023,2,563,3.8,4.3,4.5,4.1,4.2,4.3
2023,2,568,3.8,4.1097,3.5549,2.8419,2.522,2.4168
2023,2,570,3.8,3.7659,3.1608,2.7847,2.8176,2.7194
2023,2,572,3.8,3.2,2.9,2.7,2.4,2.3
2023,2,574,3.8127,3.5127,3.2127,2.9127,2.6127,2.4127
2023,2,576,3.8,3.3819,3.0984,2.6494,2.5584,2.3802
2023,2,577,3.8127,3.6,3.4,3.4,3.2,3.0
2023,2,584,3.8,2.2175,2.8111,2.9821,3.034,3.0389
2023,2,585,3.8,2.5803,3.0303,2.9623,2.5146,0.9071
2023,2,586,3.8,3.5,4.2,3.6,3.7,3.2
2023,2,587,3.8132,4.0659,4.4113,3.2938,2.7468,2.6138
2023,2,588,3.8,4.0976,-0.0008,2.8364,2.4251,2.0187
2023,2,589,3.8,3.7448,3.4,2.9,2.6,2.4113
2023,2,591,3.8,4.1,3.8,3.8,3.7,3.7
2023,2,594,,,,,,
2023,2,596,3.8,4.5,4.5,4.5,4.5,4.4
2023,2,598,3.8,3.6,3.2,3.0,2.8,2.7
2023,2,599,3.8,3.29,3.2,2.72,2.5,2.0
2023,2,600,,,,,,
2023,2,601,3.8,3.7,3.4,3.2,2.7,2.6
2023,3,411,2.7,3.1,2.8,1.7,2.8,2.6
2023,3,421,2.7,4.1,3.5,3.4,3.1,2.8
2023,3,422,2.7,3.7,3.6,3.3,3.3,3.2
2023,3,426,2.7,2.8655,3.2663,2.7514,3.223,3.223
2023,3,428,2.709,3.108,3.1896,2.6677,2.4274,2.1334
2023,3,429,2.7,3.0179,2.8128,2.7831,2.6662,2.564
2023,3,433,2.709,3.16,3.4105,2.7583,2.2902,2.1874
2023,3,456,2.709,1.6967,2.8661,3.496,2.7653,2.2079
2023,3,463,2.7,3.0,2.8,2.4,2.3,2.3
2023,3,484,2.7,3.9,3.8,3.7,3.6,3.5
2023,3,504,2.7,3.166,2.9534,2.0702,1.74,2.4589
2023,3,508,2.7,3.3998,3.4816,2.0164,2.9087,2.5987
2023,3,510,2.7,1.6,1.3,1.6,1.0,1.8
2023,3,518,2.7,2.8137,3.4421,2.1847,2.5865,2.855
2023,3,535,2.7,3.9,3.9,3.2,2.9,2.7
2023,3,549,2.7,3.2,2.2,2.0,1.9,2.4
2023,3,555,2.7,2.7601,2.6667,2.2008,1.4234,2.8273
2023,3,563,2.7,3.3,3.4,3.2,3.3,3.4
2023,3,568,2.7,2.8129,2.8926,2.6516,2.3955,2.5872
2023,3,570,2.7,3.056,2.6608,2.4132,2.2229,2.1356
2023,3,572,2.7,2.6,2.5,2.4,2.3,2.2
2023,3,574,2.7,2.409,2.209,2.109,2.009,1.909
2023,3,576,2.7,2.7244,2.6788,2.2039,1.9542,1.6913
2023,3,577,2.709,3.4,3.2,3.0,2.8,2.6
2023,3,584,2.7,4.7285,4.0215,4.0195,3.9927,3.8928
2023,3,586,2.7,3.7,3.1,3.4,3.0,3.2
2023,3,587,2.7085,4.6937,4.1167,1.3442,2.5122,2.5968
2023,3,588,2.7,2.9694,2.6991,2.4266,2.154,2.0183
2023,3,589,2.7,2.9583,2.7885,2.5776,2.3645,2.3466
2023,3,591,2.7,1.6,3.8,3.7,3.7,3.5
2023,3,593,2.7,3.0,3.0,2.8,2.6,2.4
2023,3,594,,,,,,
2023,3,595,2.7,2.5,2.3,2.8,3.0,3.0
2023,3,596,2.7,3.5,3.4,3.3,3.2,3.1
2023,3,598,2.7,3.1,2.8,2.4,2.4,2.4
2023,3,599,2.7,3.08,2.8,2.52,2.5,2.6
2023,3,603,2.7,1.8,1.5,1.6,0.8,1.1
2023,4,411,3.6,2.8,1.9,2.8,3.3,2.0
2023,4,421,3.6,3.5,3.4,3.1,2.8,2.5
2023,4,422,3.6,3.5,3.1,2.9,2.5,2.4
2023,4,426,3.6,3.1904,3.2233,2.6942,2.5607,3.223
2023,4,428,3.5832,3.222,2.6971,2.6159,2.327,2.2284
2023,4,429,3.6,4.1968,2.8277,3.0491,2.6369,2.603
2023,4,463,3.6,2.8,2.5,2.3,2.3,2.4
2023,4,484,3.6,3.6,3.5,3.5,3.4,3.3
2023,4,508,,,,,,
2023,4,510,3.6,1.8,2.1,1.9,2.0,1.8
2023,4,518,3.6,3.425,2.1838,2.5922,2.8654,1.963
2023,4,549,3.6,2.9,2.0,1.8,2.5,2.8
2023,4,555,3.6,3.3855,2.8652,1.0175,1.3425,3.0609
2023,4,563,3.6,3.5,3.2,3.2,3.2,3.2
2023,4,568,3.6,3.2641,2.3311,2.0847,2.2255,2.2986
2023,4,570,3.6,3.4292,2.7763,2.5506,2.5271,2.0014
2023,4,572,3.6,3.5,3.1,2.4,2.4,2.1
2023,4,574,3.6,3.1832,2.7832,2.5832,2.3832,2.2832
2023,4,576,3.6,2.8354,2.6942,2.5607,2.2611,2.172
2023,4,577,3.5832,3.5832,3.2,3.0,2.8,2.6
2023,4,584,3.6,3.2912,3.1431,3.2434,3.2952,3.3238
2023,4,586,3.6,3.0,3.3,2.9,3.1,3.0
2023,4,587,3.5837,3.756,2.0146,2.7467,2.7068,2.6109
2023,4,588,3.6,2.5118,2.4266,2.0183,2.154,2.1542
2023,4,589,3.6,2.9616,2.5724,2.4783,2.3933,2.287
2023,4,591,3.6,2.7,2.4,2.4,2.1,1.9
2023,4,594,,,,,,
2023,4,596,3.6,3.6,3.6,3.6,3.6,3.6
2023,4,598,3.6,3.3,3.0,2.7,2.4,2.4
2023,4,599,3.6,3.4,3.2,2.7,2.64,2.42
2023,4,600,,,,,,
2023,4,602,3.6,3.2525,2.8457,2.3743,2.2184,2.1858
2023,4,603,3.6,2.0666,1.0172,0.5587,0.8491,0.8375
2023,4,604,3.6,2.5446,2.3428,2.9386,2.8451,2.8993
2024,1,411,2.8,2.8,2.6,2.5,2.0,1.2
2024,1,421,2.8,3.4,3.1,2.8,2.5,2.4
2024,1,422,2.8,3.1,2.8,2.5,2.4,2.4
2024,1,428,2.7679,2.4444,2.6105,2.4878,2.3814,2.2784
2024,1,429,2.8,2.1209,1.7914,2.3158,2.2387,2.1982
2024,1,433,2.7678,1.9457,2.3092,2.2214,2.408,1.8519
2024,1,463,2.8,2.2,2.3,2.4,2.4,2.4
2024,1,508,,,,,,
2024,1,510,2.8,2.0,2.1,2.4,2.0,1.9
2024,1,518,2.8,2.2724,1.9282,1.7909,1.4706,1.3702
2024,1,535,2.8,2.8,2.9,2.7,2.5,2.4
2024,1,548,2.8,2.5,2.9,2.9,2.1,1.4
2024,1,549,2.8,2.3,1.5,2.3,2.3,2.6
2024,1,555,2.8,2.507,2.3527,2.119,2.168,2.2434
2024,1,563,2.8,2.6,3.0,3.0,3.0,3.1
2024,1,568,2.8,2.3609,2.422,2.4275,2.6415,2.5542
2024,1,570,2.8,2.8611,2.4489,2.356,2.2866,2.0752
2024,1,572,2.8,2.5,2.5,2.4,2.3,2.2
2024,1,574,2.8,2.3679,2.1679,1.9679,1.8679,1.7679
2024,1,576,2.8,2.6942,2.5607,2.2611,2.172,2.1
2024,1,577,2.7679,2.8,2.8,2.6,2.6,2.4
2024,1,584,2.8,1.8072,3.1489,3.0906,2.9686,2.8833
2024,1,586,2.8,3.2,2.8,3.0,2.9,3.0
2024,1,587,2.7678,2.8307,2.806,2.6386,2.4615,2.3774
2024,1,588,2.8,1.7174,2.0183,2.154,2.1542,2.1544
2024,1,589,2.8,2.4858,2.4546,2.3995,2.328,2.2569
2024,1,593,2.8,2.7,2.6,2.5,2.4,2.3
2024,1,594,,,,,,
2024,1,596,2.8,2.685,2.685,2.685,2.685,2.685
2024,1,598,2.8,2.8,2.5,2.4,2.4,2.4
2024,1,599,2.8,2.3,2.2,2.02,1.85,1.4
2024,1,602,2.8,2.6744,2.4298,2.2627,2.1522,2.0373
2024,1,603,2.8,2.5118,0.6266,1.5398,0.8963,1.2721
2024,1,604,2.8,2.6357,2.6456,2.8325,3.0065,2.8851
2024,2,411,3.8,3.9,2.5,2.3,1.3,2.0
2024,2,421,3.8,3.0,2.8,2.5,2.4,2.2
2024,2,422,3.8,3.0,2.6,2.5,2.4,2.4
2024,2,428,3.8061,2.6606,2.2965,2.394,2.408,2.535
2024,2,429,3.8,3.7357,2.9991,2.5464,2.407,2.3962
2024,2,433,3.8,4.0042,2.8747,2.2922,2.3261,2.3209
2024,2,463,3.8,4.0,2.9,2.8,2.8,2.9
2024,2,484,3.8,3.9,3.85,3.8,3.85,3.85
2024,2,508,,,,,,
2024,2,510,3.8,3.0,3.1,2.9,2.6,2.3
2024,2,518,3.8,3.3882,2.6828,2.0359,1.4517,2.1722
2024,2,535,3.8,4.0,2.8,2.5,2.4,2.4
2024,2,548,3.8,2.8983,2.9021,2.0933,1.3713,1.7306
2024,2,549,3.8,3.3,2.3,2.3,2.5,2.8
2024,2,555,3.8,4.0436,2.5686,2.5922,2.5772,2.2456
2024,2,563,3.8,3.4,3.2,3.4,3.4,3.4
2024,2,568,3.8,3.8145,2.6765,2.3059,2.5875,2.5661
2024,2,570,3.8,3.722,1.8009,2.4576,2.4058,2.3983
2024,2,572,3.8,2.8,2.7,2.2,2.2,2.2
2024,2,574,3.8,3.2061,2.8061,2.5061,2.3061,2.2061
2024,2,576,3.8,3.3,3.0,2.8,2.4,2.1
2024,2,577,3.8061,3.4,3.2,3.0,2.8,2.8
2024,2,584,3.8,3.3651,3.8541,3.8567,3.5578,3.4655
2024,2,587,3.8065,4.9263,4.0496,2.6029,2.3638,2.3225
2024,2,588,3.8,5.336,2.2896,0.668,1.6118,2.0183
2024,2,589,3.8,3.3747,2.7019,2.4681,2.2594,2.2071
2024,2,594,,,,,,
2024,2,596,3.8,3.7,3.6,3.5,3.4,3.3
2024,2,598,3.8,3.5,3.2,2.9,2.8,2.7
2024,2,599,3.8,3.41,2.9,2.8,2.5,2.15
2024,2,600,,,,,,
2024,2,602,3.8061,3.7553,2.1236,2.2243,2.0787,2.0114
2024,2,603,3.8,4.1943,1.8433,2.3013,1.7236,1.8776
2024,2,604,3.8,3.391,2.5571,2.3088,2.5648,2.9818
2024,3,411,2.8,2.1,2.2,1.8,2.1,2.7
2024,3,421,2.8,2.8,2.5,2.4,2.2,2.3
2024,3,422,2.8,2.6,2.5,2.4,2.4,2.5
2024,3,426,2.8,2.3067,2.375,2.2795,2.1991,2.1
2024,3,428,2.8213,2.2666,2.3918,2.5711,2.5836,2.3752
2024,3,429,2.8,2.1108,2.5755,2.2341,2.304,2.2384
2024,3,433,2.8,1.472,2.4047,3.1623,2.6372,2.2541
2024,3,463,2.8,1.6,2.6,2.4,2.7,2.7
2024,3,508,,,,,,
2024,3,510,2.8,2.4,2.6,2.5,2.4,2.5
2024,3,518,2.8,1.7781,1.9048,1.3046,1.5972,1.7915
2024,3,528,2.8,1.3831,1.7371,2.0314,2.2108,2.1909
2024,3,535,2.8,2.1,2.5,2.7,2.4,2.5
2024,3,549,2.8,1.5,2.5,2.8,2.9,1.8
2024,3,555,2.8,1.303,2.1981,2.5576,2.4478,2.3836
2024,3,563,2.8,3.0,3.4,3.2,3.3,3.5
2024,3,568,2.8,2.2971,2.6316,2.6519,2.4938,2.6309
2024,3,570,2.8,2.5187,2.4594,2.5113,2.4286,2.4652
2024,3,574,2.8213,1.8213,1.7213,1.7213,1.8213,1.9213
2024,3,576,2.8,2.5,2.4,2.3,2.1,2.0
2024,3,577,2.8213,2.9,2.8,2.6,2.6,2.4
2024,3,584,2.8,2.3592,2.2711,2.2949,2.2812,2.3111
2024,3,586,2.8,3.1,3.1,3.0,3.1,2.8
2024,3,587,2.8204,2.9359,2.5261,2.3585,2.3221,2.2265
2024,3,588,2.8,1.4545,1.9236,2.5083,2.2901,1.7472
2024,3,589,2.8,2.6,2.5,2.4,2.3,2.3
2024,3,591,2.8,2.8,2.7,2.2,2.2,2.8
2024,3,593,2.8,2.6,2.6,2.6,2.6,2.6
2024,3,594,,,,,,
2024,3,595,2.8,2.9,3.0,2.8,2.5,2.5
2024,3,596,2.8,2.7,2.7,2.7,2.7,2.7
2024,3,598,2.8,1.5,2.1,2.0,2.0,2.0
2024,3,599,2.8,2.4,2.4,2.1,2.1,2.0
2024,3,602,2.8,2.4849,2.1547,2.1896,2.1758,2.2984
2024,3,603,2.8,-1.1892,0.5302,1.3803,1.8495,2.052
2024,3,604,2.8,1.9964,2.5109,2.4369,2.645,2.8378
2024,4,411,1.2,2.5,2.0,2.7,1.8,1.8
2024,4,426,1.2,2.375,2.2795,2.1991,2.1,2.0
2024,4,428,1.2233,2.283,2.3377,2.5575,2.4402,2.3001
2024,4,429,1.2,2.4244,2.3478,2.4708,2.5028,2.4948
2024,4,433,1.2,2.2769,3.1873,2.5518,2.2236,2.0702
2024,4,463,1.2,2.1,2.5,2.6,2.6,2.4
2024,4,508,,,,,,
2024,4,510,1.2,1.6,2.1,1.7,1.7,1.6
2024,4,518,1.2,1.812,1.5519,1.6591,1.8716,1.9672
2024,4,535,1.2,3.1,3.2,2.5,2.4,2.5
2024,4,549,1.2,2.0,2.3,2.4,1.6,1.3
2024,4,555,1.2,2.5236,2.9123,2.6355,2.4154,2.2994
2024,4,563,1.2,2.3,2.6,2.3,2.6,2.7
2024,4,568,1.2,2.1982,2.8352,2.7919,2.8031,2.7427
2024,4,570,1.2,2.4672,2.27,2.3494,2.2099,2.1659
2024,4,572,1.2,2.3,2.2,2.2,2.2,2.2
2024,4,574,1.2233,2.0,2.0,2.0,2.0,2.0
2024,4,576,1.2,2.2,2.3,2.1,2.0,2.0
2024,4,577,1.2233,2.2,2.2,2.0,1.8,1.6
2024,4,584,1.2,2.7442,3.5957,3.5145,3.4066,3.3129
2024,4,587,1.2241,2.478,3.2737,2.9584,2.6502,2.3908
2024,4,588,1.2,2.1574,2.263,2.4266,2.4266,2.4266
2024,4,589,1.2,2.1525,2.2445,2.2944,2.2665,2.2487
2024,4,590,1.2,3.497,2.7668,1.8923,2.1455,3.1903
2024,4,594,,,,,,
2024,4,595,1.2,2.0,3.1,3.0,1.7,2.2
2024,4,596,1.2,2.4,2.4,2.4,2.4,2.4
2024,4,598,1.2,2.1,2.3,2.5,2.5,2.5
2024,4,599,1.2,0.85,1.009,0.97,1.1,1.2
2024,4,600,,,,,,
2024,4,603,1.2,0.3212,1.0653,1.7901,1.9914,2.0859
2024,4,604,1.2,3.4866,2.6693,2.911,2.5461,2.4665
2024,4,605,1.2,1.4932,2.2147,2.4905,2.4085,2.4105
2025,1,411,3.1,3.8,2.8,2.7,2.7,3.5
2025,1,421,3.1,2.3,2.2,2.5,2.6,2.3
2025,1,422,3.1,3.0,2.8,3.0,3.3,3.5
2025,1,428,3.1084,2.7694,2.8658,2.993,2.8668,2.7311
2025,1,429,3.1,3.0344,2.7098,2.6091,2.5836,2.5669
2025,1,433,3.1,3.1262,3.5118,2.0504,1.8489,2.2147
2025,1,463,3.1,3.3,2.8,2.6,2.4,2.4
2025,1,508,,,,,,
2025,1,510,3.1,2.3,1.8,1.9,1.6,2.3
2025,1,518,3.1,2.9373,2.9895,1.2702,2.3475,2.6011
2025,1,535,3.1,3.6,2.5,2.6,2.8,3.2
2025,1,548,3.1,2.0412,2.0321,2.1845,2.1937,2.4166
2025,1,549,3.1,2.8,2.4,1.6,1.9,2.4
2025,1,555,3.1,3.9786,2.8073,2.6689,2.6718,2.86
2025,1,563,3.1,2.9,2.4,2.9,3.0,
2025,1,568,3.1,3.1992,3.5924,3.8209,3.3088,3.0574
2025,1,570,3.1,3.6881,2.4352,2.2782,2.1651,2.064
2025,1,572,3.1,3.6,2.5,2.2,2.2,2.2
2025,1,574,3.1084,3.0084,2.9084,2.8084,2.7084,2.6084
2025,1,576,3.1,2.5,2.4,2.4,2.3,2.2
2025,1,577,3.1084,3.2,3.2,3.3,3.1,
2025,1,584,3.1,3.0521,3.5492,3.4428,3.3425,3.2759
2025,1,586,3.1,3.0,2.6,2.7,2.6,2.6
2025,1,587,3.1084,3.2823,3.517,3.4335,3.1908,3.0804
2025,1,588,3.1,1.9327,3.1097,1.8823,1.4765,1.8828
2025,1,589,3.1,2.8,2.4,2.5,2.4,2.4
2025,1,591,3.1,3.1074,3.1215,3.0,3.0,3.0
2025,1,593,3.1,3.3,3.5,3.9,3.6,3.2
2025,1,594,,,,,,
2025,1,595,3.1,2.7,2.6,3.1,3.2,3.0
2025,1,596,3.1,2.9,2.5,2.5,2.5,2.5
2025,1,598,3.1,2.9,2.9,3.0,3.0,2.9
2025,1,599,3.1,3.1,2.82,3.21,3.08,2.87
2025,1,600,3.1,3.0,2.9,2.8,2.7,2.7
2025,1,602,3.1084,3.0398,2.8951,3.1642,2.7517,2.6205
2025,1,603,3.1,4.1318,1.4019,1.8326,1.9731,1.926
2025,1,604,3.1,2.5831,2.5973,2.7068,2.738,3.2501
2025,1,605,3.1,2.3798,2.4559,2.2225,2.1629,2.1957
2025,1,606,3.1,3.5375,3.4887,3.4399,3.3911,3.3422
2025,1,607,3.1,2.85,2.8,2.4,2.3,2.65
2025,2,411,3.8,5.6,2.5,2.4,3.3,2.4
2025,2,422,3.8,3.5,3.7,3.5,3.6,2.4
2025,2,428,3.7846,3.8365,3.3143,3.1798,3.4642,2.871
2025,2,429,3.8,2.0414,3.5215,3.7475,3.6316,3.413
2025,2,433,3.8,1.5522,5.1756,3.2647,2.7403,2.1382
2025,2,463,3.8,2.2,4.0,3.4,2.7,2.5
2025,2,484,3.8,3.4,3.2,2.9,2.7,2.7
2025,2,508,,,,,,
2025,2,510,3.8,2.1,2.5,2.7,2.3,2.2
2025,2,518,3.8,2.9666,4.6721,1.6269,1.9177,1.7142
2025,2,535,3.8,3.8,3.7,2.0,3.0,2.8
2025,2,549,3.8,2.7,4.5,2.4,1.9,1.8
2025,2,555,3.8,1.8343,2.6487,3.293,3.4378,2.6223
2025,2,563,3.8,3.0,3.2,3.4,3.3,3.4
2025,2,568,3.8,3.7498,5.7352,4.1421,3.7787,3.016
2025,2,570,3.8,3.6623,4.0837,4.0047,3.4218,2.7583
2025,2,572,3.8,3.0,5.5,3.8,3.4,2.4
2025,2,574,3.7846,3.6846,3.4846,3.2846,3.1846,2.9846
2025,2,576,3.8,3.876,3.9535,4.0326,4.1132,3.9076
2025,2,577,3.7846,4.2,4.4,4.2,3.8,3.6
2025,2,584,3.8,1.023,2.0653,2.1938,2.2587,2.2891
2025,2,586,3.8,3.1,3.0,3.0,2.8,3.1
2025,2,587,3.7842,3.5777,3.4378,3.1911,3.0804,2.9795
2025,2,588,3.8,2.2651,3.4793,1.6112,1.8828,2.2907
2025,2,589,3.8,2.9938,2.7978,2.6766,2.6093,2.5061
2025,2,590,3.8,3.0229,6.2815,3.5267,3.162,1.7792
2025,2,594,,,,,,
2025,2,595,3.8,2.7,2.9,3.0,2.8,2.55
2025,2,596,3.8,3.5,3.2,3.0,2.7,2.4
2025,2,598,3.8,3.3,3.2,3.0,2.9,2.8
2025,2,600,,,,,,
2025,2,603,3.8,3.1042,1.1363,4.0874,2.5087,2.2623
2025,2,604,3.8,2.3098,3.4341,2.4452,2.3416,2.6264
2025,2,605,3.8,5.2355,4.7976,2.0012,2.0434,2.1138
2025,2,606,3.8,3.7512,3.7024,3.6536,3.6047,3.5559
2025,2,607,3.8,2.85,4.25,3.15,2.7,2.7
2025,3,411,1.6,3.5,2.9,2.7,2.5,2.3
2025,3,421,1.6,3.1,3.0,2.6,2.3,1.9
2025,3,422,1.6,3.0,3.5,2.5,1.7,2.4
2025,3,428,1.6,3.4319,3.4972,3.5967,3.2428,2.7769
2025,3,429,1.6,2.7182,3.0845,3.1683,3.2592,3.1877
2025,3,433,1.6,3.589,4.0099,2.6158,1.9343,1.9946
2025,3,463,1.6,2.9,3.0,2.6,2.4,2.4
2025,3,484,1.6,3.2,2.9,2.7,2.7,2.8
2025,3,508,,,,,,
2025,3,510,1.6,2.0,2.5,2.4,2.2,2.3
2025,3,518,1.6,3.2102,2.5298,1.4793,1.3481,1.8262
2025,3,549,1.6,3.5,3.9,2.6,1.5,1.5
2025,3,563,1.6,2.2,2.8,2.6,2.6,2.9
2025,3,568,1.6,4.578,5.8062,4.1073,3.1802,3.1177
2025,3,570,1.6,3.1357,3.4121,3.4089,2.4585,2.1913
2025,3,572,1.6,3.9,3.6,2.4,2.4,2.5
2025,3,574,1.6,3.0339,3.0339,3.0339,2.8295,2.6255
2025,3,576,1.6,2.5,2.7,2.7,2.5,2.3
2025,3,577,1.6481,3.0,3.2,3.4,3.6,3.4
2025,3,584,1.6,2.6982,2.6487,2.6935,2.7138,2.7409
2025,3,586,1.6,2.2,2.5,2.2,2.7,2.4
2025,3,587,1.6477,3.4913,3.1949,3.0807,2.9795,2.8793
2025,3,588,1.6,3.0696,2.6297,1.6121,2.0183,2.6313
2025,3,589,1.6,1.3965,3.5593,3.2505,2.9332,2.5543
2025,3,590,1.6,3.4537,3.6702,3.1316,2.2666,2.3904
2025,3,591,1.6,2.8,3.6,2.6,3.3,3.1
2025,3,594,,,,,,
2025,3,595,1.6,2.8,2.9,2.8,2.9,2.8
2025,3,596,1.6,2.2,2.3,2.3,2.3,2.3
2025,3,598,1.6,3.1,3.2,3.1,3.0,2.9
2025,3,603,1.6,2.6295,1.4439,1.9118,1.9863,2.0418
2025,3,604,1.6,3.5,2.9,2.4,2.7,2.6
2025,3,606,1.6,1.5512,1.5024,1.4536,1.4047,1.3559
2025,3,607,1.6,3.3,3.1286,3.3,3.0453,2.9179
2025,3,608,1.6,2.2,2.7,2.6,2.6,2.5
2025,3,609,1.6,1.9,2.0154,2.036,1.9037,1.807
2025,4,411,3.1,3.0,3.2,2.8,3.0,2.6
2025,4,421,3.1,3.0,2.9,2.7,2.4,2.0
2025,4,428,3.1381,3.6055,3.6177,3.2905,2.9175,2.7211
2025,4,429,3.1,2.0818,3.2078,3.1813,3.1099,2.9712
2025,4,463,3.1,2.8,3.0,2.8,2.5,2.4
2025,4,484,3.1,2.6,2.7,2.7,2.6,2.7
2025,4,508,,,,,,
2025,4,510,3.1,2.6,2.3,2.2,2.6,2.5
2025,4,518,3.1,2.5874,1.4417,1.58,1.7781,2.0728
2025,4,535,3.1,3.3,3.1,2.8,2.6,2.5
2025,4,549,3.1,3.5,3.8,2.5,2.5,2.4
2025,4,563,3.1,3.0,2.6,2.8,2.9,2.8
2025,4,568,3.1,4.1608,3.9966,3.5934,3.599,3.1819
2025,4,570,3.1,3.355,2.4921,2.4506,2.4987,2.0983
2025,4,571,3.1,3.0887,3.0421,3.3659,3.2275,2.8761
2025,4,572,3.1,3.5,2.5,2.3,2.3,2.3
2025,4,574,3.1381,3.0339,3.0339,3.0339,2.8295,2.6255
2025,4,576,3.1,3.1,3.2,3.2,3.1,3.0
2025,4,577,3.1381,3.2,3.4,3.6,3.4,3.2
2025,4,586,3.1,2.5,2.2,2.7,2.4,2.5
2025,4,587,3.1385,3.134,3.0764,2.9792,2.8793,2.7792
2025,4,588,3.1,2.8442,3.2742,2.0998,2.2088,2.2902
2025,4,589,3.1,3.4875,3.0522,2.523,2.4894,2.4558
2025,4,591,3.1,3.0,2.9858,2.7142,2.8,3.1
2025,4,594,,,,,,
2025,4,595,3.1,3.1,2.9,3.0,3.0,2.9
2025,4,598,3.1,3.2,3.1,2.6,2.5,2.5
2025,4,600,3.1,3.0,3.0,2.8,2.6,2.4
2025,4,602,3.1,3.2018,3.2514,2.6061,2.4334,2.2889
2025,4,603,3.1,3.1381,2.485,2.1465,2.0544,2.0792
2025,4,607,3.1,2.9,2.6,2.4,2.6,2.7
2025,4,608,3.1,3.2,3.1,3.0,2.9,2.8
2025,4,609,3.1,2.8766,2.8576,2.8136,2.8763,2.7719
2026,1,411,2.4,2.7,1.7,3.0,3.1,2.9
2026,1,421,2.4,2.9,2.7,2.4,2.0,1.9
2026,1,422,2.4,3.0,3.5,3.4,3.5,2.8
2026,1,428,2.4,3.8645,3.4489,2.9698,2.8069,2.5949
2026,1,429,2.9,2.9583,3.2159,2.9204,2.8897,2.662
2026,1,433,2.4,2.8867,2.3609,1.8512,1.9096,2.332
2026,1,508,,,,,,
2026,1,510,2.4,2.2,2.3,2.4,2.4,2.3
2026,1,518,2.4,2.329,2.3744,1.9529,1.6304,1.7063
2026,1,535,2.4,3.0,2.9,2.6,2.5,2.9
2026,1,549,2.4,2.6,2.5,2.9,2.5,2.1
2026,1,563,2.4,2.9,2.6,3.0,3.1,3.0
2026,1,568,2.4,3.5817,3.2952,2.7793,2.6863,2.5812
2026,1,570,2.4,2.9517,2.7149,2.5764,2.428,2.4252
2026,1,571,2.3443,2.7828,2.386,2.5153,2.8984,2.8173
2026,1,572,2.5,2.6,2.2,2.3,1.9,2.0
2026,1,574,2.5161,2.8295,2.8295,3.0339,2.8295,2.6255
2026,1,576,2.4,2.6,2.6,2.5,2.5,2.4
2026,1,577,2.4,2.6,2.8,2.6,2.4,2.5
2026,1,584,2.4,2.5201,2.1725,2.2628,2.3416,2.3685
2026,1,586,2.4,2.3,3.0,2.5,2.7,2.3
2026,1,587,2.8919,2.9532,2.9704,2.8787,2.7791,2.679
2026,1,588,2.4,2.5197,3.3157,2.7676,2.3855,1.8826
2026,1,589,2.4,2.4523,3.1824,2.6254,2.5327,2.4997
2026,1,590,2.9,2.5686,2.7743,2.3196,3.1479,1.9446
2026,1,591,2.9,3.3,3.1,2.9,2.0,2.5
2026,1,594,,,,,,
2026,1,595,2.4,2.4,2.5,2.6,2.6,2.5
2026,1,598,2.4,2.6,2.8,2.5,2.5,2.4
2026,1,599,,,,,,
2026,1,600,2.4,2.8,2.9,2.5,2.5,2.3
2026,1,603,2.4,1.2346,1.6424,1.99,1.8894,2.1891
2026,1,604,2.4,2.7039,2.6529,2.5119,2.5111,2.4272
2026,1,605,2.4,1.9034,2.7743,2.5586,2.3898,2.3604
2026,1,608,2.4,2.5,2.7,2.9,3.1,3.0
2026,1,609,2.8919,2.8411,2.7199,2.7394,2.7671,2.634
2026,1,612,2.4,2.5,2.4,2.3,2.4,2.3
2026,2,411,3.7,8.5,3.3,2.2,2.2,2.0
2026,2,421,3.7,3.6,3.2,2.9,2.6,2.4
2026,2,428,3.7,4.2867,3.1823,2.9842,2.7025,2.7829
2026,2,429,3.7,6.9639,3.0573,2.2953,2.2781,2.044
2026,2,433,3.7,6.1423,2.4608,2.4327,2.5915,1.9112
2026,2,508,,,,,,
2026,2,510,3.7,3.6,2.9,2.4,2.5,2.3
2026,2,518,3.7,6.3379,2.4043,0.4751,1.4755,1.7496
2026,2,535,3.7,6.5,0.5,2.8,3.0,2.5
2026,2,549,3.7,6.0,3.0,2.1,1.7,2.9
2026,2,563,3.7,3.2,3.2,3.2,3.3,3.3
2026,2,568,3.7,5.3579,2.7249,2.5623,2.4079,2.2922
2026,2,570,3.7,5.3197,2.6867,2.328,2.2366,2.2163
2026,2,571,3.7433,6.2617,2.2017,2.4847,3.2573,2.2419
2026,2,572,3.1912,5.7,2.1,1.8,2.3,2.1
2026,2,574,3.6961,4.1077,3.3195,2.9676,3.1121,2.9666
2026,2,577,3.7,3.7,4.0,4.2,4.0,3.8
2026,2,584,3.7,5.8553,3.0787,3.1168,3.3228,3.4079
2026,2,587,3.1916,7.8684,5.3048,3.238,2.388,2.5151
2026,2,588,3.7,7.9427,2.5348,2.3583,1.8826,1.8149
2026,2,589,3.7,2.5311,2.5282,2.5085,2.5063,2.4295
2026,2,590,3.7,5.956,1.527,1.8598,2.1445,3.396
2026,2,591,3.2,6.3,5.5,4.5,3.3,3.8
2026,2,594,,,,,,
2026,2,595,3.7,3.7,3.3,3.3,3.3,3.0
2026,2,596,3.7,3.6,3.5,3.4,3.3,3.2
2026,2,598,3.7,6.4,4.1,3.2,2.6,2.3
2026,2,602,3.7,6.5252,2.1692,2.0596,2.2502,2.0209
2026,2,603,3.7,6.0231,0.8691,0.2208,1.8894,2.174
2026,2,604,3.7,7.4,1.1,0.6,1.8,2.3
2026,2,605,3.7,7.3301,2.9481,1.5959,1.9505,2.0765
2026,2,609,3.7,2.9553,3.0131,2.9455,2.7225,2.7398
2026,2,612,3.7,3.8,3.4,3.1,2.9,2.8
2026,3,411,6.1,-0.1,3.1,2.1,2.0,2.0
2026,3,428,6.0717,2.2094,2.5275,2.8015,2.7223,2.5295
2026,3,429,6.1,2.5745,1.8829,2.167,2.1627,2.3487
2026,3,433,6.1,1.0006,2.5179,2.4846,2.0467,1.8691
2026,3,508,,,,,,
2026,3,510,6.1,2.3,2.8,2.9,2.4,2.6
2026,3,518,6.1,2.2516,1.0466,1.5155,1.6095,1.7353
2026,3,535,6.1,1.5,3.0,3.1,2.5,2.5
2026,3,549,6.1,1.2,2.0,1.4,1.9,3.3
2026,3,563,6.1,4.6,3.9,4.5,4.3,4.0
2026,3,568,6.1,2.6252,2.5866,2.3417,2.2464,2.2787
2026,3,570,6.1,2.4728,2.2548,2.1696,2.0238,2.1589
2026,3,571,6.0717,1.1345,2.4098,2.8084,2.1719,2.1038
2026,3,572,6.0717,1.8,2.0,2.2,2.2,2.2
2026,3,574,6.0717,2.8295,2.8295,3.0339,2.8295,2.6255
2026,3,577,6.0717,4.2,4.0,4.0,3.8,3.8
2026,3,584,6.1,1.2145,1.4702,1.954,2.2799,2.4306
2026,3,586,6.1,4.2,3.8,3.5,3.2,3.5
2026,3,587,6.0717,3.4197,3.3782,3.1815,2.9169,2.7823
2026,3,588,6.1,0.8412,2.2905,2.5222,2.4672,1.3006
2026,3,589,6.1,2.7805,2.4545,2.448,2.3417,2.2655
2026,3,591,6.1,5.6,4.9,4.5,4.1,3.8
2026,3,594,,,,,,
2026,3,595,6.1,3.3,3.3,3.3,3.0,2.8
2026,3,598,6.1,1.5,3.0,2.6,2.3,2.2
2026,3,602,6.1,0.1967,2.1985,2.1021,2.2591,2.1855
2026,3,603,6.1,-1.0736,-0.6417,0.269,1.1318,1.3438
2026,3,604,6.1,-0.3,1.8,2.1,2.0,2.3
2026,3,605,6.1,2.5,2.3,2.2,2.0,2.0
2026,3,608,6.1,1.3,2.8,2.4,2.9,2.9
2026,3,609,6.1,3.5,3.2,2.8,2.7,2.7
2026,3,612,6.1,2.5,1.8,2.7,2.5,2.4
