YEAR,QUARTER,ID,EMP1,EMP2,EMP3,EMP4,EMP5,EMP6
2000,1,20,,,,,,
2000,1,40,,,,,,
2000,1,65,,,,,,
2000,1,84,,,,,,
2000,1,94,,,,,,
2000,1,407,,,,,,
2000,1,411,,,,,,
2000,1,414,,,,,,
2000,1,420,,,,,,
2000,1,421,,,,,,
2000,1,426,,,,,,
2000,1,428,,,,,,
2000,1,429,,,,,,
2000,1,431,,,,,,
2000,1,433,,,,,,
2000,1,456,,,,,,
2000,1,463,,,,,,
2000,1,464,,,,,,
2000,1,465,,,,,,
2000,1,469,,,,,,
2000,1,470,,,,,,
2000,1,472,,,,,,
2000,1,481,,,,,,
2000,1,484,,,,,,
2000,1,486,,,,,,
2000,1,498,,,,,,
2000,1,499,,,,,,
2000,1,500,,,,,,
2000,1,501,,,,,,
2000,1,504,,,,,,
2000,1,506,,,,,,
2000,1,507,,,,,,
2000,1,508,,,,,,
2000,1,510,,,,,,
2000,1,512,,,,,,
2000,1,513,,,,,,
2000,2,20,,,,,,
2000,2,65,,,,,,
2000,2,84,,,,,,
2000,2,407,,,,,,
2000,2,420,,,,,,
2000,2,421,,,,,,
2000,2,423,,,,,,
2000,2,426,,,,,,
2000,2,428,,,,,,
2000,2,431,,,,,,
2000,2,433,,,,,,
2000,2,439,,,,,,
2000,2,446,,,,,,
2000,2,456,,,,,,
2000,2,458,,,,,,
2000,2,463,,,,,,
2000,2,465,,,,,,
2000,2,469,,,,,,
2000,2,472,,,,,,
2000,2,475,,,,,,
2000,2,483,,,,,,
2000,2,484,,,,,,
2000,2,486,,,,,,
2000,2,497,,,,,,
2000,2,498,,,,,,
2000,2,500,,,,,,
2000,2,501,,,,,,
2000,2,502,,,,,,
2000,2,506,,,,,,
2000,2,507,,,,,,
2000,2,508,,,,,,
2000,2,510,,,,,,
2000,2,512,,,,,,
2000,2,513,,,,,,
2000,3,20,,,,,,
2000,3,40,,,,,,
2000,3,65,,,,,,
2000,3,84,,,,,,
2000,3,407,,,,,,
2000,3,420,,,,,,
2000,3,421,,,,,,
2000,3,423,,,,,,
2000,3,426,,,,,,
2000,3,428,,,,,,
2000,3,431,,,,,,
2000,3,433,,,,,,
2000,3,446,,,,,,
2000,3,456,,,,,,
2000,3,463,,,,,,
2000,3,464,,,,,,
2000,3,472,,,,,,
2000,3,475,,,,,,
2000,3,484,,,,,,
2000,3,485,,,,,,
2000,3,497,,,,,,
2000,3,498,,,,,,
2000,3,499,,,,,,
2000,3,500,,,,,,
2000,3,501,,,,,,
2000,3,502,,,,,,
2000,3,504,,,,,,
2000,3,506,,,,,,
2000,3,507,,,,,,
2000,3,508,,,,,,
2000,3,510,,,,,,
2000,3,512,,,,,,
2000,4,20,,,,,,
2000,4,40,,,,,,
2000,4,65,,,,,,
2000,4,84,,,,,,
2000,4,99,,,,,,
2000,4,407,,,,,,
2000,4,411,,,,,,
2000,4,420,,,,,,
2000,4,421,,,,,,
2000,4,423,,,,,,
2000,4,426,,,,,,
2000,4,428,,,,,,
2000,4,431,,,,,,
2000,4,433,,,,,,
2000,4,439,,,,,,
2000,4,446,,,,,,
2000,4,456,,,,,,
2000,4,463,,,,,,
2000,4,465,,,,,,
2000,4,475,,,,,,
2000,4,483,,,,,,
2000,4,485,,,,,,
2000,4,488,,,,,,
2000,4,497,,,,,,
2000,4,498,,,,,,
2000,4,499,,,,,,
2000,4,500,,,,,,
2000,4,501,,,,,,
2000,4,502,,,,,,
2000,4,504,,,,,,
2000,4,506,,,,,,
2000,4,508,,,,,,
2000,4,510,,,,,,
2000,4,512,,,,,,
2001,1,20,,,,,,
2001,1,40,,,,,,
2001,1,65,,,,,,
2001,1,84,,,,,,
2001,1,94,,,,,,
2001,1,99,,,,,,
2001,1,411,,,,,,
2001,1,421,,,,,,
2001,1,423,,,,,,
2001,1,428,,,,,,
2001,1,429,,,,,,
2001,1,431,,,,,,
2001,1,433,,,,,,
2001,1,439,,,,,,
2001,1,446,,,,,,
2001,1,456,,,,,,
2001,1,463,,,,,,
2001,1,465,,,,,,
2001,1,472,,,,,,
2001,1,475,,,,,,
2001,1,483,,,,,,
2001,1,484,,,,,,
2001,1,485,,,,,,
2001,1,497,,,,,,
2001,1,498,,,,,,
2001,1,499,,,,,,
2001,1,500,,,,,,
2001,1,502,,,,,,
2001,1,504,,,,,,
2001,1,506,,,,,,
2001,1,507,,,,,,
2001,1,508,,,,,,
2001,1,510,,,,,,
2001,1,512,,,,,,
2001,1,516,,,,,,
2001,2,20,,,,,,
2001,2,40,,,,,,
2001,2,65,,,,,,
2001,2,84,,,,,,
2001,2,94,,,,,,
2001,2,407,,,,,,
2001,2,411,,,,,,
2001,2,421,,,,,,
2001,2,423,,,,,,
2001,2,428,,,,,,
2001,2,429,,,,,,
2001,2,431,,,,,,
2001,2,433,,,,,,
2001,2,446,,,,,,
2001,2,456,,,,,,
2001,2,463,,,,,,
2001,2,465,,,,,,
2001,2,472,,,,,,
2001,2,484,,,,,,
2001,2,485,,,,,,
2001,2,497,,,,,,
2001,2,498,,,,,,
2001,2,499,,,,,,
2001,2,500,,,,,,
2001,2,502,,,,,,
2001,2,504,,,,,,
2001,2,506,,,,,,
2001,2,507,,,,,,
2001,2,508,,,,,,
2001,2,510,,,,,,
2001,2,512,,,,,,
2001,2,516,,,,,,
2001,2,518,,,,,,
2001,3,20,,,,,,
2001,3,40,,,,,,
2001,3,65,,,,,,
2001,3,84,,,,,,
2001,3,99,,,,,,
2001,3,407,,,,,,
2001,3,411,,,,,,
2001,3,420,,,,,,
2001,3,421,,,,,,
2001,3,426,,,,,,
2001,3,428,,,,,,
2001,3,429,,,,,,
2001,3,431,,,,,,
2001,3,433,,,,,,
2001,3,439,,,,,,
2001,3,456,,,,,,
2001,3,463,,,,,,
2001,3,465,,,,,,
2001,3,483,,,,,,
2001,3,484,,,,,,
2001,3,485,,,,,,
2001,3,488,,,,,,
2001,3,498,,,,,,
2001,3,499,,,,,,
2001,3,500,,,,,,
2001,3,502,,,,,,
2001,3,504,,,,,,
2001,3,507,,,,,,
2001,3,508,,,,,,
2001,3,510,,,,,,
2001,3,512,,,,,,
2001,3,516,,,,,,
2001,3,518,,,,,,
2001,4,20,,,,,,
2001,4,40,,,,,,
2001,4,65,,,,,,
2001,4,84,,,,,,
2001,4,407,,,,,,
2001,4,411,,,,,,
2001,4,420,,,,,,
2001,4,423,,,,,,
2001,4,426,,,,,,
2001,4,428,,,,,,
2001,4,429,,,,,,
2001,4,433,,,,,,
2001,4,446,,,,,,
2001,4,456,,,,,,
2001,4,463,,,,,,
2001,4,472,,,,,,
2001,4,485,,,,,,
2001,4,488,,,,,,
2001,4,497,,,,,,
2001,4,498,,,,,,
2001,4,499,,,,,,
2001,4,504,,,,,,
2001,4,506,,,,,,
2001,4,507,,,,,,
2001,4,508,,,,,,
2001,4,512,,,,,,
2001,4,516,,,,,,
2001,4,518,,,,,,
2001,4,519,,,,,,
2002,1,20,,,,,,
2002,1,40,,,,,,
2002,1,65,,,,,,
2002,1,84,,,,,,
2002,1,99,,,,,,
2002,1,407,,,,,,
2002,1,411,,,,,,
2002,1,421,,,,,,
2002,1,423,,,,,,
2002,1,426,,,,,,
2002,1,428,,,,,,
2002,1,429,,,,,,
2002,1,431,,,,,,
2002,1,433,,,,,,
2002,1,439,,,,,,
2002,1,446,,,,,,
2002,1,463,,,,,,
2002,1,465,,,,,,
2002,1,483,,,,,,
2002,1,484,,,,,,
2002,1,485,,,,,,
2002,1,498,,,,,,
2002,1,499,,,,,,
2002,1,500,,,,,,
2002,1,502,,,,,,
2002,1,507,,,,,,
2002,1,508,,,,,,
2002,1,510,,,,,,
2002,1,512,,,,,,
2002,1,516,,,,,,
2002,1,517,,,,,,
2002,1,518,,,,,,
2002,1,519,,,,,,
2002,1,520,,,,,,
2002,1,521,,,,,,
2002,2,20,,,,,,
2002,2,40,,,,,,
2002,2,65,,,,,,
2002,2,84,,,,,,
2002,2,99,,,,,,
2002,2,405,,,,,,
2002,2,407,,,,,,
2002,2,420,,,,,,
2002,2,421,,,,,,
2002,2,423,,,,,,
2002,2,426,,,,,,
2002,2,428,,,,,,
2002,2,429,,,,,,
2002,2,431,,,,,,
2002,2,433,,,,,,
2002,2,439,,,,,,
2002,2,446,,,,,,
2002,2,456,,,,,,
2002,2,463,,,,,,
2002,2,465,,,,,,
2002,2,472,,,,,,
2002,2,483,,,,,,
2002,2,484,,,,,,
2002,2,485,,,,,,
2002,2,497,,,,,,
2002,2,500,,,,,,
2002,2,502,,,,,,
2002,2,504,,,,,,
2002,2,507,,,,,,
2002,2,508,,,,,,
2002,2,510,,,,,,
2002,2,512,,,,,,
2002,2,516,,,,,,
2002,2,518,,,,,,
2002,2,519,,,,,,
2002,2,520,,,,,,
2002,2,521,,,,,,
2002,3,20,,,,,,
2002,3,40,,,,,,
2002,3,84,,,,,,
2002,3,99,,,,,,
2002,3,405,,,,,,
2002,3,407,,,,,,
2002,3,411,,,,,,
2002,3,420,,,,,,
2002,3,421,,,,,,
2002,3,426,,,,,,
2002,3,428,,,,,,
2002,3,429,,,,,,
2002,3,433,,,,,,
2002,3,439,,,,,,
2002,3,446,,,,,,
2002,3,448,,,,,,
2002,3,456,,,,,,
2002,3,463,,,,,,
2002,3,465,,,,,,
2002,3,483,,,,,,
2002,3,484,,,,,,
2002,3,497,,,,,,
2002,3,498,,,,,,
2002,3,500,,,,,,
2002,3,502,,,,,,
2002,3,504,,,,,,
2002,3,507,,,,,,
2002,3,508,,,,,,
2002,3,510,,,,,,
2002,3,512,,,,,,
2002,3,516,,,,,,
2002,3,518,,,,,,
2002,3,519,,,,,,
2002,3,520,,,,,,
2002,3,521,,,,,,
2002,4,20,,,,,,
2002,4,40,,,,,,
2002,4,65,,,,,,
2002,4,84,,,,,,
2002,4,99,,,,,,
2002,4,405,,,,,,
2002,4,407,,,,,,
2002,4,421,,,,,,
2002,4,423,,,,,,
2002,4,426,,,,,,
2002,4,428,,,,,,
2002,4,429,,,,,,
2002,4,431,,,,,,
2002,4,433,,,,,,
2002,4,439,,,,,,
2002,4,446,,,,,,
2002,4,448,,,,,,
2002,4,463,,,,,,
2002,4,465,,,,,,
2002,4,472,,,,,,
2002,4,485,,,,,,
2002,4,497,,,,,,
2002,4,498,,,,,,
2002,4,500,,,,,,
2002,4,504,,,,,,
2002,4,506,,,,,,
2002,4,507,,,,,,
2002,4,508,,,,,,
2002,4,510,,,,,,
2002,4,512,,,,,,
2002,4,516,,,,,,
2002,4,518,,,,,,
2002,4,519,,,,,,
2002,4,520,,,,,,
2002,4,521,,,,,,
2003,1,20,,,,,,
2003,1,40,,,,,,
2003,1,65,,,,,,
2003,1,99,,,,,,
2003,1,405,,,,,,
2003,1,407,,,,,,
2003,1,411,,,,,,
2003,1,420,,,,,,
2003,1,421,,,,,,
2003,1,426,,,,,,
2003,1,428,,,,,,
2003,1,429,,,,,,
2003,1,431,,,,,,
2003,1,433,,,,,,
2003,1,439,,,,,,
2003,1,446,,,,,,
2003,1,456,,,,,,
2003,1,463,,,,,,
2003,1,465,,,,,,
2003,1,483,,,,,,
2003,1,484,,,,,,
2003,1,485,,,,,,
2003,1,497,,,,,,
2003,1,498,,,,,,
2003,1,500,,,,,,
2003,1,502,,,,,,
2003,1,504,,,,,,
2003,1,506,,,,,,
2003,1,507,,,,,,
2003,1,510,,,,,,
2003,1,512,,,,,,
2003,1,516,,,,,,
2003,1,519,,,,,,
2003,1,520,,,,,,
2003,1,521,,,,,,
2003,1,523,,,,,,
2003,1,524,,,,,,
2003,2,20,,,,,,
2003,2,40,,,,,,
2003,2,65,,,,,,
2003,2,84,,,,,,
2003,2,99,,,,,,
2003,2,407,,,,,,
2003,2,420,,,,,,
2003,2,421,,,,,,
2003,2,426,,,,,,
2003,2,428,,,,,,
2003,2,429,,,,,,
2003,2,431,,,,,,
2003,2,433,,,,,,
2003,2,439,,,,,,
2003,2,446,,,,,,
2003,2,448,,,,,,
2003,2,456,,,,,,
2003,2,463,,,,,,
2003,2,483,,,,,,
2003,2,484,,,,,,
2003,2,485,,,,,,
2003,2,500,,,,,,
2003,2,504,,,,,,
2003,2,506,,,,,,
2003,2,507,,,,,,
2003,2,508,,,,,,
2003,2,510,,,,,,
2003,2,512,,,,,,
2003,2,516,,,,,,
2003,2,518,,,,,,
2003,2,519,,,,,,
2003,2,520,,,,,,
2003,2,521,,,,,,
2003,2,523,,,,,,
2003,2,525,,,,,,
2003,3,20,,,,,,
2003,3,40,,,,,,
2003,3,65,,,,,,
2003,3,84,,,,,,
2003,3,405,,,,,,
2003,3,407,,,,,,
2003,3,411,,,,,,
2003,3,420,,,,,,
2003,3,421,,,,,,
2003,3,426,,,,,,
2003,3,428,,,,,,
2003,3,429,,,,,,
2003,3,433,,,,,,
2003,3,446,,,,,,
2003,3,448,,,,,,
2003,3,483,,,,,,
2003,3,484,,,,,,
2003,3,485,,,,,,
2003,3,498,,,,,,
2003,3,502,,,,,,
2003,3,504,,,,,,
2003,3,506,,,,,,
2003,3,507,,,,,,
2003,3,510,,,,,,
2003,3,512,,,,,,
2003,3,518,,,,,,
2003,3,519,,,,,,
2003,3,520,,,,,,
2003,3,524,,,,,,
2003,3,526,,,,,,
2003,4,20,129838.0,130006.0,130116.0,130199.0,130279.0,130355.0
2003,4,40,129838.0,130046.0,130462.0,130932.0,131534.0,132165.0
2003,4,65,129838.0,129988.0,130138.0,130313.0,130513.0,130738.0
2003,4,84,,,,,,
2003,4,99,129838.0,130159.0,130616.0,131400.0,131715.0,130166.0
2003,4,405,129911.0,130301.0,130871.0,131339.0,131882.0,132293.0
2003,4,420,129838.0,130900.0,131200.0,131800.0,132300.0,132900.0
2003,4,421,129838.0,130240.0,130695.0,131235.0,131792.0,132410.0
2003,4,426,129838.0,130300.0,130500.0,130800.0,131300.0,131800.0
2003,4,428,129838.0,130020.0,130270.0,130620.0,131040.0,131570.0
2003,4,429,,,,,,
2003,4,431,129838.0,130200.0,130800.0,131400.0,132000.0,132700.0
2003,4,433,,,,,,
2003,4,448,129911.0,130211.0,130567.0,131033.0,131492.0,131875.0
2003,4,456,129911.0,130211.0,130586.0,130961.0,131261.0,131486.0
2003,4,463,129838.0,130280.0,130730.0,131220.0,131735.0,132260.0
2003,4,472,129911.0,130258.0,130662.0,131128.0,131628.0,132125.0
2003,4,484,,,,,,
2003,4,485,129904.0,130280.0,130500.0,130700.0,131100.0,131700.0
2003,4,497,,,,,,
2003,4,498,,,,,,
2003,4,504,129911.0,130274.0,130955.0,131782.0,132432.0,133176.0
2003,4,506,129838.0,129989.0,130420.0,130986.0,131867.0,132689.0
2003,4,507,129838.0,130301.0,130725.0,131175.0,131700.0,132200.0
2003,4,508,129838.0,130190.0,130855.0,131369.0,132035.0,132878.0
2003,4,510,,,,,,
2003,4,512,129838.0,130207.0,130388.0,130603.0,130584.0,130787.0
2003,4,516,129838.0,130008.0,130171.0,130398.0,130690.0,131048.0
2003,4,518,129838.0,129900.0,130600.0,131100.0,131700.0,132200.0
2003,4,519,129838.0,130075.0,130615.0,131273.0,132221.0,133116.0
2003,4,521,129838.0,129945.0,130097.0,130357.0,130781.0,131280.0
2003,4,523,,,,,,
2003,4,524,129911.0,130232.0,130575.3,130962.0,131412.0,131892.0
2003,4,526,129838.0,130424.0,131105.0,131845.0,132621.0,133436.0
2004,1,20,130005.0,130290.0,130398.0,130535.0,130624.0,130823.0
2004,1,40,130005.0,130425.0,130896.0,131449.0,132059.0,132737.0
2004,1,99,,,,,,
2004,1,411,130005.0,130232.0,130865.0,131479.0,132242.0,133064.0
2004,1,421,,,,,,
2004,1,423,,,,,,
2004,1,426,130005.0,130232.0,130524.0,131075.0,131532.0,131761.0
2004,1,428,130005.0,130295.0,130675.0,131125.0,131625.0,132185.0
2004,1,429,,,,,,
2004,1,431,130005.0,130216.0,130640.0,131095.0,131545.0,132146.0
2004,1,433,130005.0,130157.0,130787.0,131455.0,132046.0,132623.0
2004,1,446,130005.0,130393.0,130960.0,131771.0,132684.0,133570.0
2004,1,448,130005.0,130288.0,130688.0,131130.0,131572.0,132058.0
2004,1,456,130005.0,130528.0,131128.0,131581.0,132030.0,132555.0
2004,1,463,130005.0,130280.0,130755.0,131279.0,131803.0,132332.0
2004,1,483,130005.0,130167.0,130491.0,130881.0,131337.0,131827.0
2004,1,484,130005.0,130255.0,130698.0,131234.0,131834.0,132279.0
2004,1,485,130005.0,130196.0,130695.0,131095.0,131593.0,132094.0
2004,1,497,,,,,,
2004,1,502,130005.0,130415.0,130865.0,131465.0,132070.0,132770.0
2004,1,504,130005.0,130367.0,131190.0,131926.0,132576.0,133476.0
2004,1,506,130005.0,130280.0,130761.0,131751.0,132548.0,133371.0
2004,1,507,130005.0,130283.0,130711.0,131264.0,131891.0,132582.0
2004,1,510,130005.0,130525.0,131231.0,131998.0,132922.0,134145.0
2004,1,512,130004.0,130198.0,130307.0,130461.0,130666.0,131201.0
2004,1,516,130005.0,130368.0,130661.0,131002.0,131410.0,131851.0
2004,1,518,130005.0,130229.0,130627.0,131127.0,131648.0,132188.0
2004,1,519,130005.0,130313.0,130865.0,131883.0,132733.0,133465.0
2004,1,520,,,,,,
2004,1,521,130005.0,130183.0,130388.0,130752.0,131252.0,131741.0
2004,1,523,130005.0,130832.0,131559.0,132290.0,133025.0,133764.0
2004,1,524,,,,,,
2004,2,20,130327.0,130589.0,130703.0,130719.0,130860.0,130940.0
2004,2,65,,,,,,
2004,2,84,130362.0,131300.0,131825.0,132350.0,132875.0,
2004,2,99,,,,,,
2004,2,411,130327.0,130891.0,131526.0,132149.0,132879.0,133531.0
2004,2,420,,,,,,
2004,2,421,130327.0,131097.0,131772.0,132537.0,133317.0,134112.0
2004,2,426,130327.0,130488.0,131032.0,131488.0,131717.0,132013.0
2004,2,428,130327.0,130861.0,131227.0,131888.0,132457.0,133048.0
2004,2,429,130362.0,131132.0,131899.0,132597.0,133284.0,133974.0
2004,2,433,130327.0,130985.0,131452.0,131951.0,132482.0,133243.0
2004,2,446,130361.0,131100.0,131800.0,132500.0,133100.0,133800.0
2004,2,448,130362.0,131060.0,131502.0,131944.0,132431.0,132909.0
2004,2,456,130327.0,131187.0,131937.0,132537.0,133062.0,133737.0
2004,2,463,130327.0,131103.0,131639.0,132166.0,132697.0,133232.0
2004,2,472,130327.0,131045.0,131514.0,132006.0,132160.0,132314.0
2004,2,483,130362.0,131137.0,131788.0,132442.0,133034.0,133629.0
2004,2,484,130327.0,130770.0,131306.0,131907.0,132352.0,132964.0
2004,2,497,,,,,,
2004,2,498,,,,,,
2004,2,504,130362.0,131052.0,131712.0,132414.0,133314.0,134214.0
2004,2,506,130327.0,130850.0,131478.0,132157.0,132765.0,133480.0
2004,2,507,,,,,,
2004,2,508,,,,,,
2004,2,510,130327.0,131049.0,131823.0,132761.0,133451.0,134252.0
2004,2,512,130327.0,131059.0,131363.0,131652.0,132005.0,132725.0
2004,2,518,130327.0,130842.0,131393.0,131887.0,132436.0,133090.0
2004,2,519,130327.0,131134.0,131752.0,132485.0,133180.0,133956.0
2004,2,520,,,,,,
2004,2,521,130327.0,130888.0,131438.0,132028.0,132588.0,133128.0
2004,2,524,130327.0,130826.0,131290.0,131706.0,131978.0,132130.0
2004,2,526,130327.0,130993.0,131896.0,132941.0,134023.0,135052.0
2004,3,20,131148.0,131315.0,131615.0,131940.0,132670.0,133110.0
2004,3,40,131148.0,131400.0,132000.0,132900.0,133500.0,134200.0
2004,3,65,,,,,,
2004,3,84,131119.0,131400.0,131900.0,132300.0,132700.0,133100.0
2004,3,420,,,,,,
2004,3,421,,,,,,
2004,3,429,131119.0,131422.0,131932.0,132447.0,132901.0,133344.0
2004,3,433,131148.0,131714.0,132226.0,132667.0,133190.0,133713.0
2004,3,446,131148.0,131440.0,132120.0,132700.0,133300.0,133900.0
2004,3,448,131119.0,131430.0,131940.0,132425.0,132905.0,133327.0
2004,3,456,131148.0,131898.0,132648.0,133323.0,133848.0,134373.0
2004,3,483,131148.0,131733.0,132387.0,132979.0,133573.0,134137.0
2004,3,484,131148.0,131686.0,132288.0,132735.0,133349.0,133915.0
2004,3,497,,,,,,
2004,3,498,,,,,,
2004,3,504,131148.0,131397.0,131814.0,132714.0,133614.0,134514.0
2004,3,506,131119.0,131419.0,132000.0,132527.0,133172.0,133712.0
2004,3,507,,,,,,
2004,3,508,131148.0,131525.0,132498.0,133288.0,133925.0,134992.0
2004,3,510,131148.0,131835.0,132758.0,133600.0,134611.0,135583.0
2004,3,512,131148.0,131360.0,131652.0,132005.0,132519.0,133012.0
2004,3,516,131148.0,131475.0,132127.0,132783.0,133409.0,134006.0
2004,3,518,131148.0,131351.0,131752.0,132180.0,132679.0,133181.0
2004,3,519,131119.0,131461.0,132112.0,132739.0,133540.0,134246.0
2004,3,520,,,,,,
2004,3,521,131148.0,131890.0,132534.0,133093.0,133697.0,134367.0
2004,3,523,131148.0,131193.0,131324.0,131529.0,131734.0,131940.0
2004,3,524,131148.0,131674.0,132397.0,133056.0,133594.0,133982.0
2004,3,526,131148.0,131850.0,132455.0,133251.0,134015.0,134769.0
2004,3,527,131118.0,131570.0,132075.0,132600.0,133150.0,133675.0
2004,4,20,,,,,,
2004,4,65,,,,,,
2004,4,84,,,,,,
2004,4,99,,,,,,
2004,4,405,131460.0,132225.0,132803.0,133353.0,133981.0,134533.0
2004,4,411,131460.0,131992.0,132592.0,133219.0,133835.0,134409.0
2004,4,420,,,,,,
2004,4,421,,,,,,
2004,4,423,131460.0,132017.0,132770.0,133272.0,133776.0,134281.0
2004,4,426,131460.0,131700.0,132200.0,132700.0,132900.0,133000.0
2004,4,428,131521.0,132191.0,132782.0,133363.0,133958.0,134483.0
2004,4,429,131521.0,132201.0,132766.0,133266.0,133749.0,134228.0
2004,4,433,131521.0,132182.0,132497.0,132855.0,133289.0,133746.0
2004,4,446,131500.0,132200.0,132800.0,133400.0,134000.0,134500.0
2004,4,448,131521.0,132159.0,132645.0,133121.0,133547.0,134012.0
2004,4,456,,,,,,
2004,4,472,131460.0,131794.0,132184.0,132669.0,132992.0,133302.0
2004,4,483,131521.0,132174.0,132895.0,133620.0,134349.0,135082.0
2004,4,484,131460.0,131965.0,132427.0,132907.0,133422.0,133956.0
2004,4,497,,,,,,
2004,4,498,,,,,,
2004,4,504,131460.0,131984.0,132884.0,133784.0,134684.0,135584.0
2004,4,506,131521.0,132167.0,132720.0,133314.0,133774.0,134196.0
2004,4,507,,,,,,
2004,4,508,131460.0,131920.0,132770.0,133720.0,134320.0,135260.0
2004,4,510,131460.0,132120.0,132946.0,133957.0,134929.0,135840.0
2004,4,516,131460.0,131793.0,132280.0,133167.0,133626.0,134083.0
2004,4,518,131460.0,132003.0,132515.0,133027.0,133705.0,134222.0
2004,4,520,131460.0,132060.0,132510.0,132900.0,133290.0,133680.0
2004,4,521,131460.0,131863.0,132314.0,132728.0,133441.0,134063.0
2004,4,523,131460.0,131981.0,132553.0,133089.0,133646.0,134176.0
2004,4,524,131460.0,131505.0,131837.0,132156.0,132407.0,132545.0
2004,4,526,131460.0,131856.0,132563.0,133311.0,134042.0,134775.0
2004,4,527,131460.0,131750.0,132080.0,132425.0,132800.0,133195.0
2005,1,20,132116.0,132553.0,132992.0,133429.0,133868.0,134309.0
2005,1,65,132116.0,132416.0,132866.0,133316.0,133816.0,134391.0
2005,1,99,132116.0,132629.0,133169.0,133661.0,134168.0,134624.0
2005,1,411,132116.0,132660.0,133248.0,133818.0,134383.0,134946.0
2005,1,420,132116.0,132836.0,133541.0,134321.0,134996.0,135641.0
2005,1,421,132116.0,132537.0,133197.0,133925.0,134680.0,135375.0
2005,1,426,132116.0,132555.0,132950.0,133200.0,134150.0,134874.0
2005,1,428,132116.0,132659.0,133290.0,133940.0,134527.0,135039.0
2005,1,429,132116.0,132554.0,133085.0,133590.0,134045.0,134565.0
2005,1,431,132116.0,132300.0,132900.0,133500.0,134000.0,134600.0
2005,1,433,132116.0,132561.0,133036.0,133577.0,134138.0,136847.0
2005,1,446,132116.0,132621.0,133221.0,133820.0,134319.0,134918.0
2005,1,448,132116.0,132572.0,133051.0,133473.0,133938.0,134465.0
2005,1,456,132116.0,132565.0,133165.0,133764.0,134363.0,134962.0
2005,1,463,132116.0,132565.0,133105.0,133644.0,134183.0,134725.0
2005,1,472,132116.0,132559.0,133141.0,133550.0,134012.0,134455.0
2005,1,483,132116.0,132314.0,132480.0,132644.0,132810.0,132976.0
2005,1,484,132116.0,132611.0,133142.0,133674.0,134243.0,134746.0
2005,1,497,,,,,,
2005,1,498,,,,,,
2005,1,502,132116.0,132600.0,133000.0,133400.0,133700.0,133900.0
2005,1,504,132116.0,133015.0,133914.0,134812.0,135711.0,136610.0
2005,1,506,132116.0,132574.0,133270.0,133817.0,134296.0,134652.0
2005,1,507,132116.0,132609.0,133186.0,133797.0,134511.0,135250.0
2005,1,508,132116.0,132621.0,133225.0,133720.0,134525.0,135153.0
2005,1,510,132116.0,132667.0,133658.0,134629.0,135538.0,136143.0
2005,1,512,132116.0,132563.0,133292.0,133778.0,134299.0,134756.0
2005,1,516,132116.0,132682.0,133571.0,134087.0,134818.0,135436.0
2005,1,518,132116.0,132243.0,132698.0,133241.0,133796.0,134342.0
2005,1,520,132116.0,132544.0,132994.0,133446.0,133893.0,134342.0
2005,1,521,132116.0,132636.0,133171.0,133646.0,134096.0,134546.0
2005,1,523,,,,,,
2005,1,524,132116.0,132593.0,133342.0,133701.0,133562.0,133663.0
2005,1,526,132116.0,132798.0,133379.0,134121.0,134843.0,135576.0
2005,1,527,132116.0,132550.0,133050.0,133600.0,134150.0,134650.0
2005,1,528,132116.0,132571.0,133036.0,133500.0,133965.0,134429.0
2005,2,20,,,,,,
2005,2,65,132772.0,133132.0,133462.0,133807.0,134182.0,134602.0
2005,2,84,,,,,,
2005,2,99,132772.0,133357.0,133960.0,134539.0,135070.0,135577.0
2005,2,411,132772.0,133216.0,133728.0,134240.0,134768.0,135262.0
2005,2,421,132772.0,133456.0,134104.0,134806.0,135481.0,136195.0
2005,2,423,132822.0,133408.0,133971.0,134522.0,135065.0,135603.0
2005,2,424,,,,,,
2005,2,428,132772.0,133400.0,134100.0,134800.0,135500.0,136100.0
2005,2,431,132772.0,133534.0,134202.0,134795.0,135363.0,135887.0
2005,2,433,132772.0,133496.0,134021.0,134591.0,135164.0,135752.0
2005,2,446,132772.0,133400.0,133900.0,134400.0,134900.0,135400.0
2005,2,448,132772.0,133465.0,133888.0,134353.0,134881.0,135360.0
2005,2,456,132772.0,133297.0,133897.0,134497.0,135097.0,135622.0
2005,2,463,132772.0,133469.0,134004.0,134545.0,135077.0,135606.0
2005,2,472,132822.0,133455.0,133862.0,134338.0,134781.0,135363.0
2005,2,483,132772.0,133500.0,133666.6,133833.3,134000.3,134167.5
2005,2,484,132772.0,133303.0,133836.0,134405.0,134909.0,135449.0
2005,2,504,132772.0,133893.0,134551.0,135276.0,136001.0,136726.0
2005,2,506,132772.0,133256.0,133809.0,134352.0,134768.0,135240.0
2005,2,508,132772.0,133400.38,133820.47,134526.5,135064.84,135532.67
2005,2,510,132772.0,133470.0,134462.0,135428.0,136043.0,136143.0
2005,2,512,132772.0,133487.0,133958.0,134483.0,134938.0,135700.0
2005,2,516,132772.0,133699.7,134231.3,134924.7,135464.31,136398.1
2005,2,518,132772.0,133426.0,133956.0,134434.0,134798.0,135303.0
2005,2,519,132772.0,133576.0,134213.0,134942.0,135587.0,136262.0
2005,2,521,132772.0,133402.0,133942.0,134422.0,134902.0,135382.0
2005,2,524,132772.0,133106.0,133968.0,133718.0,133702.0,133730.0
2005,2,526,132772.0,133172.0,133939.0,134666.0,135397.0,136124.0
2005,2,527,132772.0,133398.0,133825.0,134425.0,134775.0,135075.0
2005,2,528,132772.0,133560.0,133800.0,134350.0,134770.0,135240.0
2005,2,529,132772.0,133498.0,134148.0,134817.0,135497.0,136184.0
2005,2,530,132772.0,133297.0,133822.0,134347.0,134917.0,135487.0
2005,2,531,,,,,,
2005,2,532,132822.0,133410.0,133743.0,134193.0,134543.0,134893.0
2005,2,533,132772.0,133300.0,133750.0,134200.0,134650.0,135070.0
2005,2,534,132772.0,133200.0,133570.0,133970.0,134370.0,134780.0
2005,2,535,132772.0,133500.0,134160.0,134800.0,135400.0,135900.0
2005,2,536,132772.0,133206.0,133667.0,134168.0,134637.0,135097.0
2005,2,538,,,,,,
2005,2,539,132822.0,133422.0,134022.0,134622.0,135222.0,135822.0
2005,2,541,,,,,,
2005,2,542,132822.0,133416.0,134012.0,134578.0,135146.0,135717.0
2005,2,543,132772.0,133200.0,133700.0,134200.0,134800.0,135300.0
2005,2,544,132772.0,133303.0,133903.0,134506.0,135044.0,135516.0
2005,2,545,132772.0,133200.0,133700.0,134200.0,134800.0,135300.0
2005,3,20,,,,,,
2005,3,65,133405.0,133930.0,134425.0,134875.0,135250.0,135655.0
2005,3,84,,,,,,
2005,3,407,133405.0,133900.0,134450.0,135050.0,135500.0,136100.0
2005,3,411,133405.0,133970.0,134608.0,135180.0,135640.0,136011.0
2005,3,420,,,,,,
2005,3,421,133405.0,134014.0,134647.0,135325.0,136027.0,136690.0
2005,3,423,133405.0,133925.0,134433.0,134943.0,135455.0,135969.0
2005,3,424,,,,,,
2005,3,426,,,,,,
2005,3,428,133405.0,133942.0,134649.0,135391.0,135998.0,136435.0
2005,3,429,133426.0,133981.0,134536.0,135093.0,135676.0,136195.0
2005,3,431,133405.0,133632.0,134200.0,134790.0,135400.0,136000.0
2005,3,433,133405.0,133939.0,134570.0,135216.0,135828.0,136408.0
2005,3,446,133400.0,133900.0,134400.0,135000.0,135400.0,135800.0
2005,3,448,133405.0,133964.0,134536.0,135034.0,135553.0,135970.0
2005,3,456,133426.0,134026.0,134701.0,135376.0,136051.0,136651.0
2005,3,463,133405.0,133976.0,134502.0,134997.0,135497.0,136009.0
2005,3,472,133426.0,133923.0,134424.0,134903.0,135514.0,136018.0
2005,3,483,133405.0,133593.0,133760.0,133926.0,134093.0,134261.0
2005,3,484,133405.0,134005.0,134575.0,135115.0,135721.0,136264.0
2005,3,497,133405.0,134055.0,134685.0,135275.0,135895.0,136505.0
2005,3,504,133405.0,133870.0,134500.0,135225.0,135950.0,136675.0
2005,3,506,133405.0,133979.0,134561.0,135126.0,135610.0,135964.0
2005,3,507,,,,,,
2005,3,508,,,,,,
2005,3,510,133405.0,134030.0,134740.0,135368.0,135879.0,136391.0
2005,3,512,133405.0,133934.0,133420.0,134966.0,135523.0,136050.0
2005,3,516,133405.0,133829.0,134528.0,135088.0,135654.0,136121.0
2005,3,518,133405.0,134054.0,134610.0,135058.0,135473.0,135770.0
2005,3,519,133405.0,134027.0,134666.0,135318.0,135904.0,136351.0
2005,3,520,133405.0,133961.0,134486.0,134941.0,135356.0,135736.0
2005,3,521,133405.0,133897.0,134397.0,134857.0,135287.0,135707.0
2005,3,523,,,,,,
2005,3,524,133405.0,133755.0,133583.0,134030.0,134508.0,134478.0
2005,3,526,133405.0,134026.0,134582.0,135323.0,136037.0,136763.0
2005,3,527,133405.0,134025.0,134635.0,135225.0,135795.0,136345.0
2005,3,528,133405.0,133958.0,134540.0,135105.0,135589.0,135943.0
2005,3,529,133405.0,133915.0,134433.0,134761.0,135048.0,135189.0
2005,3,531,,,,,,
2005,3,532,133405.0,133743.0,134193.0,134543.0,134893.0,
2005,3,533,133426.0,133828.0,134248.0,134668.0,135088.0,135508.0
2005,3,535,133405.0,133980.0,134546.0,135086.0,135626.0,136050.0
2005,3,536,133405.0,133929.0,134410.0,134898.0,135333.0,135800.0
2005,3,537,133405.0,133965.0,134528.0,134797.0,135067.0,135337.0
2005,3,538,133405.0,134300.0,134700.0,135000.0,135300.0,135600.0
2005,3,539,133405.0,134005.0,134605.0,135205.0,135805.0,136405.0
2005,3,541,,,,,,
2005,3,542,133405.0,134001.0,134567.0,135136.0,135706.0,136246.0
2005,3,543,133405.0,133971.0,134526.0,135091.0,135661.0,136231.0
2005,3,544,133405.0,134005.0,134608.0,135147.0,135620.0,136061.0
2005,3,546,133405.0,133995.0,134565.0,135150.0,135750.0,136350.0
2005,3,548,133405.0,133965.0,133442.0,134939.0,135400.0,135735.0
2005,4,20,133994.0,134264.0,134850.0,135427.0,136231.0,136792.0
2005,4,65,,,,,,
2005,4,84,,,,,,
2005,4,99,,,,,,
2005,4,411,133994.0,134290.0,134939.0,135504.0,135985.0,136398.0
2005,4,420,,,,,,
2005,4,421,133994.0,134204.0,134759.0,135404.0,136064.0,136739.0
2005,4,422,,,,,,
2005,4,424,,,,,,
2005,4,426,133994.0,134200.0,134500.0,135000.0,135600.0,136100.0
2005,4,428,133994.0,134207.0,135023.0,135815.0,136528.0,136973.0
2005,4,429,133994.0,134221.0,134855.0,135471.0,135979.0,136396.0
2005,4,431,133994.0,134250.0,134700.0,135325.0,135965.0,136554.0
2005,4,433,133994.0,134212.0,134703.0,135166.0,135648.0,136159.0
2005,4,446,133994.0,134300.0,134800.0,135400.0,135900.0,136400.0
2005,4,448,133961.0,134256.0,134794.0,135273.0,135696.0,136161.0
2005,4,456,133994.0,134219.0,135119.0,135719.0,136394.0,137144.0
2005,4,463,133994.0,134291.0,134906.0,135416.0,135928.0,136442.0
2005,4,472,133961.0,134249.0,134746.0,135268.0,135725.0,136107.0
2005,4,483,133961.0,134028.0,134128.0,134229.0,134363.0,134497.0
2005,4,484,133994.0,134563.0,135102.0,135710.0,136253.0,136866.0
2005,4,497,,,,,,
2005,4,504,133961.0,134236.0,134769.0,135326.0,135874.0,136416.0
2005,4,506,133961.0,134261.0,134876.0,135460.0,135958.0,136479.0
2005,4,508,,,,,,
2005,4,510,133994.0,134447.0,134931.0,135368.0,135817.0,136251.0
2005,4,512,133994.0,134248.0,134938.0,135503.0,135990.0,136585.0
2005,4,516,133994.0,134470.0,135030.0,135656.0,136230.0,136713.0
2005,4,518,133994.0,134227.0,134599.0,135070.0,135442.0,135854.0
2005,4,519,133994.0,134309.0,134955.0,135633.0,136215.0,136802.0
2005,4,520,133994.0,134191.0,134641.0,135121.0,135601.0,136041.0
2005,4,521,133994.0,134561.0,135221.0,135761.0,136231.0,136641.0
2005,4,523,133994.0,134575.0,135096.0,135721.0,136296.0,136887.0
2005,4,526,133994.0,134345.0,134967.0,135692.0,136404.0,137131.0
2005,4,527,133994.0,134250.0,134750.0,135100.0,135400.0,135650.0
2005,4,528,133961.0,134321.0,134861.0,135386.0,135806.0,136166.0
2005,4,529,133994.0,134396.0,134665.0,134799.0,135069.0,135204.0
2005,4,531,,,,,,
2005,4,532,133994.0,134194.0,134394.0,134594.0,134794.0,134994.0
2005,4,533,133994.0,134198.0,134648.0,135098.0,135498.0,135898.0
2005,4,535,133961.0,134310.0,135010.0,135635.0,136195.0,136695.0
2005,4,536,133994.0,134288.0,134852.0,135288.0,135657.0,135977.0
2005,4,538,133994.0,134300.0,134600.0,135100.0,135600.0,136100.0
2005,4,539,133994.0,134261.0,134861.0,135461.0,136061.0,136661.0
2005,4,541,,,,,,
2005,4,542,133994.0,134560.0,135128.0,135699.0,136238.0,136814.0
2005,4,543,133994.0,133961.0,134416.0,134900.0,135413.0,135914.0
2005,4,544,133994.0,134530.0,135068.0,135541.0,135981.0,136389.0
2005,4,545,133994.0,134300.0,134900.0,135500.0,136000.0,136400.0
2005,4,546,,,,,,
2005,4,548,133994.0,134261.0,134876.0,135460.0,135958.0,136479.0
2006,1,20,,,,,,
2006,1,65,134294.0,134594.0,134819.0,135044.0,135344.0,135719.0
2006,1,99,134294.0,134840.0,135428.0,136055.0,136598.0,137186.0
2006,1,405,,,,,,
2006,1,407,134294.0,135045.0,135595.0,136096.0,137047.0,137597.0
2006,1,411,134294.0,134946.0,135422.0,135855.0,136286.0,136655.0
2006,1,420,134294.0,134819.0,135299.0,135854.0,136364.0,136859.0
2006,1,421,134294.0,134951.0,135629.0,136304.0,136931.0,137624.0
2006,1,422,,,,,,
2006,1,424,,,,,,
2006,1,426,134294.0,134700.0,135200.0,135800.0,136200.0,136500.0
2006,1,428,134294.0,134903.0,135544.0,136169.0,136684.0,137040.0
2006,1,429,134294.0,134879.0,135530.0,136214.0,136783.0,137330.0
2006,1,431,134294.0,134860.0,135485.0,136125.0,136687.0,137161.0
2006,1,433,134294.0,134792.0,135146.0,135671.0,136205.0,136771.0
2006,1,446,134294.0,134800.0,135400.0,135900.0,136400.0,136800.0
2006,1,448,134294.0,134877.0,135356.0,135780.0,136245.0,136758.0
2006,1,456,,,,,,
2006,1,463,134294.0,134935.0,135575.0,136171.0,136741.0,137302.0
2006,1,472,134294.0,134874.0,135396.0,135854.0,136236.0,136606.0
2006,1,483,134294.0,134394.0,134495.0,134595.0,134696.0,134798.0
2006,1,484,134294.0,134697.0,135168.0,135675.0,136150.0,136695.0
2006,1,497,134294.0,134934.0,135390.0,135826.0,136290.0,136704.0
2006,1,498,,,,,,
2006,1,504,134294.0,134854.0,135379.0,135920.0,136500.0,137151.0
2006,1,506,134294.0,134839.0,135399.0,135915.0,136407.0,136882.0
2006,1,507,,,,,,
2006,1,508,134294.0,134939.0,135413.0,135908.0,136163.0,136508.0
2006,1,510,134294.0,134835.0,135198.0,135643.0,136029.0,136379.0
2006,1,512,134294.0,135011.0,135638.0,136126.0,136721.0,137252.0
2006,1,516,134294.0,134732.0,135196.0,135690.0,136100.0,136530.0
2006,1,518,134294.0,135123.0,135555.0,135835.0,136262.0,136627.0
2006,1,519,134294.0,134888.0,135514.0,136092.0,136647.0,137176.0
2006,1,521,134294.0,134868.0,135408.0,135878.0,136288.0,136678.0
2006,1,524,134294.0,134193.0,134284.0,134220.0,134247.0,134150.0
2006,1,526,134294.0,135069.0,135797.0,136517.0,137245.0,137930.0
2006,1,527,134294.0,134625.0,134975.0,135325.0,135675.0,136000.0
2006,1,528,134294.0,134850.0,135380.0,135910.0,136486.0,136950.0
2006,1,531,,,,,,
2006,1,532,134294.0,134629.0,134835.0,135035.0,135285.0,
2006,1,533,134294.0,134743.0,135164.0,135584.0,136006.0,136426.0
2006,1,535,134294.0,134946.0,135583.0,136164.0,136697.0,137185.0
2006,1,536,134294.0,134935.0,135379.0,135776.0,136193.0,136612.0
2006,1,539,134294.0,134899.0,135499.0,136100.0,136700.0,
2006,1,541,,,,,,
2006,1,542,,,,,,
2006,1,543,,,,,,
2006,1,544,134294.0,134865.0,135437.0,135912.0,136319.0,136728.0
2006,1,545,134294.0,134800.0,135200.0,135600.0,136000.0,136400.0
2006,1,546,134294.0,134890.0,135460.0,136026.0,136571.0,137102.0
2006,1,548,134294.0,134835.0,135385.0,135884.0,136345.0,136783.0
2006,1,549,134294.0,134679.0,134862.0,135066.0,135652.0,135678.0
2006,1,550,134294.0,134547.0,134806.0,135003.0,134643.0,134264.0
2006,2,20,134750.0,135306.0,135771.0,136436.0,136736.0,137317.0
2006,2,65,134750.0,134900.0,135100.0,135300.0,135500.0,135600.0
2006,2,84,,,,,,
2006,2,99,134750.0,135236.0,135707.0,136142.0,136556.0,136979.0
2006,2,405,134730.0,135188.0,135742.0,136309.0,136829.0,137308.0
2006,2,411,134750.0,135298.0,135749.0,136141.0,136428.0,136697.0
2006,2,421,134750.0,135495.0,136170.0,136797.0,137490.0,138141.0
2006,2,422,134750.0,135250.0,135650.0,136000.0,136500.0,136950.0
2006,2,423,134750.0,135304.0,135863.0,136414.0,136959.0,137499.0
2006,2,424,,,,,,
2006,2,426,134750.0,135000.0,135200.0,135400.0,135900.0,136200.0
2006,2,428,134750.0,135286.0,135825.0,136317.0,136685.0,136958.0
2006,2,429,134730.0,135255.0,135798.0,136320.0,136833.0,137266.0
2006,2,431,134750.0,135275.0,135695.0,136029.0,136350.0,136669.0
2006,2,433,134750.0,135248.0,135562.0,135856.0,136158.0,136569.0
2006,2,446,134750.0,135200.0,135700.0,136200.0,136600.0,137000.0
2006,2,448,134730.0,135260.0,135857.0,136376.0,136905.0,137384.0
2006,2,456,134730.0,135330.0,135930.0,136380.0,136605.0,136755.0
2006,2,463,134750.0,135253.0,135803.0,136343.0,136873.0,137400.0
2006,2,472,134730.0,135230.0,135687.0,136069.0,136399.0,136654.0
2006,2,483,134750.0,135032.0,135335.0,135672.0,136010.0,136349.0
2006,2,484,134750.0,135222.0,135729.0,136170.0,136646.0,137227.0
2006,2,497,,,,,,
2006,2,504,134750.0,135296.0,135836.0,136416.0,137066.0,137711.0
2006,2,506,134750.0,135255.0,135820.0,136270.0,136763.0,137251.0
2006,2,507,134750.0,135275.0,135915.0,136520.0,137090.0,137650.0
2006,2,508,134750.0,135200.0,135695.0,136190.0,136625.0,137150.0
2006,2,510,134750.0,135244.0,135702.0,136058.0,137690.0,139343.0
2006,2,512,134750.0,135341.0,135990.0,136585.0,137115.0,137608.0
2006,2,516,134750.0,135219.0,135693.0,136191.0,136775.0,137170.0
2006,2,518,134750.0,135178.0,135563.0,135907.0,136440.0,136876.0
2006,2,519,134750.0,135281.0,135937.0,136445.0,136979.0,137490.0
2006,2,520,134750.0,135185.0,135620.0,136055.0,136490.0,136925.0
2006,2,521,134730.0,135300.0,135780.0,136170.0,136560.0,136950.0
2006,2,524,134750.0,135221.0,135628.0,135936.0,136154.0,136256.0
2006,2,526,134750.0,135548.0,136383.0,137144.0,137849.0,138507.0
2006,2,527,134750.0,135275.0,135725.0,136150.0,136525.0,136900.0
2006,2,528,134750.0,135299.0,135764.0,136173.0,136640.0,137079.0
2006,2,531,,,,,,
2006,2,532,134750.0,135218.0,135618.0,135943.0,136293.0,136668.0
2006,2,535,134750.0,135290.0,135900.0,136500.0,137000.0,137450.0
2006,2,536,134750.0,135277.0,135702.0,136024.0,136273.0,136563.0
2006,2,538,134750.0,135400.0,135800.0,136150.0,136450.0,136850.0
2006,2,539,134750.0,135268.0,135868.0,136468.0,137068.0,137668.0
2006,2,541,134750.0,135250.0,135675.0,136100.0,136500.0,136900.0
2006,2,542,134750.0,135266.0,135804.0,136344.0,136818.0,137261.0
2006,2,543,134750.0,135384.0,135862.0,136288.0,136658.0,137011.0
2006,2,544,134750.0,135323.0,135796.0,136204.0,136612.0,137022.0
2006,2,545,134750.0,135350.0,135890.0,136350.0,136720.0,136990.0
2006,2,546,134730.0,135260.0,135825.0,136370.0,136900.0,137415.0
2006,2,548,134750.0,135250.0,135748.0,136209.0,136646.0,137064.0
2006,2,549,,,,,,
2006,2,550,134750.0,134906.0,135073.0,135243.0,134264.0,134579.0
2006,3,20,135119.0,135405.0,135710.0,136010.0,136245.0,136345.0
2006,3,65,,,,,,
2006,3,84,,,,,,
2006,3,407,135125.0,135515.0,135890.0,136150.0,136640.0,136990.0
2006,3,420,135119.0,135625.0,136190.0,136642.0,137046.0,137446.0
2006,3,422,135119.0,135354.8401,135557.4171,135827.7224,136064.7995,136369.9174
2006,3,423,135119.0,135477.0,135870.0,136291.0,136735.0,137195.0
2006,3,424,,,,,,
2006,3,426,135119.0,135522.5456,135792.7813,136029.7974,136233.3846,136572.6983
2006,3,428,135119.0,135688.0,136216.0,136696.0,136857.0,137105.0
2006,3,429,135119.0,135454.0,135760.0,136113.0,136393.0,136633.0
2006,3,433,135119.0,135489.0543,135624.3405,135759.7619,135996.7204,136301.6857
2006,3,446,135119.0,135528.5635,135832.4789,136137.0759,136442.356,136748.3205
2006,3,448,135125.0,135502.0,136007.0,136360.0,136791.0,137259.0
2006,3,463,135119.0,135482.0,135880.0,136305.0,136740.0,137175.0
2006,3,472,135125.0,135474.3333,135800.3333,136070.3333,136315.3333,136582.0
2006,3,483,135119.0,135394.443,135698.0577,136036.0381,136408.6038,136782.19
2006,3,484,135119.0,135423.0178,135795.431,136202.8173,136611.4258,137055.4129
2006,3,497,135119.0,135742.7063,136185.6537,136564.8956,136970.1691,137378.7842
2006,3,504,135125.0,135479.0,135924.0,136414.0,136919.0,137429.0
2006,3,506,135119.0,135494.0,135862.0,136207.0,136598.0,137020.0
2006,3,507,135119.0,135622.162,135905.4307,136473.0483,137016.75,137520.8723
2006,3,510,135119.0,135479.2667,135797.2333,135814.6,135708.7,135693.7333
2006,3,512,135119.0,135566.0,136093.0,136447.0,136883.0,137330.0
2006,3,516,135119.0,135491.1718,135876.7343,136251.2246,136607.7631,136957.2369
2006,3,518,135119.0,135518.0,135855.0001,136133.0002,136441.216,136863.1682
2006,3,519,135100.0,135500.0,135900.0,136300.0,136800.0,137200.0
2006,3,520,135119.0,135450.0,135780.0,136090.0,136410.0,136760.0
2006,3,521,135119.0,135508.0,135922.0,136302.0,136677.0,137052.0
2006,3,523,135119.0,135354.0,135672.86,136064.23,136514.29,137012.04
2006,3,524,135119.0,135356.2598,135535.035,135731.4872,135778.9407,135670.7832
2006,3,526,,,,,,
2006,3,527,135119.0,135775.0,136185.0,136500.0,136850.0,137250.0
2006,3,528,135119.0,135556.012,135994.4375,136434.281,136875.547,137318.2402
2006,3,530,135119.0,135650.0,136056.0,136438.0,136813.0,137188.0
2006,3,531,,,,,,
2006,3,532,,,,,,
2006,3,533,135241.0,135541.0,135841.0,136141.0,136501.0,136861.0
2006,3,535,135119.0,135489.0543,135893.705,136232.1727,136537.6659,136877.7375
2006,3,536,135119.0,135444.0,135827.0,135993.0,136197.0,136502.0
2006,3,539,135119.0,135504.0,135954.0,136404.0,136854.0,137304.0
2006,3,540,135125.0,135495.0,135890.0,136346.0,136789.0,137123.0
2006,3,541,,,,,,
2006,3,543,135119.0,135354.8401,135759.09,135928.4716,136131.9071,136369.5152
2006,3,544,135119.0,135524.357,135930.9301,136338.7229,136747.739,137192.1692
2006,3,545,135119.0,135690.0,136220.0,136700.0,136860.0,137120.0
2006,3,546,135119.0,135200.0,135625.0,136025.0,136400.0,136800.0
2006,3,548,135119.0,135657.681,136049.27,136479.911,136903.834,137367.886
2006,3,549,,,,,,
2006,3,550,135119.0,135173.0,135243.0,134264.0,134579.0,134677.0
2006,3,551,135119.0,135939.88,137157.2,138726.74,140611.56,142781.42
2006,4,20,135516.0,135838.0,136184.0,136345.0,136594.0,136840.0
2006,4,65,,,,,,
2006,4,84,,,,,,
2006,4,99,135516.0,135880.0,136920.0,137000.0,138460.0,138900.0
2006,4,405,,,,,,
2006,4,407,135516.0,135884.7,136150.4,136473.7,136855.8,137262.2
2006,4,411,135516.0,135886.0,136285.0,136470.0,136885.0,137175.0
2006,4,420,135550.0,135720.0,135895.0,136030.0,136185.0,136330.0
2006,4,421,135516.0,135894.0,136224.0,136620.0,137001.0,137433.0
2006,4,422,135516.0,135752.533,135955.7052,136193.0057,136532.2188,136872.2768
2006,4,424,,,,,,
2006,4,426,135516.0,135800.0,136400.0,136600.0,136800.0,137200.0
2006,4,428,135516.0,135863.08,136185.61,136509.23,136857.89,137197.69
2006,4,429,135577.0,135968.0,136372.0,136729.0,137030.0,137292.0
2006,4,431,135516.0,135961.0,136230.0,136506.0,136935.0,137234.0
2006,4,446,135516.0,135981.5791,136286.5104,136592.1255,136898.426,137239.3961
2006,4,448,135576.6667,135981.3333,136326.3333,136757.3333,137225.0,137576.6667
2006,4,463,135516.0,135981.0,136400.0,136821.0,137240.0,137661.0
2006,4,472,135516.0,135942.3333,136241.6667,136561.6667,136895.3333,137272.0
2006,4,483,135516.0,135880.69,136219.1252,136592.1924,136966.2814,137375.344
2006,4,484,135516.0,135956.427,136364.2963,136841.5713,137286.3064,137766.8085
2006,4,497,135516.0,135885.8795,136275.8179,136428.8788,136806.3507,137056.7322
2006,4,498,,,,,,
2006,4,504,135516.3333,135853.0,136173.0,136523.0,136988.0,137498.0
2006,4,506,135516.0,135944.0,136335.8,136602.2,136913.3,137301.3
2006,4,507,135516.0,135900.0,136473.0483,137020.13,137474.74,137938.5
2006,4,510,135516.0,135807.9333,135825.3,135719.4,135704.4333,135756.8667
2006,4,512,135516.0,135954.2961,136360.3363,136767.5892,137209.9333,137653.708
2006,4,516,135516.0,135763.0,136038.0,136338.0,136638.0,136938.0
2006,4,520,135516.0,135809.6667,136078.0,136363.0,136693.0,137103.0
2006,4,521,135516.0,135843.0,136178.0,136508.0,136868.0,137243.0
2006,4,523,,,,,,
2006,4,524,135516.0,135502.9467,136068.8833,136479.6167,136871.4967,136857.9761
2006,4,526,135516.0,135784.1604,136174.3743,136612.9386,137111.7842,137651.8704
2006,4,527,135516.0,135825.0,136200.0,136450.0,136800.0,136150.0
2006,4,528,135516.0,135882.0,136257.0,136527.0,136812.0,137112.0
2006,4,531,,,,,,
2006,4,532,,,,,,
2006,4,535,135516.0,135887.1415,136225.5928,136531.0713,136871.1265,137245.9793
2006,4,536,135516.0,135884.0,136258.0,136409.0,136802.0,137078.0
2006,4,539,135516.0,135994.0,136444.0,136894.0,137344.0,137794.0
2006,4,540,135516.0,135984.0,136441.0,136882.0,137218.0,137558.0
2006,4,541,,,,,,
2006,4,542,135516.0,135954.2961,136394.0097,136835.1455,137243.8165,137653.708
2006,4,543,135516.0,135752.533,135989.4789,136125.2648,136531.8157,136804.0639
2006,4,544,135516.0,135930.9216,136270.7489,136577.3581,136884.6572,137226.8688
2006,4,546,135516.0,135900.0,136320.0,136770.0,137220.0,137640.0
2006,4,548,135516.0,135847.538,136190.527,136536.78,136908.413,137348.71
2006,4,549,,,,,,
2006,4,550,135516.0,135581.1075,135634.0,135230.0,135348.0,135429.0
2006,4,551,,,,,,
2007,1,20,136051.0,136465.2808,136755.3767,137047.1615,137326.9252,137631.6252
2007,1,84,,,,,,
2007,1,405,136051.0,136364.556,136700.4007,137075.8041,137357.9218,137809.928
2007,1,407,136051.0,136473.5247,136917.73,137385.3567,137851.351,138351.2081
2007,1,411,136051.0,137372.0,137734.0,138156.0,138508.0,138883.0
2007,1,420,136051.0,136410.0,136700.0,137050.0,137290.0,137640.0
2007,1,421,136051.0,136435.0,136792.0,137197.0,137617.0,138016.0
2007,1,424,,,,,,
2007,1,426,136051.0,136397.7988,136933.3607,137077.9574,137555.5556,138070.415
2007,1,428,136051.0,136337.3902,136573.6197,136874.614,137209.9132,137611.7854
2007,1,431,136051.0,136427.5286,136670.9309,137033.5508,137273.9728,137535.2578
2007,1,433,136051.0,136457.3291,136491.4306,136627.7178,136866.1912,137207.081
2007,1,446,136051.3333,136402.3455,136702.3601,137002.4575,137353.5444,137752.5315
2007,1,448,136051.0,136482.5011,136910.6906,137375.3076,137724.6811,138201.5511
2007,1,456,136051.0,135462.1981,135685.7309,135834.7527,136058.2855,136326.5249
2007,1,463,136051.0,136515.2695,136983.8216,137426.0395,137855.9685,138286.9688
2007,1,472,136051.0,136499.7214,136910.3594,137337.8866,137784.9522,138257.1859
2007,1,483,136051.0,136390.1914,136763.7271,137138.2858,137547.8622,137958.6617
2007,1,484,136051.0,136459.153,136902.6452,137416.0302,137896.9863,138310.6772
2007,1,497,136051.0,136534.2102,136860.7788,137170.7916,137376.7853,137627.2583
2007,1,504,136051.0,136462.3003,136810.018,137271.9858,137778.6601,138325.0736
2007,1,507,136051.0,136796.7859,137322.1774,137721.1099,138228.1525,138848.7377
2007,1,508,136051.0,136302.3536,136702.5653,137284.0813,138012.0836,138976.2485
2007,1,510,136051.0,136353.9449,136254.8619,136239.9928,136292.0843,136632.8145
2007,1,512,136051.0,136470.2482,136934.2029,137361.3989,137756.8036,138190.954
2007,1,516,136051.0,136462.3003,136760.3441,137058.3878,137356.4315,137654.4752
2007,1,518,136051.0,135682.1991,135915.0523,136219.1504,136648.9415,137097.4991
2007,1,519,136051.0,136504.0265,137000.766,137497.5055,138093.593,138689.6805
2007,1,520,,,,,,
2007,1,521,136051.0,136472.2351,136800.0832,137137.8661,137480.6164,137823.3667
2007,1,524,136051.0,136425.3441,136572.7981,136599.6622,137683.9493,138062.4482
2007,1,526,136051.0,136487.667,136974.5929,137482.172,138003.7892,138546.6675
2007,1,527,136051.0,136500.0,136950.0,137375.0,137875.0,137400.0
2007,1,528,136051.0,136468.2612,136825.9137,137123.9574,137541.2186,137988.2842
2007,1,532,,,,,,
2007,1,533,136051.0,135506.5735,135655.5953,135953.639,136251.6828,136549.7265
2007,1,535,136051.0,136457.3291,136797.2005,137137.9185,137513.502,137924.199
2007,1,536,136051.0,136482.1699,136837.8354,137238.2075,137547.1795,137853.1711
2007,1,539,136051.0,136511.9743,136959.0399,137406.1055,137853.1711,
2007,1,540,136051.0,136442.4308,136811.0115,137144.8205,137482.6034,137144.8205
2007,1,541,136051.0,136491.0264,136898.6696,137273.5979,137717.5785,
2007,1,542,136051.0,136491.0264,136932.476,137341.4376,137751.6207,138163.0288
2007,1,543,136051.0,136389.8594,136695.7063,137002.239,137241.3661,137549.1225
2007,1,544,136051.0,136459.4719,136834.7354,137211.0309,137554.0585,137966.7207
2007,1,546,136051.0,136508.9939,137949.5385,137403.125,137850.1906,138277.3866
2007,1,548,136051.0,136343.0,136521.0,136795.0,137235.0,137750.0
2007,1,549,,,,,,
2007,1,551,136051.0,136492.1047,136943.1442,137407.099,137861.1189,138293.2823
2007,1,552,,,,,,
2007,2,20,137464.0,137653.0,137853.7,138146.7,138440.0,138735.0
2007,2,65,137464.0,137942.6185,138354.5971,138699.194,139010.2195,139425.3865
2007,2,84,,,,,,
2007,2,99,137464.0,138100.0,138200.0,138550.0,138800.0,139200.0
2007,2,405,137464.0,137827.1821,138271.5299,138564.621,138944.4914,139559.3105
2007,2,407,137464.0,137671.9,137996.4,138396.3,138882.4,139430.6
2007,2,411,137464.0,137859.0,138170.0,138414.0,138757.0,139120.0
2007,2,420,137464.0,137760.0,138150.0,138500.0,138870.0,139280.0
2007,2,421,137464.0,137782.0,138136.0,138502.0,138889.0,139222.0
2007,2,422,137464.0,137874.5491,138183.7253,138493.5949,138907.219,139322.0784
2007,2,423,137464.0,137898.4422,138370.2781,138856.8579,139355.1071,139862.6976
2007,2,424,,,,,,
2007,2,426,137464.0,137806.3787,137978.3147,138321.9744,138700.8007,139115.0437
2007,2,429,137448.0,137784.0,138096.0,138454.0,138856.0,139318.0
2007,2,431,137464.0,137747.0,138126.0,138327.0,138658.0,139046.0
2007,2,439,137464.0,137827.3333,138224.0,138614.0,139004.0,139394.0
2007,2,446,137464.0,137892.5447,138201.7612,138477.3394,138787.8673,139202.3703
2007,2,456,137464.0,137778.0,138003.0,138153.0,138378.0,138678.0
2007,2,463,137464.0,137824.0,138249.0,138964.0,139144.0,139595.0
2007,2,472,137464.0,137790.3333,138117.3333,138474.0,138813.3333,139161.6667
2007,2,483,137464.0,137892.5447,138372.6553,138888.6592,139406.5874,139926.447
2007,2,484,137464.0,137704.562,138014.3973,138393.9369,138809.1187,139294.9506
2007,2,497,137464.0,137875.5798,138172.9736,138423.6298,138799.942,139220.0317
2007,2,498,,,,,,
2007,2,506,137464.0,137794.0,138006.4,138306.0,138649.8,139077.8
2007,2,507,137464.0,137945.124,138427.9319,138920.0,139406.22,139894.1418
2007,2,508,137464.0,138003.7146,138602.219,139311.1612,139996.0308,140689.9791
2007,2,510,137464.0,137621.4667,137631.8333,137710.6,137821.6333,138095.9667
2007,2,512,137464.0,137852.0,138263.0,138662.0,139098.0,139441.0
2007,2,516,137464.0,137782.0,138022.0,138272.0,138562.0,138862.0
2007,2,518,137464.0,137727.7643,137950.1208,138160.2381,138449.7113,138979.2911
2007,2,519,137464.0,137800.0,138100.0,138500.0,139000.0,139500.0
2007,2,520,137500.0,137800.0,138200.0,138400.0,138900.0,139200.0
2007,2,521,137448.0,137814.3333,138175.0,138505.0,138835.0,139165.0
2007,2,524,137464.0,137608.4545,137688.4062,137414.7186,137689.548,137964.9271
2007,2,526,137464.0,137967.7403,138436.377,138951.1392,139538.141,140159.8122
2007,2,527,137464.0,137740.0,138015.0,138460.0,138985.0,139505.0
2007,2,528,137464.0,137794.0,138094.0,138394.0,138754.0,139144.0
2007,2,531,,,,,,
2007,2,532,,,,,,
2007,2,535,137464.0,137840.4766,138217.9842,138596.5257,139010.4573,139460.0554
2007,2,539,137464.0,137839.0,138214.0,138589.0,138964.0,139339.0
2007,2,540,137448.0,137800.0,138135.0,138475.0,138800.0,139075.0
2007,2,541,137464.0,137908.5964,138320.4734,138699.2956,139147.8873,139597.9299
2007,2,542,137464.0,137908.5964,138320.4734,138733.5804,139147.9213,139563.4996
2007,2,543,137464.0,137806.3787,137978.3147,138047.2521,138253.8587,138529.5408
2007,2,544,137464.0,137700.0,138000.0,138345.0,138600.0,139000.0
2007,2,546,137464.0,137842.0,138214.0,138604.0,138994.0,139384.0
2007,2,548,137464.0,137784.705,137982.425,138262.106,138586.741,139004.118
2007,2,549,,,,,,
2007,2,550,137464.0,137508.0,137554.0,137597.0,137625.0,137608.0
2007,2,551,137464.0,137882.9176,138298.9438,138712.5452,139124.0545,139533.7587
2007,2,552,,,,,,
2007,3,20,137887.0,138393.0,138684.0,138869.0,139145.0,139459.0
2007,3,65,,,,,,
2007,3,84,,,,,,
2007,3,411,137887.0,138328.0,138622.0,138945.0,139279.0,139592.0
2007,3,420,137887.0,138270.0,138600.0,138970.0,139380.0,139700.0
2007,3,422,,,,,,
2007,3,424,,,,,,
2007,3,426,137887.0,138059.0365,138402.8973,138781.9453,139196.4305,139646.6301
2007,3,428,137887.0,138120.94,138340.25,138575.36,138888.34,139224.03
2007,3,429,137883.0,138229.0,138583.0,139030.0,139579.0,140194.0
2007,3,431,137887.0,138340.0,138659.0,139015.0,139389.0,139764.0
2007,3,433,137887.0,138298.8124,138540.2026,138678.5355,138920.5885,139163.0639
2007,3,446,137887.0,138315.2158,138745.0968,139073.1045,139505.341,139938.9209
2007,3,456,137887.0,138111.6667,138336.6667,138636.6667,139011.6667,139461.6667
2007,3,463,137887.0,138300.0,138733.0,139183.0,139634.0,140094.0
2007,3,472,137887.0,138230.3333,138587.0,138937.6667,139366.6667,139736.6667
2007,3,483,137887.0,138363.4119,138879.3814,139397.2749,139917.0998,140438.8631
2007,3,484,137887.0,138128.3023,138300.9626,138508.4141,138993.1935,139549.1663
2007,3,497,137887.0,138325.6,138601.5,138884.7,139165.5,139446.6
2007,3,504,137887.0,138138.6667,138138.6667,138138.6667,138138.6667,138138.6667
2007,3,506,137887.0,138242.0,138557.0,138874.0,139260.0,139694.0
2007,3,507,137887.0,138403.3959,138964.1797,139467.8091,139910.2183,140437.9259
2007,3,508,137887.0,138635.6402,139433.9621,140373.6125,141249.3869,142008.1637
2007,3,510,137887.0,138153.1667,138156.2667,138248.6333,138522.9667,138879.9667
2007,3,512,137887.0,138265.0,138662.0,139098.0,139441.0,139744.0
2007,3,516,137887.0,138298.0,138688.0,139118.0,139568.0,140018.0
2007,3,518,137887.0,138131.2836,138423.9768,138781.1724,139181.0458,139639.448
2007,3,519,137887.0,138200.0,138600.0,138900.0,139400.0,139900.0
2007,3,521,137887.0,138235.3333,138567.0,138897.0,139227.0,139557.0
2007,3,524,137887.0,138290.6956,138470.7316,138746.8461,139057.9783,139404.3272
2007,3,526,137887.0,138364.5519,138746.1058,139064.9166,139484.2045,140110.2878
2007,3,527,137887.0,138065.0,138400.0,138850.0,139300.0,139650.0
2007,3,528,137887.0,138247.0,138577.0,138877.0,139222.0,139567.0
2007,3,531,,,,,,
2007,3,532,,,,,,
2007,3,533,137887.0,138222.0,138522.0,138822.0,139122.0,139422.0
2007,3,535,137887.0,138264.6351,138677.5753,139160.4193,139679.3609,140165.6928
2007,3,538,137887.0,138154.0,138448.0,138972.0,139178.0,139400.0
2007,3,540,137883.0,138262.0,138648.0,138979.0,139279.0,139579.0
2007,3,541,,,,,,
2007,3,542,137887.0,138367.0913,138848.8542,139332.2945,139782.9335,140200.4083
2007,3,543,137887.0,138332.9645,138608.8043,138885.1941,139196.6367,139474.1986
2007,3,544,137883.0,138193.5708,138539.0548,138954.6719,139371.5359,139789.6505
2007,3,546,137883.0,138252.0,138632.0,139016.0,139417.0,139832.0
2007,3,548,137887.0,137982.425,138262.106,138586.741,139004.118,139491.913
2007,3,549,,,,,,
2007,3,551,137887.0,138261.1333,138634.6779,139008.1413,139381.5358,139754.871
2007,3,552,,,,,,
2007,3,554,137887.0,138249.0,138601.0,138946.0,139291.0,139636.0
2007,4,20,138162.0,138453.0,138629.0,138885.0,139149.0,139459.0
2007,4,84,,,,,,
2007,4,407,138162.0,138460.0,138866.367,139343.238,139849.246,140345.296
2007,4,411,138162.0,138529.0,138853.0,139148.0,139461.0,139987.0
2007,4,420,138162.0,138500.0,138850.0,139200.0,139500.0,139850.0
2007,4,421,138162.0,138526.7,138927.9,139262.7,139624.7,140061.7
2007,4,422,,,,,,
2007,4,424,,,,,,
2007,4,428,138162.0,138471.38,138691.98,138926.08,139201.88,139519.64
2007,4,429,138162.0,138514.0,138744.0,139014.0,139380.0,139805.0
2007,4,431,138162.0,138508.0,138713.0,138910.0,139105.0,139405.0
2007,4,446,138162.0,138504.1123,138814.7002,139125.9847,139437.9672,139819.8499
2007,4,448,138160.0,138544.6667,139024.6667,139024.6667,139024.6667,139024.6667
2007,4,456,138162.0,138310.0,138385.0,138460.0,138610.0,138910.0
2007,4,463,138162.0,138514.1215,138836.9324,139206.2283,139597.3366,139999.9132
2007,4,472,138162.0,138506.0,138826.6667,139218.0,139560.3333,139926.3333
2007,4,483,138162.0,138504.1123,138883.4374,139229.3515,139576.1272,139923.7666
2007,4,484,138162.0,138611.0,138854.0,138201.0,139619.0,140038.0
2007,4,498,,,,,,
2007,4,504,138162.0,138471.0,138671.0,138996.0,139396.0,139816.0
2007,4,507,138162.0,138574.6338,138926.6554,139314.0269,139730.1013,140171.647
2007,4,508,138162.0,138732.1833,139265.0197,139844.9385,140595.0317,140776.4672
2007,4,510,138162.0,138401.4333,138461.4333,138735.7667,139092.7667,139621.5
2007,4,512,138162.0,138545.0,138907.0,139238.0,139570.0,139981.0
2007,4,516,138162.0,138315.0,138390.0,138498.3333,138790.0,139165.0
2007,4,518,138162.0,138532.0013,138748.8061,139045.4358,139389.5081,139764.0632
2007,4,519,138162.0,138534.0,138857.0,139264.0,139756.0,140272.0
2007,4,520,,,,,,
2007,4,521,138162.0,138491.0,138661.0,138811.0,138961.0,139111.0
2007,4,524,138162.0,138539.2088,138815.4599,139126.746,139473.2661,139889.8161
2007,4,526,138162.0,138552.6102,138895.9371,139262.034,139648.4302,140277.3746
2007,4,527,138162.0,138227.0,138325.0,138500.0,138800.0,138975.0
2007,4,528,138162.0,138387.0,138627.0,138897.0,139197.0,139527.0
2007,4,532,,,,,,
2007,4,535,138162.0,138540.3882,138747.7328,139024.3997,139370.6649,139786.9084
2007,4,539,138162.0,138521.0,138821.0,139121.0,139421.0,139721.0
2007,4,540,138160.0,138532.0,138831.0,139109.0,139479.0,139879.0
2007,4,542,138162.0,138506.1172,138919.7787,139369.0836,139819.8415,140272.0574
2007,4,543,138162.0,138368.7783,138575.8661,138817.7399,139025.4996,139440.7123
2007,4,544,138162.0,138400.0,138600.0,138900.0,139200.0,139400.0
2007,4,546,138162.0,138520.0,138846.0,139186.0,139541.0,139907.0
2007,4,548,138162.0,138596.414,138959.139,139403.828,139895.136,140423.916
2007,4,549,,,,,,
2007,4,550,138162.0,138315.0,138516.0,138697.0,138827.0,138910.0
2007,4,552,,,,,,
2007,4,553,138162.0,138417.0,138687.0,138987.0,139347.0,139737.0
2007,4,554,138162.0,138516.0,138801.0,139086.0,139371.0,139656.0
2007,4,555,138162.0,138259.3333,138344.3333,138434.3333,138539.3333,138659.3333
2008,1,99,138445.0,138650.0,138800.0,139100.0,139600.0,140100.0
2008,1,407,138445.0,138480.4025,138555.6204,138680.9835,138988.073,139362.5577
2008,1,411,138445.0,138902.3246,138987.5715,139277.411,139923.2818,140537.0596
2008,1,420,138445.0,138550.0,138700.0,139000.0,139300.0,139550.0
2008,1,421,138445.0,138559.3312,138724.8105,138953.4728,139218.2397,139552.207
2008,1,422,,,,,,
2008,1,423,138445.0,138325.0,138666.0,139048.0,139464.0,139905.0
2008,1,424,,,,,,
2008,1,426,138445.0,138652.2019,138928.6782,139136.604,139552.1485,140107.0388
2008,1,431,138445.0,138439.0,137847.0,137832.0,138196.0,138578.0
2008,1,446,138445.0,138514.5051,138618.2743,138825.7355,138998.9433,139206.9742
2008,1,448,138445.0,138508.183,138472.0784,138558.3283,138950.4641,139319.533
2008,1,463,138445.0,138576.3805,138822.0922,139118.9521,139454.9252,139801.9303
2008,1,472,138445.0,138550.305,138787.3249,139061.4522,139316.5243,
2008,1,483,138445.0,138445.3343,138445.3343,138514.5051,138652.8123,138894.8204
2008,1,484,138445.0,138479.5983,138617.8706,138859.8177,139205.673,139552.3897
2008,1,498,,,,,,
2008,1,504,138445.0,138578.3863,138578.3863,138578.3863,138578.3863,138578.3863
2008,1,507,138445.0,138563.3428,138727.1506,138949.4612,139250.3326,139604.6923
2008,1,508,138445.0,138972.6922,139210.6873,139655.3542,139874.0696,140311.3239
2008,1,510,138445.0,138506.4446,138627.5955,138860.9381,139301.6145,139652.6312
2008,1,512,138445.0,138566.3515,138739.854,138897.3101,139127.9782,139398.7625
2008,1,516,138445.0,138436.3082,138051.8613,137500.2636,136931.9509,136764.8
2008,1,518,138445.0,138712.9301,138654.4315,138945.2347,139224.8387,139609.796
2008,1,519,138445.0,138581.3951,138587.4125,138850.1736,139450.9136,139910.244
2008,1,520,138445.0,138595.0,138795.0,139065.0,139335.0,139605.0
2008,1,521,138445.0,138932.0775,138939.4321,138939.4321,138959.4902,139009.6354
2008,1,523,,,,,,
2008,1,524,138445.0,138652.5367,138790.9817,138998.7014,139275.8687,139588.1873
2008,1,526,138445.0,138729.9493,138946.2013,139263.7868,139813.2243,
2008,1,527,138445.0,138375.7996,138300.5817,138325.6543,138601.4532,139052.7604
2008,1,528,138445.0,138640.5664,138851.1765,139091.8736,139392.7451,139723.7037
2008,1,531,,,,,,
2008,1,532,,,,,,
2008,1,535,138044.0,138112.9703,138216.4387,138423.2985,138733.7053,139182.4083
2008,1,539,138445.0,138715.7843,138986.5686,139257.3529,139528.1373,
2008,1,540,138445.0,138495.1452,138540.276,138615.4938,138700.7407,138796.0167
2008,1,541,,,,,,
2008,1,542,138445.0,138617.7327,138894.1403,139205.6029,139552.3194,139934.5154
2008,1,543,138445.0,138445.0,138479.5983,138548.7862,138652.5811,138721.8555
2008,1,546,138445.0,138526.2353,138422.9361,138325.6543,138339.695,138440.9884
2008,1,548,138445.0,139101.6548,139790.1321,140428.9208,141121.0702,141778.5303
2008,1,549,,,,,,
2008,1,550,138445.0,138626.1439,138807.2879,138927.0,139110.0,139275.0
2008,1,551,138445.0,138400.8722,138400.8722,138400.8722,138400.8722,138400.8722
2008,1,552,,,,,,
2008,1,553,138445.0,138756.0,139064.0,139416.0,139765.0,140149.0
2008,1,554,138445.0,138503.1685,138545.2905,138609.4764,138694.7233,138801.6998
2008,1,555,138445.0,138883.2694,138958.4873,139043.7342,139144.0247,139254.3442
2008,1,557,138445.0,138490.1307,138515.6862,138558.6928,138662.0789,138790.8959
2008,2,20,137925.0,137863.0,137803.0,137748.0,137723.0,137708.0
2008,2,84,,,,,,
2008,2,407,137925.0,137909.667,137914.667,137969.667,138312.355,138686.861
2008,2,411,137925.0,137745.0,138491.0,138825.0,139054.0,139275.0
2008,2,421,137925.0,137901.0,138033.0,138261.0,138579.0,138966.0
2008,2,422,,,,,,
2008,2,424,,,,,,
2008,2,426,137925.0,137816.0,137771.0,137845.0,137911.0,138243.0
2008,2,428,137919.69,137717.45,137601.84,137740.27,138070.7,138458.84
2008,2,429,137925.0,137711.0,137563.0,137700.0,137889.0,138156.0
2008,2,431,137925.0,137637.0,137501.0,137613.0,137916.0,138123.0
2008,2,446,137925.0,137573.5669,137297.5905,137345.6194,137551.1759,137757.0401
2008,2,463,137925.0,137782.7766,137784.9053,137942.8267,138234.6454,138593.4959
2008,2,472,137925.0,137763.3333,137705.0,137792.3333,137923.3333,138062.6667
2008,2,483,137925.0,137821.1066,137752.1443,137717.6933,137717.6933,137752.1099
2008,2,484,137925.0,137856.0375,137856.0375,137924.9655,138062.8905,138373.532
2008,2,504,137925.0,137662.6667,137571.0,137741.0,138009.3333,138276.0
2008,2,506,137925.0,137735.0,137689.1,137652.4,137637.2,137797.0
2008,2,507,137925.0,137793.0,137771.3333,137854.6667,138013.0,138179.6667
2008,2,508,137925.0,137931.0784,138343.3371,138475.0738,139274.1057,140111.5658
2008,2,510,137925.0,137763.3333,137768.0,137993.7333,138171.7333,138373.7333
2008,2,512,137925.0,137796.0,137780.0,137858.0,137993.0,138115.0
2008,2,516,137925.0,137668.0,137118.0,136518.0,135951.3333,135701.3333
2008,2,519,137925.0,137943.0,138063.5,138333.2,138674.2,139135.3
2008,2,520,,,,,,
2008,2,521,137925.0,137723.0,137434.2963,137168.5556,136966.3333,136864.1111
2008,2,523,137925.0,137835.0,138195.0,138528.0,138878.0,139228.0
2008,2,524,137925.0,137900.1514,137934.6135,138066.2647,138275.1228,138484.2823
2008,2,526,137925.0,137950.3577,138144.9805,138465.7499,138876.8116,139311.4735
2008,2,528,137925.0,137835.0,137880.0,137940.0,138030.0,138210.0
2008,2,530,,,,,,
2008,2,531,,,,,,
2008,2,532,,,,,,
2008,2,535,137925.0,137786.8676,137752.408,137855.6063,138130.4942,138508.7961
2008,2,540,137925.0,137730.0,137680.0,137680.0,137720.0,137795.0
2008,2,541,,,,,,
2008,2,542,137925.0,137821.4397,137821.4397,137993.3944,138337.0917,138681.645
2008,2,543,137925.0,137925.0,137855.9857,137821.5088,137855.9513,137959.2271
2008,2,544,137919.6667,137747.2671,137816.1407,137885.0488,138160.8189,138471.6807
2008,2,546,137925.0,137738.0,137558.0,137468.0,137448.0,137508.0
2008,2,548,137925.0,138481.141,138495.089,138721.042,138839.058,138825.941
2008,2,549,,,,,,
2008,2,550,137925.0,138207.0,138327.0,138410.0,138554.0,138610.0
2008,2,551,137925.0,137865.0,137805.0,137800.0,137900.0,138000.0
2008,2,552,,,,,,
2008,2,553,137925.0,137787.075,137752.6282,137890.3809,138166.1616,138511.577
2008,2,554,137925.0,137834.0,138030.0,138398.0,138767.0,139106.0
2008,2,555,137925.0,137625.0,137330.0,137150.0,137090.0,137210.0
2008,2,556,137925.0,137709.9303,137436.9687,137122.6507,136965.4526,136980.7453
2008,2,557,137925.0,137728.0,137438.0,137118.0,136928.0,136908.0
2008,3,20,137702.0,137642.0,137587.0,137572.0,137643.0,137646.0
2008,3,84,,,,,,
2008,3,99,,,,,,
2008,3,407,137702.0,137615.667,137560.667,137535.667,137510.667,137719.342
2008,3,411,,,,,,
2008,3,420,137702.0,137450.0,137100.0,137250.0,137450.0,137700.0
2008,3,421,137702.0,137585.0,137540.0,137606.0,137741.0,137978.0
2008,3,424,,,,,,
2008,3,426,137702.0,137771.0,137845.0,137911.0,138245.4,138723.4
2008,3,428,137716.5839,137513.001,137433.8627,137622.4457,137948.141,138418.2053
2008,3,431,137702.0,137332.0,137185.0,137044.0,136810.0,136861.0
2008,3,446,137702.0,137508.6267,137319.1612,137112.7173,137215.4364,137420.7981
2008,3,463,137702.0,137566.7468,137496.9396,137665.3861,137972.0803,138332.1982
2008,3,472,137702.0,137604.0,137611.3333,137722.0,137821.0,137970.3333
2008,3,483,137702.0,137508.6267,137301.8981,137164.3897,137095.7561,137061.4693
2008,3,484,137702.0,137426.596,137357.8827,137426.5616,137667.0581,137976.809
2008,3,497,137702.0,137301.178,137210.6476,137141.3727,137242.4316,137397.2626
2008,3,504,137702.0,137573.3333,137490.0,137608.017,137788.7539,138031.0797
2008,3,510,137702.0,137568.4,137557.8333,137664.5,137809.8333,138076.8333
2008,3,512,137702.0,137598.3333,137595.0,137673.3333,137798.3333,137955.0
2008,3,516,137702.0,137304.0,136704.0,136137.3333,135887.3333,135854.0
2008,3,518,137702.0,137453.3318,137235.6297,137078.2933,137091.4477,137107.6392
2008,3,519,137702.0,137598.6071,137660.4847,137828.8098,138305.2885,138773.1471
2008,3,520,,,,,,
2008,3,521,137702.0,137513.3951,137247.6543,137045.4321,136943.2099,136964.321
2008,3,523,137702.0,137615.0,137669.16,137778.09,137927.11,138100.03
2008,3,526,,,,,,
2008,3,527,137702.0,137427.0,137255.0,137250.0,137335.0,137475.0
2008,3,528,137666.0,137562.6341,137493.8012,137425.0027,137527.9557,137938.6958
2008,3,532,,,,,,
2008,3,533,137702.0,137552.0,137252.0,136952.0,136802.0,136727.0
2008,3,535,137702.0,137564.091,137426.32,137391.9506,137563.3694,137905.9957
2008,3,540,137716.0,137564.0,137376.0,137169.0,136996.0,136836.0
2008,3,541,,,,,,
2008,3,542,137702.0,137598.6071,137598.6071,137770.2838,137942.1747,138148.624
2008,3,543,137702.0,137267.4251,137049.544,136757.3807,136643.4906,136695.4879
2008,3,546,137702.0,137699.0,137494.0,137337.0,137284.0,137357.0
2008,3,548,137702.0,137847.636,137856.194,137860.846,138010.214,138221.922
2008,3,549,,,,,,
2008,3,552,,,,,,
2008,3,553,137702.0,137550.0,137550.0,137200.0,137300.0,137550.0
2008,3,554,137716.0,137751.0,137527.0,137648.0,137932.0,138380.0
2008,3,555,137702.0,137089.0,136864.0,136669.0,136619.0,136739.0
2008,3,556,137702.0,137438.0,137063.0,136844.0,136709.0,136863.0
2008,3,557,137715.6667,137535.0,137295.0,137165.0,137155.0,137245.0
2008,3,559,137702.0,136911.8133,136651.1254,136759.6761,136694.0462,136379.4164
2008,3,561,137700.0,137600.0,137300.0,137300.0,137600.0,137900.0
2008,4,84,,,,,,
2008,4,99,,,,,,
2008,4,407,137370.667,136770.667,136320.667,136070.667,136021.172,136071.21
2008,4,411,137448.0,136791.0,136071.0,135718.0,135760.0,135950.0
2008,4,420,137448.0,136725.0,136300.0,135950.0,135800.0,136100.0
2008,4,421,137448.0,136803.0,136236.0,135909.0,135795.0,135927.0
2008,4,423,137448.0,136746.0,136363.0,136162.0,136109.0,136170.0
2008,4,426,137448.0,136919.0,136600.0,136200.0,136300.0,136200.0
2008,4,428,137448.0,136891.67,136421.91,136077.34,135874.47,135989.73
2008,4,429,137371.0,136639.0,135878.0,135385.0,135038.0,134774.0
2008,4,431,137371.0,136595.0,135785.0,135049.0,134780.0,134969.0
2008,4,433,137448.0,136720.6448,136274.1199,136035.0116,135864.6481,135898.6015
2008,4,446,137448.0,136790.7497,136101.6057,135794.3381,135896.0694,136099.4565
2008,4,463,137448.0,136665.2439,136044.9743,135663.6976,135582.1502,135833.8352
2008,4,472,137448.0,136657.6667,136020.0,135681.6667,135565.6667,135647.0
2008,4,483,137448.0,136929.6451,136516.9945,136311.7567,136243.5496,136243.5496
2008,4,484,137448.0,137138.742,136830.1798,136522.3119,136249.2673,136010.8311
2008,4,497,137448.0,136791.5955,135948.761,135367.2638,135072.998,134895.2026
2008,4,504,137448.0,137168.0,136993.0,136780.0428,136523.4551,136442.3258
2008,4,506,137448.0,136851.0,136115.7,135500.6,135159.7,135082.6
2008,4,507,137448.0,136677.3333,136077.3333,135639.0,135307.3333,135095.6667
2008,4,508,137448.0,136350.8349,135564.5174,135295.3131,135341.9126,135630.9441
2008,4,510,137448.0,137063.8333,136903.1667,136991.8333,137258.8333,137687.5667
2008,4,512,137448.0,136808.0,136217.0,135900.0,135865.0,136106.0
2008,4,516,137448.0,136884.6667,136018.0,135151.3333,134518.0,134168.0
2008,4,518,137448.0,137007.2283,136579.1921,135937.1025,135650.1427,135447.2114
2008,4,519,137448.0,136849.6414,136302.3902,136001.5303,136042.3124,136300.0594
2008,4,520,,,,,,
2008,4,524,137448.0,137068.7812,136680.3765,136430.14,136249.4845,136136.438
2008,4,527,137448.0,137076.0,136625.0,136100.0,135800.0,135795.0
2008,4,528,137139.0,136479.01,135954.01,135804.01,135714.01,135804.01
2008,4,531,,,,,,
2008,4,532,,,,,,
2008,4,535,137448.0,136685.718,136031.783,135656.1425,135520.2824,135655.5998
2008,4,538,,,,,,
2008,4,540,137448.0,136667.0,136133.0,135993.0,135890.0,135840.0
2008,4,542,137448.0,136608.7849,136007.1587,135782.1893,135872.0558,136142.9885
2008,4,543,137448.0,136791.2198,135949.0478,135296.3269,134999.0837,134865.7096
2008,4,544,137448.0,136718.7774,136103.5429,135593.1546,135254.1717,135254.1717
2008,4,546,137448.0,136650.0,136000.0,135530.0,135220.0,135100.0
2008,4,548,137448.0,136644.8957,135560.7759,134766.5296,134280.6765,134118.9726
2008,4,549,,,,,,
2008,4,551,137448.0,137033.7874,136343.4189,135760.2282,135419.5474,135249.9547
2008,4,552,,,,,,
2008,4,553,137448.0,136630.0,136000.0,135650.0,135525.0,135852.0
2008,4,554,137448.0,136620.0,135715.0,135049.0,134795.0,134900.0
2008,4,555,137448.0,137188.0,136988.0,136838.0,136748.0,136728.0
2008,4,556,137448.0,136727.0,136301.0,136055.0,136202.0,136510.0
2008,4,557,137448.0,136649.7778,135833.0041,134925.5283,133983.5659,133172.19
2008,4,560,,,,,,
2008,4,561,137400.0,136800.0,136300.0,135900.0,135800.0,135800.0
2009,1,411,136033.0,134310.5686,133188.333,132961.8818,133082.1214,133372.7002
2009,1,420,136033.0,135000.0,134150.0,134000.0,134200.0,134350.0
2009,1,421,136033.0,134546.0377,133277.5106,132781.5225,132697.3548,132793.5465
2009,1,423,136033.0,134374.6964,133107.1713,132150.265,131448.8677,130952.8796
2009,1,424,,,,,,
2009,1,426,136033.0,134616.6962,134074.9681,133772.2759,133772.2759,134039.0215
2009,1,428,136033.0,134518.563,133381.9888,132847.7444,132640.6018,132622.1851
2009,1,431,136033.0,134098.1455,132410.784,131415.8018,131010.9953,131282.5363
2009,1,446,136033.0,134370.0401,133556.4605,133153.9754,132953.7935,132953.7935
2009,1,463,136033.0,134322.8141,133135.8154,132694.8095,132812.7832,133192.8611
2009,1,472,136033.0,134801.8807,133891.7342,133427.81,133128.2132,132961.2138
2009,1,483,136033.0,134651.4448,133457.4573,132615.4124,132282.6232,132414.708
2009,1,484,136033.0,134604.6535,133527.8163,132826.7952,132361.9015,131997.9062
2009,1,504,136033.0,134848.6406,134848.6406,134848.6406,134848.6406,134848.6406
2009,1,506,136033.0,134280.5088,133278.5126,132622.2051,132320.6043,132467.8977
2009,1,507,136033.0,134274.1628,133163.617,132829.6183,132674.3089,132696.0189
2009,1,508,136033.0,135368.3161,134742.597,134143.592,133899.8954,134244.9655
2009,1,510,136033.0,135304.4333,135355.4333,135622.4333,136051.1667,136700.0
2009,1,512,136033.0,134260.8028,132731.0888,131745.7925,131249.8044,130945.8656
2009,1,516,,,,,,
2009,1,518,136033.0,134688.2948,133311.7299,132234.3092,131542.2525,131129.9258
2009,1,520,,,,,,
2009,1,524,136033.0,135475.7092,135032.1645,134649.5436,134334.888,134477.2599
2009,1,526,136033.0,133752.5499,133063.7291,132761.9646,132718.6076,132834.8427
2009,1,528,136033.0,133668.2891,132465.8937,131564.0972,131113.199,130992.9594
2009,1,532,,,,,,
2009,1,535,136033.0,134370.37,133454.0392,133219.8791,133319.6818,133684.8082
2009,1,538,,,,,,
2009,1,540,136033.0,134357.6625,133127.2112,132425.8139,132168.3009,132166.2969
2009,1,541,,,,,,
2009,1,542,136033.0,134370.37,133282.2612,132846.966,132780.4927,132946.158
2009,1,543,136033.0,134487.0,133654.0,132949.0,132456.0,132202.0
2009,1,544,135755.375,134194.1882,132919.3434,131988.908,131493.9496,131700.0
2009,1,546,136033.0,134367.6824,133315.5865,132764.4886,132589.1393,132664.289
2009,1,548,,,,,,
2009,1,549,,,,,,
2009,1,552,,,,,,
2009,1,553,136033.0,134387.7223,133766.4847,133566.0855,133766.4847,133966.884
2009,1,555,136033.0,134453.0,133493.0,132948.0,132648.0,132618.0
2009,1,556,136033.0,134631.2074,134287.5227,134343.6345,134558.0617,134876.6965
2009,1,557,136033.0,134298.3455,133598.39,133428.1833,133259.5562,133172.2635
2009,1,559,136033.0,135728.0,135294.0,135292.0,135301.0,135393.0
2009,1,560,,,,,,
2009,2,20,133678.0,133340.0,133350.0,133360.0,133400.0,133500.0
2009,2,84,,,,,,
2009,2,407,133678.0,132246.0,131497.165,131203.859,131332.875,131718.724
2009,2,411,133678.0,131965.0,131165.0,130982.0,130988.0,131205.0
2009,2,420,133678.0,133100.0,132750.0,132900.0,133250.0,133650.0
2009,2,421,133678.0,132253.0,131335.0,130921.0,131035.0,131272.0
2009,2,423,133678.0,131949.5093,130885.7156,130267.239,129952.5158,129847.9581
2009,2,424,,,,,,
2009,2,426,133678.0,133200.0,134200.0,135652.4,137120.6,138604.7
2009,2,428,133678.0,131896.81,131001.94,130787.69,130776.96,130796.95
2009,2,431,133678.0,131997.0,130769.0,130948.0,131403.0,131933.0
2009,2,433,133678.0,132113.4497,131212.5099,130850.1775,130850.1775,131370.4668
2009,2,446,133678.0,132113.4497,131715.3133,131517.2942,131714.1278,132009.4896
2009,2,463,133678.0,131947.6272,130984.76,130799.7715,131076.2218,131741.517
2009,2,472,133678.0,131985.6667,131179.3333,131199.3333,131293.3333,131721.3333
2009,2,483,133678.0,131769.2024,130600.7724,130273.0389,130403.117,130663.1444
2009,2,484,133678.0,132608.576,131746.6203,131285.5071,130924.4719,130629.8919
2009,2,498,,,,,,
2009,2,504,133678.0,132097.3333,131154.8766,130449.9662,130334.0106,130796.9138
2009,2,506,133678.0,132027.0,131244.0,130905.0,130831.0,131028.0
2009,2,507,133678.0,132039.0,131255.6667,130955.6667,130945.6667,131169.0
2009,2,508,133678.0,132552.8537,131710.0592,131448.5364,131725.9115,132350.7121
2009,2,510,133678.0,132787.0,132531.0,132469.0,133223.0,132843.0
2009,2,512,133678.0,132038.0,131288.0,130866.0,130668.0,130913.0
2009,2,516,133678.0,131785.6667,130285.6667,129235.6667,128585.6667,128269.0
2009,2,518,133678.0,132210.19,131352.1447,130541.0109,129934.3469,129598.1947
2009,2,520,,,,,,
2009,2,523,,,,,,
2009,2,524,133678.0,132527.9701,131755.1364,131375.7496,131238.9769,131734.2949
2009,2,526,133646.0,134800.0,134500.0,134500.0,134750.0,135500.0
2009,2,527,133678.0,132335.0,131735.0,131770.0,131900.0,132165.0
2009,2,528,133678.0,132181.8859,131050.7512,130447.4793,130221.2524,130341.9068
2009,2,531,,,,,,
2009,2,535,133678.0,132009.4643,131210.1775,131242.9677,131602.4066,132158.1862
2009,2,538,,,,,,
2009,2,540,133646.0,132031.0,131364.0,131372.0,131727.0,132240.0
2009,2,541,,,,,,
2009,2,542,133678.0,131974.7478,131276.3562,131276.3562,131472.8292,131767.6499
2009,2,543,133678.0,132186.0,131347.0,131089.0,130924.0,130928.0
2009,2,544,133678.0,132018.8879,131028.7462,130537.3884,130700.5602,131190.6873
2009,2,546,133646.0,131897.0,130814.0,130497.0,130567.0,130859.0
2009,2,548,133678.0,132021.381,131233.493,130894.4,130824.621,131019.292
2009,2,549,,,,,,
2009,2,551,,,,,,
2009,2,553,133678.0,132250.0,131800.0,131900.0,131900.0,131800.0
2009,2,555,133678.0,132199.0,131109.0,130409.0,130169.0,130353.0
2009,2,556,133678.0,132197.0,131378.0,130830.0,130322.0,130004.0
2009,2,557,133678.0,131981.6667,131084.6667,130897.6667,131260.6667,131907.0
2009,2,558,133678.0,133406.0669,132846.9391,132637.2986,132522.0032,132609.2529
2009,2,560,,,,,,
2009,2,561,133678.0,132300.0,131200.0,130900.0,130700.0,130600.0
2009,3,84,,,,,,
2009,3,407,132111.0,131581.333,131331.333,131902.358,132584.719,133230.652
2009,3,411,132111.0,131417.0,131547.0,131802.0,132431.0,132849.0
2009,3,420,132111.0,131750.0,131800.0,132100.0,132400.0,132800.0
2009,3,422,,,,,,
2009,3,423,132111.0,131220.0,130579.0,130150.0,129883.0,129745.0
2009,3,424,,,,,,
2009,3,426,132111.0,131357.4,132170.7974,133021.656,133975.7491,134739.553
2009,3,433,132111.0,131210.0769,130449.023,130449.023,130870.9311,131713.4218
2009,3,446,132111.0,131108.4906,130812.4957,130812.4957,131008.2745,131399.543
2009,3,456,132111.0,131381.3333,131231.3333,131306.3333,131456.3333,131606.3333
2009,3,463,132111.0,131298.2286,131039.079,131454.1156,132263.8366,132300.1386
2009,3,472,132111.0,131382.3333,131402.3333,131534.3333,132115.3333,132644.6667
2009,3,483,132111.0,131633.029,131302.7052,131433.8114,131695.8941,132089.2162
2009,3,498,132111.0,131285.0,130899.0,130739.0,130813.0,131134.0
2009,3,504,132111.0,131338.0,130555.3385,130282.4023,130583.6255,131169.958
2009,3,510,132111.0,131560.7333,131501.8,131641.3,132142.6333,132395.9667
2009,3,512,132111.0,131169.0,130760.0,130668.0,130796.0,131145.0
2009,3,516,132111.0,130958.6667,130192.0,129758.6667,129617.0,129558.6667
2009,3,518,132111.0,131913.8357,131552.7811,131347.2517,131318.7571,131470.5027
2009,3,520,,,,,,
2009,3,523,,,,,,
2009,3,524,132111.0,131443.6799,131058.0031,130988.0065,131133.2438,131526.948
2009,3,527,132111.0,130550.0,130400.0,130275.0,130400.0,130700.0
2009,3,528,131692.0,131095.3433,130832.3624,131028.1709,131516.7866,131974.6983
2009,3,531,,,,,,
2009,3,535,132111.0,131277.4505,131080.0897,131406.5682,131961.5207,132648.9288
2009,3,540,132111.0,131281.0,131132.0,131364.0,131715.0,132152.0
2009,3,543,132111.0,131200.0,131000.0,131100.0,131300.0,131500.0
2009,3,549,,,,,,
2009,3,555,132111.0,131204.0,130514.0,130274.0,130454.0,130864.0
2009,3,556,132111.0,131152.0,130647.0,130290.0,130150.0,130437.0
2009,3,557,132111.0,131316.0,131189.0,131612.0,132318.0,133041.0
2009,3,560,,,,,,
2009,4,84,,,,,,
2009,4,99,131189.0,130880.0,130400.0,130700.0,131500.0,131900.0
2009,4,407,131189.0,130785.333,130735.333,130860.333,131494.124,132029.775
2009,4,411,131189.0,130644.0,130637.0,131186.0,131964.0,133006.0
2009,4,421,131189.0,130775.0,130514.0,130436.0,130484.0,130691.0
2009,4,422,131189.0,131505.9826,131830.2585,132158.6054,132491.0494,132827.6169
2009,4,424,,,,,,
2009,4,426,131189.0,130595.5,131436.2176,132378.9391,133133.6396,133958.0359
2009,4,428,131189.0,130720.81,130476.21,130308.44,130510.28,130965.0
2009,4,446,131189.0,130607.4741,130397.9988,130803.5962,131200.7348,131803.3734
2009,4,456,131189.0,130889.3333,130889.3333,131039.3333,131339.3333,131639.3333
2009,4,463,131189.0,131093.0,131173.0,131343.0,131373.0,131583.0
2009,4,472,131189.0,130732.3333,130737.6667,131009.67,131362.6667,131770.6667
2009,4,483,131189.0,130574.1771,130246.5104,130311.5848,130700.7726,131188.1674
2009,4,484,131189.0,130565.8523,130076.2303,129848.5969,130108.2941,130498.619
2009,4,498,131189.0,130752.0,130702.0,130931.0,131307.0,131779.0
2009,4,504,131189.0,130698.0,130442.6313,130762.2713,131351.2951,132024.6389
2009,4,506,131189.0,130600.0,130290.7,130546.4,130670.9,131085.6
2009,4,507,131189.0,130696.3333,130523.8142,130504.2356,130690.2492,131025.0
2009,4,508,131189.0,130939.0,131059.0,131222.4514,131588.2752,131876.7017
2009,4,510,131189.0,130967.0,131240.0,131753.0,131893.0,132325.0
2009,4,516,131189.0,130876.3333,130906.3333,131206.3333,131723.0,132323.0
2009,4,518,131189.0,130731.0,130428.0,130278.0,130353.0,130488.0
2009,4,520,,,,,,
2009,4,524,131189.0,130733.7621,130587.8889,130747.3833,131143.5759,131410.6141
2009,4,527,131189.0,130424.0,130650.0,131100.0,131750.0,132500.0
2009,4,528,131189.0,130651.0076,130422.5862,130708.1129,131113.8614,131696.937
2009,4,531,,,,,,
2009,4,532,,,,,,
2009,4,540,131235.0,130728.0,130705.0,131026.0,131404.0,131895.0
2009,4,541,131189.0,130594.9541,130300.1185,130495.1304,131014.008,131631.939
2009,4,546,131189.0,130700.0,130500.0,130600.0,130800.0,131300.0
2009,4,548,131189.0,130199.781,129586.297,129843.856,130004.264,130422.851
2009,4,549,,,,,,
2009,4,553,131189.0,130500.0,130700.0,131000.0,131400.0,131700.0
2009,4,555,131189.0,130634.0,130184.0,129959.0,130079.0,130394.0
2009,4,556,131189.0,130733.0,130623.0,130606.0,130966.0,131459.0
2009,4,557,131189.0,130654.3333,130705.3333,131293.0,131974.0,132655.0
2009,4,558,131189.0,130855.4688,130633.4534,130321.3196,130830.7495,131570.7397
2009,4,560,,,,,,
2009,4,564,131189.0,130574.5724,130468.1816,130794.0209,131187.545,131664.1989
2010,1,407,130965.0,131090.9881,131192.0211,131217.2793,131343.5705,131793.4704
2010,1,411,,,,,,
2010,1,420,130965.0,131000.0,131275.0,131450.0,131675.0,131900.0
2010,1,421,130965.0,130778.0,130832.0,130919.0,131063.0,131291.0
2010,1,422,130965.0,131162.0,131877.0,132629.0,133385.0,134080.0
2010,1,424,,,,,,
2010,1,426,130965.0,131436.2176,132378.9391,133133.6396,133958.0359,134820.4
2010,1,428,130965.0,131019.4366,131340.0849,131456.0809,131753.0471,132318.7206
2010,1,446,130965.0,130866.9986,131166.9598,131565.2017,132266.7336,132972.0063
2010,1,456,130965.0,130964.6633,131267.7622,131495.0864,131722.4105,132025.5095
2010,1,463,130965.0,130966.0103,131532.8053,131568.1668,131886.4207,132503.7322
2010,1,472,130965.0,130890.9092,131039.4277,131309.5224,131678.9664,132080.7408
2010,1,483,130965.0,131367.9972,131433.632,131826.1709,132317.7624,132974.4464
2010,1,484,130965.0,130637.5875,130408.9717,130571.9829,130833.1269,131160.2097
2010,1,498,130965.0,130901.3492,132160.2201,132229.9328,132075.3524,132661.3436
2010,1,504,130965.0,131114.1921,132105.999,132021.8049,132341.7427,133104.2949
2010,1,506,130965.0,130947.8244,131353.0676,131342.6612,131556.7501,132062.016
2010,1,507,130965.0,130851.5063,131272.477,131499.8012,131949.3979,132447.8273
2010,1,508,130965.0,132006.6993,132462.0182,133115.6733,133712.6195,134409.7373
2010,1,510,130965.0,131242.0,132080.0,132344.0,133028.0,133822.0
2010,1,516,130965.0,131118.3333,131568.3333,132160.0,132760.0,133360.0
2010,1,518,130965.0,130813.0,130758.0,130788.0,130968.0,131228.0
2010,1,520,,,,,,
2010,1,524,130965.0,131091.855,131321.2774,131563.8088,131945.0859,132394.7527
2010,1,527,130965.0,130900.0,131050.0,131350.0,131400.0,131800.0
2010,1,528,130965.0,131171.233,132081.0842,132308.547,132460.1889,132945.4429
2010,1,532,,,,,,
2010,1,535,130965.0,130965.0,131711.6395,132170.2296,132858.7249,133779.1273
2010,1,538,,,,,,
2010,1,540,130965.0,130852.8534,130903.3699,131068.0536,131321.6464,131665.1585
2010,1,541,130965.0,130998.0624,131324.3366,131878.9418,132500.9523,133093.2236
2010,1,542,130965.0,131095.769,132164.177,132296.1434,132920.1216,133710.5635
2010,1,546,130965.0,130857.905,130940.7521,131235.7684,131653.0345,132223.8708
2010,1,548,130965.0,130655.1853,130924.4728,130832.683,130969.7689,131417.0337
2010,1,549,,,,,,
2010,1,553,130965.0,131300.0,131600.0,132050.0,132500.0,132000.0
2010,1,555,130965.0,131005.0,131085.0,131055.0,131165.0,131295.0
2010,1,556,130965.0,130918.5248,131052.8987,131403.4831,131901.5756,132329.9554
2010,1,557,130965.0,130885.184,130966.0103,131107.4565,131309.5224,131572.2082
2010,1,558,130965.0,131322.4915,131787.3795,132060.5179,132543.9819,133465.065
2010,1,560,130965.0,130905.0,131155.0,131555.0,131705.0,131730.0
2010,1,564,130965.0,130967.6549,131317.7844,131216.7589,131387.6053,131820.2741
2010,2,407,129647.0,130154.667,130254.667,130604.667,131050.038,131502.956
2010,2,411,129647.0,130134.0,130319.0,131261.0,132328.0,133372.0
2010,2,421,129647.0,130205.0,130610.0,130958.0,131252.0,131579.0
2010,2,422,129647.0,129704.0,130571.0,131251.0,132128.0,132914.0
2010,2,423,129647.0,130103.0,130516.0,130922.0,131321.0,131716.0
2010,2,424,,,,,,
2010,2,426,129647.0,130250.0,131105.0,132065.0,133040.0,134030.0
2010,2,428,129647.0,130064.88,130243.0,130585.55,131087.77,131730.27
2010,2,431,129647.0,130269.0,130938.0,131764.0,132534.0,133232.0
2010,2,446,129647.0,129943.8307,130338.359,131033.3492,131732.0452,132427.9839
2010,2,456,129647.0,130454.6667,130484.6667,130709.6667,131009.6667,131459.6667
2010,2,463,129647.0,130560.0,130776.0,131263.0,131907.0,132591.0
2010,2,472,129647.0,130406.0,131146.0,131912.6667,132656.0,133291.3333
2010,2,483,129647.0,130348.3821,131027.387,131742.1675,132493.2376,133281.141
2010,2,484,129647.0,130230.4115,130490.8723,130784.4768,131111.438,131504.7723
2010,2,498,129647.0,130447.0,131012.0,130975.0,,
2010,2,504,129647.0,130694.3333,130611.0,130927.6667,131639.7152,132342.1398
2010,2,506,129647.0,130500.0,130700.0,131200.0,131800.0,132600.0
2010,2,507,129647.0,130494.3333,130739.3333,131199.3333,131692.6667,132211.0
2010,2,510,129647.0,130373.0,130657.0,131341.0,132136.0,133091.0
2010,2,516,129647.0,130108.3333,130700.0,131300.0,131900.0,132500.0
2010,2,518,129647.0,130522.0,130702.0,130902.0,131187.0,131487.0
2010,2,520,,,,,,
2010,2,524,129647.0,130365.0524,130852.7509,131427.4213,131896.7743,132202.6186
2010,2,527,129647.0,130295.0,130725.0,131054.0,131645.0,132400.0
2010,2,528,,,,,,
2010,2,532,,,,,,
2010,2,535,129647.0,130513.3937,131064.5742,131779.5575,132692.4838,133579.2296
2010,2,540,129647.0,130149.0,130650.0,131050.0,131600.0,132165.0
2010,2,541,129647.0,130059.8925,130609.1578,131289.5212,131908.7517,132433.2502
2010,2,542,129647.0,130576.8884,131031.5276,131681.8281,132561.82,133545.0405
2010,2,546,129705.0,130370.0,130380.0,130825.0,131300.0,131840.0
2010,2,548,129647.0,130257.808,130482.173,130689.726,131243.959,132029.189
2010,2,549,,,,,,
2010,2,551,129647.0,130269.0,130580.0,130866.0,131244.0,131688.0
2010,2,553,129647.0,130588.0,131292.0,131950.0,132625.0,133245.0
2010,2,555,129647.0,130112.0,130042.0,130382.0,130772.0,131177.0
2010,2,556,129647.0,130104.0,130567.0,131127.0,131551.0,132001.0
2010,2,557,129647.0,130332.0,130845.0,131358.0,131871.0,132384.0
2010,2,558,129647.0,130400.0,130730.0,131570.0,132510.0,133490.0
2010,2,559,129647.0,128772.0,129719.0,130526.0,132135.0,133722.0
2010,2,560,,,,,,
2010,2,563,129647.0,129905.5197,130293.4947,130779.3708,131331.6745,131886.3108
2010,2,564,129647.0,130130.4652,130195.4817,130422.7281,130909.0861,131687.5689
2010,3,407,130409.0,130509.0,130859.0,131191.915,131637.287,132090.204
2010,3,411,130409.0,130270.0,130510.0,131210.0,132100.0,133090.0
2010,3,420,130409.0,130550.0,130750.0,130950.0,131200.0,131425.0
2010,3,421,130376.3333,130664.3333,131012.3333,131396.3333,131825.3333,132362.3333
2010,3,422,130409.0,130506.6969,131025.6205,131675.8916,132329.3901,133246.1255
2010,3,423,130409.0,130828.0,131219.0,131611.0,132003.0,132395.0
2010,3,424,,,,,,
2010,3,426,130409.0,130701.4351,131188.8324,131465.4838,131858.1178,132284.5832
2010,3,428,130409.0,130572.38,130851.79,131253.11,131752.75,132410.38
2010,3,446,130409.0,130701.4351,131026.9705,131515.5817,132207.1404,132895.828
2010,3,463,130409.0,130248.0,130507.0,131062.0,131710.0,132400.0
2010,3,472,130409.0,130218.0,130420.0,130730.0,131048.0,131375.0
2010,3,483,130409.0,130765.7145,131350.2294,132002.1116,132722.2093,133511.4743
2010,3,484,130409.0,130669.6801,130996.3543,131356.5943,131750.664,132244.729
2010,3,498,,,,,,
2010,3,504,130409.0,130267.0,130775.3333,131314.8791,131843.7451,132381.151
2010,3,507,130409.0,130363.6667,130804.0,131259.6667,131723.0,132171.3333
2010,3,510,130409.0,130707.0,131452.0,132243.0,133194.0,134143.0
2010,3,518,130409.0,130433.0,130639.0,130894.0,131172.0,131501.0
2010,3,520,,,,,,
2010,3,527,130409.0,130310.0,130410.0,130475.0,130800.0,131300.0
2010,3,528,130409.0,130409.0,130798.8177,131338.5652,132103.2075,132912.8288
2010,3,532,,,,,,
2010,3,535,130409.0,130311.083,130603.2986,131122.6062,131805.6443,132557.0763
2010,3,540,130376.0,130142.0,130200.0,130300.0,130425.0,130550.0
2010,3,546,130376.0,130219.0,130317.0,130584.0,130892.0,131239.0
2010,3,548,130409.0,130467.051,130767.898,131292.459,131983.54,132760.646
2010,3,549,,,,,,
2010,3,551,130376.0,130344.0,130756.0,131235.0,131831.0,132448.0
2010,3,555,130409.0,130258.0,130418.0,130688.0,130988.0,131318.0
2010,3,556,130409.0,130348.0,130655.0,131145.0,131595.0,132045.0
2010,3,558,130409.0,131019.7861,132201.2421,133480.2673,134675.7416,135584.1446
2010,3,560,,,,,,
2010,3,561,130400.0,130100.0,130400.0,131200.0,132100.0,132900.0
2010,3,563,130409.0,131216.5247,132061.2401,132943.7675,133766.9881,134496.7136
2010,3,566,,,,,,
2010,4,407,130283.333,130483.333,130751.511,131172.416,131625.098,132073.168
2010,4,411,130283.0,130246.0,130402.0,130978.0,131623.0,132350.0
2010,4,420,130283.0,130420.0,130560.0,130700.0,130890.0,131110.0
2010,4,421,130283.0,130723.0,131146.0,131626.0,132163.0,132808.0
2010,4,422,130283.0,132128.1,132913.8,133704.2,134499.3,135299.1
2010,4,424,130283.0,130512.0,130762.0,131062.0,131362.0,131662.0
2010,4,426,130283.0,130607.0,131072.0,131639.0,132224.0,132839.0
2010,4,428,130283.0,130563.75,130901.84,131184.09,131498.84,131949.36
2010,4,431,130283.0,130554.0,130811.0,131117.0,131607.0,132068.0
2010,4,446,130283.0,130299.6157,130598.2764,131091.7459,131790.7533,132490.2451
2010,4,456,130283.0,130133.3333,130208.3333,130358.3333,130583.3333,130883.3333
2010,4,463,130283.0,130328.0,130578.0,130993.0,131592.0,132269.0
2010,4,472,130339.0,130614.6667,131011.3333,131395.3333,131788.3333,132190.3333
2010,4,483,131089.7171,131675.6803,132329.1777,133051.0596,133842.2802,134703.8991
2010,4,484,130283.0,130608.7075,130967.8814,131360.7851,131853.388,132446.7283
2010,4,498,130283.0,130277.0,130385.0,130538.0,130788.0,131137.0
2010,4,504,130283.0,130695.3333,131086.3004,131381.8947,131694.0027,132090.419
2010,4,506,130283.0,130600.0,130800.0,131300.0,131700.0,132300.0
2010,4,507,130283.0,130481.7778,130905.8889,131359.7778,131818.1111,132314.2222
2010,4,508,,,,,,
2010,4,510,130283.0,130684.0,131447.3333,132398.0,133347.0,134263.0
2010,4,516,130283.0,130401.0,130709.3333,131151.0,131676.0,132201.0
2010,4,518,130283.0,130704.5879,131028.1333,131399.7883,131796.427,132232.0073
2010,4,520,,,,,,
2010,4,523,130283.0,130664.8,131038.4,131404.7,131764.5,132118.2
2010,4,524,130283.0,130543.9127,130823.6444,131168.2608,131460.3292,131743.1595
2010,4,526,130283.0,130511.0,130901.0,131453.0,132106.0,132826.0
2010,4,527,130283.0,130420.0,130625.0,130885.0,131210.0,131640.0
2010,4,528,130201.0,130561.0,131011.0,131521.0,132091.0,132841.0
2010,4,532,,,,,,
2010,4,535,130283.0,130542.7879,131029.5936,131679.8845,132430.5996,133185.5946
2010,4,540,130339.0,130531.0,130872.0,131277.0,131716.0,132195.0
2010,4,541,130338.6667,130654.4639,130834.4156,131060.4906,131362.3304,131732.7218
2010,4,542,130283.0,130542.7879,131029.5936,131615.288,132236.055,132924.8932
2010,4,546,130339.0,130577.0,130839.0,131345.0,131805.0,132330.0
2010,4,548,130283.0,130274.181,130483.935,130835.036,131317.987,132042.632
2010,4,549,,,,,,
2010,4,555,130283.0,130698.667,131028.7,131388.7,131778.7,132207.7
2010,4,556,130283.0,130405.0,130315.0,130582.0,131012.0,131447.0
2010,4,557,130283.0,130501.0,130951.0,131401.0,131851.0,132301.0
2010,4,558,130283.0,131800.0,132950.0,134110.0,135050.0,135750.0
2010,4,560,,,,,,
2010,4,563,130283.0,130413.088,130510.788,130543.4035,130706.2777,130901.8975
2011,1,407,130620.0,131015.232,131521.4002,132016.9997,132479.056,132974.2158
2011,1,411,130620.0,130971.353,131490.3516,132504.256,133606.5006,134357.3922
2011,1,420,130620.0,130760.0,130910.0,131100.0,131310.0,131540.0
2011,1,422,130620.0,131004.4806,131712.2059,131416.0655,133127.6566,133835.382
2011,1,423,130620.0,130970.9803,131339.2568,131710.449,132084.1747,132460.1331
2011,1,424,,,,,,
2011,1,426,130620.0,130847.9874,131141.4069,131468.0381,131828.0934,132156.4349
2011,1,428,130620.0,131045.7696,131667.9254,132414.4703,133207.2331,133892.8332
2011,1,431,,,,,,
2011,1,446,130620.0,131026.6237,131618.7685,132420.8621,133214.8389,134016.8473
2011,1,456,130620.0,130996.7842,131523.8138,132126.1332,132803.7426,133556.6419
2011,1,483,130620.0,130538.1686,131121.6664,131772.4143,132523.6569,133376.7871
2011,1,484,130620.0,130717.965,130848.683,131044.956,131241.5234,131471.1961
2011,1,498,,,,,,
2011,1,504,130620.0,131022.9967,131386.9572,131823.944,132315.2074,132854.6719
2011,1,506,130620.0,130986.6118,131635.0087,132239.3358,132951.8798,133600.879
2011,1,507,130620.0,131037.9427,131644.6123,132213.4695,132825.8276,133314.3757
2011,1,508,130620.0,131331.1386,132013.9202,132558.3803,133131.9623,133976.7093
2011,1,510,130620.0,131214.0,132165.0,133114.0,134375.0,134672.0
2011,1,516,130620.0,130920.3333,131362.0,131895.3333,132482.0,133082.0
2011,1,518,130620.0,131410.7775,131767.0244,132142.6257,132544.5248,132902.4293
2011,1,520,,,,,,
2011,1,524,130620.0,130848.2977,131205.9718,131546.9886,131857.8163,132300.159
2011,1,526,130620.0,131204.2499,131920.0061,132704.0253,133526.1914,134090.3639
2011,1,527,,,,,,
2011,1,528,130620.0,131123.9406,131635.9121,132208.1156,132780.3191,133442.8705
2011,1,532,,,,,,
2011,1,535,130620.0,131010.1089,131692.5609,132475.7028,133360.9999,134252.2132
2011,1,538,,,,,,
2011,1,540,130620.0,131002.4729,131414.0578,131865.7974,132332.595,132811.4389
2011,1,542,130620.0,130977.7327,131563.1953,132216.1345,132904.8689,133629.8913
2011,1,548,130620.0,130992.476,131604.15,132227.267,132886.547,133499.943
2011,1,549,,,,,,
2011,1,553,130620.0,131000.0,131500.0,131900.0,132400.0,133245.0
2011,1,555,130620.0,131457.224,131929.0409,132425.9545,132937.926,133449.8976
2011,1,556,130620.0,130939.2293,131223.3233,131551.5874,131912.9791,132274.3708
2011,1,557,130620.0,131053.419,131522.4753,132043.9334,132620.9554,133253.9932
2011,1,558,130620.0,131594.3298,133053.5019,134519.0567,135769.7876,136868.8736
2011,1,560,,,,,,
2011,1,561,130620.0,132309.5061,133012.2121,133915.6913,134718.7839,135220.7167
2011,1,563,130620.0,131042.461,131433.8316,131923.9601,132448.519,132975.1636
2011,1,564,130775.0,131386.0,131952.0,132600.0,133225.0,133735.0
2011,1,568,130620.0,130959.3728,131581.2298,132216.676,132832.9335,133394.8956
2011,2,407,130558.0,130993.0,131426.0,131869.0,132389.0,132883.0
2011,2,411,130529.0,131067.0,131610.0,132351.0,132991.0,133592.0
2011,2,420,130529.0,130950.0,131450.0,131800.0,132450.0,132800.0
2011,2,422,130558.3,131204.7,131984.9,132687.1,133345.6,134007.4
2011,2,423,130529.0,131085.2708,131606.6735,132100.9573,132574.0446,133030.6241
2011,2,424,,,,,,
2011,2,426,130529.0,131015.7543,131569.0563,132092.204,132715.2204,133308.4495
2011,2,431,130529.0,131109.0,131941.0,132374.0,132893.0,133412.0
2011,2,446,130529.0,131119.2309,131705.326,132404.3644,133097.3382,133797.2143
2011,2,463,130529.0,131238.0,131868.0,132508.0,133167.0,133883.0
2011,2,472,130529.0,130529.3333,131129.3333,131723.3333,132326.3333,132885.3333
2011,2,483,130529.0,131177.108,131763.4618,132352.4366,133009.2927,133734.8848
2011,2,484,130529.0,130920.9213,131379.1446,131904.6611,132498.2321,133094.4742
2011,2,498,,,,,,
2011,2,504,130529.0,131128.0,131478.0,131790.4242,132056.8539,132323.8222
2011,2,506,130529.0,131087.0,131616.0,132184.0,132846.0,133427.0
2011,2,507,130529.0,131215.6667,131782.3333,132392.3333,132879.0,133297.3333
2011,2,508,130529.0,130787.7328,131135.8812,131586.4454,132172.3715,132644.5884
2011,2,510,130529.0,131255.0,132015.0,132797.0,133366.0,133919.0
2011,2,516,130529.0,131138.0,131788.0,132513.0,133263.0,134013.0
2011,2,518,130529.0,130967.8554,131267.6728,131605.6321,131916.3391,132270.5452
2011,2,520,,,,,,
2011,2,523,130529.0,131143.0,131686.0,132180.0,132640.0,133076.0
2011,2,524,130529.0,130881.5902,131263.3426,131644.0691,131995.151,132436.6034
2011,2,526,130529.0,132583.0,132522.0,132384.0,133140.0,135234.0
2011,2,527,130529.0,131025.0,131645.0,132100.0,132525.0,132950.0
2011,2,532,,,,,,
2011,2,533,130529.0,130948.0,131368.0,131788.0,132178.0,132538.0
2011,2,535,130529.0,131241.0616,132021.5186,132871.4163,133759.3578,134653.2332
2011,2,540,130558.0,131269.0,131963.0,132650.0,133364.0,134066.0
2011,2,542,130529.0,131231.6274,131920.282,132623.9074,133357.4743,134106.012
2011,2,546,130529.0,131220.0,131816.0,132450.0,133113.0,133793.0
2011,2,548,130529.0,131102.438,131638.809,132207.695,132865.897,133436.57
2011,2,549,,,,,,
2011,2,553,130529.0,131100.0,131700.0,132100.0,132400.0,133333.0
2011,2,555,130529.0,130938.0,131278.0,131628.0,131988.0,132358.0
2011,2,556,130529.0,131130.0,131453.0,131997.0,132361.0,132943.0
2011,2,557,130529.0,131111.0,131705.0,132353.6667,133056.0,133779.0
2011,2,558,130529.0,131512.1613,132604.4434,133683.9645,134721.4478,135639.9719
2011,2,559,130529.0,130082.7056,131888.2202,133777.3013,135433.6146,137267.8304
2011,2,561,130500.0,131100.0,131900.0,132600.0,133300.0,134000.0
2011,2,563,130529.0,130918.8371,131439.3994,131994.4906,132551.926,133078.9818
2011,2,564,130529.3,130941.0,131275.0,132107.0,132711.0,133293.0
2011,2,568,130558.0,131304.1646,132049.5824,132629.7179,133151.2155,133955.0149
2011,3,407,130997.0,131275.202,131621.403,132114.477,132615.217,133094.08
2011,3,420,130997.0,131450.0,132000.0,132600.0,132950.0,133400.0
2011,3,422,,,,,,
2011,3,423,130997.0,131158.0,131363.0,131604.0,131874.0,132166.0
2011,3,426,130997.0,131550.2228,132138.2444,132696.287,133289.4314,133918.0945
2011,3,431,,,,,,
2011,3,433,130997.0,131323.2715,132104.2174,132987.0319,133940.8766,134868.7759
2011,3,446,130997.0,131296.9251,131695.5616,132095.4083,132597.7999,133298.3124
2011,3,456,130997.0,131249.6667,131399.6667,131549.6667,131699.6667,131924.6667
2011,3,463,130997.0,131205.0,131636.0,132183.0,132773.0,133396.0
2011,3,472,130997.0,131306.7,131636.7,131930.7,132188.7,132410.7
2011,3,483,130997.0,131351.0071,131710.7418,132104.1083,132531.3694,132992.8136
2011,3,484,130997.0,131455.0,131915.0,132443.0,133039.0,133637.0
2011,3,498,130997.0,131091.0,131201.0,131326.0,131471.0,131641.0
2011,3,504,130997.0,131315.0,131626.0109,131921.033,132175.7416,132430.9419
2011,3,507,130997.0,131168.0567,131472.338,131963.6982,132466.0035,132632.8083
2011,3,510,130997.0,131486.0,132153.0,132647.0,133176.0,133579.0
2011,3,516,130997.0,131283.6667,131942.0,132692.0,133442.0,134192.0
2011,3,518,130997.0,131218.0589,131519.653,131844.5373,132178.587,132521.7326
2011,3,520,,,,,,
2011,3,523,130997.0,131408.6,131857.4,132324.8,132801.5,133282.8
2011,3,524,130997.0,131313.0458,131700.9518,132108.9786,132409.0421,132691.6195
2011,3,527,130997.0,131250.0,131475.0,131750.0,132850.0,133275.0
2011,3,532,,,,,,
2011,3,540,,,,,,
2011,3,542,130997.0,131372.0,131822.0,132362.0,132962.0,133652.0
2011,3,546,130997.0,131310.0,131682.0,132080.0,132520.0,132980.0
2011,3,548,130997.0,131318.641,131838.584,132353.34,132701.755,133078.217
2011,3,549,,,,,,
2011,3,551,130997.0,131591.8546,131998.6369,132499.2166,133041.3104,133544.6264
2011,3,554,130997.0,132100.0,132500.0,132750.0,132700.0,132550.0
2011,3,555,130997.0,131354.0,131759.0,132219.0,132714.0,133224.0
2011,3,557,130997.0,131277.0,131828.3333,132421.0,133021.0,133637.0
2011,3,558,130997.0,131873.2422,132439.8102,133071.373,133730.2628,134156.2912
2011,3,561,131000.0,131100.0,131900.0,132300.0,132600.0,133000.0
2011,3,563,130997.0,131517.8731,132040.8173,132565.8408,133092.952,133622.1591
2011,3,568,130997.0,131407.82,131745.7747,132345.2686,133067.7845,133909.9456
2011,4,407,131246.0,131613.018,132086.202,132576.399,133055.262,133473.077
2011,4,411,131246.0,131473.0,131890.0,132264.0,132590.0,132968.0
2011,4,420,131246.0,131650.0,132200.0,132700.0,133300.0,133900.0
2011,4,421,131296.0,131743.0,132277.0,132874.0,133519.0,134263.0
2011,4,422,131246.0,131371.0,131516.0,131681.0,131866.0,132066.0
2011,4,424,,,,,,
2011,4,426,131246.0,131605.4472,131998.4992,132425.4187,132853.7189,133316.2855
2011,4,428,131246.0,131487.42,131737.16,132009.02,132311.39,132680.56
2011,4,431,131246.0,131651.0,131962.0,132436.0,132809.0,131651.0
2011,4,433,131246.0,131394.3183,132003.2429,132532.8684,133065.6354,133638.0262
2011,4,446,131246.0,131553.6809,131848.6829,132252.2609,132653.7979,133155.0342
2011,4,456,131246.0,131396.3333,131471.3333,131546.3333,131696.3333,131921.3333
2011,4,463,131246.0,131636.0,132107.0,132656.0,133248.0,133804.0
2011,4,472,131246.0,131568.6667,131892.6667,132180.6667,132432.6667,132648.6667
2011,4,483,131246.0,131655.5841,132048.7858,132475.868,132937.119,133432.8533
2011,4,498,131246.0,131611.0,131886.0,132149.0,132374.0,132561.0
2011,4,504,131246.0,131641.0,132101.0,132191.5505,132364.549,132537.7739
2011,4,506,131246.0,131470.0,131707.0,132035.0,132391.0,132686.0
2011,4,507,131246.0,131539.288,131963.6982,132507.4546,132818.957,133191.6886
2011,4,508,131246.0,131501.6287,131549.1337,131965.2795,132312.008,132586.6657
2011,4,510,131246.0,131759.0,132253.0,132782.0,133185.0,133495.0
2011,4,518,131246.0,131477.3665,131703.3752,131988.5989,132277.8626,132620.9154
2011,4,520,,,,,,
2011,4,523,131246.0,131765.7,132047.3,132519.6,132802.8,133277.9
2011,4,524,131246.0,131522.5,131832.5,132128.2,132506.3,132853.0
2011,4,526,131246.0,131221.2073,131580.9998,132245.4631,132558.7967,132795.8618
2011,4,527,131246.0,131270.0,131370.0,131700.0,132030.0,132440.0
2011,4,532,,,,,,
2011,4,535,131246.0,131605.4472,132031.0954,132523.4511,133083.1204,133710.8105
2011,4,540,131246.0,131676.0,132116.0,132566.0,133026.0,133501.0
2011,4,542,131246.0,131574.0,132022.3333,132542.3333,133129.0,133775.6667
2011,4,546,131296.0,131619.0,131948.0,132344.0,132801.0,133306.0
2011,4,548,131246.0,131477.131,131714.609,132036.107,132388.351,132689.453
2011,4,549,,,,,,
2011,4,553,131246.0,131500.0,131900.0,132300.0,132700.0,133100.0
2011,4,554,131246.0,131600.0,131900.0,131800.0,131600.0,131500.0
2011,4,555,131246.0,131584.0,131894.0,132219.0,132559.0,132914.0
2011,4,556,131246.0,131698.0,132129.0,132686.0,133040.0,133487.0
2011,4,557,131246.0,131550.6667,131924.0,132324.0,132794.0,133274.0
2011,4,558,131246.0,132235.3622,132895.6589,133487.7045,133962.7899,134436.1313
2011,4,559,131246.0,131711.0,132751.0,133421.0,133835.0,134168.0
2011,4,560,,,,,,
2011,4,563,131246.0,131637.9785,131998.4992,132392.7251,132788.1283,133184.7125
2011,4,564,131247.0,131425.0,131677.0,131858.0,132072.0,132286.0
2011,4,568,131246.0,131911.0645,132469.4008,133092.3384,133830.8951,134640.8801
2012,1,407,131733.0,132214.1052,132666.2643,133136.3899,133559.6028,133929.9141
2012,1,420,131733.0,132250.0,132700.0,133280.0,133850.0,134150.0
2012,1,421,131733.0,132364.8249,132981.6777,133625.4803,134368.0992,135137.6679
2012,1,422,131733.0,131633.515,131798.2087,131982.8354,132182.494,132382.1227
2012,1,423,131733.0,132191.6782,132639.0067,133074.5646,133501.0632,133920.6463
2012,1,424,,,,,,
2012,1,426,131733.0,132126.433,132455.1728,132855.3394,133317.9117,133815.066
2012,1,428,131733.0,132116.0,132435.0,132770.0,133181.0,133653.0
2012,1,431,131733.0,132034.9462,132581.1431,132957.3946,133313.2861,133674.4281
2012,1,433,131733.0,132289.3311,132618.8214,132916.2119,133336.2258,134129.1422
2012,1,446,131733.0,132270.7176,132665.7565,133069.8636,133483.2708,133868.6997
2012,1,456,131733.0,132182.1646,132631.3293,133005.6331,133379.937,133829.1016
2012,1,472,131733.0,132390.444,133052.2132,133680.0455,134287.915,134862.513
2012,1,483,131733.0,132191.9983,132652.2609,133114.1262,133610.5205,134141.7856
2012,1,484,131733.0,132366.0,132829.0,133261.0,133660.0,134061.0
2012,1,504,131733.0,132297.9493,132729.1473,133179.6907,133631.7635,134177.2315
2012,1,506,131733.0,132342.8658,132821.9747,133218.2377,133809.1388,134316.1957
2012,1,507,131733.0,132294.6254,132777.0773,133078.8892,133571.0127,134155.9388
2012,1,508,131733.0,132249.0122,132553.094,133062.5637,133575.0553,134139.4071
2012,1,510,131733.0,132352.4479,132903.8225,133342.0075,133659.4172,133969.9065
2012,1,518,131733.0,132004.4433,132424.1228,132920.2977,133475.7421,134027.3809
2012,1,520,,,,,,
2012,1,523,131733.0,131557.3567,131626.2984,131695.2702,131764.2818,131833.3234
2012,1,524,131733.0,132266.4,132637.3,133079.2,133544.7,133987.8
2012,1,527,131733.0,131754.9592,132303.9382,132902.8243,133551.6177,134150.5039
2012,1,532,,,,,,
2012,1,535,131733.0,132354.3222,132978.5749,133605.7718,134268.8481,135001.3114
2012,1,540,131733.0,132321.9047,132771.0694,133230.2154,133704.3337,134188.4333
2012,1,542,131733.0,132213.3333,132733.3333,133320.0,133966.6667,134550.0
2012,1,546,131733.0,132338.8732,132886.854,133460.7866,134054.6821,134653.5683
2012,1,548,131733.0,132210.486,132525.731,132939.292,133410.868,133859.264
2012,1,549,,,,,,
2012,1,551,131733.0,132191.1479,132632.3274,133053.544,133457.7922,132632.3274
2012,1,553,131733.0,132200.0,132600.0,133000.0,133400.0,133800.0
2012,1,554,131733.0,132329.8899,132737.1325,133169.3287,133793.1685,134658.559
2012,1,555,131733.0,132099.3187,132518.539,132892.8429,133342.0075,133680.3782
2012,1,556,131733.0,132310.9252,132853.9153,133242.1932,133617.4952,134006.7712
2012,1,557,131733.0,132198.818,132660.5207,133140.8132,133630.9277,134134.4217
2012,1,558,131733.0,132039.917,132540.7364,132964.6698,133394.0948,133926.1841
2012,1,559,131733.0,131979.6637,132468.2991,133066.0015,133645.3301,134139.5137
2012,1,561,131733.0,131964.5693,132301.9419,132577.4295,132914.8021,133114.4308
2012,1,563,131733.0,132126.433,132521.0409,132949.6505,133379.6462,133844.044
2012,1,564,131740.0,132152.0,132508.0,132825.0,132944.0,133028.0
2012,1,568,131733.0,132333.8825,132794.2675,133316.4403,134025.5167,134743.1813
2012,1,569,131733.0,132331.8862,132930.7724,133529.6585,134128.5447,134727.4309
2012,2,407,132661.0,133209.0,133750.0,134194.0,134565.0,134893.0
2012,2,420,132661.0,132975.0,133550.0,134150.0,134500.0,135100.0
2012,2,421,132661.0,133303.0,133948.0,134692.0,135463.0,136177.0
2012,2,422,132661.0,133141.0,133666.0,134236.0,134806.0,135376.0
2012,2,423,132661.0,133193.0,133697.0,134179.0,134645.0,135097.0
2012,2,424,,,,,,
2012,2,426,132661.0,133122.8956,133586.3994,134084.5549,134584.5682,135119.7062
2012,2,428,132661.0,133219.88,133703.22,134195.27,134694.46,135218.23
2012,2,431,132661.0,133139.0,133512.0,134003.0,134384.0,134733.0
2012,2,433,132661.0,133122.8956,133222.6256,133818.1228,134548.1272,135282.114
2012,2,446,132661.0,133155.7047,133685.1613,134183.6851,134684.068,135186.3169
2012,2,463,132661.0,133159.4048,133730.1551,134345.1962,134909.5535,135509.2489
2012,2,483,132661.0,133146.9791,133610.5668,134108.8125,134642.0588,135243.9007
2012,2,484,132661.0,133122.8956,133553.4517,133985.4003,134418.746,134886.7616
2012,2,504,132661.0,133133.0,133594.8927,134058.3878,134615.5834,135175.0948
2012,2,506,132661.0,133130.0,133601.0,134129.0,134698.0,135255.0
2012,2,507,132661.0,132983.392,133302.2704,133725.4227,134379.4723,134979.4471
2012,2,508,132661.0,133673.5452,134307.7651,134866.5269,135626.9594,136398.0537
2012,2,510,132661.0,133178.0,133617.0,133935.0,134246.0,134517.0
2012,2,512,132661.0,133098.0,133550.0,133907.0,134470.0,135142.0
2012,2,518,132661.0,133063.2757,133446.7836,133778.1482,134212.7971,134628.7714
2012,2,520,,,,,,
2012,2,524,132661.0,133169.3,133665.8,134120.4,134698.0,135202.9
2012,2,527,132661.0,133390.0,133925.0,134465.0,135030.0,135540.0
2012,2,532,,,,,,
2012,2,535,132661.0,133155.7047,133816.5473,134546.5432,135346.657,136217.9605
2012,2,540,132661.0,133119.0,133559.0,134729.0,135224.0,135729.0
2012,2,542,132661.0,133221.0,133821.0,134468.0,135051.0,135621.0
2012,2,546,132661.0,133169.0,133739.0,134334.0,134954.0,135604.0
2012,2,548,132661.0,133183.247,133690.175,134289.411,134840.003,135321.993
2012,2,549,,,,,,
2012,2,553,132661.0,133300.0,133800.0,134400.0,134800.0,135300.0
2012,2,556,132661.0,133212.0,133651.0,134028.0,134294.0,134525.0
2012,2,557,132685.0,133142.429,133632.1293,134142.738,134692.1862,135251.7757
2012,2,558,132661.0,133320.0,133980.0,134560.0,135260.0,135990.0
2012,2,559,132661.0,132656.0,133377.0,133965.0,134491.0,135102.0
2012,2,563,132661.0,133221.2502,133783.8664,134348.8587,134883.0595,135419.3844
2012,2,568,132661.0,133122.5819,133559.9716,134279.239,134964.0846,135749.7374
2012,2,569,132685.0,133255.0,133825.0,134395.0,134965.0,135535.0
2012,3,407,133009.0,133492.0,133897.0,134255.0,134587.0,134896.0
2012,3,411,133009.0,133339.0,133620.0,133991.9,134464.0,134872.8
2012,3,420,133009.0,133600.0,134200.0,134550.0,134950.0,135550.0
2012,3,421,133009.0,133517.0,134087.0,134714.0,135383.0,136097.0
2012,3,422,133009.0,133505.0024,134002.8544,134568.7715,135137.0785,135707.7856
2012,3,423,133009.0,133246.0977,133506.1697,133793.4862,134102.436,134428.6187
2012,3,424,,,,,,
2012,3,426,133009.0,133320.7281,133685.8573,134118.2342,134651.518,135220.1745
2012,3,428,133009.0,133375.0,133790.0,134229.0,134786.0,135353.0
2012,3,431,133009.0,133735.0,134046.0,134259.0,134664.0,135044.0
2012,3,433,133009.0,133340.2828,133705.4656,134303.121,134936.5652,135639.4708
2012,3,446,133009.0,133406.2438,133804.6741,134204.2943,134605.108,135107.0624
2012,3,456,133009.0,133384.0,133759.0,134209.0,134659.0,135109.0
2012,3,463,133009.0,133388.918,133876.1963,134431.2324,135010.534,135598.9268
2012,3,472,133009.0,133393.3333,133811.6667,134197.3333,134542.3333,134848.6667
2012,3,483,133009.0,133341.6194,133673.7306,134006.669,134440.0835,134974.6471
2012,3,484,133009.0,133441.2793,133874.9634,134310.057,134780.1422,135285.5678
2012,3,504,133009.0,133401.0,133776.0095,134157.3301,134539.7376,135110.9496
2012,3,507,133009.0,133329.3342,133704.7158,134646.3439,134782.7412,135082.6806
2012,3,508,133009.0,133664.35,134085.45,134306.86,134868.89,135627.45
2012,3,510,133009.0,133332.0,133621.0,133928.1333,134215.0,134425.0
2012,3,512,133009.0,133167.0,133355.0,133608.0,133940.0,134358.0
2012,3,518,133009.0,133446.7836,133578.1482,133850.7971,134228.7714,134608.9433
2012,3,520,,,,,,
2012,3,523,133009.0,133101.0,133187.5,133269.7,133347.8,133422.1
2012,3,524,133009.0,133328.3,133633.0,133920.3,134276.4,134668.3
2012,3,526,133009.0,133340.2828,133771.542,134137.9059,134472.0004,134906.9199
2012,3,527,133009.0,133275.0,133555.0,133825.0,134275.0,134875.0
2012,3,532,,,,,,
2012,3,533,133009.0,133134.0,133259.0,133384.0,133509.0,133634.0
2012,3,535,133009.0,133373.2755,133771.6073,134303.5129,135003.1208,135772.7818
2012,3,540,133009.0,133452.0,133917.0,134347.0,134817.0,135302.0
2012,3,542,133009.0,133396.0,133908.0,134388.0,134898.0,135478.0
2012,3,546,133010.0,133388.0,133845.0,134332.0,134885.0,135407.0
2012,3,548,133009.0,133388.5716,133854.4888,134310.4457,134781.1435,135249.9547
2012,3,549,,,,,,
2012,3,553,133009.0,133400.0,133800.0,134400.0,135000.0,136000.0
2012,3,555,133009.0,133362.0,133715.0,134071.0,134429.0,134788.0
2012,3,556,133009.0,133449.0,134126.0,134491.0,134832.0,135340.0
2012,3,557,133009.0,133331.0,133716.0,134093.0,134471.0,134866.0
2012,3,558,133009.0,133330.0,133900.0,134450.0,135060.0,135800.0
2012,3,559,133009.0,132336.0,132765.0,133109.0,133536.0,134538.0
2012,3,560,,,,,,
2012,3,563,133009.0,133439.1877,133903.7928,134336.8745,134771.3569,135240.6003
2012,3,568,133009.0,133400.0,134042.9423,134742.2943,135589.6503,136374.2887
2012,3,569,133009.0,133509.0,134009.0,134509.0,135009.0,135509.0
2012,3,571,133009.0,133370.0,133795.0,134245.0,134745.0,135320.0
2012,3,572,133009.0,133375.7775,133775.9048,134177.2325,134613.3086,135050.8018
2012,4,407,133377.0,133694.0,134095.0,134474.0,134827.0,135115.0
2012,4,411,133377.0,133865.0055,134196.1212,134604.4464,135066.7114,135644.6991
2012,4,426,133377.0,133808.3779,134274.2684,134774.9891,135344.167,135949.1474
2012,4,428,133377.0,133828.0,134174.0,134642.0,135153.0,135745.0
2012,4,433,133377.0,133772.0,134026.0,134226.0,134642.0,135239.0
2012,4,446,133377.0,133852.8547,134265.8829,134716.7541,135205.8008,135733.3874
2012,4,463,133377.0,133765.0,134256.0,134812.0,135431.0,136078.0
2012,4,472,133377.0,133930.6667,134447.0,134935.3333,135403.6667,135877.3333
2012,4,483,133377.0,133885.8762,134318.9,134753.3243,135289.1334,135927.2282
2012,4,484,133377.0,133743.7868,134145.0181,134614.5257,135119.3301,135626.0276
2012,4,504,133377.0,133880.1201,134074.1605,134456.331,135027.1889,135600.4704
2012,4,506,133377.0,133890.0,134430.0,134980.0,135580.0,136140.0
2012,4,507,133377.0,133675.322,134196.3384,134618.1843,135054.3408,135496.4389
2012,4,508,133421.0,133974.6437,134213.9569,134882.0794,135418.82,135747.8029
2012,4,510,133377.0,133712.0,134045.0,134332.0,134542.0,134791.0
2012,4,512,133377.0,133923.0,134403.0,134858.0,135353.0,135783.0
2012,4,518,133377.0,133735.2,133972.2,134290.8,134756.0,135180.7
2012,4,520,,,,,,
2012,4,524,133377.0,133651.3,133977.2,134365.8,134774.5,135137.7
2012,4,526,133377.0,133852.8547,134219.4413,134553.7389,134988.9227,135458.9236
2012,4,527,133377.0,133710.0,134050.0,134375.0,134825.0,135250.0
2012,4,532,,,,,,
2012,4,535,133377.0,133841.3885,134340.495,135007.2176,135776.9021,136617.6661
2012,4,540,133377.0,133640.0,134107.0,134497.0,134775.0,135325.0
2012,4,542,133377.0,133911.6667,134365.0,134875.0,135455.0,136055.0
2012,4,546,133377.0,133855.0,134305.0,134775.0,135275.0,135795.0
2012,4,548,133377.0,133818.1,134323.2,134860.3,135380.7,135910.4
2012,4,549,,,,,,
2012,4,553,133377.0,133800.0,134300.0,134800.0,135300.0,135900.0
2012,4,555,,,,,,
2012,4,556,133377.0,133943.0,134513.0,134861.0,135314.0,135648.0
2012,4,557,133377.0,133758.3333,134135.0,134508.6667,134903.6667,135316.6296
2012,4,559,133377.0,131946.0,132101.0,132428.0,133152.0,133848.0
2012,4,560,133377.0,134217.375,133611.048,133880.1538,134149.2597,134552.9184
2012,4,563,133377.0,133609.7995,133843.0054,134109.8921,134410.6263,134745.4
2012,4,568,133377.0,133900.0,134667.0449,135444.6367,136274.8752,137080.5481
2012,4,569,133377.0,133950.0,134550.0,135000.0,135500.0,136100.0
2012,4,570,,,,,,
2012,4,571,133377.0,133750.0,134175.0,134645.0,135155.0,135730.0
2013,1,407,133864.0,134191.5539,134504.1737,134796.8814,135206.0748,135713.8331
2013,1,411,133864.0,134384.06,134885.1891,135356.573,135871.6178,136387.2096
2013,1,420,133864.0,134200.0,134650.0,135100.0,135500.0,135950.0
2013,1,421,133864.0,134410.0,134995.0,135637.0,136387.0,137098.0
2013,1,422,133864.0,134330.0841,134864.2103,135467.0453,136072.5748,136680.8111
2013,1,423,133864.0,134466.3407,135028.8572,135560.51,136067.2727,136555.1189
2013,1,426,133864.0,134330.0841,134831.013,135400.4275,136005.6593,136546.4479
2013,1,428,133864.0,133733.5758,134167.6594,134595.7693,135172.2243,135929.8793
2013,1,433,133864.0,134390.0774,134794.4919,135308.9208,135887.2674,136454.6624
2013,1,446,133864.0,134396.273,134947.26,135517.1654,136106.2014,136714.588
2013,1,456,133864.0,134312.022,134760.044,135208.066,135656.0881,136253.4507
2013,1,463,,,,,,
2013,1,472,133864.0,134401.6264,134958.1693,135546.5716,136123.0266,136704.4596
2013,1,484,133864.0,134232.126,134668.3804,135072.3856,135511.3708,135917.9049
2013,1,504,133864.0,134356.4335,134476.8411,135064.5875,135654.9028,136247.7981
2013,1,506,133864.0,134373.4508,134826.7495,135349.0436,135941.9261,136540.6826
2013,1,507,133864.0,134435.0678,134863.4873,135340.4814,135850.2309,136248.0239
2013,1,510,133864.0,134408.5956,134927.3056,135438.0507,135955.765,136442.6156
2013,1,512,133864.0,134008.3626,134265.2286,134758.0528,135186.1627,135641.154
2013,1,518,133864.0,134254.4761,134626.1352,135108.0078,135473.5938,135882.6876
2013,1,520,,,,,,
2013,1,524,133864.0,134258.2786,134538.6184,134855.3998,135278.0721,135744.4783
2013,1,526,,,,,,
2013,1,527,133864.0,133759.4615,134282.1539,134854.6265,135526.6595,136173.8024
2013,1,528,133864.0,134282.1539,134730.1759,135252.8682,135775.5606,136298.2529
2013,1,532,,,,,,
2013,1,535,133864.0,134396.2729,134897.4486,135433.8307,135972.3456,136546.5802
2013,1,540,133864.0,133763.4439,134266.2242,134775.9737,135292.6924,135815.3848
2013,1,542,133864.0,134162.6813,134521.099,134919.3407,135317.5825,135715.8243
2013,1,546,133864.0,134406.6044,134929.2968,135461.9452,135999.5716,136557.1101
2013,1,548,133864.0,134943.5,135368.0,135866.6,136436.3,137010.9
2013,1,549,,,,,,
2013,1,551,,,,,,
2013,1,553,133864.0,134326.9561,134928.3012,135412.165,135984.6375,136596.9343
2013,1,555,133864.0,133767.4264,134275.1846,134812.8111,135350.4375,135888.0639
2013,1,556,133864.0,134426.5165,134817.7891,135396.2353,135962.7342,136400.8002
2013,1,557,133864.0,134364.9406,134814.64,135291.4928,135718.1388,136011.9798
2013,1,559,133864.0,134414.5693,134922.3276,135509.7342,136136.965,136724.3717
2013,1,560,,,,,,
2013,1,563,133864.0,134363.1908,134897.4486,135433.8307,135972.3456,136513.0018
2013,1,564,133866.0,134297.0,134733.0,135174.0,135582.0,136062.0
2013,1,568,133864.0,134513.2472,135065.302,135918.4926,136592.8131,137480.9047
2013,1,569,133864.0,134406.6044,134904.4067,135501.7694,136039.3958,136577.0222
2013,1,570,,,,,,
2013,1,571,133864.0,134396.6484,134839.6924,135335.8353,135933.1979,136547.1541
2013,1,572,133864.0,134299.058,134769.1047,135240.7965,135747.9496,136257.0044
2013,2,407,135047.0,135483.361,135817.34,136244.587,136761.973,137357.343
2013,2,411,135047.0,135613.8611,136040.5884,136529.007,137067.9169,137623.7946
2013,2,420,135047.0,135600.0,135780.0,136350.0,137000.0,137550.0
2013,2,421,135047.0,135640.0,136207.0,136858.0,137608.0,138319.0
2013,2,422,135047.0,135650.652,136257.0023,136866.0629,137477.846,138092.3637
2013,2,426,135047.0,135483.7792,135955.503,136462.4932,137005.0983,137482.119
2013,2,428,135047.0,135479.0,135857.0,136257.0,136766.0,137425.0
2013,2,433,135047.0,135065.7,135450.3,136003.2,136511.1,137008.4
2013,2,446,135047.0,135533.9058,135962.1916,136385.0962,136859.9582,137387.2356
2013,2,463,135047.0,135532.0,136074.0,136643.0,137244.0,137884.0
2013,2,484,135047.0,135483.7792,135888.4142,136327.9147,136735.0708,137177.3097
2013,2,504,135047.0,135632.3333,136149.0,136725.9862,137305.4177,137887.3047
2013,2,506,135047.0,135617.8,135960.7,136399.4,136944.9,137559.6
2013,2,507,135047.0,135305.0339,135737.1428,136256.4665,137004.6449,137206.1372
2013,2,508,135047.0,135175.333,135925.7535,136785.3053,137665.5937,138446.1443
2013,2,510,135047.0,135507.0,136012.0,136532.0,137021.2333,137563.0
2013,2,512,135047.0,135608.0,136017.0,137260.0,136600.0,136975.0
2013,2,518,135047.0,135495.7,135750.5,136014.8,136331.0,136753.8
2013,2,520,,,,,,
2013,2,524,135047.0,135475.1,135878.8,136191.4,136597.5,137003.8
2013,2,526,,,,,,
2013,2,527,135047.0,135650.0,136000.0,136260.0,136875.0,137500.0
2013,2,528,135047.0,135452.0,135932.0,136517.0,137132.0,137777.0
2013,2,532,,,,,,
2013,2,535,135047.0,135583.9768,136089.5815,136630.7038,137173.9778,137719.4119
2013,2,540,135047.0,135250.0,135425.0,135600.0,135725.0,135850.0
2013,2,542,135047.0,135616.0,136109.0,136634.0,137209.0,137809.0
2013,2,546,135047.0,135644.0,136169.0,136732.0,137339.0,137979.0
2013,2,548,135047.0,135610.6,135947.5,136370.4,136895.9,137493.8
2013,2,549,,,,,,
2013,2,551,135106.0,135730.0,136318.0,136872.0,137395.0,137893.0
2013,2,553,135047.0,135500.0,136000.0,136500.0,136900.0,137300.0
2013,2,555,135047.0,135587.0,136157.0,136727.0,137297.0,137897.0
2013,2,556,135047.0,135644.0,136319.0,136935.0,137332.0,137922.0
2013,2,557,135047.0,135435.345,135842.057,136522.491,137069.128,137480.746
2013,2,559,135047.0,135822.0,136827.0,138024.0,138780.0,139516.0
2013,2,563,135047.0,135583.9768,136123.0887,136664.3443,137173.9778,137685.5117
2013,2,568,135047.0,135650.0,136198.8938,136925.0551,137877.0117,138881.8393
2013,2,569,135047.0,135557.0,136067.0,136577.0,137117.0,137657.0
2013,2,570,,,,,,
2013,2,571,135106.3333,135632.3333,136199.0,136849.0,137504.0,138149.0
2013,2,574,135106.3333,135665.6667,136259.0,136859.0,137459.0,138059.0
2013,3,411,135707.0,136203.0,136692.0,137193.0,137703.0,138207.0
2013,3,420,135707.0,136150.0,136700.0,137300.0,137900.0,138600.0
2013,3,421,135707.0,136418.0,137099.0,137834.0,138641.0,139337.0
2013,3,422,135692.0,136274.0,136905.0,137534.0,138134.0,138758.0
2013,3,424,,,,,,
2013,3,426,135707.0,136179.5011,136687.3265,137264.5806,137810.375,138358.3396
2013,3,428,135707.0,136230.0,136760.0,137310.0,137950.0,139360.0
2013,3,433,135707.0,136380.5046,136821.5967,137196.3139,137606.0635,138085.1767
2013,3,446,135707.0,136198.0075,136705.902,137246.0976,137820.7647,138432.2335
2013,3,456,135707.0,136247.0,136847.0,137447.0,138122.0,138797.0
2013,3,463,135707.0,,,,,
2013,3,484,135707.0,136181.9745,136692.6569,137136.908,137616.8872,138132.9505
2013,3,504,135707.0,136218.0,136659.2311,137194.2267,137731.3167,138270.5093
2013,3,506,135707.0,136157.0,136646.0,137154.0,137733.0,138365.0
2013,3,507,135707.0,136198.0,136650.5733,137138.5167,137676.4187,138173.1847
2013,3,510,135707.0,136225.0,136761.0,137235.0,137708.0,138195.0
2013,3,512,135707.0,136062.0,136260.0,136600.0,136975.0,137328.0
2013,3,518,,,,,,
2013,3,520,,,,,,
2013,3,524,135707.0,136116.1,136495.5,136913.1,137301.5,137726.1
2013,3,528,135692.0,135872.0,136067.0,136272.0,136487.0,136702.0
2013,3,532,,,,,,
2013,3,540,135707.0,135867.0,136030.0,136165.0,136330.0,136450.0
2013,3,542,135707.0,136217.0,136750.0,137325.0,137925.0,138525.0
2013,3,546,135707.0,136213.0,136751.0,137338.0,137938.0,138558.0
2013,3,548,135707.0,136021.5,136427.3,136933.2,137509.0,138125.7
2013,3,549,,,,,,
2013,3,551,135692.0,136215.1771,136757.3539,137295.7058,137832.0795,138399.6866
2013,3,553,135707.0,136300.0,136800.0,137300.0,138100.0,138700.0
2013,3,555,135707.0,136287.0,136887.0,137487.0,138087.0,138697.0
2013,3,556,135707.0,136271.0,136887.0,137284.0,137877.0,138332.0
2013,3,557,135692.0,136215.2479,136758.724,137242.1131,137759.0533,138346.2248
2013,3,560,,,,,,
2013,3,563,135707.0,136179.5011,136687.3265,137197.0457,137708.6657,138222.1936
2013,3,570,,,,,,
2013,3,571,135707.0,136213.0,136788.0,137388.0,137988.0,138603.0
2013,3,572,135707.0,136234.768,136813.7658,137463.6312,138116.5834,138807.1663
2013,3,574,135692.0,136238.0,136838.0,137488.0,138163.0,138838.0
2013,3,575,135707.0,136317.6815,136958.3746,137643.1665,138358.9109,139092.2132
2013,3,576,135692.0,136083.0,136237.86,136178.5,135978.01,135695.84
2013,3,577,135629.0,136250.0,136875.3861,137531.0,138210.0,138930.0
2013,4,407,136162.0,136793.277,137453.245,138117.37,138809.656,139467.585
2013,4,420,136162.0,136750.0,137300.0,137950.0,138600.0,139100.0
2013,4,421,136162.0,136741.0,137422.0,138157.0,138964.0,139660.0
2013,4,422,136162.0,136718.6877,137311.6728,137908.9904,138478.755,139073.8131
2013,4,426,136162.0,136669.7602,137179.4139,137792.5977,138476.4529,139197.7983
2013,4,428,136162.0,136620.0,137170.0,137870.0,138630.0,139440.0
2013,4,429,136162.0,136744.0,137324.0,137929.0,138579.0,139263.0
2013,4,433,136162.0,136768.2,137307.1,137897.5,138465.0,139103.6
2013,4,446,136162.0,136669.7602,137209.813,137784.3281,138395.6353,139046.2381
2013,4,463,136162.0,136714.4403,137230.2181,137776.7202,138358.6026,138963.9934
2013,4,504,136162.0,136510.8642,136953.0439,137396.6559,137841.7049,138288.1954
2013,4,506,136162.0,136702.8,137238.1,137803.4,138359.7,138947.5
2013,4,507,136162.0,136713.8,137208.4667,137746.3687,138190.0762,138640.4083
2013,4,508,136162.0,137880.7443,138489.123,139116.2571,139615.5394,140198.7712
2013,4,510,136162.0,136694.0,137014.0,137487.0,137974.0,138404.0
2013,4,512,136162.0,136708.0,137232.0,137816.0,138405.0,138955.0
2013,4,518,136162.0,136578.5,136942.7,137355.5,137780.3,138137.2
2013,4,520,,,,,,
2013,4,524,136162.0,136737.5,137297.6,137754.0,138186.4,138606.2
2013,4,526,136162.0,136706.648,137114.9352,137524.4418,137935.1715,138347.1278
2013,4,527,136162.0,136703.0,137210.0,138350.0,138950.0,139550.0
2013,4,532,,,,,,
2013,4,535,136162.0,136737.0355,137280.7323,137860.4924,138476.7205,139095.7032
2013,4,540,136162.0,136360.0,136522.0,136684.0,136848.0,137010.0
2013,4,542,136162.0,136729.0,137304.0,137904.0,138504.0,139104.0
2013,4,546,136162.0,136734.0,137289.0,137859.0,138449.0,139049.0
2013,4,548,136162.0,136994.7,137549.3,138027.1,138494.9,138951.8
2013,4,549,,,,,,
2013,4,553,136162.0,136732.0,137317.0,137917.0,138517.0,139117.0
2013,4,555,136162.0,136343.0,136513.0,136698.0,136888.0,137083.0
2013,4,557,136162.0,136746.3822,137324.8038,137957.1801,138493.7809,139147.4598
2013,4,559,136162.0,137291.0,138045.0,138798.0,139521.0,140260.0
2013,4,563,136162.0,136636.0853,137078.004,137521.352,137966.1339,138412.3544
2013,4,568,136162.0,136768.8169,137485.9935,138343.1653,139292.0232,140166.9948
2013,4,569,136162.0,136744.0,137314.0,137884.0,138454.0,139024.0
2013,4,570,,,,,,
2013,4,571,136162.0,136740.6667,137334.0,137934.0,138549.0,139194.0
2013,4,572,136162.0,136672.6075,137219.2979,137802.4799,138422.5911,139080.0984
2013,4,574,136162.0,136738.0,137413.0,138113.0,138813.0,139513.0
2013,4,576,136162.0,136417.86,136337.5,136158.01,135854.84,135527.0
2013,4,577,136162.0,136571.0,136928.0,137327.0,137759.0,138203.0
2013,4,579,136162.0,136732.0,137347.0,137992.0,138637.0,139327.0
2014,1,407,136747.0,136910.919,137572.7339,138236.2933,138870.0713,139503.8094
2014,1,411,136747.0,137207.3243,137846.9931,138439.5768,139029.941,139645.786
2014,1,420,136747.0,137300.0,137950.0,138500.0,139100.0,139650.0
2014,1,421,136747.0,137296.0,138031.0,138838.0,139534.0,140275.0
2014,1,422,136747.0,137303.9716,137870.907,138322.2633,138803.5107,139302.6928
2014,1,424,,,,,,
2014,1,426,136747.0,137324.5061,137972.2008,138588.9282,139208.4124,139864.9926
2014,1,428,136747.0,137360.0,138030.0,138720.0,139480.0,140280.0
2014,1,429,136747.0,137359.7684,138000.4353,138683.9461,139369.4497,140080.8589
2014,1,433,136747.3,137277.5,137818.0,138460.5,139122.0,139722.5
2014,1,446,136747.0,137280.9352,137848.5623,138452.5117,139095.2513,139779.4346
2014,1,463,136747.0,137287.0,137878.0,138478.0,139084.0,139693.0
2014,1,484,136747.0,137123.0543,137568.7042,138032.9986,138498.8599,139018.2306
2014,1,504,136747.0,137220.3333,137664.8112,138110.7287,138558.0907,139053.7345
2014,1,506,136747.0,137219.8,137769.8,138437.2,139252.7,140071.6
2014,1,507,136747.0,137233.495,137769.4452,138264.3828,138739.3197,139191.6724
2014,1,508,,,,,,
2014,1,510,136747.0,137157.0,137659.0,138161.0,138622.0,139131.0
2014,1,512,136747.0,137130.0,137420.0,137760.0,138028.0,138350.0
2014,1,520,,,,,,
2014,1,524,136747.0,137138.4743,137589.4321,138000.3357,138318.8756,138770.3315
2014,1,527,136747.0,137375.0,138000.0,138575.0,139250.0,139875.0
2014,1,532,,,,,,
2014,1,535,136747.0,137223.1221,137802.6389,138350.5727,138968.9915,139590.1746
2014,1,542,136747.0,137203.3381,137809.132,138406.9548,139004.7777,139602.6006
2014,1,546,136747.0,137292.0,137882.0,138482.0,139102.0,139732.0
2014,1,548,136747.0,137206.5,137734.9,138365.6,139128.0,139875.1
2014,1,549,,,,,,
2014,1,553,136747.0,137300.0,137900.0,138400.0,139000.0,139500.0
2014,1,555,136747.0,136937.0,137132.0,137332.0,137532.0,137732.0
2014,1,556,136747.0,137169.0,137761.0,138211.0,138139.0,
2014,1,557,136747.0,137269.334,137898.3825,138526.231,139154.1204,139753.9274
2014,1,559,136747.0,137453.0,138181.0,139043.0,139962.0,140956.0
2014,1,563,136747.0,137492.982,138175.3503,138827.058,139447.6066,140036.5178
2014,1,568,136747.0,137250.1676,137597.8949,138353.4624,139186.2212,140122.9973
2014,1,569,136747.0,137314.9317,137882.8635,138450.7952,139018.7269,139586.6586
2014,1,570,,,,,,
2014,1,571,136747.0,137285.3333,137877.0,138492.0,139137.0,139802.0
2014,1,572,136747.0,137328.1748,137946.1515,138601.3958,139294.4027,139990.8747
2014,1,574,136747.0,137166.4724,137773.2626,138395.9948,139048.6181,139691.2776
2014,1,575,,,,,,
2014,1,576,136747.0,137349.5942,137924.0526,138511.8452,139093.1522,139704.6696
2014,1,577,136747.0,137255.0,137736.0,138202.0,138664.0,139104.0
2014,1,578,136747.0,137310.5303,137922.1661,138559.6406,139163.0499,139753.0499
2014,1,579,136747.0,137302.0,137887.0,138487.0,139087.0,139687.0
2014,2,407,137734.0,138420.193,139109.854,139816.293,140454.681,141066.56
2014,2,420,137734.0,138375.0,138900.0,139500.0,140100.0,140650.0
2014,2,421,137734.0,138478.0,139285.0,139981.0,140722.0,141562.0
2014,2,422,137734.0,138429.7797,139074.9761,139734.2315,140348.4869,140982.4613
2014,2,426,137734.0,138383.6261,139036.3161,139692.0846,140385.3668,141116.656
2014,2,428,137734.0,138410.0,139070.0,139830.0,140640.0,141450.0
2014,2,429,137734.0,138440.9673,139071.0584,139712.2478,140412.5122,141163.9835
2014,2,433,137755.0,138412.0,139027.0,139665.0,140309.0,140880.0
2014,2,446,137734.0,138451.904,139072.62,139727.0753,140417.2455,141145.2363
2014,2,463,137734.0,138452.0,139053.0,139657.0,140268.0,140882.0
2014,2,484,137734.0,138179.4697,138660.5793,139143.3641,139662.242,140217.5701
2014,2,504,137734.0,138717.8027,139156.466,139694.8479,140188.3793,140683.6543
2014,2,506,137734.0,138454.9,139184.4,139756.0,140389.5,141114.3
2014,2,508,,,,,,
2014,2,510,137734.0,138392.0,138915.0,139389.0,139902.0,140468.0
2014,2,512,137734.0,138455.0,138975.0,139364.0,139819.0,140263.0
2014,2,518,137734.0,138441.7,139099.4,139553.8,140001.0,140606.6
2014,2,520,,,,,,
2014,2,524,137734.0,138329.3,138765.7,139183.3,139536.2,139902.1
2014,2,526,,,,,,
2014,2,532,,,,,,
2014,2,533,137734.0,138552.0,139602.0,140502.0,141262.0,141562.0
2014,2,535,137734.0,138417.5644,138967.9433,139589.1217,140213.0767,140805.2206
2014,2,542,137734.0,138452.0,139052.0,139652.0,140252.0,140852.0
2014,2,546,137734.0,138452.0,139062.0,139687.0,140317.0,140947.0
2014,2,548,137734.0,138430.2,139118.3,139621.5,140160.5,140766.7
2014,2,549,,,,,,
2014,2,553,137734.0,138334.0,138934.0,139534.0,140134.0,140734.0
2014,2,555,137734.0,137967.0,138172.0,138377.0,138587.0,138802.0
2014,2,556,137734.0,138450.0,138946.0,139597.0,140238.0,140877.0
2014,2,557,137734.0,138382.6172,138895.8407,139525.9983,140107.9615,140723.1705
2014,2,559,137734.0,138730.0,139584.0,140493.0,141444.0,142452.0
2014,2,563,137734.0,138281.6609,138797.3255,139280.5864,139765.5299,140252.1618
2014,2,568,137734.0,138517.4141,139306.1526,140189.5862,141099.6007,141954.1162
2014,2,569,137755.0,138438.0,139008.0,139578.0,140148.0,140718.0
2014,2,570,,,,,,
2014,2,572,137755.0,138478.2138,139205.2244,139936.0518,140670.7161,141409.2373
2014,2,574,137755.0,138305.0,138880.0,139480.0,140105.0,140755.0
2014,2,576,137754.6667,138275.4044,138789.1168,139315.2194,139868.4946,140419.6067
2014,2,577,137755.0,138220.0,138741.0,139219.0,139658.0,140114.0
2014,2,578,137734.0,138450.5278,139103.3859,139791.5496,140469.0336,141157.6672
2014,2,579,137734.0,138404.0,139024.0,139624.0,140234.0,140849.0
2014,3,411,138513.0,139239.0,139896.0,140508.0,141077.0,141644.0
2014,3,420,138513.0,139050.0,139700.0,140300.0,140850.0,141500.0
2014,3,421,138513.0,139267.0,140104.0,140902.0,141820.0,142588.0
2014,3,422,138513.0,139212.0,139911.0,140591.0,141272.0,141931.0
2014,3,426,138513.0,139234.5358,139994.0878,140826.5968,141767.7005,142610.7567
2014,3,428,138513.0,139220.0,140000.0,140790.0,141670.0,142570.0
2014,3,433,138513.0,139218.0,139847.0,140553.0,141176.0,141719.0
2014,3,446,138513.0,139220.8437,139935.7185,140664.9587,141408.9083,142167.9212
2014,3,463,138513.0,139203.0,139808.0,140424.0,141040.0,141657.0
2014,3,484,138513.0,139032.4,139553.7953,140112.0105,140707.4866,141305.4934
2014,3,504,138513.0,139187.3333,139719.8037,140207.0435,140695.9825,141186.6265
2014,3,506,138513.0,139236.3,139917.6,140577.9,141255.3,141857.4
2014,3,507,138513.0,139180.2167,139717.3167,140217.7333,140729.55,141250.8833
2014,3,508,138513.0,139143.0,139773.0,140433.0,141093.0,141753.0
2014,3,510,138513.0,139171.0,139659.0,140122.0,140561.0,140989.0
2014,3,512,138513.0,138975.0,139365.0,139819.0,140263.0,140728.0
2014,3,518,138513.0,139057.5,139511.8,139959.1,140519.6,141135.3
2014,3,520,,,,,,
2014,3,524,138513.0,139135.6,139636.7,140071.3,140503.5,140889.3
2014,3,526,138520.0,139143.34,139839.0567,140258.5739,140679.3496,141428.8117
2014,3,527,138513.0,139132.1448,139650.9809,140171.7519,140694.4648,141219.127
2014,3,532,,,,,,
2014,3,535,138513.0,139200.4305,139856.9731,140551.0737,141213.9865,141810.3574
2014,3,542,138513.0,139204.0,139804.0,140404.0,141004.0,141654.0
2014,3,546,138513.0,139234.0,139944.0,140684.0,141434.0,142184.0
2014,3,548,138513.0,139118.3,139621.5,140160.5,140766.7,141337.5
2014,3,549,,,,,,
2014,3,553,138513.0,139063.0,139763.0,140418.0,141018.0,141618.0
2014,3,555,138513.0,139162.0,139837.0,140482.0,141142.0,141802.0
2014,3,556,138513.0,139197.0,139874.0,140515.0,141157.0,141717.0
2014,3,557,138513.0,139166.1887,139727.2569,140298.5076,140928.0913,141618.4921
2014,3,559,138513.0,139350.0,140257.0,140969.0,141781.0,142540.0
2014,3,563,138513.0,139166.3002,139754.0234,140344.2287,140902.2684,141427.7055
2014,3,568,138513.0,139245.2767,139827.9187,140530.7062,141413.6159,142179.939
2014,3,569,138520.0,139120.0,139720.0,140320.0,140920.0,141520.0
2014,3,570,,,,,,
2014,3,572,138513.0,139240.1933,139971.2043,140706.0531,141444.7599,142151.9837
2014,3,574,138513.0,139220.0,139920.0,140620.0,141270.0,141920.0
2014,3,575,,,,,,
2014,3,577,138513.0,139357.0,140103.0,140795.0,141389.0,141896.0
2014,3,578,138513.0,139253.0,140025.0,140781.0,141582.0,142336.0
2014,3,579,138513.0,139244.5,139955.0,140660.0,141365.0,142030.0
2014,3,580,138513.0,139113.0,139713.0,140238.0,140763.0,141213.0
2014,4,411,139210.0,139915.0,140588.0,141129.0,141625.0,142147.0
2014,4,421,139210.0,140047.0,140845.0,141763.0,142531.0,143362.0
2014,4,422,139210.0,139909.1091,140553.4315,141169.6609,141803.2918,142442.2825
2014,4,423,139210.0,139853.0,140458.0,141029.0,141574.0,142099.0
2014,4,426,139210.0,139900.8897,140560.736,141327.5227,142167.9613,142978.4695
2014,4,428,139210.0,139880.0,140690.0,141510.0,142510.0,143610.0
2014,4,429,139210.0,139889.5728,140582.8015,141259.3767,141917.6211,142569.1351
2014,4,433,139210.0,139827.0,140474.0,141044.0,141548.0,141991.0
2014,4,446,139210.0,139920.1863,140648.5047,141395.1409,142160.6317,142945.5331
2014,4,484,139210.0,139832.2604,140491.7829,141189.034,141924.5097,142663.8165
2014,4,504,139210.0,139835.0,140277.71,140721.8217,141167.3393,141614.2675
2014,4,506,139209.6667,139879.8,140572.3,141168.9,141745.2,142156.4
2014,4,507,139210.0,139869.6667,140403.4167,140931.9,141453.2333,141939.9
2014,4,510,139210.0,139809.0,140303.0,140742.0,141170.0,141627.0
2014,4,512,139210.0,139758.0,140156.0,140635.0,141085.0,141663.0
2014,4,518,139210.0,139750.1,140283.2,140859.3,141422.3,142009.3
2014,4,520,,,,,,
2014,4,524,139210.0,139781.1,140329.7,140829.4,141318.6,141745.5
2014,4,526,139210.0,139836.1102,140283.5857,140732.4932,141182.8372,141634.6223
2014,4,527,139210.0,139900.8897,140526.2383,141154.3822,141785.3338,142314.0639
2014,4,533,139210.0,139810.0,140410.0,140860.0,141310.0,141760.0
2014,4,535,139210.0,139866.5877,140526.2721,141154.4161,141750.5355,142384.1519
2014,4,542,139210.0,139860.0,140460.0,141060.0,141710.0,142385.0
2014,4,546,139210.0,139895.0,140595.0,141310.0,142050.0,142800.0
2014,4,548,139210.0,139820.0,140250.0,140810.0,141260.0,141650.0
2014,4,549,,,,,,
2014,4,553,139210.0,139850.0,140400.0,141000.0,141500.0,142100.0
2014,4,555,139210.0,139435.0,139645.0,139857.0,140067.0,140277.0
2014,4,556,139210.0,139938.0,140707.0,141544.0,142326.0,143058.0
2014,4,557,139210.0,139883.4569,140535.7076,141221.5603,141969.5958,142658.2228
2014,4,559,139210.0,140303.0,141021.0,141822.0,142582.0,143303.0
2014,4,560,139210.0,139795.0,140335.0,140845.0,141325.0,141790.0
2014,4,563,139210.0,139935.1665,140629.6552,141258.2613,141854.8192,142418.8654
2014,4,568,139210.0,139902.5541,140345.4722,141004.201,141727.0261,142540.3823
2014,4,569,139228.0,139800.0,140400.0,141000.0,141600.0,142200.0
2014,4,570,,,,,,
2014,4,572,139210.0,139728.0,140391.0,141058.0,141693.0,142331.0
2014,4,574,139227.6667,139909.6667,140619.6667,141269.6667,141919.6667,142549.6667
2014,4,575,,,,,,
2014,4,577,139210.0,139910.0,140525.0,141033.0,141506.0,141961.0
2014,4,578,139210.0,139925.2886,140630.3348,141350.3171,142083.3273,142812.3968
2014,4,579,139228.0,139915.0,140620.0,141325.0,141990.0,142625.0
2015,1,411,140061.0,140913.9586,141570.1575,142287.2819,143014.3942,143645.6235
2015,1,421,140061.0,140858.0269,141774.9075,142592.9088,143551.7382,144438.6553
2015,1,422,140061.0,140868.7577,141560.3226,142277.3242,143056.3491,143813.7803
2015,1,423,140061.0,140886.0,141633.0,142321.0,142962.0,143566.0
2015,1,426,140061.0,140825.0606,141697.084,142609.2688,143667.012,144662.2908
2015,1,428,140061.0,140892.0,141719.0,142602.0,143537.0,144477.0
2015,1,429,140061.0,140926.9428,141667.3417,142353.7116,143013.0669,143658.4147
2015,1,433,,,,,,
2015,1,456,140061.0,140659.9355,141259.2038,141858.4722,142457.7405,142982.1003
2015,1,504,140061.0,140901.9733,141601.1197,142079.7779,142560.0542,142999.0856
2015,1,506,140061.0,140922.648,141616.9004,142236.2443,142924.7037,143587.6943
2015,1,507,140061.0,140873.5413,141446.0157,141989.7984,142475.8717,142968.9697
2015,1,508,140061.0,140781.0,141516.0,142251.0,143001.0,143751.0
2015,1,510,140061.0,140642.0,141097.0,141527.0,141975.0,142345.0
2015,1,512,140061.0,140869.0135,141490.255,142097.5136,142656.8308,143051.3491
2015,1,518,140061.0,140777.0,141524.0,142135.0,142704.0,143239.0
2015,1,520,,,,,,
2015,1,524,140061.0,140592.3452,141076.8265,141529.5409,141910.6399,142316.0414
2015,1,527,140061.0,140850.0,141500.0,142030.0,142500.0,143000.0
2015,1,542,140061.0,140901.9733,141576.1502,142250.3271,142924.504,143598.6809
2015,1,546,140061.0,140927.9416,141677.027,142426.1124,143175.1979,143924.2833
2015,1,548,140061.0,140490.0,141020.0,141520.0,141850.0,142240.0
2015,1,549,,,,,,
2015,1,553,140061.0,140589.3549,141218.5867,141847.8185,142477.0503,143106.282
2015,1,555,,,,,,
2015,1,556,140061.0,140813.0,141635.0,142377.0,143067.0,143566.0
2015,1,557,140061.0,140872.777,141571.8281,142270.634,142942.0421,143629.6339
2015,1,559,140061.0,140600.8832,141384.751,142131.2744,142872.6994,143562.2179
2015,1,563,140061.0,140928.2922,141731.733,142470.0357,143141.9994,143746.5126
2015,1,568,140061.0,141078.4708,141516.2612,142075.2099,142656.2078,143224.777
2015,1,569,140061.0,140280.7317,140490.4757,140690.2318,140889.9879,141089.744
2015,1,570,,,,,,
2015,1,572,140061.0,140831.3355,141605.9078,142384.7404,143167.8564,143883.6957
2015,1,574,140061.0,140778.1245,141477.2709,142126.4783,142765.6978,143364.9662
2015,1,575,,,,,,
2015,1,577,,,,,,
2015,1,578,140061.0,140910.1947,141712.4655,142542.9909,143359.3477,144179.4163
2015,1,579,140061.0,140900.9745,141574.1526,142218.3661,142837.61,143421.8967
2015,1,580,,,,,,
2015,2,411,141011.0,141592.0,142265.0,142981.0,143753.0,144497.0
2015,2,422,141011.0,141620.2968,142352.6707,143060.1328,143729.5232,144462.0
2015,2,424,,,,,,
2015,2,426,141011.0,141606.5137,142309.2971,143085.6226,143866.1831,144686.373
2015,2,428,141011.0,141597.0,142276.0,143144.0,144093.0,145068.0
2015,2,429,141011.0,141630.8743,142343.8944,143031.0498,143681.3263,144302.6574
2015,2,433,140998.7,141556.4,142150.5,142689.1,143139.5,143674.5
2015,2,456,141011.0,141598.6667,142198.6667,142798.6667,143323.6667,143848.6667
2015,2,463,141011.0,141670.2526,142305.7087,142936.0109,143535.5004,144130.976
2015,2,484,141011.0,141716.055,142424.6353,143136.7585,143816.6581,144535.7413
2015,2,504,141011.0,141592.0,142292.0,142992.0,143432.3617,143874.0795
2015,2,506,141011.0,141612.3,142199.9,142646.2,143122.0,143670.4
2015,2,507,141011.0,141557.5567,142102.0033,142629.3367,143133.37,143622.8867
2015,2,510,141011.0,141551.0,142055.0,142526.0,142896.0,143245.0
2015,2,512,141011.0,141570.0,142096.0,142458.0,143258.0,143597.0
2015,2,518,141011.0,141701.677,142426.677,143201.677,143938.677,144616.677
2015,2,520,,,,,,
2015,2,523,141011.0,141766.0,142631.0,143423.0,144219.0,145020.0
2015,2,527,141011.0,141800.0,142625.0,143450.0,144225.0,145000.0
2015,2,532,,,,,,
2015,2,533,140999.0,141567.0,142047.0,142527.0,142977.0,143427.0
2015,2,535,141011.0,141606.5137,142309.2971,143015.5684,143725.3449,144367.7886
2015,2,542,141011.0,141658.0,142333.0,143008.0,143683.0,144308.0
2015,2,546,140999.0,141587.0,142252.0,142929.0,143620.0,144337.0
2015,2,548,141011.0,141590.0,142160.0,142580.0,143030.0,143560.0
2015,2,549,,,,,,
2015,2,555,141011.0,141235.0,141450.0,141660.0,141860.0,142057.0
2015,2,556,141011.0,141640.0,142383.0,143147.0,143846.0,144537.0
2015,2,557,140998.6667,141610.3333,142311.2743,143012.9409,143784.219,144419.31
2015,2,559,141011.0,140601.0,141351.0,142086.0,142720.0,143390.0
2015,2,560,141011.0,141710.8279,142379.2108,143190.9234,144042.4432,144828.2233
2015,2,563,141011.0,141432.1426,141854.5429,142278.2048,142703.132,143164.6732
2015,2,568,141011.0,141588.6497,142176.0768,142743.9967,143297.4961,143879.8428
2015,2,569,141011.0,141511.0,142111.0,142711.0,143211.0,143711.0
2015,2,570,,,,,,
2015,2,572,141011.0,141668.7453,142377.089,143088.9744,143804.4193,144523.4414
2015,2,574,141011.0,141711.0,142386.0,143036.0,143661.0,144261.0
2015,2,575,,,,,,
2015,2,576,141011.0,141434.3144,141834.7582,142291.0626,142748.5055,143236.6298
2015,2,577,141011.0,141719.0,142310.0,142841.0,143334.0,143760.0
2015,2,578,140482.16,140720.4515,140964.5371,141181.7179,141409.9101,141630.3359
2015,2,579,141011.0,141582.0,142227.0,142862.0,143452.0,144002.0
2015,2,580,,,,,,
2015,2,581,141011.0,141592.0,142267.0,142942.0,143467.0,143917.0
2015,3,411,141609.0,142269.0,142840.0,143483.0,144160.0,144859.0
2015,3,421,141609.0,142341.0,143175.0,143955.0,144819.0,145560.0
2015,3,422,141609.0,142268.699,142884.4118,143524.2835,144176.3645,144805.3258
2015,3,424,,,,,,
2015,3,426,141609.0,142241.9837,143017.942,143798.1333,144617.9353,145406.8548
2015,3,428,141609.0,142292.89,143036.5,143818.0,144667.69,145527.0
2015,3,433,141609.0,142169.0,142686.0,143220.0,143683.0,144206.0
2015,3,456,141609.0,142290.3333,142965.3333,143490.3333,144015.3333,144540.3333
2015,3,463,141609.0,142211.2047,142816.6083,143396.8703,143967.6513,144538.9279
2015,3,484,141609.0,142210.8383,142815.2343,143457.9029,144067.599,144679.8862
2015,3,504,141609.0,142296.0,142996.0,143475.2134,143956.0327,144438.4634
2015,3,506,141609.0,142838.3333,143354.4333,143857.9333,144347.8333,144789.3333
2015,3,508,141609.0,142228.3191,142731.789,143180.5358,143593.5507,144025.7456
2015,3,510,141609.0,142205.0,142685.0,143051.0,143399.0,143776.0
2015,3,512,141609.0,142228.0,142701.0,143205.0,143656.0,143976.0
2015,3,518,141609.0,142265.2682,142978.6682,143692.6682,144372.6682,145022.6682
2015,3,520,,,,,,
2015,3,527,141609.0,142375.0,143125.0,143825.0,144550.0,145225.0
2015,3,528,141609.0,141961.7026,142491.0904,142951.9458,143343.4524,143664.8923
2015,3,533,141609.0,142242.0,142842.0,143440.0,144010.0,144535.0
2015,3,535,141609.0,142276.9026,142983.0131,143657.3963,144299.5363,144944.5465
2015,3,542,141609.0,142296.0,142971.0,143646.0,144271.0,144871.0
2015,3,546,141609.0,142291.0,142951.0,143601.0,144236.0,144856.0
2015,3,548,141609.0,142160.0,142580.0,143030.0,143560.0,144010.0
2015,3,549,,,,,,
2015,3,553,141609.0,142281.6428,142957.4806,143493.5711,144031.672,144571.7908
2015,3,555,141609.0,141824.0,142034.0,142234.0,142429.0,142624.0
2015,3,557,141609.0,142311.3,143012.9,143770.9,144422.6,145078.1
2015,3,559,141609.0,142288.5344,142974.3535,143578.1879,144239.1065,144961.6031
2015,3,560,141609.0,142279.78,142913.815,143578.678,144198.583,144649.606
2015,3,563,141609.0,142276.9026,142877.7624,143445.8761,144016.2486,144553.298
2015,3,568,141609.0,142313.3123,142888.1766,143474.506,143999.4476,144509.8459
2015,3,569,141615.0,142255.0,142855.0,143455.0,144025.0,144595.0
2015,3,570,,,,,,
2015,3,572,141609.0,142281.6428,142957.4806,143636.5286,144318.8021,145004.3164
2015,3,574,141615.3333,142265.3333,142890.3333,143490.3333,144065.3333,144615.3333
2015,3,575,,,,,,
2015,3,576,141609.0,142173.9942,142784.6841,143345.5029,143864.2296,144359.9426
2015,3,577,141609.0,142420.5,143007.5,143542.4,144169.0,144706.2
2015,3,578,141609.0,142283.0448,142938.2516,143601.5493,144270.3677,144943.8218
2015,3,579,141609.0,142309.3333,142966.0,143556.0,144106.0,144636.0
2015,3,581,141609.0,142296.0,142971.0,143496.0,143946.0,144296.0
2015,4,411,142231.0,142839.0,143393.0,143984.0,144664.0,145334.0
2015,4,421,142231.0,142907.0,143516.0,144170.0,144860.0,145451.0
2015,4,422,142231.0,142941.1704,143556.2832,144142.2822,144719.2875,145300.7725
2015,4,424,,,,,,
2015,4,426,142231.0,142831.666,143505.3353,144288.1854,145110.7812,145938.0666
2015,4,428,142231.0,142826.0,143463.0,144212.0,144980.0,145780.0
2015,4,429,142231.0,142852.026,143478.5834,144067.514,144617.9311,145191.1776
2015,4,433,142241.0,142776.0,143312.0,143864.0,144290.0,144622.0
2015,4,456,142231.0,142852.0,143227.0,143602.0,143977.0,144352.0
2015,4,463,142231.0,142800.9023,143366.3155,143916.9668,144461.4496,145004.4997
2015,4,472,142231.0,142844.0,143409.0,144017.0,144637.0,145236.0
2015,4,484,142231.0,142835.4818,143406.8237,143980.451,144556.3728,145134.5983
2015,4,504,142231.0,142854.0,143378.1839,143858.6781,144340.7825,144824.5026
2015,4,506,142231.0,142729.2,143306.3,143882.0,144383.4,144909.3
2015,4,507,142231.0,142814.6667,143303.3333,143786.0,144265.3333,144722.0
2015,4,508,,,,,,
2015,4,510,142231.0,142689.0,143054.0,143403.0,143779.0,144192.0
2015,4,518,142231.0,142806.2,143351.5,143878.2,144336.7,144826.5
2015,4,520,,,,,,
2015,4,523,142231.0,142844.64,143460.92,144079.86,144701.47,145325.77
2015,4,524,142231.0,142750.5762,143220.2245,143630.9016,143998.2849,144359.5465
2015,4,528,,,,,,
2015,4,532,,,,,,
2015,4,533,142231.0,142606.0,142981.0,143356.0,143656.0,143956.0
2015,4,535,142231.0,142831.666,143364.2979,143934.3462,144506.661,145081.2515
2015,4,540,142231.0,142835.4893,143520.2001,144159.8285,144807.3516,145463.9494
2015,4,542,142231.0,142854.0,143454.0,144054.0,144654.0,145204.0
2015,4,546,142241.0,142850.0,143435.0,144000.0,144560.0,145100.0
2015,4,548,142231.0,142690.0,143210.0,143740.0,144200.0,144680.0
2015,4,549,,,,,,
2015,4,553,142231.0,142900.0,143400.0,144000.0,144600.0,145200.0
2015,4,555,142231.0,142455.0,142650.0,142840.0,143025.0,143205.0
2015,4,556,142231.0,142964.0,143603.0,144198.0,144680.0,145183.0
2015,4,557,142241.0,142814.6667,143501.6137,144215.8406,144859.7658,145577.34
2015,4,559,142231.0,142689.2234,142689.2234,143194.5346,143791.5701,144407.3319
2015,4,563,142231.0,142796.542,143364.3327,143898.951,144435.563,144974.1761
2015,4,568,142231.0,142848.6917,143282.8121,143754.2051,144128.5581,144598.0835
2015,4,569,142231.0,142831.0,143401.0,143971.0,144541.0,145091.0
2015,4,570,,,,,,
2015,4,572,142241.0,142809.964,143381.2039,143954.7287,144530.5476,145108.6698
2015,4,574,142241.0,142865.6667,143465.6667,144040.6667,144590.6667,145115.6667
2015,4,575,,,,,,
2015,4,576,142231.0,142914.8543,143516.1828,144071.762,144626.2437,145322.3487
2015,4,578,142231.0,142868.3476,143486.4507,144123.258,144757.7482,145400.6912
2015,4,579,142231.0,142856.0,143458.0,144028.0,144573.0,145093.0
2016,1,421,142963.0,143572.4007,144238.8389,144929.2929,145520.6817,146196.1258
2016,1,422,142963.0,143731.4196,144240.0352,144818.2724,145362.7557,145910.0112
2016,1,424,,,,,,
2016,1,426,142963.0,143602.036,144279.3388,144924.2588,145536.2989,146114.9835
2016,1,433,142963.0,143533.7753,144049.5144,144526.6281,144954.0091,145165.9485
2016,1,456,142963.0,143488.3454,144013.6908,144463.9869,144914.283,145289.5297
2016,1,472,142963.0,143510.5,144036.6,144544.9,145018.2,145431.4
2016,1,484,142963.0,143391.889,143893.7606,144433.3622,145011.0956,145591.14
2016,1,504,142963.0,143567.3974,144097.7461,144584.6264,145073.1519,145563.3278
2016,1,506,142963.0,143597.0169,144256.0502,144690.3357,145124.121,145523.9839
2016,1,507,142963.0,143552.721,144057.0527,144542.3718,145009.5756,145452.3268
2016,1,508,,,,,,
2016,1,510,142963.0,143542.381,143890.6099,144267.858,144681.1297,145134.4277
2016,1,512,142963.0,143475.3369,143874.5994,144380.9323,144815.2179,145198.4699
2016,1,518,142963.0,143351.5,143878.2,144336.7,144826.5,145323.0
2016,1,520,,,,,,
2016,1,524,142963.0,143550.3588,144030.0618,144324.2102,144695.0368,145184.5029
2016,1,527,142963.0,144023.3668,144560.4428,145027.9911,145389.2093,145751.3272
2016,1,528,,,,,,
2016,1,532,,,,,,
2016,1,533,142963.0,143338.0,143713.0,144013.0,144313.0,144613.0
2016,1,535,142963.0,143566.7573,144173.0644,144746.3284,145321.8719,145863.7901
2016,1,542,142963.0,143607.4237,144232.8349,144833.2297,145383.5916,145908.937
2016,1,546,142963.0,143584.4086,144194.8099,144763.1836,145315.5468,145845.8955
2016,1,548,142963.0,143210.0,143740.0,144200.0,144680.0,145140.0
2016,1,549,,,,,,
2016,1,553,142963.0,143548.0,144133.0,144703.0,145258.0,145783.0
2016,1,555,142963.0,143158.0,143348.0,143533.0,143713.0,143888.0
2016,1,556,142963.0,143545.3829,144086.7389,144797.206,145468.6475,147658.0871
2016,1,557,142963.0,143591.9507,144219.2738,144870.453,145473.05,146167.0368
2016,1,563,142963.0,143460.7648,144031.1966,144603.8965,145143.1373,145684.389
2016,1,568,142963.0,143421.372,143756.4767,144113.5046,144426.6266,144674.9465
2016,1,569,142963.0,143463.329,144063.7237,144614.0856,145114.4146,145614.7436
2016,1,570,,,,,,
2016,1,572,142963.0,143534.852,144108.9914,144685.4274,145264.169,145845.2258
2016,1,574,142963.0,143563.3948,144138.7731,144689.135,145214.4804,145714.8093
2016,1,576,142963.0,143652.8536,144250.3464,144798.4068,145544.7976,146257.166
2016,1,577,142963.0,143544.8444,144219.6004,144785.614,145331.6372,145777.41
2016,1,578,142963.0,143570.9049,144162.729,144693.52,145188.2302,145674.3656
2016,1,579,142963.0,143591.9135,144171.7948,144717.1534,145237.4955,145717.8113
2016,2,421,143549.0,144158.0,144848.0,145439.0,146114.0,146771.0
2016,2,422,143549.0,144169.2516,144811.6076,145425.5175,146045.1926,146667.6573
2016,2,424,,,,,,
2016,2,426,143549.0,144155.2321,144728.4252,145339.6382,145953.4325,146605.8356
2016,2,429,143549.0,144120.1373,144670.3991,145181.6245,145662.6831,146146.4173
2016,2,433,143549.0,144101.0,144637.0,145134.0,145495.0,145781.0
2016,2,446,143549.0,144252.8415,144984.7025,145745.8207,146480.5593,147189.677
2016,2,456,143549.0,144138.7,144738.7,145338.7,145863.7,146313.7
2016,2,463,143549.0,144188.7651,144788.9544,145376.4625,145932.4154,146473.5626
2016,2,472,143549.0,144011.0,144457.0,144879.0,145245.0,145582.0
2016,2,484,143549.0,144051.4215,144591.6143,145169.9808,145750.6607,146333.6634
2016,2,504,143549.0,144123.3333,144645.0,145080.8397,145331.8628,145944.9168
2016,2,506,143306.3,143882.0,144383.4,144909.3,145942.6,146364.1
2016,2,507,143549.0,144081.3333,144566.3333,145033.23,145187.1267,145333.69
2016,2,508,,,,,,
2016,2,510,143549.0,143920.0,144294.0,144704.0,145202.0,145817.0
2016,2,518,143549.0,144163.1,144698.3,145247.1,145758.5,146195.7
2016,2,520,,,,,,
2016,2,523,143549.0,143684.0,143935.0,144063.0,144268.0,144519.0
2016,2,524,143549.0,144028.6985,144452.4088,144823.5648,145313.4656,145695.608
2016,2,532,,,,,,
2016,2,533,143549.0,143924.0,144224.0,144524.0,144824.0,145124.0
2016,2,535,143549.0,144119.7826,144692.8348,145268.1656,145845.784,146389.6559
2016,2,542,143549.0,144224.0,144824.0,145374.0,145899.0,146424.0
2016,2,546,143549.0,144115.0,144695.0,145245.0,145775.0,146300.0
2016,2,548,143549.0,144190.0,144760.0,145330.0,145830.0,146230.0
2016,2,549,,,,,,
2016,2,553,143549.0,144104.0,144659.0,145199.0,145709.0,146249.0
2016,2,555,143549.0,143734.0,143919.0,144099.0,144274.0,144444.0
2016,2,556,143549.0,144105.0,144795.0,145467.0,146069.0,146669.0
2016,2,557,143538.6667,144144.9733,144775.1988,145395.7329,146070.9301,146863.0
2016,2,559,143549.0,143540.0,143626.0,144132.0,144463.0,145029.0
2016,2,563,143549.0,144155.2321,144764.0244,145375.3878,145953.4325,146533.7757
2016,2,568,143549.0,144114.1315,144703.7042,145107.946,145454.2279,145846.6274
2016,2,569,143549.0,143749.0,143939.0,144129.0,144309.0,144489.0
2016,2,570,,,,,,
2016,2,572,143549.0,144159.0833,144735.7196,145314.6625,145895.9211,146479.5048
2016,2,574,143549.0,144174.0,144774.0,145349.0,145899.0,146424.0
2016,2,576,143549.0,144238.0372,144968.3331,145739.7235,146390.6855,147072.3341
2016,2,577,143549.0,144173.8385,144761.6659,145284.226,145782.9007,146283.4727
2016,2,578,143549.0,144117.0902,144654.2124,145152.5595,145648.1754,146136.2917
2016,2,579,143549.0,144111.6667,144665.0,145185.0,145665.0,146120.0
2016,3,411,143980.0,144634.0,145207.0,145806.0,146451.0,147067.0
2016,3,421,143980.0,144526.0,145057.0,145522.0,146137.0,146644.0
2016,3,422,143980.0,144579.3716,145171.4486,145769.4697,146250.9014,146774.5895
2016,3,424,,,,,,
2016,3,426,143980.0,144552.4964,145162.9664,145776.0146,146427.6246,147046.0136
2016,3,433,143980.0,144450.0,144946.0,145351.0,145705.0,145955.0
2016,3,446,143980.0,144640.1561,145382.3135,146106.8062,146813.9465,147504.047
2016,3,456,143980.0,144590.3333,145115.3333,145640.3333,146090.3333,146540.3333
2016,3,463,143980.0,144510.0821,145020.0702,145518.1795,146009.4763,146487.9654
2016,3,472,143980.0,144536.0,145051.0,145449.0,145801.0,146152.0
2016,3,484,143980.0,144447.935,144953.5028,145497.0784,146079.0667,146663.383
2016,3,504,143980.0,144613.0,145191.3211,145544.1042,146057.7401,146492.9745
2016,3,506,143990.3333,144572.3,145198.5,145697.9,146073.4,146316.5
2016,3,507,143980.0,144612.8007,145074.431,145228.3277,145374.891,145516.891
2016,3,508,,,,,,
2016,3,510,143980.0,144427.0,144837.0,145305.0,145886.0,146493.0
2016,3,512,143980.0,144401.0,144720.0,145103.0,145583.0,146063.0
2016,3,518,143980.0,144377.6,144887.1,145448.6,146003.5,146549.8
2016,3,520,,,,,,
2016,3,523,143980.0,143461.0,143657.3,143699.4,143605.9,143654.2
2016,3,527,143980.0,144445.671,144984.3217,145453.2409,145815.5183,146178.698
2016,3,528,143980.0,144403.0,144730.0,144958.0,145150.0,145327.0
2016,3,535,143980.0,144623.582,145198.6374,145704.1862,146175.4336,146648.2052
2016,3,542,143990.0,144648.0,145198.0,145723.0,146248.0,146723.0
2016,3,546,143980.0,144630.0,145160.0,145685.0,146200.0,146710.0
2016,3,548,143980.0,144760.0,145330.0,145830.0,146230.0,146570.0
2016,3,549,,,,,,
2016,3,553,143980.0,144505.0,145030.0,145525.0,146020.0,146515.0
2016,3,555,143980.0,144182.0,144352.0,144517.0,144677.0,144832.0
2016,3,557,143980.0,144625.0,145312.0,146035.0,146769.0,147524.0
2016,3,559,143980.0,144062.5283,144329.5854,144532.5886,144833.7686,145203.8215
2016,3,563,143980.0,144410.0098,144841.3038,145273.8859,145743.7417,146251.1884
2016,3,568,143980.0,144665.6965,145025.0478,145450.8215,145861.4005,146268.9494
2016,3,569,143980.0,144580.0,145150.0,145690.0,146230.0,146740.0
2016,3,570,,,,,,
2016,3,572,143980.0,144447.935,144917.3908,145388.3723,145860.8845,146334.9324
2016,3,574,143990.0,144590.0,145165.0,145715.0,146240.0,146740.0
2016,3,575,,,,,,
2016,3,576,143980.0,144415.2191,145009.5988,145540.7212,145988.5812,146417.9006
2016,3,578,143980.0,144483.0018,144902.1027,145338.687,145759.5478,146183.1671
2016,4,411,144587.0,145122.0,145701.0,146206.0,146732.0,147226.0
2016,4,421,144587.0,145118.0,145583.0,146153.0,146660.0,147272.0
2016,4,422,144587.0,145244.0,145870.0,146491.0,147145.0,147758.0
2016,4,424,,,,,,
2016,4,426,144587.0,145197.6157,145810.8102,146462.5758,147081.1124,147665.9395
2016,4,429,144587.0,145123.5958,145649.333,146171.0728,146684.1925,147181.4298
2016,4,433,144605.0,145095.8,145514.8,145872.7,146231.1,146473.8
2016,4,446,144587.0,145223.9949,145907.9086,146588.2194,147264.9144,147937.9812
2016,4,456,144605.0,145130.0,145655.0,146105.0,146555.0,146930.0
2016,4,463,144587.0,145087.0,145587.0,146079.0,146558.0,147020.0
2016,4,472,144587.0,145055.1,145472.7,145864.0,146224.2,146507.7
2016,4,484,144587.0,145093.0545,145637.1535,146219.7021,146804.5809,147391.7992
2016,4,504,144587.0,145183.2892,145536.0527,146049.6602,146576.5279,147105.2964
2016,4,506,144606.9,145072.1,145473.9,145829.4,146132.0,146458.5
2016,4,507,144587.0,145112.6667,145587.3333,146512.3333,146952.3333,147342.3333
2016,4,508,,,,,,
2016,4,510,144587.0,145028.0,145496.0,146077.0,146684.0,147297.0
2016,4,512,144587.0,144843.0,145103.0,145583.0,146063.0,146550.0
2016,4,518,144587.0,145046.6669,145590.2669,146181.4669,146718.1669,147206.1669
2016,4,527,,,,,,
2016,4,532,,,,,,
2016,4,535,144587.0,145126.1778,145631.4743,146102.4866,146575.0222,147012.7823
2016,4,546,144587.0,145127.0,145642.0,146142.0,146637.0,147122.0
2016,4,548,144587.0,145030.0,145520.0,145820.0,146000.0,146240.0
2016,4,549,,,,,,
2016,4,553,144587.0,145097.0,145592.0,146072.0,146537.0,146987.0
2016,4,555,144587.0,144754.0,144919.0,145079.0,145234.0,145249.0
2016,4,556,144587.0,145150.0,145700.0,146250.0,146699.0,147159.0
2016,4,557,144587.0,145117.9702,145634.8925,146140.4385,146617.5263,147119.1626
2016,4,559,144587.0,144596.0996,144749.5683,145025.4051,145340.136,145734.6069
2016,4,560,,,,,,
2016,4,563,144587.0,145090.4192,145595.5912,146138.5301,146647.3514,147157.9443
2016,4,568,144587.0,145100.0,145586.5779,146053.4817,146475.7169,146853.4044
2016,4,569,144605.0,145172.0,145772.0,146342.0,146882.0,147422.0
2016,4,570,,,,,,
2016,4,572,144587.0,145093.0545,145600.8802,146110.4833,146621.87,147135.0465
2016,4,574,144605.0,145180.0,145730.0,146255.0,146755.0,147205.0
2016,4,575,,,,,,
2016,4,576,144587.0,145410.3238,146073.6467,146629.9921,147248.4436,148058.034
2016,4,577,144587.0,145223.7237,145782.3159,146230.1523,146684.9757,147169.6845
2016,4,578,144587.0,145117.7687,145611.8163,146075.9459,146554.7813,147031.8562
2016,4,583,,,,,,
2017,1,411,145131.0,145705.8534,146271.7092,146892.5509,147513.3926,148109.2407
2017,1,421,145131.0,145595.8815,146150.74,146657.6108,147194.4739,147692.347
2017,1,422,145131.0,145812.8628,146360.4547,146833.1888,147475.0397,148174.1831
2017,1,424,,,,,,
2017,1,426,145131.0,145708.073,146359.3794,146977.4802,147561.8952,148148.634
2017,1,429,145131.0,145668.3197,146184.9365,146707.1228,147192.3676,147645.3552
2017,1,433,145131.0,145697.5556,145871.1113,146298.3024,146694.2015,147090.7004
2017,1,446,145131.0,145668.1288,146202.2161,146732.9302,147260.273,147784.2466
2017,1,456,145131.0,145700.5215,146225.3877,146675.273,147125.1583,147500.0627
2017,1,463,145131.0,145700.3017,146231.5433,146756.7013,147323.0189,147912.7964
2017,1,472,145131.0,145637.8708,146221.7219,146815.5705,147400.4214,147956.2797
2017,1,484,145131.0,145711.524,146367.2259,146989.2866,147650.7384,148241.3413
2017,1,504,145131.0,145479.3686,145998.8765,146532.4007,147067.8746,147605.3053
2017,1,506,145131.0,145609.578,145983.2827,146346.5901,146695.8011,147147.4859
2017,1,508,,,,,,
2017,1,510,145131.0,145623.0,146190.0,146785.0,147389.0,147832.0
2017,1,512,145131.0,145683.8591,146154.739,146704.5988,147172.4795,147742.3343
2017,1,518,145131.0,145590.0,146181.0,145945.0,146348.0,147121.0
2017,1,523,145131.0,144277.2177,144854.0706,145432.923,145795.8305,146159.7377
2017,1,527,145131.0,145650.0,146150.0,146625.0,147075.0,147500.0
2017,1,532,,,,,,
2017,1,535,145131.0,145672.2064,146179.4041,146652.1885,147126.5021,147602.3497
2017,1,542,145131.0,145691.857,146216.7232,146691.6021,147141.4874,147591.3727
2017,1,546,145131.0,145696.8557,146216.7232,146716.5958,147201.4721,147661.3549
2017,1,548,145131.0,145790.0,146270.0,146740.0,147170.0,147570.0
2017,1,549,,,,,,
2017,1,553,145131.0,145626.0,146106.0,146580.0,147045.0,147474.0
2017,1,555,145131.0,145279.962,145439.9212,145594.8817,145744.8435,145894.8053
2017,1,556,145131.0,145687.858,146223.7214,146654.6116,147097.4987,147510.3934
2017,1,557,145131.0,145686.306,146214.201,146743.345,147268.913,147784.441
2017,1,560,,,,,,
2017,1,563,145131.0,145708.073,146251.4314,146832.9595,147416.7999,148002.9617
2017,1,568,145131.0,145747.005,146045.0447,146212.2186,146480.1646,146760.1692
2017,1,569,145131.0,145730.8471,146280.7069,146830.5667,147380.4265,147880.2991
2017,1,570,,,,,,
2017,1,572,145131.0,145638.9585,146148.6948,146660.2152,147173.5261,147688.6334
2017,1,574,145131.0,145730.5139,146305.3673,146855.2271,147380.0933,147879.9659
2017,1,576,145131.0,145454.6326,145820.7059,146280.86,146817.4278,147177.8131
2017,1,577,145131.0,145633.2695,146071.2932,146510.5398,146980.8698,147441.7866
2017,1,578,145131.0,145684.6414,146179.3637,146703.7373,147221.0038,147745.0746
2017,1,579,145131.0,145658.1989,146090.7553,146535.6419,147015.5196,147460.4061
2017,1,583,,,,,,
2017,2,411,145720.0,146205.0,146762.0,147345.0,147954.0,148561.0
2017,2,421,145720.0,146215.0,146722.0,147259.0,147757.0,148216.0
2017,2,422,145720.0,146354.0626,146964.7165,147583.6531,148177.3251,148821.0361
2017,2,424,,,,,,
2017,2,426,145720.0,146335.4006,146881.0983,147356.1522,147832.7426,148274.2589
2017,2,429,145720.0,146251.9927,146764.2058,147244.5458,147703.2035,148152.5839
2017,2,433,145722.0,146257.0,146626.0,146921.0,147302.0,147591.0
2017,2,446,145720.0,146246.8485,146760.1479,147259.8743,147746.3337,148219.828
2017,2,456,145720.0,146244.6667,146769.6667,147219.6667,147594.6667,147969.6667
2017,2,463,145720.0,146258.0,146852.0,147447.0,148050.0,148661.0
2017,2,484,145720.0,146377.749,146999.8544,147661.3538,148251.9992,148919.1332
2017,2,504,145720.0,145829.1673,146516.9744,147063.3492,147611.7615,148162.2189
2017,2,507,145720.0,146224.0,146732.0,147233.0,147704.0,148189.0
2017,2,508,,,,,,
2017,2,510,145720.0,146186.0,146701.0,147220.0,147629.0,147987.0
2017,2,512,145720.0,146214.0,146742.0,147210.0,147780.0,148303.0
2017,2,518,145720.0,146189.8398,146554.7398,146859.2398,147231.3398,147677.0398
2017,2,527,145720.0,146263.4028,146808.8321,147283.6523,147760.0081,148237.9047
2017,2,532,,,,,,
2017,2,535,145720.0,146227.3641,146736.4946,147247.3979,147760.08,148237.9768
2017,2,546,145720.0,146243.0,146763.0,147253.0,147713.0,148153.0
2017,2,548,145720.0,146370.0,146960.0,147550.0,148190.0,148870.0
2017,2,549,,,,,,
2017,2,555,145720.0,146251.0,146716.0,147166.0,147616.0,148051.0
2017,2,556,145720.0,146289.0,146855.0,147415.0,147929.0,148452.0
2017,2,557,145720.0,146248.233,146802.2938,147312.8334,147823.131,148326.2231
2017,2,559,145720.0,146374.9109,146930.2754,147390.2314,147787.0204,148101.5132
2017,2,563,145720.0,146299.415,146844.9785,147392.5765,147942.2165,148493.9062
2017,2,568,145722.0,146436.879,146680.666,147058.2845,147434.9297,147778.2262
2017,2,569,145722.0,146322.0,146892.0,147432.0,147972.0,148482.0
2017,2,570,,,,,,
2017,2,572,145720.0,146266.45,146778.3826,147292.1069,147807.6293,148324.956
2017,2,574,145722.0,146297.0,146847.0,147372.0,147872.0,148347.0
2017,2,576,145720.0,146365.6172,147021.0376,147658.8421,148178.1977,148825.2912
2017,2,578,145722.0,146230.6448,146727.3007,147198.8653,147647.8244,148073.7489
2017,2,579,145720.0,146155.0,146605.0,147100.0,147520.0,147865.0
2017,2,583,,,,,,
2017,3,411,146205.0,146795.0,147353.0,147988.0,148625.0,149257.0
2017,3,421,146205.0,146732.0,147215.0,147674.0,148094.0,148475.0
2017,3,422,146205.0,146811.0,147398.0,147872.0,148444.0,148995.0
2017,3,426,146205.0,146750.2114,147224.842,147701.0077,148142.1306,148584.571
2017,3,433,146204.0,146755.0,147136.0,147678.0,148003.0,148293.0
2017,3,456,146205.0,146773.6667,147298.6667,147823.6667,148273.6667,148723.6667
2017,3,463,146205.0,146805.0,147385.0,147959.0,148516.0,149070.0
2017,3,472,146205.0,146776.0,147252.0,147723.0,148224.0,148760.0
2017,3,484,146205.0,146789.82,147413.6767,148003.3314,148632.3456,149301.1912
2017,3,504,146205.0,146793.3,147328.3,147602.4,148192.8,148907.0
2017,3,506,146147.9,146627.6,147039.4,147416.0,147884.6,148314.0
2017,3,507,146205.0,146777.6267,147273.88,147749.88,148196.88,148634.88
2017,3,508,,,,,,
2017,3,510,146205.0,146668.0,147050.0,147341.0,147594.0,147900.0
2017,3,512,146205.0,146763.0,147210.0,147780.0,148303.0,148757.0
2017,3,518,146205.0,146784.9888,147255.4888,147689.0888,148206.3888,148671.9888
2017,3,524,146205.0,146723.2874,147146.6924,147576.8449,148048.2226,148478.7026
2017,3,527,146205.0,146569.1498,147043.1948,147518.7729,147886.1949,148254.532
2017,3,532,,,,,,
2017,3,535,146205.0,146786.3435,147297.4203,147810.2766,148288.3357,148767.941
2017,3,542,146205.0,146754.0,147279.0,147804.0,148329.0,148854.0
2017,3,546,146205.0,146795.0,147323.0,147830.0,148315.0,148775.0
2017,3,548,146205.0,146860.0,147490.0,148010.0,148510.0,148930.0
2017,3,549,,,,,,
2017,3,553,146205.0,146715.0,147225.0,147705.0,148170.0,148620.0
2017,3,555,146205.0,146385.0,146555.0,146885.0,147045.0,147200.0
2017,3,556,146205.0,146818.0,147473.0,148069.0,148659.0,149149.0
2017,3,557,146205.3333,146661.4903,147113.1878,147566.7854,148030.2502,148514.9862
2017,3,563,146205.0,146822.4488,147406.2474,147992.3673,148580.8178,149134.8889
2017,3,568,146205.0,146795.6887,147080.0654,147233.8793,147241.1447,147376.5209
2017,3,569,146205.0,146755.0,147305.0,147835.0,148365.0,148895.0
2017,3,570,,,,,,
2017,3,572,146205.0,146789.82,147303.5844,147782.321,148262.6136,148744.4671
2017,3,574,146204.0,146704.0,147179.0,147629.0,148054.0,148454.0
2017,3,576,146205.0,146704.4233,147242.3036,147673.3785,148175.5251,148659.4762
2017,3,577,146205.0,146694.0,147214.0,147741.0,148211.0,148730.0
2017,3,579,146205.0,146390.0,146573.0,146756.0,146931.0,147096.0
2017,3,583,,,,,,
2017,3,584,146205.0,146765.1151,147181.5858,147578.9783,147959.3106,148328.2191
2017,4,411,146625.0,147250.0,147807.0,148379.0,148949.0,149489.0
2017,4,421,146625.0,147138.0,147597.0,148017.0,148398.0,148731.0
2017,4,422,146625.0,147160.9498,147668.7732,148169.7458,148643.9875,149120.7688
2017,4,424,,,,,,
2017,4,428,146667.67,147268.14,147796.51,148316.87,148783.72,149230.52
2017,4,429,146625.0,147147.1845,147687.0274,148214.374,148723.2512,149192.9784
2017,4,433,146625.0,147290.2,147795.5,148255.8,148581.1,148862.4
2017,4,446,146625.0,147297.0,147865.0,148393.0,148862.0,149297.0
2017,4,456,146625.0,147312.6667,147837.6667,148287.6667,148737.6667,149187.6667
2017,4,472,146625.0,147315.1,147855.0,148358.8,148868.5,149335.2
2017,4,484,146625.0,147248.0,147837.0,148465.4568,149133.5513,149841.9357
2017,4,504,146625.0,147248.3,147740.6,148270.9,148864.0,149337.2
2017,4,507,146625.0,147181.0,147658.6667,148121.2467,148565.37,149011.9067
2017,4,508,,,,,,
2017,4,510,146625.0,146989.0,147279.0,147532.0,147838.0,148114.0
2017,4,512,146625.0,147197.0,147780.0,148303.0,148757.0,149277.0
2017,4,518,146625.0,147256.4238,147767.1238,148273.4238,148766.7238,149291.4238
2017,4,524,146625.0,147098.8199,147438.3414,147899.6932,148333.5525,148815.5393
2017,4,527,146625.0,146917.3743,147392.5456,147759.6531,148127.675,148496.6136
2017,4,532,,,,,,
2017,4,535,146625.0,147171.7777,147684.1965,148161.8478,148641.044,149121.7901
2017,4,542,146625.0,147059.0,147609.0,148134.0,148609.0,149059.0
2017,4,546,146625.0,147160.0,147665.0,148150.0,148610.0,149060.0
2017,4,548,146625.0,147520.0,148070.0,148570.0,149050.0,149630.0
2017,4,549,,,,,,
2017,4,553,146625.0,147150.0,147645.0,148125.0,148605.0,149085.0
2017,4,555,146625.0,146822.0,146992.0,147157.0,147317.0,147472.0
2017,4,556,146625.0,147381.0,147977.0,148567.0,149052.0,149534.0
2017,4,557,146625.0,147091.3483,147546.9964,147979.7524,148399.3165,148816.6464
2017,4,559,146625.0,147665.2779,148252.3886,148797.8227,149301.1151,149761.8366
2017,4,563,146625.0,146990.1959,147356.3013,147723.3186,148091.25,148496.8317
2017,4,568,146625.0,147212.8643,147067.7106,147143.3472,147287.2447,147476.8869
2017,4,569,146625.0,147285.0,147855.0,148395.0,148935.0,149445.0
2017,4,570,,,,,,
2017,4,572,146668.0,147181.3,147659.7,148102.7,148547.0,148992.6
2017,4,574,146668.0,147143.0,147593.0,148018.0,148418.0,148793.0
2017,4,576,146625.0,147092.1481,147477.3564,147936.4309,148353.234,148810.6319
2017,4,578,146667.6667,147164.96,147612.4098,148053.431,148463.4815,148853.419
2017,4,579,146625.0,147174.0,147723.0,148248.0,148743.0,149178.0
2017,4,583,,,,,,
2017,4,584,146625.0,147153.3874,147666.3826,148176.5474,148661.6995,149107.7106
2018,1,411,147197.0,147766.0953,148346.1732,149012.1145,149751.9384,150400.9067
2018,1,421,147197.0,147700.2001,148275.2858,148766.5049,149221.7812,149662.0812
2018,1,422,,,,,,
2018,1,424,,,,,,
2018,1,428,147197.0,147755.1128,148284.2716,148933.2399,149462.3987,149861.7638
2018,1,433,147197.0,147735.6437,148200.5047,148671.3562,149147.3994,149377.0344
2018,1,446,147197.0,147773.0,148313.0,148841.0,149351.0,149846.0
2018,1,456,147197.0,147796.3805,148320.5472,148844.7139,149338.9283,149788.214
2018,1,472,147197.0,147752.5,148288.9,148834.1,149359.5,149858.8
2018,1,484,147197.0,147748.9888,148303.0475,148859.1839,149417.4058,149996.3983
2018,1,504,147197.0,147678.235,148160.7679,148644.8983,149130.5263,149617.7517
2018,1,508,,,,,,
2018,1,510,147197.0,147684.2255,148000.7223,148330.1985,148607.7573,148832.4002
2018,1,518,147197.0,147578.0942,148193.1165,148778.4859,149367.6493,149909.0886
2018,1,532,,,,,,
2018,1,533,147197.0,147647.0,148097.0,148472.0,148847.0,149147.0
2018,1,535,147197.0,147745.9107,148260.3285,148776.5374,149257.7217,149740.4623
2018,1,546,147197.0,147755.1128,148284.2716,148788.47,149277.6923,149746.9463
2018,1,548,147197.0,147860.0,148450.0,149030.0,149730.0,150350.0
2018,1,549,,,,,,
2018,1,553,147197.0,147472.5619,147960.7858,148440.024,148913.2716,149362.5574
2018,1,555,147197.0,147143.0857,147307.8238,147467.5699,147622.3239,147772.0858
2018,1,556,147197.0,147765.0969,148351.1652,148833.3986,149308.6431,149756.9305
2018,1,557,147197.0,147550.7961,148117.2917,148646.9406,149198.3731,149753.1919
2018,1,559,147197.0,147737.1141,148216.0624,148696.5633,149178.622,149494.639
2018,1,563,147197.0,148036.1791,148807.3226,149509.1763,150177.4733,150811.6986
2018,1,568,147197.0,147692.1567,147979.7363,148322.965,148537.1609,148866.4951
2018,1,569,147197.0,147796.0477,148365.143,148880.324,149419.4669,149958.6099
2018,1,570,,,,,,
2018,1,572,147197.0,147748.9888,148247.6416,148710.9154,149175.637,149548.5762
2018,1,574,147197.0,147721.1667,148220.3731,148694.6192,149143.905,149543.2701
2018,1,576,147197.0,147845.1301,148322.4105,148814.2527,149355.3791,149776.2918
2018,1,578,147197.0,147751.2311,148263.2621,148745.2078,149206.5139,149666.6183
2018,1,579,147197.0,147692.0,148178.0,148643.0,149093.0,149528.0
2018,1,583,,,,,,
2018,1,584,147197.0,147747.0209,148197.2772,148636.7666,149065.2968,149477.0251
2018,2,411,148062.0,148640.0,149310.0,149948.0,150570.0,151069.0
2018,2,421,148062.0,148638.0,149130.0,149586.0,150027.0,150432.0
2018,2,422,148062.0,148665.3949,149266.4587,149876.3693,150504.138,150996.0047
2018,2,424,,,,,,
2018,2,426,148053.0,148605.1028,149122.5121,149604.8154,150014.5424,150388.1805
2018,2,428,148062.0,148654.6885,149386.7592,149993.6563,150488.1881,150884.6738
2018,2,429,148053.0,148630.6343,149212.9305,149790.1392,150333.1234,150851.1513
2018,2,433,148062.0,148615.4,149130.3,149674.3,150098.2,150294.5
2018,2,446,148053.0,148592.6667,149120.6667,149580.6667,150025.6667,150445.6667
2018,2,472,148062.0,148685.4,149266.0,149785.0,150287.2,150753.7
2018,2,484,148053.0,148636.0,149212.0,149790.0,150370.0,150934.0
2018,2,504,148062.0,148574.0,149024.0,149474.0,149924.0,150354.0
2018,2,508,,,,,,
2018,2,510,148053.0,148479.0,148870.0,149221.0,149471.0,149705.0
2018,2,518,148062.0,148580.171,149092.171,149598.871,150138.771,150659.471
2018,2,523,,,,,,
2018,2,532,,,,,,
2018,2,535,148053.0,148605.1028,149122.5121,149604.8154,150088.6786,150536.9325
2018,2,546,148062.0,148604.0,149130.6667,149624.0,150094.0,150549.0
2018,2,548,148053.0,148570.0,149260.0,150070.0,150900.0,151710.0
2018,2,549,,,,,,
2018,2,553,148053.0,148196.0,148676.0,149150.0,149600.0,150050.0
2018,2,555,148053.0,148224.0,148394.0,148554.0,148709.0,148864.0
2018,2,556,148062.0,148632.0,149090.0,149472.0,149810.0,150152.0
2018,2,557,148053.0,148540.3339,149058.7235,149611.239,150063.3663,150561.6329
2018,2,563,148053.0,148678.2533,149269.4309,149826.0699,150347.7304,150871.2071
2018,2,568,148062.0,148580.8137,149069.6248,149237.5188,149445.5804,149870.3503
2018,2,569,148062.0,148632.0,149172.0,149682.0,150162.0,150612.0
2018,2,570,,,,,,
2018,2,572,148053.0,148608.1988,149165.4795,149687.5587,150136.6213,150587.0312
2018,2,574,148053.0,148603.0,149103.0,149553.0,149953.0,150303.0
2018,2,576,148062.0,148665.7287,149235.3386,149774.2621,150272.9092,150746.7906
2018,2,578,148062.0,148601.2335,149108.8907,149576.0845,150048.4494,150521.8605
2018,2,579,148053.0,148668.0,149253.0,149823.0,150363.0,150858.0
2018,2,583,,,,,,
2018,2,584,148062.0,148567.0937,149027.9982,149467.6878,149883.3933,150276.0177
2018,3,411,148689.0,149360.0,150021.0,150433.0,150766.0,151106.0
2018,3,421,148716.3333,149244.3333,149727.3333,150186.3333,150627.3333,151035.3333
2018,3,422,148689.0,149336.498,149884.8072,150508.0969,151051.6239,151457.5541
2018,3,424,,,,,,
2018,3,426,148689.0,149280.2204,149873.7916,150395.6183,150882.0391,151295.264
2018,3,428,148689.0,149280.6899,149932.164,150480.9486,150907.7161,151311.4232
2018,3,433,148689.0,149271.469,149796.8,150249.984,150572.656,150760.563
2018,3,456,148689.0,149286.3333,149856.3333,150426.3333,150966.3333,151446.3333
2018,3,472,148689.0,149152.7,149691.7,150200.5,150703.5,151237.1
2018,3,484,148689.0,149265.0,149843.0,150349.0,150894.0,151442.0
2018,3,504,148689.0,149278.0,149728.0,150178.0,150608.0,150998.0
2018,3,507,148689.0,149296.0,149790.852,150274.2227,150739.2227,151184.5227
2018,3,508,,,,,,
2018,3,510,148689.0,149215.0,149601.0,149892.0,150158.0,150487.0
2018,3,518,148689.0,149228.7738,149735.9097,150276.2742,150797.4222,151234.3978
2018,3,524,148689.0,149248.0888,149735.1743,150183.6268,150665.1287,151076.6637
2018,3,528,148689.0,149321.0,149874.0,150374.0,150834.0,151184.0
2018,3,532,,,,,,
2018,3,535,148689.0,149280.2204,149799.9803,150284.4747,150770.5361,151220.8264
2018,3,546,148716.0,149311.0,149838.0,150338.0,150813.0,151258.0
2018,3,549,,,,,,
2018,3,553,148689.0,149229.0,149769.0,150279.0,150789.0,151299.0
2018,3,555,148689.0,148868.0,149048.0,149218.0,149388.0,149548.0
2018,3,557,148689.0,149296.2667,149932.2667,150584.0333,151174.9333,151770.6333
2018,3,559,148689.0,149421.7187,150110.9848,150541.2095,150972.6671,151405.3614
2018,3,560,148689.0,149286.9707,149822.7524,150285.8209,150625.4683,150835.954
2018,3,563,148689.0,149316.9392,149910.6564,150506.7344,151067.9874,151631.3334
2018,3,568,148716.0,149370.9107,149497.0225,149733.3754,150006.1824,150306.6706
2018,3,569,148716.0,149325.0,149895.0,150465.0,151005.0,151545.0
2018,3,570,,,,,,
2018,3,572,148689.0,149265.1699,149787.598,150274.4077,150725.2309,151102.044
2018,3,574,148716.0,149266.0,149766.0,150216.0,150616.0,150966.0
2018,3,576,148689.0,149238.4411,149848.6422,150431.476,151002.3218,151493.7163
2018,3,577,148689.0,149208.933,149566.7465,150027.133,150610.6928,151095.9486
2018,3,578,148716.3333,149313.7578,149851.7831,150347.8848,150845.112,151337.9627
2018,3,579,,,,,,
2018,3,583,,,,,,
2018,3,584,148689.0,149275.3351,149698.4841,150114.6984,150505.4057,150877.3822
2018,4,411,149321.0,149947.0,150526.0,151066.0,151561.0,152015.0
2018,4,421,149321.0,149893.0,150352.0,150793.0,151201.0,151576.0
2018,4,426,149321.0,149951.6082,150547.8491,151034.7623,151448.4055,151900.7203
2018,4,428,149321.0,149940.6363,150498.435,151032.8642,151483.5753,151867.2795
2018,4,429,149321.0,149943.6486,150540.4761,151092.8868,151626.4841,152097.4614
2018,4,433,149326.0,149835.531,150253.3,150643.391,150923.313,151112.938
2018,4,463,149321.0,149945.554,150599.7493,151244.2959,151885.1919,152509.4152
2018,4,472,149321.0,150106.3,150698.3,151246.9,151743.9,152118.8
2018,4,484,149321.0,149900.0,150424.0,150970.0,151498.0,152028.0
2018,4,504,149321.0,149900.0,150350.0,150780.0,151170.0,151545.0
2018,4,507,149321.0,149930.2833,150435.85,150929.7,151413.3167,151851.5521
2018,4,508,,,,,,
2018,4,510,149321.0,149780.0,150090.0,150356.0,150685.0,151093.0
2018,4,518,149321.0,149944.0713,150459.0713,150933.7713,151352.1713,151702.6713
2018,4,523,149321.0,150177.6,150597.0,151232.0,151874.0,152517.0
2018,4,528,149321.0,149874.0,150374.0,150834.0,151184.0,151464.0
2018,4,532,,,,,,
2018,4,535,149321.0,149951.6082,150510.7911,151034.8356,151523.3239,152013.392
2018,4,542,149321.0,149850.0,150325.0,150775.0,151175.0,151550.0
2018,4,546,149321.0,149935.0,150475.0,151005.0,151520.0,152020.0
2018,4,549,,,,,,
2018,4,555,149321.0,149524.0,149694.0,149864.0,150024.0,150184.0
2018,4,556,149321.0,149938.0,150422.0,150843.0,151150.0,151450.0
2018,4,557,149321.0,149929.3333,150518.2667,151105.4333,151684.9667,152177.1
2018,4,563,149321.0,149988.4559,150584.8433,151146.3875,151672.645,152200.7348
2018,4,568,149321.0,149855.1278,150039.3834,150209.4953,150449.9349,150593.6306
2018,4,569,149326.0,149926.0,150496.0,151066.0,151606.0,152146.0
2018,4,570,,,,,,
2018,4,572,149326.0,149885.9725,150410.5734,150899.4078,151314.3811,151730.4957
2018,4,574,149326.0,149876.0,150376.0,150826.0,151226.0,151576.0
2018,4,576,149321.0,149948.6747,150572.4685,151210.0727,151830.4519,152467.6373
2018,4,577,149321.0,149820.0,150312.0,150773.0,151282.0,151794.0
2018,4,578,149321.0,149941.6312,150499.9663,151065.9802,151626.9611,152195.8018
2018,4,583,,,,,,
2018,4,584,149321.0,149930.4397,150317.3297,150697.4707,151069.6587,151429.3837
2018,4,585,149321.0,149957.152,150503.28,151011.744,151482.544,151896.848
2018,4,586,149321.0,149907.0,150416.0,150897.0,151295.0,151674.0
2019,1,411,150057.0,150766.0,151327.0,151853.0,152316.0,152687.0
2019,1,421,150057.0,150612.0,151101.0,151557.0,151980.0,152355.0
2019,1,422,150057.0,150584.5605,151182.0487,151724.984,152270.271,152829.1714
2019,1,423,150057.0,150811.0,151524.0,152199.0,152841.0,153457.0
2019,1,424,,,,,,
2019,1,428,150057.0,150686.35,151215.44,151736.25,152210.95,152445.33
2019,1,433,150057.0,150630.719,151073.922,151436.0,151614.109,151801.4
2019,1,463,150057.0,150754.0,151343.0,151942.0,152543.0,153126.0
2019,1,472,150057.0,150639.2,151065.4,151425.4,151787.8,152209.4
2019,1,484,150057.0,150593.0,151121.0,151649.0,152180.0,152713.0
2019,1,504,150057.0,150649.3333,151036.0,151426.0,151801.0,152176.0
2019,1,508,,,,,,
2019,1,510,150057.0,150663.0,150931.0,151260.0,151668.0,152082.0
2019,1,518,150057.0,150787.4113,151403.1113,151871.7113,152322.8113,152718.1113
2019,1,528,150057.0,150663.2222,151097.6667,151474.3333,151794.3333,152164.3333
2019,1,535,150057.0,150653.6599,151140.9153,151629.7466,152120.159,152612.1575
2019,1,542,150057.0,150658.0,151131.0,151656.0,152131.0,152581.0
2019,1,546,150057.0,150660.0,151135.0,151650.0,152125.0,152535.0
2019,1,548,150057.0,150870.0,151430.0,151960.0,152420.0,152810.0
2019,1,549,,,,,,
2019,1,553,150057.0,150582.0,151092.0,151572.0,152037.0,152487.0
2019,1,555,150057.0,150567.9,151077.9,151557.9,152037.9,152487.9
2019,1,557,150057.0,150661.1,151149.8,151680.4,152116.7,152502.5
2019,1,559,150057.0,150075.3812,150552.3582,150900.3905,151329.5602,151534.7623
2019,1,563,150057.0,150912.4842,151698.6108,152414.1013,153095.3832,153741.9313
2019,1,568,150057.0,150704.9567,150879.1403,151297.591,151629.4266,151991.3639
2019,1,569,150057.0,150666.0,151236.0,151776.0,152286.0,152766.0
2019,1,570,,,,,,
2019,1,572,150057.0,150620.7175,151147.89,151639.1207,152056.1282,152360.2405
2019,1,574,150057.0,150499.6667,150949.6667,151349.6667,151699.6667,151999.6667
2019,1,575,150057.0,150653.6599,151215.4608,151779.3567,152420.347,153064.0443
2019,1,576,150057.0,150653.4346,151238.0847,151755.9319,152251.3058,152722.629
2019,1,577,150057.0,150470.0,150921.0,151336.0,151677.0,151904.0
2019,1,579,150057.0,150608.5,151124.1,151603.7,152047.4,152455.2
2019,1,583,,,,,,
2019,1,584,150057.0,150642.615,150999.9555,151370.7695,151754.6709,152147.6226
2019,1,585,150057.0,150655.0373,151107.336,151571.536,151980.032,152369.96
2019,1,586,150057.0,150058.33,150636.94,151148.52,151545.98,151835.06
2019,2,411,150674.0,151201.0,151707.0,152149.0,152620.0,153262.0
2019,2,421,150674.0,151238.0,151727.0,152183.0,152573.0,152888.0
2019,2,422,150674.0,151254.2239,151876.7149,152491.0029,153093.5675,153539.3686
2019,2,424,,,,,,
2019,2,426,150674.0,151161.3212,151575.311,152028.0049,152482.0508,152937.4527
2019,2,428,150674.0,151277.6,151803.4,152320.5,152664.16,153202.3
2019,2,429,150674.0,151289.8134,151856.5632,152319.5222,152787.7656,153420.9951
2019,2,433,150687.3,151259.156,151694.375,152014.281,152235.469,152578.578
2019,2,463,150674.0,151284.8656,151854.8681,152425.0029,153036.2267,153901.7632
2019,2,472,150674.0,151367.6,152095.7,152693.9,153303.2,153770.5
2019,2,484,150674.0,151239.0275,151768.3641,152299.5534,152832.6018,153405.7241
2019,2,504,150674.0,151235.0,151625.0,152000.0,152375.0,152750.0
2019,2,508,,,,,,
2019,2,510,150674.0,151004.0,151334.0,151742.0,152156.0,152607.0
2019,2,518,150674.0,151351.7803,151849.8803,152207.6803,152564.0803,153144.0803
2019,2,524,150674.0,151176.5851,151741.8919,152328.2197,152794.0234,153278.814
2019,2,532,,,,,,
2019,2,535,150674.0,151273.1132,151799.8119,152328.3445,152821.0163,153428.6666
2019,2,546,,,,,,
2019,2,548,150674.0,151430.0,151960.0,152420.0,152810.0,153350.0
2019,2,549,,,,,,
2019,2,555,150674.0,150875.0,151045.0,151205.0,151355.0,151495.0
2019,2,557,150674.0,151185.5,151694.1,152200.4,152687.0,153196.1
2019,2,563,150674.0,151086.6552,151537.8896,151990.4717,152444.4055,152937.4527
2019,2,568,150687.3333,151198.7074,151529.7905,151756.0661,152136.9185,152413.3785
2019,2,569,150687.0,151287.0,151787.0,152287.0,152737.0,153187.0
2019,2,570,,,,,,
2019,2,572,150687.0,151289.748,151819.2621,152274.7199,152617.338,152693.6467
2019,2,574,150687.0,151237.0,151737.0,152187.0,152587.0,152887.0
2019,2,576,150674.0,151269.443,151798.5582,152279.8765,152730.1589,153191.4972
2019,2,577,150674.0,151178.0,151774.0,152287.0,152404.0,152575.0
2019,2,578,150674.0,151261.7887,151790.0114,152348.0505,152880.7687,153423.9682
2019,2,579,150674.0,151231.6775,151693.9755,152104.1719,152433.531,152723.7649
2019,2,580,,,,,,
2019,2,583,,,,,,
2019,2,584,150674.0,151296.8261,151732.7098,152168.698,152590.2948,152988.7652
2019,2,585,150674.0,151150.224,151614.424,152022.92,152412.848,152765.64
2019,2,586,150674.0,151251.76,151701.56,152040.81,152324.63,152564.42
2019,2,587,150674.0,151212.0,151512.0,151812.0,152262.0,152712.0
2019,2,588,150674.0,151312.0,151827.0,152322.0,152842.0,153572.0
2019,3,411,151135.0,151613.0,152025.0,152510.0,153228.0,153517.0
2019,3,421,151117.6667,151597.6667,152053.6667,152443.6667,152758.6667,152869.6667
2019,3,422,151135.0,151592.6243,152054.4096,152484.8545,152902.3785,153283.6169
2019,3,424,,,,,,
2019,3,426,151135.0,151548.9177,152001.5328,152455.4996,152910.8222,153367.5047
2019,3,428,151135.0,151600.53,152034.2,152371.49,152908.89,152733.82
2019,3,433,151117.7,151654.9,152104.109,152391.078,152633.688,152480.563
2019,3,456,151135.0,151599.6667,152064.6667,152544.6667,153069.6667,153489.6667
2019,3,484,151135.0,151644.7462,152099.6804,152594.0044,153109.0091,153625.752
2019,3,504,151118.0,151581.0,152031.0,152481.0,152881.0,153206.0
2019,3,508,,,,,,
2019,3,510,151135.0,151516.0,151899.0,152309.0,152760.0,153282.0
2019,3,518,151135.0,151602.7821,151958.2821,152320.9821,152930.1821,153015.6821
2019,3,527,,,,,,
2019,3,528,151118.0,151581.0,152031.0,152481.0,152931.0,153381.0
2019,3,535,151135.0,151623.8122,152114.2054,152606.1846,153212.9806,153518.4915
2019,3,546,151118.0,151600.0,152100.0,152550.0,152950.0,153300.0
2019,3,549,,,,,,
2019,3,555,151135.0,151293.0,151443.0,151633.0,152053.0,151953.0
2019,3,557,151135.0,151631.5,152087.1,152561.8,153012.5,153497.0
2019,3,563,151135.0,151586.3788,152039.1058,152530.8421,153024.1688,153556.9644
2019,3,568,151135.0,151926.4381,152126.5861,152747.514,152837.0776,153154.327
2019,3,570,,,,,,
2019,3,572,151135.0,151550.6213,151929.4978,152271.3392,152347.4748,151966.6062
2019,3,574,151118.0,151568.0,151968.0,152318.0,152618.0,152818.0
2019,3,576,151135.0,151536.0735,151914.0476,152285.0785,152666.1679,153047.5753
2019,3,577,151135.0,151453.6833,151841.5796,152205.6431,152627.7657,153066.9707
2019,3,578,151118.0,151577.2584,152035.6916,152481.6399,152931.9194,153360.3936
2019,3,579,151135.0,151668.4607,152081.8786,152418.0829,152732.1974,152994.8867
2019,3,583,,,,,,
2019,3,584,151118.0,151613.8816,151996.0066,152423.7377,152869.8126,153299.3809
2019,3,585,151118.0,151579.544,151950.904,152285.128,152619.352,152953.576
2019,3,586,151118.0,151440.74,151656.83,151825.83,151988.26,152110.19
2019,3,587,151118.0,151463.0,151763.0,152138.0,152513.0,152963.0
2019,3,588,151118.0,151586.6667,152036.6667,152541.6667,153271.6667,153656.6667
2019,4,411,151624.0,152122.0,152562.0,153250.0,153462.0,153732.0
2019,4,421,151624.0,152062.0,152452.0,152767.0,152878.0,153133.0
2019,4,422,151575.0,152209.803,152737.7899,153049.9987,153499.0023,153829.2943
2019,4,423,151575.0,152080.7365,152546.1145,153193.7933,153420.0691,153773.1654
2019,4,424,,,,,,
2019,4,426,151575.0,151990.1228,152330.9524,152823.6326,153166.3314,153471.7493
2019,4,428,151575.0,151977.2834,152335.2709,152820.9836,152681.8358,152637.9605
2019,4,433,151575.0,152025.5,152398.8,152745.3,152542.0,152526.6
2019,4,456,151575.0,152055.3333,152535.3333,153015.3333,153465.3333,153885.3333
2019,4,463,151624.0,152139.6034,152663.9607,153366.2096,153591.0425,153957.2492
2019,4,472,151575.0,151978.2,152394.8,152729.7,153065.6,153406.9
2019,4,504,151624.0,152095.0,152545.0,152945.0,153270.0,153570.0
2019,4,507,151624.0,152126.3264,152657.7924,153010.2102,153436.9795,153854.0386
2019,4,508,,,,,,
2019,4,510,151575.0,152096.0,152505.0,152956.0,153478.0,154042.0
2019,4,518,151624.0,152042.3035,152375.4035,152966.8035,152972.6035,153129.6035
2019,4,528,151575.0,152790.0,153240.0,153690.0,154140.0,154543.3333
2019,4,535,151575.0,152065.2353,152557.0561,153163.6568,153469.0694,153889.3795
2019,4,546,151624.0,152121.6667,152573.0,152978.0,153313.0,153490.0
2019,4,549,,,,,,
2019,4,553,151575.0,151935.0,152295.0,152895.0,152595.0,152295.0
2019,4,555,151575.0,151718.0,151888.0,152283.0,152168.0,152168.0
2019,4,557,151624.0,152028.4,152431.0,152854.3,153304.0,153767.5
2019,4,559,151575.0,152086.0,152597.0,153108.0,153619.0,154130.0
2019,4,563,151575.0,151990.1228,152444.0555,152937.1016,153431.7423,153965.9569
2019,4,568,151575.0,152155.8991,152349.6458,152823.2272,152811.6735,153000.0004
2019,4,569,151624.0,152104.0,152614.0,153124.0,153634.0,154144.0
2019,4,570,,,,,,
2019,4,572,151624.0,152040.966,152383.0582,152573.537,152649.8238,152611.6613
2019,4,574,151624.0,152074.0,152474.0,152799.0,153049.0,153224.0
2019,4,576,151624.0,152106.6727,152561.876,153003.108,153450.4942,153863.7323
2019,4,577,151575.0,151947.8687,152312.187,152627.7657,152913.9037,152837.4467
2019,4,578,151624.0,152128.0,152630.0,153115.0,153574.0,154018.0
2019,4,579,151575.0,151965.0,152310.0,152610.0,152880.0,153150.0
2019,4,583,,,,,,
2019,4,584,151624.0,152083.9424,152430.4134,152860.6478,153319.8614,153778.4657
2019,4,586,151624.0,152039.07,152403.69,152753.36,153000.75,153160.91
2019,4,587,151624.0,151924.0,152329.0,152749.0,153199.0,153649.0
2019,4,588,151575.0,152022.0,152487.0,153112.0,153497.0,153850.0
2020,1,411,152201.0,152707.0,153316.0,153514.0,153800.0,154161.0
2020,1,421,152201.0,152789.0,153248.0,153692.0,154109.0,154544.0
2020,1,422,152201.0,152323.8104,152871.9143,153363.3972,153741.4677,154112.6696
2020,1,423,152201.0,152756.1,153295.7,153828.7,154356.7,154881.0
2020,1,426,152201.0,152655.5626,153073.6447,153416.9041,153799.0164,154143.9023
2020,1,428,152201.0,152719.0454,153266.076,153287.9741,153508.5103,153705.9097
2020,1,429,152201.0,152792.3128,153594.8922,153923.4315,154365.9819,154848.3622
2020,1,433,152201.0,152749.7323,153172.7134,152943.1724,153194.1733,153349.2062
2020,1,463,152201.0,152794.547,153551.3899,153852.6578,154277.2608,154753.1436
2020,1,484,152201.0,152695.6533,153211.0011,153728.0,154189.0,154690.0
2020,1,504,152201.0,152762.5681,153163.6882,153489.5982,153790.4383,154091.2783
2020,1,507,152201.0,152735.5173,153145.1717,153640.0728,154179.5857,154644.7031
2020,1,508,,,,,,
2020,1,510,152201.0,152654.0,153352.0,153683.0,154186.0,154694.0
2020,1,518,152201.0,152735.7,153461.1,153602.5,153916.7,154261.9
2020,1,528,152201.0,152732.0,153326.0,153506.0,153881.0,154241.0
2020,1,535,152201.0,152768.5711,153376.0128,153681.8488,154140.834,154562.9839
2020,1,546,152201.0,152766.5793,153247.9234,153689.1555,154045.1495,154295.8496
2020,1,549,,,,,,
2020,1,553,152201.0,153153.6602,153905.7603,153349.2062,153635.0043,153965.9283
2020,1,555,152201.0,152825.7445,153243.9122,153148.6462,153168.7022,153299.0662
2020,1,557,152201.0,152743.3333,153241.1,153650.0333,154056.8667,154480.5333
2020,1,563,152201.0,153143.4661,153978.8941,154743.0808,155472.9307,156129.5196
2020,1,568,152201.0,152793.5707,153455.2023,153443.0193,153692.6642,154090.4162
2020,1,569,152201.0,152702.4001,153203.8002,153705.2003,154106.3203,154507.4404
2020,1,570,,,,,,
2020,1,572,152201.0,152657.603,153039.247,153345.3255,153575.3435,153844.1003
2020,1,574,152201.0,152727.4701,153178.7302,153554.7802,153855.6203,154081.2503
2020,1,576,152201.0,152358.0,152923.0,153459.0,153935.0,154371.0
2020,1,577,152201.0,152740.0,153242.0,153726.0,154191.0,154678.0
2020,1,578,152201.0,152701.1202,153192.8348,153642.1917,154081.4003,154513.4257
2020,1,579,152201.0,152546.0,152846.0,153116.0,153386.0,153671.0
2020,1,584,152201.0,152793.5373,153212.8147,153677.7747,154144.1338,154588.8344
2020,1,585,152201.0,152722.7526,153054.5661,153423.2478,153810.3635,154196.3195
2020,1,586,152201.0,152729.5728,153239.5493,153639.8119,153903.4337,154143.1461
2020,1,587,152201.0,152727.4701,153223.8562,153675.1163,154126.3763,154622.7624
2020,1,588,152201.0,152762.5681,153539.7382,153735.2843,154089.2727,154420.1968
2020,2,411,152075.0,124351.0,121193.0,124783.0,130406.0,135154.0
2020,2,421,152075.0,124700.3333,125030.3333,125405.3333,125837.3333,126362.3333
2020,2,422,152162.0,128030.8242,134186.3311,137098.2343,138993.8823,141508.0475
2020,2,424,,,,,,
2020,2,426,152162.0,137044.8378,130052.2574,129528.8977,129366.6821,129204.6696
2020,2,428,152075.0,132208.4198,142175.7688,141999.7175,141977.2432,142274.637
2020,2,429,152162.0,126568.59,135426.8822,138902.7847,140298.0802,142011.7485
2020,2,433,152162.0,126993.0,133695.1,139612.7,142217.2,144951.1
2020,2,463,152075.0,134905.0,143072.0,146750.0,149036.0,150812.0
2020,2,472,152162.0,140737.1,137810.8,136060.5,135697.4,136000.5
2020,2,484,152075.0,127743.28,126306.1681,131042.6494,136939.5686,143786.5471
2020,2,504,152075.0,140405.3333,151988.6667,153622.0,154172.0,154622.0
2020,2,508,,,,,,
2020,2,510,152075.0,135633.0,144725.0,145641.0,146134.0,146736.0
2020,2,518,152162.0,139822.5,138384.1,136803.3,136127.2,136497.9
2020,2,524,152162.0,128683.4025,132144.3906,135097.0987,140125.3375,143204.5176
2020,2,527,152162.0,135450.0,148975.0,155525.0,158200.0,159125.0
2020,2,528,152161.6667,130344.0,143744.0,145244.0,146344.0,147469.0
2020,2,535,152162.0,128080.2413,139419.6263,146765.3403,149892.7853,151768.4185
2020,2,546,152085.6667,127711.6667,145045.0,149611.6667,150828.3333,151595.0
2020,2,548,152162.0,144960.0,140280.0,138740.0,139340.0,141430.0
2020,2,549,,,,,,
2020,2,553,152162.0,128162.0,136162.0,138662.0,139062.0,141062.0
2020,2,555,152075.0,142662.0,147712.0,148212.0,148512.0,148742.0
2020,2,557,152075.34,129105.28,138572.7278,143230.3392,143963.6739,144472.3881
2020,2,559,152075.0,109202.7261,112527.0843,115783.9833,117745.0682,119156.2796
2020,2,560,152075.0,132322.0,141135.0,142533.0,142359.0,142275.0
2020,2,563,152162.0,127000.0,131000.0,140000.0,145000.0,150000.0
2020,2,568,152162.0,131898.535,137137.9653,142651.4684,146588.9483,148493.9198
2020,2,569,152075.0,128075.0,139000.0,145000.0,147000.0,148000.0
2020,2,570,,,,,,
2020,2,572,152075.0,123560.9375,121707.5234,124750.2115,127245.2158,129026.6488
2020,2,574,152075.3333,130075.3333,136075.3333,141075.3333,145075.3333,148075.3333
2020,2,576,152075.0,137059.198,143117.2387,142533.6509,142253.2551,142266.6387
2020,2,577,152162.0,122500.0,127461.25,135586.9047,140434.1365,142891.7339
2020,2,578,152075.0,129158.6667,133158.6667,136658.6667,138325.3333,139658.6667
2020,2,579,152075.0,126662.0,134162.0,134422.0,135522.0,137122.0
2020,2,584,152162.0,129546.4551,128713.8451,129771.2432,131864.1473,134463.8611
2020,2,585,152075.0,131072.0,139674.9565,141513.2174,142429.8696,143253.3696
2020,2,586,152075.0,133354.8,135821.9,137329.5,138449.1,139446.4
2020,2,587,152162.0,126662.0,132662.0,135662.0,138662.0,146162.0
2020,2,588,152075.0,123495.3333,121612.3333,122761.3333,127044.3333,132188.3333
2020,3,411,133702.0,141729.0,144666.0,146770.0,148366.0,149633.0
2020,3,421,133717.0,139341.6667,139836.6667,140268.6667,140793.6667,141357.6667
2020,3,422,133702.0,138506.9537,138966.3505,140359.1281,141334.7052,143653.2046
2020,3,423,133702.0,136152.0,136692.0,137007.0,137355.0,137699.0
2020,3,426,133702.0,126879.9846,126369.3908,126211.132,126053.0714,125895.2088
2020,3,433,133717.0,140319.0,142239.828,143909.906,145746.765,147465.0
2020,3,456,133717.0,140249.6667,144118.3333,147118.3333,149515.4444,150755.4444
2020,3,484,133702.0,137713.4033,139434.8209,140829.1691,141885.3879,142949.5283
2020,3,504,133717.0,142714.8333,148965.2578,151862.3119,153344.6628,154230.1859
2020,3,507,133717.0,140215.3333,142782.0,145248.6667,147165.3333,148748.0
2020,3,508,,,,,,
2020,3,510,133717.0,141421.0,143454.0,144050.0,144652.0,145259.0
2020,3,518,133702.0,136594.4,136497.1,138652.8,139834.9,141067.4
2020,3,528,133702.0,139751.0,141585.0,143335.0,144435.0,146835.0
2020,3,535,133702.0,141738.7967,147538.6365,150647.9241,152496.7108,153665.0646
2020,3,546,133716.6667,141148.6667,145348.6667,148615.3333,150748.6667,152148.6667
2020,3,549,,,,,,
2020,3,555,133702.0,136465.0,136123.0,136023.0,136143.0,136293.0
2020,3,557,133702.0,139968.6667,141460.3333,142193.6667,142702.0,143127.0
2020,3,559,133702.0,117963.8478,120374.0235,122015.4602,123249.4654,124708.106
2020,3,560,133702.0,140591.0,140723.0,141107.0,141546.0,142238.0
2020,3,563,,,,,,
2020,3,568,133717.0,140382.7102,142594.8049,144221.2213,145333.9599,146415.8483
2020,3,569,133717.0,140915.0,143749.0,144765.0,145232.0,145682.0
2020,3,570,,,,,,
2020,3,572,133702.0,140052.845,141103.2413,142867.0319,144510.0027,146135.7403
2020,3,574,133717.0,140717.0,144217.0,146467.0,147967.0,148967.0
2020,3,576,133702.0,139775.4444,139954.1341,140136.3975,140322.3061,140511.933
2020,3,577,133702.0,140250.0,145860.0,148485.48,150044.5775,151019.8673
2020,3,579,133702.0,136865.0,137615.0,138640.0,140090.0,142140.0
2020,3,584,133717.0,139457.5787,140857.6116,141848.1621,142575.9881,143124.2334
2020,3,585,133702.0,139907.8841,141054.9565,141971.6087,142795.1087,143618.6087
2020,3,586,133717.0,136408.0,138115.0,139275.0,140205.0,140970.0
2020,3,587,133702.0,138202.0,141952.0,145702.0,151702.0,157702.0
2020,3,588,133717.0,138379.6667,139204.6667,140179.6667,141029.6667,141824.6667
2020,4,411,140783.0,143545.0,146063.0,147155.0,148011.0,148601.0
2020,4,421,140783.0,142229.0,143264.0,143969.0,144494.0,145058.0
2020,4,422,140783.0,142537.0717,143140.795,144583.9511,145970.3293,148080.9769
2020,4,424,,,,,,
2020,4,426,140783.0,141930.3572,142389.3991,143060.9825,143505.9676,144058.8499
2020,4,429,140783.0,142845.4072,144034.7305,145819.0129,147065.0659,148113.6484
2020,4,433,140783.0,142628.8,144428.7,145553.6,146679.4,147707.5
2020,4,456,140783.0,142859.6667,144303.0,145743.0,147103.0,148060.7778
2020,4,472,140783.0,144357.2,145652.3,146849.6,147450.2,148599.6
2020,4,504,140789.33,143373.0,146073.0,146973.0,147673.0,148373.0
2020,4,507,140783.0,143023.0,144906.3333,146406.3333,147478.0,148379.6667
2020,4,508,,,,,,
2020,4,510,140783.0,142421.0,143045.0,143647.0,144254.0,144767.0
2020,4,518,140783.0,142428.9,142630.1,143071.3,143666.9,144532.9
2020,4,528,140783.0,142775.2009,144419.588,145524.0735,147258.7143,148422.9553
2020,4,535,140783.0,143084.0816,145388.6894,147626.3689,150109.5642,152240.3525
2020,4,546,140789.3333,143173.0,145464.6667,147548.0,149364.6667,150789.6667
2020,4,548,140783.0,145470.0,148020.0,148460.0,148410.0,148970.0
2020,4,549,,,,,,
2020,4,553,140783.0,143000.0,144000.0,144800.0,145700.0,146100.0
2020,4,555,140783.0,141346.0,141796.0,142124.0,142407.0,142677.0
2020,4,557,140789.0,142791.664,144231.6625,145345.9348,146291.9234,147155.2629
2020,4,563,,,,,,
2020,4,568,140789.0,143682.9772,145429.5642,146338.73,147387.2867,148173.3853
2020,4,569,140789.0,143040.0,144056.0,144523.0,144973.0,145423.0
2020,4,570,,,,,,
2020,4,572,140789.0,142372.8763,143583.0457,144803.5016,146034.3314,147239.1146
2020,4,574,140789.3333,143256.3333,145256.3333,146756.3333,147756.3333,148506.3333
2020,4,577,140783.0,146414.32,148464.1205,149844.8368,150893.7507,151678.3982
2020,4,578,,,,,,
2020,4,579,140783.0,141833.0,143008.0,144608.0,146308.0,147708.0
2020,4,586,140783.0,142063.6355,143155.5273,144058.1397,144723.3877,145216.539
2020,4,587,140783.0,143033.0,145433.0,149183.0,152183.0,153083.0
2020,4,588,140789.0,142252.3333,143187.3333,144022.3333,144817.3333,145567.3333
2020,4,589,140783.0,142955.6732,144365.2191,145492.3096,146583.6792,147543.7012
2020,4,590,,,,,,
2020,4,591,140789.0,142400.2459,144036.3075,145665.0588,147299.3921,149356.9482
2021,1,411,142605.0,142813.9414,144038.5979,145646.147,147280.6885,148785.2665
2021,1,421,142605.0,142892.0,143597.0,144122.0,144686.0,145322.0
2021,1,422,142605.0,142617.5381,143476.91,145215.6713,146911.5112,148658.5671
2021,1,424,,,,,,
2021,1,426,142605.0,143101.5183,143705.2237,144697.62,145593.6233,146352.0432
2021,1,429,142605.0,142980.5538,144589.0988,146579.8583,147941.076,149105.4347
2021,1,433,142605.0,143273.8,144659.9,146941.5,149240.2,150366.5
2021,1,456,142605.0,142990.8918,145056.9789,147348.0029,149255.8012,150474.9036
2021,1,463,142605.0,143027.975,144666.0618,146424.8049,147926.1925,149135.2006
2021,1,484,142605.0,143211.0713,143783.9155,144323.1052,144828.2361,145371.342
2021,1,504,142605.0,143290.8076,144190.5553,144890.359,145590.1627,146289.9664
2021,1,507,142605.0,142782.6169,143740.6814,145273.5848,146531.5653,147355.3343
2021,1,508,,,,,,
2021,1,510,142605.0,142963.0,143630.0,144277.0,144859.0,145396.0
2021,1,518,142605.0,145387.5,146543.3,147365.6,148136.9,149342.8
2021,1,524,142605.0,143449.3454,145895.4972,149557.1128,151119.4152,152335.7356
2021,1,528,142605.0,144062.3188,145350.0828,146331.4744,147234.2792,147977.0355
2021,1,535,142605.0,142818.4279,144811.4809,147795.234,150386.5948,151648.8986
2021,1,546,142605.0,142757.9571,143990.6113,145940.0645,147705.5693,149122.172
2021,1,549,,,,,,
2021,1,553,142605.0,143205.0,144705.0,145755.0,147755.0,148505.0
2021,1,555,142605.0,142730.9647,143397.7776,144080.5861,144488.4717,144821.3783
2021,1,557,142605.0,143089.3333,143944.0,144667.0,145368.2667,146012.0667
2021,1,563,,,,,,
2021,1,568,142605.0,142842.015,145197.4928,148014.6586,149225.6194,150440.6709
2021,1,570,,,,,,
2021,1,572,142605.0,142961.5125,144033.7238,145474.061,146856.0647,148030.9132
2021,1,574,142605.0,143055.207,144254.8705,145454.534,146654.1975,147853.861
2021,1,576,142605.0,142764.6061,143152.4153,143512.4245,143875.8154,144238.795
2021,1,577,142605.0,144893.7705,146748.4108,148626.7904,150900.7803,152439.9683
2021,1,578,142605.0,142890.9198,144590.4431,147089.7421,148989.2093,150248.2888
2021,1,579,142605.0,142763.9554,144563.4507,146912.7917,148762.2729,150161.8803
2021,1,584,142605.0,143040.9006,143890.3466,144816.1128,145746.0039,146642.998
2021,1,585,142605.0,143058.8935,144275.4065,145211.1857,146053.3869,146895.5882
2021,1,586,142605.0,143358.5625,143999.3555,144544.3725,145039.6155,145538.8679
2021,1,587,142605.0,144104.5794,147103.7381,151602.4763,152502.2239,153102.0556
2021,1,588,142605.0,143094.1961,143759.0096,144483.8063,145308.575,145938.3983
2021,1,589,142605.0,144749.4,146236.1,147680.3,148800.4,149246.0
2021,1,591,142605.0,142782.9501,143750.6786,145311.2409,147286.6868,148991.2087
2021,2,411,143350.0,145401.0,148418.0,150176.0,151078.0,151824.0
2021,2,421,143350.0,145675.0,147580.0,149230.0,150385.0,151255.0
2021,2,422,143353.0,144366.5933,145819.8949,146893.9903,148031.6377,149498.4009
2021,2,423,143353.0,144277.0,144616.0,145021.0,145428.0,145836.0
2021,2,424,,,,,,
2021,2,426,143353.0,145123.8408,146868.7803,148661.577,150054.1717,151313.6852
2021,2,429,143353.0,145151.0376,147222.5634,148940.2965,150103.6509,151008.4092
2021,2,433,143353.0,145940.0,148665.4,150129.2,151240.2,152109.0
2021,2,456,143350.0,144958.0,147524.6667,149508.0,150791.3333,151585.7778
2021,2,484,143353.0,143998.0885,144646.0799,145333.1488,146023.4812,146753.5986
2021,2,504,143350.0,147384.2454,151836.005,153866.8607,154809.8192,155379.629
2021,2,508,,,,,,
2021,2,510,143353.0,144925.0,145911.0,146669.0,147284.0,147881.0
2021,2,518,143350.0,144859.6091,146931.4091,148282.1091,149264.2091,150242.3091
2021,2,528,143353.0,146580.8558,148241.6791,148862.227,149721.0867,150339.9564
2021,2,535,143353.0,145319.1221,148924.6691,151500.4809,153030.0407,154202.4806
2021,2,546,143350.0,145141.3333,147424.6667,149274.6667,150758.0,151991.3333
2021,2,549,,,,,,
2021,2,553,143353.0,145255.0,147805.0,150205.0,152155.0,153655.0
2021,2,555,143353.0,144108.0,144808.0,145225.0,145517.0,145785.0
2021,2,557,143350.0,144666.4667,145967.2667,147155.8,148130.5,148859.6667
2021,2,563,,,,,,
2021,2,568,143350.0,145454.869,147966.9585,149259.2207,150332.6363,151239.1897
2021,2,570,,,,,,
2021,2,572,143350.0,145005.4641,146539.7495,147948.0794,149117.7204,150077.6761
2021,2,574,143353.0,144853.3333,146203.3333,147403.3333,148453.3333,149353.3333
2021,2,576,143353.0,146340.1261,147556.9933,148679.2866,149519.9519,150488.5646
2021,2,577,143350.0,146591.6554,150330.8933,151957.9279,152614.1921,153180.1673
2021,2,578,,,,,,
2021,2,579,143353.0,145719.0,147669.0,149119.0,150369.0,151394.0
2021,2,584,143350.0,144263.2694,145362.5493,146423.7592,147409.1488,148297.7741
2021,2,586,143353.0,143548.3,143773.1,143996.6,144217.5,144437.4
2021,2,587,143353.0,144928.0,148678.0,150778.0,151978.0,152728.0
2021,2,588,143350.0,144456.0,145611.0,146646.0,147501.0,148296.0
2021,2,589,143353.0,143498.0,145594.0,147595.0,148880.0,149904.0
2021,2,590,143353.0,145722.6152,147940.0252,149426.9133,150539.919,151452.8379
2021,3,411,145048.0,147585.0,149569.0,151081.0,152198.0,153029.0
2021,3,421,144998.0,146582.0,147962.0,148982.0,149807.0,150542.0
2021,3,422,144998.0,146903.7533,148453.2043,149951.349,151471.9827,152425.9002
2021,3,424,,,,,,
2021,3,426,144998.0,146860.7803,148659.8075,150097.8216,151494.3286,152903.8287
2021,3,428,145048.0,147208.9149,149001.1305,150439.7217,151619.6663,152314.1563
2021,3,433,145048.0,147749.109,149727.766,151250.344,152115.844,152789.0
2021,3,456,145048.0,147604.3333,149787.6667,151054.3333,151821.0,152351.5556
2021,3,463,145048.0,147387.0,148820.0,150255.0,151548.0,152660.0
2021,3,484,144998.0,146629.2275,148022.2052,149021.355,149766.4618,150440.4109
2021,3,504,145048.0,147534.474,151262.6477,153504.4767,154464.1925,154984.1435
2021,3,508,,,,,,
2021,3,510,144998.0,146450.0,147224.0,147839.0,148436.0,148966.0
2021,3,518,144998.0,146337.4231,147119.7231,147719.5231,148715.0231,150052.2231
2021,3,528,144998.0,147415.1367,148781.784,149978.4975,150681.8889,151500.1808
2021,3,535,144998.0,147917.3529,150651.0607,152172.0447,153337.9111,154400.1867
2021,3,546,145048.0,147604.3333,149821.0,151737.6667,153104.3333,154121.0
2021,3,549,,,,,,
2021,3,553,144998.0,146888.0,148343.0,149393.0,150218.0,151013.0
2021,3,555,144998.0,145796.0,146279.0,146622.0,146897.0,147162.0
2021,3,557,145048.0,147117.2667,148255.8,149180.5,149909.6667,150527.9333
2021,3,563,,,,,,
2021,3,568,144998.0,148345.89,150713.0268,152045.6864,153316.1302,154218.8778
2021,3,570,,,,,,
2021,3,572,145048.0,146932.8281,148523.0853,149805.9454,150770.3316,151592.8137
2021,3,574,145048.0,146848.0,148348.0,149548.0,150448.0,151198.0
2021,3,576,144998.0,146248.2628,147403.5674,150066.5276,151192.5639,151579.299
2021,3,577,144998.0,147133.3393,148274.1998,148914.555,149522.0355,149762.6751
2021,3,578,145048.0,147721.0,149621.0,150889.2644,151812.4044,152709.5987
2021,3,579,144998.0,147591.0,149141.0,150491.0,151561.0,152306.0
2021,3,584,145048.0,146732.0153,147672.3277,148561.7208,149366.0055,150077.0229
2021,3,586,145048.0,145948.0736,146627.087,147070.5971,147489.9967,147853.6138
2021,3,587,145048.0,147598.0,149698.0,150898.0,151648.0,152248.0
2021,3,588,145048.0,147541.0,149226.0,150381.0,151281.0,152076.0
2021,3,589,144998.0,146753.9673,148550.3387,149909.6527,151025.2686,151981.6895
2021,3,591,145048.0,147457.3,149185.3,150631.0,151918.0,153022.3
2021,4,411,147419.0,148740.0,150069.0,151390.0,152556.0,153460.0
2021,4,421,147302.0,148406.0,149231.0,149966.0,150611.0,151175.0
2021,4,422,147419.0,148864.9659,150153.1521,151185.6769,151998.5746,152898.3814
2021,4,424,,,,,,
2021,4,426,147302.0,149056.3478,150549.0025,151757.29,153231.8618,154281.9761
2021,4,428,147419.0,148989.8874,150518.0153,151734.3738,152484.9293,153072.854
2021,4,429,147302.0,148667.5751,149637.6603,150810.3891,151904.4908,152863.9185
2021,4,433,147419.0,148872.672,150032.219,151016.813,151794.875,152609.859
2021,4,456,147419.0,148835.6667,149977.3333,150770.6667,151364.0,151864.0
2021,4,463,147302.0,148372.2113,149692.7322,150949.6678,152050.7902,152950.0082
2021,4,484,147302.0,148701.369,149705.1032,150453.6288,151130.6701,151735.1928
2021,4,504,147419.0,150558.0841,153427.5874,154437.8195,154975.0976,155350.1525
2021,4,508,,,,,,
2021,4,510,147302.0,148143.0,148792.0,149389.0,149919.0,150383.0
2021,4,518,147419.0,149006.0259,150097.3259,150877.3259,151908.3259,152868.6259
2021,4,524,147302.0,149025.088,150490.4335,151881.6724,152558.7706,152971.0358
2021,4,528,,,,,,
2021,4,535,147302.0,149003.1034,150651.8213,151842.8375,152894.7558,153841.5178
2021,4,546,147419.0,148819.0,150219.0,151519.0,152727.0,153769.0
2021,4,549,,,,,,
2021,4,553,147302.0,148427.0,149702.0,150827.0,151637.0,152402.0
2021,4,555,147302.0,147746.0,148204.0,148596.0,148864.0,149119.0
2021,4,563,,,,,,
2021,4,568,147419.0,148978.6703,151226.3308,152909.9281,153684.2913,154320.3796
2021,4,570,,,,,,
2021,4,572,147302.0,148067.2555,149346.1784,150307.6048,151127.5627,151840.3598
2021,4,574,147419.0,148919.0,150269.0,151469.0,152369.0,153119.0
2021,4,576,147419.0,147857.2633,148422.8949,148965.1247,149350.31,149745.8876
2021,4,577,147302.0,148175.0647,148724.5772,149371.2561,149810.0796,150224.6061
2021,4,579,147302.0,149002.0,150352.0,151422.0,152167.0,152637.0
2021,4,584,147419.0,148345.189,148948.7332,149586.5711,150183.315,150738.2224
2021,4,587,147419.0,149819.0,151469.0,152519.0,153269.0,153719.0
2021,4,588,147419.0,149035.0,150190.0,151090.0,151885.0,152635.0
2021,4,589,147302.0,148508.0414,149663.3911,150824.4171,151987.2437,153132.3395
2021,4,591,147419.0,148961.0,150645.0,152096.0,153309.0,154374.0
2021,4,593,147419.0,148000.0,148500.0,148800.0,149100.0,149400.0
2021,4,594,,,,,,
2022,1,411,148735.0,150041.0,151191.0,152109.0,152823.0,153353.0
2022,1,421,148735.0,149470.9716,150134.5471,150750.081,151314.5706,151840.0263
2022,1,422,148735.0,150045.7205,151526.2493,152378.6918,153068.8769,153547.9684
2022,1,424,,,,,,
2022,1,426,148735.0,150199.4678,151572.0373,152415.9204,153871.3526,154511.8974
2022,1,428,148735.0,150493.6671,151866.2242,152708.4916,153348.9022,153956.193
2022,1,429,148735.0,150142.2079,151409.9755,152570.0588,153544.0001,154278.2778
2022,1,433,148735.0,150087.1728,151135.0816,151995.8282,152797.5235,153244.9115
2022,1,456,148735.0,149051.0,149801.0,150381.0,150876.5556,151319.8889
2022,1,463,148735.0,150139.4186,151301.2288,152372.2508,153243.3934,154048.4356
2022,1,484,148735.0,149738.9613,150487.6561,151164.8505,151769.5099,152793.9541
2022,1,504,148735.0,150157.6906,151276.5159,152212.552,153000.2159,153673.5953
2022,1,508,,,,,,
2022,1,510,148735.0,149292.0,149911.0,150492.0,150981.0,151557.0
2022,1,518,148735.0,149814.136,151165.8083,151964.7012,152643.1896,152873.3893
2022,1,528,148735.0,149495.3045,150408.4864,151286.6909,152054.9182,152688.1682
2022,1,535,148735.0,150344.7622,151643.357,152693.8933,153639.4115,154515.3192
2022,1,546,148735.0,150209.2787,151510.4072,152719.7894,153762.3603,154679.8227
2022,1,549,,,,,,
2022,1,553,148735.0,149585.0,150785.0,151535.0,152435.0,152735.0
2022,1,555,148735.0,149270.1642,149595.4463,149823.9445,150039.1311,150249.3134
2022,1,563,,,,,,
2022,1,568,148735.0,150335.214,151410.0238,152113.3467,152687.2634,152995.9992
2022,1,570,,,,,,
2022,1,572,148735.0,150200.5464,151093.7506,151806.3883,152484.9537,153128.9239
2022,1,574,148735.0,150236.6357,151437.6774,152338.4586,153089.1097,153689.6305
2022,1,576,148735.0,149178.6777,149620.7652,150013.0851,150405.209,150789.5722
2022,1,577,148735.0,149377.6803,150087.3133,150515.4283,150919.0392,151176.496
2022,1,579,148735.0,150082.1684,151007.9714,151638.5183,152168.9783,152574.3299
2022,1,584,148735.0,149773.4228,150297.5109,150833.0884,151334.1011,151801.2731
2022,1,585,148735.0,149394.3708,150124.4833,150854.5958,151472.3833,152034.0083
2022,1,586,148735.0,148989.7,149337.5,149685.2,150032.8,150380.4
2022,1,587,148735.0,150386.4323,151437.3438,152187.9948,152638.3855,153088.7761
2022,1,588,148735.0,149988.4204,150889.2017,151684.8918,152435.5428,
2022,1,589,148735.0,150189.621,151463.0737,152405.1971,153292.7704,154227.8563
2022,1,594,,,,,,
2022,2,411,150363.0,151623.0,152436.0,152944.0,153160.0,153270.0
2022,2,422,150388.0,151626.8,152531.9,153069.5,153839.2,154049.0
2022,2,424,,,,,,
2022,2,428,150362.6667,151703.9973,152486.964,153103.9863,153705.7367,154180.2387
2022,2,429,150388.0,151682.8806,152786.0479,153582.9672,154128.5133,154500.3224
2022,2,433,150362.7,151720.2,152628.5,153264.1,153881.2,154233.0
2022,2,456,150363.0,151640.7,152315.3,152748.7,153087.6,153390.0
2022,2,463,150388.0,151665.0,152690.0,153524.0,154313.0,155060.0
2022,2,484,150388.0,151703.9,152727.9,153338.8,154373.8,155146.0
2022,2,504,150363.0,151405.9052,152036.2971,152635.9126,153145.3091,153585.2138
2022,2,508,,,,,,
2022,2,510,150388.0,151343.0,151923.0,152412.0,152989.0,153534.0
2022,2,518,150388.0,151586.4177,152468.5177,153080.3177,153490.6177,153821.7177
2022,2,535,150388.0,151723.5943,152774.6865,153720.705,154559.282,155326.3491
2022,2,546,150362.7,151780.7,153139.0,154409.0,155569.0,156544.0
2022,2,549,,,,,,
2022,2,553,150388.0,151543.0,152488.0,153313.0,153838.0,154303.0
2022,2,555,150388.0,150772.0,151080.0,151310.0,151490.0,151655.0
2022,2,563,,,,,,
2022,2,568,150362.6667,151678.7082,152575.1001,153041.3677,153447.7205,153721.0876
2022,2,570,,,,,,
2022,2,572,150388.0,151213.6477,151814.9066,152381.0379,152949.2804,153481.8151
2022,2,574,150362.7,151562.7,152462.7,153212.7,153812.7,154353.0
2022,2,576,150363.0,150817.6,151277.2,151679.3,152082.4,152474.0
2022,2,577,150362.6667,150935.5819,151301.5535,151616.4666,151789.5329,151891.3064
2022,2,579,150388.0,151288.0,151858.0,152318.0,152623.0,152808.0
2022,2,584,150363.0,151344.7,151500.6,151616.9,151716.5,151854.0
2022,2,586,150363.0,150651.6,151063.2,151376.3,151715.1,152036.0
2022,2,587,150388.0,151438.0,152188.0,152638.0,153088.0,153538.0
2022,2,588,150362.7,151520.7,152420.7,153200.7,153890.7,154521.0
2022,2,589,150388.0,151463.1,152405.2,153292.8,154227.9,152563.0
2022,2,591,150388.0,150994.2592,151457.4976,151968.927,153496.4455,154095.2132
2022,2,593,150388.0,150688.0,151038.0,151088.0,150788.0,150588.0
2022,2,594,,,,,,
2022,3,411,151614.0,152729.0,153274.0,153566.0,153648.0,153639.0
2022,3,422,151614.0,152641.4444,153262.6093,153262.6093,153433.0825,153693.6786
2022,3,424,,,,,,
2022,3,426,151604.0,152384.4595,152940.346,153369.551,153908.3824,154449.1069
2022,3,428,151614.0,152639.5643,153068.7868,153389.6827,153701.8964,154031.2925
2022,3,433,151614.0,152760.33,153343.43,153789.86,153997.78,154153.01
2022,3,456,151614.0,152711.0,153021.0,153181.0,153341.0,153521.0
2022,3,463,151604.0,152766.0,153280.0,153731.0,154174.0,154608.0
2022,3,484,151604.0,152617.126,153223.9655,153757.4567,154140.4172,154600.772
2022,3,504,151614.0,152697.3819,153145.1162,153537.5255,153887.3204,154204.2913
2022,3,508,,,,,,
2022,3,510,151604.0,152347.0,152836.0,153412.0,153957.0,154462.0
2022,3,518,151604.0,152494.8485,152696.0485,152690.4485,152447.1485,152182.0485
2022,3,528,151604.0,152384.0,152924.0,153344.0,153674.0,153944.0
2022,3,535,151604.0,152876.5224,153823.1714,154662.3074,155429.8858,156086.293
2022,3,546,151614.0,152919.0,153856.0,154289.0,154214.0,153794.0
2022,3,549,,,,,,
2022,3,553,151604.0,152264.0,152924.0,153254.0,153584.0,153914.0
2022,3,555,151614.0,152769.3333,153299.3333,153569.3333,153402.6667,152761.0
2022,3,563,,,,,,
2022,3,568,151614.0,152700.0,152811.8237,153127.2071,153248.4232,153557.0471
2022,3,570,,,,,,
2022,3,572,151604.0,152356.4003,152811.4269,153192.0312,153497.5004,153727.2304
2022,3,574,151614.0,152814.0,153714.0,154314.0,154884.0,155424.0
2022,3,576,151614.0,152080.1417,152523.9213,152931.059,153333.5104,153728.2826
2022,3,577,151614.0,151772.4833,151957.4364,152096.4062,152187.1215,152262.651
2022,3,584,151614.0,152571.6864,152525.0216,152563.416,152690.2655,152862.6723
2022,3,587,151614.0,152814.0,153654.0,154404.0,154854.0,155304.0
2022,3,588,151614.0,152817.0,153612.0,154302.0,154932.0,155532.0
2022,3,589,151604.0,152642.868,153333.1604,153846.1609,154213.7299,154540.9241
2022,3,591,,,,,,
2022,3,593,151604.0,151754.0,151804.0,151654.0,151504.0,151354.0
2022,3,594,,,,,,
2022,3,595,,,,,,
2022,3,596,151604.0,152552.0,153505.0,154464.0,155430.0,156401.0
2022,4,411,152738.0,153414.0,153284.0,152387.0,151504.0,150875.0
2022,4,422,152738.0,153295.1846,152798.5275,152179.3523,151616.0061,151457.306
2022,4,426,152738.0,153129.9478,153439.2905,153726.1598,154207.4594,154690.2659
2022,4,428,152739.6667,153509.6482,153828.7877,154054.9228,154227.8056,154426.3788
2022,4,429,152738.0,153501.3,153988.0,154217.1,154151.3,153828.3
2022,4,433,152737.63,153162.32,153297.6,152575.4,152366.4,152530.2
2022,4,456,152738.0,153499.6667,153778.0,153853.0,153928.0,154003.0
2022,4,463,152738.0,153367.7642,153748.5165,154122.9344,154498.8531,154877.1596
2022,4,484,,,,,,
2022,4,504,152738.0,153445.9408,153827.5178,154161.7639,154461.5057,154736.0939
2022,4,508,,,,,,
2022,4,510,152738.0,153313.0,153625.0,153738.0,153862.0,153932.0
2022,4,518,152738.0,153443.7969,153467.6969,152571.8969,151515.1969,150576.7969
2022,4,524,152738.0,153340.0667,153631.0845,153829.7309,153636.8504,153321.1689
2022,4,528,,,,,,
2022,4,530,152738.0,153068.0,153193.0,153158.0,152872.0,152647.0
2022,4,535,152738.0,153571.2161,154295.5388,154985.2307,155601.4863,156181.738
2022,4,546,152740.0,153518.0,153976.0,153951.0,153531.0,153291.0
2022,4,549,,,,,,
2022,4,555,152738.0,153524.6667,154049.6667,154333.0,154306.3333,153806.3333
2022,4,563,,,,,,
2022,4,568,152738.0,153462.7069,153759.3838,153235.7656,153428.5115,153844.4919
2022,4,570,,,,,,
2022,4,572,152740.0,153347.3281,153039.709,152462.5534,152003.093,152003.093
2022,4,574,152739.6667,153489.6667,154089.6667,154629.6667,155139.6667,155619.6667
2022,4,576,152738.0,153097.984,153428.8864,153718.9045,154012.8653,154266.4458
2022,4,577,152737.6667,152964.7396,153010.424,152245.3718,152093.1265,151332.6608
2022,4,579,152738.0,153139.6667,152869.6667,151919.6667,151129.6667,150524.6667
2022,4,584,152740.0,153369.1439,153405.9745,153410.6007,153415.2685,153444.5397
2022,4,585,152738.0,153437.2667,153677.3333,153732.7333,153621.9333,153640.4
2022,4,586,152738.0,153064.7,153474.9,153833.9,154188.7,154504.8
2022,4,587,152740.0,153580.0,154330.0,154780.0,155230.0,155830.0
2022,4,588,152739.6667,153300.6667,152750.6667,151850.6667,151450.6667,151600.6667
2022,4,589,152738.0,153057.8613,153156.189,153479.5074,153859.6649,154243.3472
2022,4,591,,,,,,
2022,4,594,,,,,,
2022,4,595,152738.0,153413.0,153713.0,153863.0,153863.0,153788.0
2022,4,596,152738.0,154131.7202,155538.158,156957.4294,158389.6515,159834.9425
2023,1,411,153509.0,154377.6035,154171.646,153511.9849,153121.959,152986.644
2023,1,422,153509.0,154456.0163,155023.6689,155072.5098,155059.2142,155032.9552
2023,1,428,153509.0,154411.9049,154636.2321,154697.5043,154787.6576,154917.1688
2023,1,429,153509.0,154567.3137,155141.0697,155316.5509,155149.8752,154927.918
2023,1,433,153509.0,154446.9624,154782.3548,154082.6962,153619.64,153764.0789
2023,1,456,153509.0,154431.3315,154724.8459,154948.7128,155172.5796,155396.4465
2023,1,463,153509.0,154530.6928,155078.2785,155495.1289,155857.2522,156218.3848
2023,1,484,153509.0,153509.0,153547.3773,153624.1509,153624.1509,153854.5872
2023,1,504,153509.0,154277.1981,154273.1527,154328.511,154427.1746,154557.4078
2023,1,508,,,,,,
2023,1,510,153509.0,153902.0,153969.0,154033.0,154081.0,154329.0
2023,1,518,153509.0,154248.0257,154159.0759,153725.6696,152776.2751,152622.0557
2023,1,524,153509.0,154280.3286,154637.9521,154819.1545,154871.6288,154910.4381
2023,1,528,153509.0,154033.0,154318.0,154493.0,154648.0,154828.0
2023,1,535,153509.0,154534.8566,155225.6181,155804.4683,156308.3828,156736.4691
2023,1,548,153509.0,152767.1,151470.7,149975.7,148891.6,148405.9
2023,1,549,,,,,,
2023,1,555,153509.0,154499.3207,154862.4825,154857.5077,154497.6625,154013.4467
2023,1,563,,,,,,
2023,1,568,153509.0,154431.6036,154212.4701,154365.3228,154877.8715,155470.4471
2023,1,570,,,,,,
2023,1,572,153509.0,154523.57,153940.8183,153476.903,153476.903,153668.3904
2023,1,574,153509.0,154255.2229,154852.2013,155299.935,155598.4242,155896.9134
2023,1,576,153509.0,153890.0823,154311.8424,154705.6381,155102.0304,155498.1818
2023,1,577,153509.0,153585.1855,153508.3929,151973.3089,151213.4424,151228.5637
2023,1,584,153509.0,154362.7657,154373.6006,154504.5081,154725.6303,155013.5218
2023,1,586,153509.0,153906.5876,154338.7999,154658.9793,154989.9043,155330.6794
2023,1,587,153509.0,154410.4373,155037.2645,155484.9983,156081.9766,156678.955
2023,1,588,153509.0,154346.7596,153799.5295,153501.0403,153948.774,154694.997
2023,1,589,153509.0,153504.1962,153534.668,153207.4738,153075.1495,153019.7449
2023,1,591,,,,,,
2023,1,593,153509.0,153559.0,153459.0,152359.0,151259.0,150159.0
2023,1,594,,,,,,
2023,1,595,,,,,,
2023,1,596,153509.0,154276.545,155047.9277,155823.1674,156602.2832,157385.2946
2023,1,598,153509.0,154426.0,154876.0,155189.0,155562.0,155962.0
2023,1,601,153509.0,154418.397,154517.8934,154104.9834,153866.192,153940.8143
2023,2,411,155303.0,155789.0,156017.0,155916.0,155798.0,155662.0
2023,2,422,155303.0,155876.2805,155601.0035,155459.2101,155253.7871,155456.9955
2023,2,426,155303.0,155538.3187,155602.0682,155657.3764,155777.1308,156013.168
2023,2,428,155227.3333,155762.0375,155947.5132,156075.5192,156162.8215,156304.8375
2023,2,429,155303.0,155958.9789,156301.7623,156246.7734,156018.986,155831.9442
2023,2,433,155227.37,155840.57,155095.74,154181.71,154172.94,154650.94
2023,2,456,155303.0,155856.3333,156323.0,156723.0,157023.0,157323.0
2023,2,463,155303.0,155846.0,156271.0,156607.0,156938.0,157272.0
2023,2,504,155303.0,155740.1667,155996.9167,156253.6667,156510.4167,156767.1667
2023,2,508,,,,,,
2023,2,510,155303.0,155688.0,155802.0,155978.0,156310.0,156675.0
2023,2,518,155303.0,155671.1529,155336.5529,154871.3529,154692.1529,154543.6529
2023,2,524,155303.0,155751.6932,156116.4849,156249.898,156332.4192,156497.538
2023,2,528,155303.0,155806.3333,156049.6667,156183.0,156314.6667,156484.6667
2023,2,535,155303.0,155958.8713,156540.4558,157007.9785,157399.035,157712.8931
2023,2,548,155303.0,153840.4,152817.4,152058.4,151323.9,150895.4
2023,2,549,,,,,,
2023,2,555,155303.0,155839.6667,156149.6667,156043.0,155343.0,155076.3333
2023,2,563,,,,,,
2023,2,568,155303.0,155837.3558,155856.1549,155698.5941,156178.3013,156529.5659
2023,2,570,,,,,,
2023,2,572,155227.0,155767.4653,155180.0225,154790.6091,154983.7356,155292.7775
2023,2,574,155303.0,155963.0,156563.0,157103.0,157583.0,158003.0
2023,2,576,155303.0,155601.5234,156027.2969,156425.1999,156825.6729,157225.9089
2023,2,577,155227.3333,155304.947,155382.5995,154605.6865,153368.841,153215.4721
2023,2,584,155227.0,155762.0873,155795.3378,155980.8149,156248.3994,156570.8398
2023,2,585,155227.3333,155765.4583,155857.9167,155673.0,155469.5917,155414.1167
2023,2,586,155303.0,155653.4,155990.4,156355.9,156726.3,156985.0
2023,2,587,155303.0,155933.0,156383.0,156983.0,157583.0,158183.0
2023,2,588,155227.3333,155605.3333,154705.3333,154305.3333,154905.3333,155805.3333
2023,2,589,155303.0,155911.2701,155625.8545,155236.3892,155370.1324,155558.5175
2023,2,591,,,,,,
2023,2,594,,,,,,
2023,2,596,155303.0,155924.212,156547.9088,157174.1005,157802.7969,158434.0081
2023,2,598,155303.0,155864.6667,156288.0,156688.0,157128.0,157578.0
2023,2,599,155303.0,154260.1,154060.75,153999.7,154000.0,154066.9
2023,2,600,155303.0,155000.0,154800.0,154600.0,154300.0,154000.0
2023,2,601,155303.0,155775.0,155555.0,155330.0,155400.0,155780.0
2023,3,411,155938.0,156476.0,156797.0,156880.0,156847.0,156738.0
2023,3,421,155963.0,156269.0,156374.0,155969.0,156299.0,156794.0
2023,3,422,155938.0,156475.1493,156865.3885,156933.366,157058.6108,157384.1887
2023,3,426,155963.0,156459.9843,156715.197,156835.3247,157560.6814,157196.3882
2023,3,428,155938.0,156514.388,156761.6404,156880.5176,156967.5291,157080.4895
2023,3,429,155963.0,156563.7621,156848.8877,157023.67,157157.0273,157286.0306
2023,3,433,155962.63,156493.92,156047.92,155365.37,155706.57,156062.25
2023,3,456,155938.0,156492.0,156925.3333,157242.0,157542.0,157842.0
2023,3,463,155938.0,156501.6559,156871.7034,157203.3187,157529.3309,157861.4343
2023,3,484,155963.0,156274.926,156743.7508,157096.4242,157724.8099,158434.5716
2023,3,504,155963.0,156564.0,156639.0,156714.0,156819.0,156924.0
2023,3,508,,,,,,
2023,3,510,155963.0,156307.0,156487.0,156819.2667,157184.0,157574.0
2023,3,518,155938.0,156407.6461,156609.8461,156510.7461,156149.8461,155840.9461
2023,3,535,155963.0,156544.5999,157012.135,157403.2019,157717.0683,157913.846
2023,3,549,,,,,,
2023,3,555,155938.0,156508.6667,156882.0,156958.6667,156450.3333,155958.6667
2023,3,563,,,,,,
2023,3,568,155938.0,156540.2336,156764.6868,156979.6885,157189.951,157413.8034
2023,3,570,,,,,,
2023,3,572,155938.0,156453.9277,156649.1295,156727.3954,157039.9142,157392.0677
2023,3,574,155938.0,156378.0,156858.0,157278.0,157638.0,157998.0
2023,3,576,155938.0,156336.7024,156751.7364,157152.0069,157553.6328,157955.1343
2023,3,577,155962.6667,156040.648,156118.6683,156196.7277,156274.826,
2023,3,584,155938.0,156433.7294,156665.1586,156915.4856,157159.9307,157400.2583
2023,3,586,155938.0,156398.6,156822.7,157184.8,157503.0,157813.8
2023,3,587,155938.0,156388.0,156988.0,157588.0,158188.0,158788.0
2023,3,588,155938.0,156389.0,156114.0,155664.0,156114.0,157064.0
2023,3,589,155963.0,155901.8097,155670.2118,155620.0562,155647.995,155796.3104
2023,3,591,,,,,,
2023,3,593,155963.0,156013.0,155913.0,154813.0,153713.0,152613.0
2023,3,594,,,,,,
2023,3,595,,,,,,
2023,3,596,155963.0,156352.9075,156743.7898,157135.6492,157528.4884,157922.3096
2023,3,598,155963.0,156503.0,156983.0,157553.0,158123.0,158663.0
2023,3,599,155963.0,156201.0,156757.9,155529.0,155675.0,155851.0
2023,3,603,155938.0,156516.0,157016.0,157466.0,157886.0,158276.0
2023,4,411,156520.0,157083.0,157232.0,157249.0,157207.0,157167.0
2023,4,421,156574.0,157090.0,157015.0,157420.0,157960.0,158593.0
2023,4,422,156574.0,157000.5596,157249.4519,157445.0276,157724.7045,158083.4008
2023,4,426,156574.0,156761.6404,156880.5176,156967.5291,157437.0706,157685.7806
2023,4,428,156520.0,156995.4147,157148.4496,157276.2409,157389.2555,157513.7808
2023,4,429,156574.0,157213.8887,157602.0688,157929.2843,158133.9753,158321.3568
2023,4,463,,,,,,
2023,4,484,156574.0,156808.861,156965.6699,157240.3598,157476.2203,157791.1728
2023,4,508,,,,,,
2023,4,510,156574.0,157040.0,157367.0,157689.0,158043.0,158471.0
2023,4,518,156574.0,156791.7881,156622.8881,156281.6881,155996.2881,155951.3881
2023,4,549,,,,,,
2023,4,555,156520.0,157103.0,157494.6667,157599.6667,157133.0,156774.6667
2023,4,563,,,,,,
2023,4,568,156574.0,157139.2755,157318.5007,157515.673,157641.4165,157993.6256
2023,4,570,,,,,,
2023,4,572,156574.0,156963.9756,157120.7047,157434.0078,157787.045,158140.8739
2023,4,574,156520.0,157060.0,157510.0,157900.0,158230.0,158620.0
2023,4,576,156574.0,156965.0,157379.37,157780.65,158183.13,158585.51
2023,4,577,156574.3333,156730.9077,156966.004,157201.453,157358.6545,157673.3718
2023,4,584,156574.0,157058.8807,157155.7243,157291.3887,157446.9233,157627.9014
2023,4,586,156520.0,156869.7,157202.8,157506.5,157786.5,158053.6
2023,4,587,156520.0,157120.0,157570.0,158020.0,158620.0,159220.0
2023,4,588,156574.3333,156999.3333,156549.3333,156474.3333,157349.3333,157999.3333
2023,4,589,156574.0,156556.1066,156430.7251,156305.9845,156483.3832,156834.7015
2023,4,591,,,,,,
2023,4,594,,,,,,
2023,4,596,156574.0,157231.6108,157891.9836,158555.1299,159221.0614,159889.7899
2023,4,598,156574.0,157054.0,157624.0,158194.0,158734.0,159274.0
2023,4,599,156520.0,157117.0,157014.0,157550.0,157553.0,158232.0
2023,4,600,156574.0,156997.0,157297.0,157597.0,157900.0,158347.0
2023,4,602,156574.0,156945.0661,157126.5694,157548.7848,158027.7758,158489.8694
2023,4,603,156520.0,157079.6667,157559.6667,157979.6667,158369.6667,158729.6667
2023,4,604,,,,,,
2024,1,411,157030.0,157862.0,158111.0,158196.0,158224.0,158246.0
2024,1,421,157030.0,157738.18,158083.1053,158622.9884,159255.8514,159960.6987
2024,1,422,157030.0,157801.5724,158176.4237,158618.8636,159011.5426,159518.4638
2024,1,428,157030.0,157557.1619,157892.9373,158134.3159,158311.8188,158478.7731
2024,1,429,157030.0,157863.8173,158380.3737,158791.8676,159111.5609,159409.622
2024,1,433,157030.0,157808.8314,158140.6795,158489.374,158961.8417,159287.4412
2024,1,463,157030.0,157502.4156,157842.4139,158177.4996,158520.335,158878.9533
2024,1,508,,,,,,
2024,1,510,157030.0,157446.0,157768.0,158122.0,158550.0,159007.0
2024,1,518,157030.0,157721.658,158116.2726,158213.1516,158329.5264,158519.9852
2024,1,535,157030.0,157809.3291,158202.3816,158517.8415,158715.6184,158874.0965
2024,1,548,157030.0,157304.0841,157382.6772,157461.3096,157579.2729,157658.0036
2024,1,549,,,,,,
2024,1,555,157030.0,157854.1549,158329.052,158712.3024,159015.5701,159320.5041
2024,1,563,,,,,,
2024,1,568,157030.0,158076.5548,158317.5412,158411.7969,158786.3931,159227.6879
2024,1,570,,,,,,
2024,1,572,157030.0,157875.0419,158189.8492,158544.5814,158900.109,159295.8782
2024,1,574,157030.0,157570.2163,158050.1124,158470.0215,158829.9436,159189.8656
2024,1,576,157030.0,157423.6848,157837.3652,158238.9882,158641.721,159044.3439
2024,1,577,157030.0,157501.4242,158131.4299,158763.9557,159399.0115,160036.6075
2024,1,584,157030.0,157736.8759,157964.7098,158245.1142,158568.8119,158899.8084
2024,1,586,157030.0,157374.1,157707.5,158005.6,158302.8,158590.2
2024,1,587,157030.0,157629.8701,158079.7727,158679.6428,159279.5129,159729.4155
2024,1,588,157030.0,157743.1789,158008.1215,158338.0501,159017.9029,159647.7665
2024,1,589,157030.0,157296.0,157247.0,157172.3175,157189.27,157475.2808
2024,1,593,157030.0,157079.9892,157132.9777,157054.9946,156944.0186,156784.0533
2024,1,594,,,,,,
2024,1,596,157030.0,157815.15,158604.2258,159397.2469,160194.2331,160995.2043
2024,1,598,157030.0,157865.819,158465.6891,159065.5593,159665.4294,160265.2995
2024,1,599,157030.0,157923.8065,158534.6742,158822.6119,159384.4902,159976.3621
2024,1,602,157030.0,157373.3119,157637.0105,157976.8959,158406.4376,158824.8148
2024,1,603,157030.0,157822.4951,158225.7411,158615.6567,158975.5787,159305.5073
2024,1,604,,,,,,
2024,2,411,157822.3333,158516.0,159003.0,159330.0,159542.0,159666.0
2024,2,421,157822.3333,158167.3333,158707.3333,159340.3333,160045.3333,160600.3333
2024,2,422,157822.3333,158469.1916,159000.1338,159492.2162,159976.6362,160360.5004
2024,2,428,157822.3333,158384.8005,158785.3349,159075.6299,159302.097,159490.3074
2024,2,429,157841.0,158498.0907,159056.43,159540.8624,159908.0628,160276.8615
2024,2,433,157822.3333,158458.64,158925.3,159326.3,159695.86,159994.32
2024,2,463,157822.3333,158474.0,159013.0,159515.0,159976.0,160415.0
2024,2,484,157841.0,157591.019,157591.019,157591.019,157591.019,157591.019
2024,2,508,,,,,,
2024,2,510,157841.0,158343.0,158681.0,159109.0,159609.0,160019.0
2024,2,518,157822.3333,158464.9573,158809.2573,158928.1573,158915.3573,159035.3573
2024,2,535,157841.0,158468.6108,158863.3053,159180.0831,159378.6862,159577.5371
2024,2,548,157841.0,157924.0401,158013.8917,158140.8058,158221.1414,158287.2529
2024,2,549,,,,,,
2024,2,555,157841.0,158539.6667,159039.6667,159416.3333,159744.6667,159744.6667
2024,2,563,,,,,,
2024,2,568,157822.3333,158627.9231,158937.8837,159281.3491,159713.0731,160186.3289
2024,2,570,,,,,,
2024,2,572,157822.0,158332.4398,158726.7951,159200.8476,159715.747,160232.3117
2024,2,574,157822.3333,158422.3333,158902.3333,159262.3333,159622.3333,160042.3333
2024,2,576,157841.0,158218.98,158642.58,159044.91,159449.2,159853.32
2024,2,577,157841.0,158472.364,159106.2535,159742.6785,160381.6492,161023.1758
2024,2,584,157822.0,158367.5453,158645.5456,158883.8281,159116.7375,159322.995
2024,2,587,157841.0,158441.0,159041.0,159581.0,160031.0,160481.0
2024,2,588,157822.3333,158307.3333,158617.3333,159152.3333,159782.3333,160277.3333
2024,2,589,157841.0,158327.3621,158637.1765,158751.7242,158926.1627,159168.1061
2024,2,594,,,,,,
2024,2,596,,,,,,
2024,2,598,157841.0,158441.0,159041.0,159641.0,160241.0,160841.0
2024,2,599,,,,,,
2024,2,600,157841.0,158440.0,158840.0,159140.0,159440.0,159740.0
2024,2,602,157841.0,158560.7944,159281.0846,160002.4484,160722.2905,161381.6173
2024,2,603,157841.0,158656.0,159181.0,159631.0,160006.0,160381.0
2024,2,604,,,,,,
2024,3,411,158428.0,158966.0,159456.0,159653.0,159778.0,159838.0
2024,3,421,158428.0,158878.0,159244.0,159760.0,160240.0,160780.0
2024,3,422,158428.0,158873.9255,159314.8169,159704.5304,160080.1103,160463.7434
2024,3,426,158428.0,158935.1262,159264.5109,159510.437,161013.1257,161528.5268
2024,3,428,158417.6667,158857.7096,159213.041,159478.6646,159699.2247,159872.4478
2024,3,429,158428.0,158892.0348,159268.9913,159569.1572,159853.3554,160150.8297
2024,3,433,158428.0,158897.0,159392.37,159799.7,160147.7,160408.0
2024,3,463,158428.0,158900.0,159392.0,159879.0,160290.0,160715.0
2024,3,508,,,,,,
2024,3,510,158428.0,158940.0,159353.0,159717.0,160037.0,160452.0
2024,3,518,158418.0,158578.789,158464.289,158382.489,158533.789,158736.689
2024,3,528,,,,,,
2024,3,535,158428.0,158861.8913,159218.1305,159496.0338,159734.7414,160013.5464
2024,3,549,,,,,,
2024,3,555,158428.0,158846.3333,159176.3333,159499.6667,159859.6667,160249.6667
2024,3,563,,,,,,
2024,3,568,158428.0,158657.6579,159073.7943,159458.6911,159931.6097,160228.3896
2024,3,570,,,,,,
2024,3,574,158417.6667,158597.6667,158957.6667,159257.6667,159497.6667,159797.6667
2024,3,576,158428.0,158830.42,159245.34,159649.31,160054.28,160459.16
2024,3,577,158428.0,158744.856,159062.3457,159380.4704,159699.2313,
2024,3,584,158428.0,158834.813,158915.28,159124.1008,159413.8225,159724.1414
2024,3,586,158428.0,158773.7,159169.7,159522.3,159872.5,160195.3
2024,3,587,158428.0,159028.0,159568.0,160018.0,160468.0,160918.0
2024,3,588,158428.0,158809.6667,159204.6667,159594.6667,160009.6667,160494.6667
2024,3,589,,,,,,
2024,3,591,,,,,,
2024,3,593,158428.0,158478.0,158425.0,158347.0,158236.0,158076.0
2024,3,594,,,,,,
2024,3,595,158428.0,158828.0,159228.0,159678.0,160128.0,160578.0
2024,3,596,,,,,,
2024,3,598,158428.0,158848.0,159208.0,159658.0,160108.0,160648.0
2024,3,599,158428.0,158970.0,159506.0,159803.0,158060.0,158756.0
2024,3,602,158428.0,158953.7235,159434.9192,159888.9847,160339.5979,160789.5455
2024,3,603,158428.0,158998.0,159373.0,159703.0,160033.0,160408.0
2024,3,604,,,,,,
2024,4,411,158818.0,159137.0,159534.0,159822.0,160035.0,160161.0
2024,4,426,158883.0,159291.3323,159650.825,159960.4386,161427.2321,161842.4427
2024,4,428,158818.3333,159197.9083,159588.409,159928.6016,160214.743,160456.3068
2024,4,429,158883.0,159298.1775,159690.7999,160035.7672,160359.95,160685.9189
2024,4,433,158818.0,159266.3,159794.4,160244.2,160641.0,161016.9
2024,4,463,158818.0,159184.8814,159634.599,160078.5326,160501.6079,160924.496
2024,4,508,,,,,,
2024,4,510,158818.0,159130.0,159445.0,159704.0,160032.0,160564.0
2024,4,518,158818.0,159075.4169,159331.9169,159616.4169,159909.2169,160249.2169
2024,4,535,158883.0,159278.7266,159675.4388,159954.1403,160233.3283,160552.838
2024,4,549,,,,,,
2024,4,555,158883.0,159330.0,159745.0,160116.6667,160508.3333,160926.6667
2024,4,563,,,,,,
2024,4,568,158818.0,159144.221,159576.855,160013.6537,160082.5278,160258.5282
2024,4,570,,,,,,
2024,4,572,158883.0,159239.2865,159596.372,159954.2582,160431.9766,160911.1218
2024,4,574,158818.3333,159358.3333,159838.3333,160258.3333,160618.3333,160918.3333
2024,4,576,158818.0,159230.16,159635.04,160039.87,160444.7,160849.53
2024,4,577,158818.3333,159135.97,159454.2419,159773.1504,160092.6967,160412.8821
2024,4,584,158818.0,159104.9257,159373.8207,159651.9014,159947.2843,160217.5277
2024,4,587,158818.0,159208.0,159568.0,159868.0,160168.0,160528.0
2024,4,588,158818.0,159200.3333,159615.3333,160045.3333,160495.3333,160945.3333
2024,4,589,158883.0,158996.4294,159169.3878,159425.5981,159785.5988,160241.8213
2024,4,590,,,,,,
2024,4,594,,,,,,
2024,4,595,158883.0,159363.0,159843.0,160368.0,160893.0,160950.0
2024,4,596,,,,,,
2024,4,598,158883.0,159243.0,159693.0,160143.0,160683.0,161223.0
2024,4,599,158883.0,159295.0,159762.0,160076.0,160487.0,160712.0
2024,4,600,158883.0,159283.0,159583.0,159883.0,160183.0,160683.0
2024,4,603,158883.0,159265.0,159595.0,159925.0,160240.0,160540.0
2024,4,604,,,,,,
2024,4,605,,,,,,
2025,1,411,159294.667,159884.7802,160343.6825,160584.6816,160768.4433,160928.1052
2025,1,421,159294.667,159746.2058,160243.2663,160665.0146,161041.5756,161336.7994
2025,1,422,159294.667,160410.3859,160817.9807,161174.9016,161500.1052,161821.8996
2025,1,428,159294.667,159755.5053,160104.3963,160341.9391,160504.2719,160663.5513
2025,1,429,159294.667,159861.6791,160330.2213,160711.4015,161076.9269,161459.3716
2025,1,433,159294.667,159884.7501,160240.9567,160499.629,160707.8522,160889.947
2025,1,463,159295.0,159223.988,159688.3306,160138.5761,160524.413,160975.6088
2025,1,508,,,,,,
2025,1,510,159295.0,159739.0,159998.0,160326.0,160858.0,161357.0
2025,1,518,159295.0,159700.9954,160020.1954,160147.4954,160245.2954,160310.4954
2025,1,535,159294.667,159849.295,160207.7484,160527.2071,160887.1806,161287.899
2025,1,548,159295.0,160028.5,160280.3,160343.1,160326.3,160329.3
2025,1,549,,,,,,
2025,1,555,159294.667,159891.8094,160311.884,160680.077,161032.2034,161395.0408
2025,1,563,,,,,,
2025,1,568,159294.667,159833.175,159482.9449,159409.6765,159683.0059,160026.2943
2025,1,570,,,,,,
2025,1,572,159295.0,159691.7528,160089.4937,160567.616,161047.1662,161568.0371
2025,1,574,159294.667,159836.9151,160318.9132,160740.6615,161102.16,161403.4088
2025,1,576,159294.667,159684.249,160094.6703,160498.3035,160902.5693,161306.7649
2025,1,577,159294.667,159453.962,159613.4159,159932.6428,159932.6428,159884.663
2025,1,584,159294.667,159816.2828,160087.3039,160370.7207,160685.4849,161015.8168
2025,1,586,159294.667,159626.3088,159975.3557,160306.2273,160642.8226,160960.4392
2025,1,587,159294.667,159685.956,159987.2048,160288.4536,160649.9521,161041.5756
2025,1,588,159294.667,159739.5113,160173.3096,160623.1744,161077.0559,161522.9041
2025,1,589,159295.0,159265.2893,159672.6532,160039.3524,160451.0345,160866.9586
2025,1,591,159294.667,159894.75,160451.1658,161029.4151,161596.7477,162169.5386
2025,1,593,159294.667,159344.5407,159291.3201,159212.9954,159101.5334,158940.8674
2025,1,594,,,,,,
2025,1,595,159295.0,159745.0,160195.0,160645.0,161145.0,161645.0
2025,1,596,159295.0,160091.475,160891.9324,161696.392,162504.874,163317.3984
2025,1,598,159295.0,159816.0,160276.0,160736.0,161186.0,161636.0
2025,1,599,159294.667,159508.2193,159831.5596,160173.9791,160523.4277,160880.9095
2025,1,600,159295.0,159745.0,160145.0,160445.0,160800.0,161200.0
2025,1,602,159294.6667,159745.0105,160240.544,160749.7428,161258.4895,161781.4543
2025,1,603,159294.667,159952.0591,160283.4328,160599.744,160916.0552,161232.3665
2025,1,604,,,,,,
2025,1,605,,,,,,
2025,1,606,159295.0,159801.2928,160199.2321,160597.1713,160995.1105,161393.0498
2025,1,607,,,,,,
2025,2,411,159183.0,159586.0,159710.0,159643.0,159738.0,159860.0
2025,2,422,159207.0,159600.0,159400.1248,159000.1214,158840.8822,158641.9577
2025,2,428,159182.6667,159501.4917,159544.188,159528.0651,159501.4179,159476.3502
2025,2,429,159207.0,159658.073,159884.4259,159959.7091,160153.3269,160433.5245
2025,2,433,159183.0,159622.04,159673.7,159348.7,159290.3,159531.0
2025,2,463,159183.0,159653.0,160068.0,160425.0,,161305.0
2025,2,484,159207.0,159644.8193,160004.0201,160484.0322,160885.2422,161367.898
2025,2,508,,,,,,
2025,2,510,159183.0,159582.0,159790.0,160043.0,160418.0,160736.0
2025,2,518,159183.0,159662.7179,159817.6179,159785.6179,159785.9179,159908.4179
2025,2,535,159207.0,159643.0247,159921.6697,160240.5579,160639.6658,161079.6142
2025,2,549,,,,,,
2025,2,555,159183.0,159603.6667,159737.0,159682.0,159772.0,159973.6667
2025,2,563,,,,,,
2025,2,568,159183.0,160217.5497,159069.0096,158251.2192,158113.0015,158300.3344
2025,2,570,,,,,,
2025,2,572,159207.0,159326.2712,159405.8746,159565.0419,159883.2191,160281.4369
2025,2,574,159182.6667,159662.6667,160082.6667,160442.6667,160742.6667,160982.6667
2025,2,576,159207.0,159577.88,159988.35,160390.79,160793.96,161197.07
2025,2,577,159182.6667,159341.8493,159501.1912,159501.1912,159453.3408,159389.5595
2025,2,584,159183.0,159615.4519,159881.3755,160192.4693,160507.8123,160833.5766
2025,2,586,159183.0,159524.1,159874.1,160231.0,160560.8,160899.0
2025,2,587,159183.0,159483.0,159783.0,160143.0,160533.0,160923.0
2025,2,588,159183.0,159609.6667,159994.6667,160414.6667,160860.6667,161310.6667
2025,2,589,159207.0,159409.9274,159709.8846,160091.8884,160478.9581,160917.0532
2025,2,590,159182.6667,159642.0,159817.0,159792.0,159817.0,159992.0
2025,2,594,,,,,,
2025,2,595,159207.0,159507.0,159607.0,159707.0,159807.0,159907.0
2025,2,596,159207.0,160162.242,161123.2155,162089.9547,163062.4945,164040.8694
2025,2,598,159183.0,159667.0,160077.0,160467.0,160877.0,161317.0
2025,2,600,159207.0,159600.0,160000.0,160300.0,160600.0,161000.0
2025,2,603,159207.0,159737.0,160052.0,160367.0,160682.0,160997.0
2025,2,604,,,,,,
2025,2,605,,,,,,
2025,2,606,159207.0,159604.9392,160002.8785,160400.8177,160798.757,161196.6962
2025,2,607,,,,,,
2025,3,411,159450.0,159624.0,159732.0,159996.0,160246.0,160458.0
2025,3,421,159450.0,159636.0,159501.0,159633.0,159978.0,160443.0
2025,3,422,159450.3333,159590.0,159669.7352,159389.5767,159109.9097,159348.0395
2025,3,428,159450.3333,159663.4237,159799.227,159870.3245,159935.8201,159991.3742
2025,3,429,159578.0,159741.1249,159819.1903,160016.9803,160241.3725,160494.0313
2025,3,433,159450.33,159565.7,159472.33,159476.33,159677.0,159963.0
2025,3,463,159450.3333,159619.001,159793.4526,160017.7363,160255.5148,160513.0551
2025,3,484,159578.0,159937.0505,160336.8931,160737.7354,161139.5797,161542.4286
2025,3,508,,,,,,
2025,3,510,159450.3333,159603.0,159765.0,160112.0,160430.0,160720.0
2025,3,518,159450.3333,159646.405,159669.905,159780.005,160003.405,160286.205
2025,3,549,,,,,,
2025,3,563,,,,,,
2025,3,568,,,,,,
2025,3,570,,,,,,
2025,3,572,159450.0,159569.4532,159649.1782,159848.3665,160087.6015,160367.0224
2025,3,574,159450.3333,159660.3333,159840.3333,159990.3333,160110.3333,160260.3333
2025,3,576,159450.3333,159869.18,160265.74,160668.95,161071.55,161474.2
2025,3,577,159450.3333,159609.7837,159609.7837,159561.9007,159498.076,159514.0258
2025,3,584,159450.0,159660.2271,159987.9895,160384.5458,160802.4576,161225.6403
2025,3,586,159450.3333,159815.5,160172.5,160513.2,160854.7,161193.7
2025,3,587,159450.0,159720.0,160020.0,160410.0,160800.0,161250.0
2025,3,588,159450.3333,159675.3333,159960.3333,160270.3333,160635.3333,161020.3333
2025,3,589,159578.0,159719.5282,159943.4814,160087.265,160375.4883,160728.4546
2025,3,590,159450.0,159599.0,159779.0,159989.0,160264.0,160565.0
2025,3,591,159450.0,159818.0,160319.0,160806.0,161271.0,161749.0
2025,3,594,,,,,,
2025,3,595,159578.0,159728.0,159878.0,160028.0,160178.0,160378.0
2025,3,596,159578.0,161177.7695,162793.5766,164425.5822,166073.9487,167738.84
2025,3,598,159450.3333,159649.0,159959.0,160239.0,160489.0,160709.0
2025,3,603,159578.0,159749.0,160064.0,160379.0,160694.0,161009.0
2025,3,604,,,,,,
2025,3,606,159578.0,159975.9392,160373.8785,160771.8177,161169.757,161567.6962
2025,3,607,,,,,,
2025,3,608,159578.0,159878.0,160178.0,160478.0,160778.0,161078.0
2025,3,609,159450.3333,159718.1235,159884.748,159985.6024,159653.1333,159896.1402
2025,4,411,159556.0,159591.0,159804.0,160090.0,160382.0,160624.0
2025,4,421,159627.0,159492.0,159447.0,159552.0,159732.0,160017.0
2025,4,428,159617.882,159710.1847,159823.675,159907.4248,159992.5515,160084.8524
2025,4,429,159549.6674,159524.0,159702.9725,159923.3551,160156.0,160431.4576
2025,4,463,159546.0,159597.6536,159713.6488,159878.0577,160082.8114,160301.8681
2025,4,484,159540.0,159739.425,159899.1644,160139.0132,160419.2564,160740.095
2025,4,508,,,,,,
2025,4,510,159536.0,159600.0,159920.0,160237.0,160528.0,160910.0
2025,4,518,159529.3333,159479.3319,159534.0319,159599.9319,159743.9319,159914.1319
2025,4,535,159560.4465,159719.7682,159958.8106,160238.0067,160557.5258,160877.682
2025,4,549,,,,,,
2025,4,563,,,,,,
2025,4,568,159534.6401,159573.9643,159631.5834,159763.6303,160005.902,160216.9736
2025,4,570,,,,,,
2025,4,571,,,,,,
2025,4,572,159520.6608,159600.3614,159759.7229,159959.0492,160198.4498,160478.0641
2025,4,574,159531.3333,159741.3333,159921.3333,160071.3333,160191.3333,160341.3333
2025,4,576,159783.1506,160072.7982,160375.5187,160663.649,160954.0234,161516.8648
2025,4,577,159600.7747,159600.7747,159552.8944,159489.0733,159505.0222,159664.5272
2025,4,586,159809.9,160167.8,160508.2,160849.7,161188.4,161532.3
2025,4,587,159666.0,159936.0,160206.0,160506.0,160896.0,161346.0
2025,4,588,159593.3333,159648.3333,159813.3333,160014.3333,160224.3333,160440.3333
2025,4,589,159539.9933,159769.3634,160027.1759,160412.0026,160815.0635,161303.3752
2025,4,591,159529.0,160009.6838,160565.7683,161046.3023,161554.3879,162054.3448
2025,4,594,,,,,,
2025,4,595,,,,,,
2025,4,598,159543.0,159470.0,159320.0,159370.0,159620.0,160020.0
2025,4,600,159570.0,159620.0,159670.0,159740.0,159850.0,159950.0
2025,4,602,159527.935,159598.339,159730.5322,159893.7364,159992.8764,160047.975
2025,4,603,159615.0,159850.0,160145.0,160445.0,160745.0,161045.0
2025,4,607,,,,,,
2025,4,608,160422.0,160400.0,160800.0,161100.0,161400.0,161800.0
2025,4,609,159697.7253,159813.295,159819.7541,159367.4307,159493.1155,159521.7773
2026,1,411,158451.0,158630.0,158732.0,158870.0,159017.0,159147.0
2026,1,421,158451.0,158616.0,158541.0,158346.0,158466.0,158676.0
2026,1,422,158451.0,158708.1915,158866.6622,159025.2911,159184.0784,159343.0243
2026,1,428,158451.0,159623.632,159801.5705,159990.3556,160197.1373,160401.652
2026,1,429,158451.0,158681.6598,158889.5367,159127.146,159376.1079,159651.5437
2026,1,433,158451.0,159585.34,159693.34,159804.0,159915.0,160006.1
2026,1,508,,,,,,
2026,1,510,158451.0,158685.0,158863.0,158985.0,159137.0,159404.0
2026,1,518,158451.0,158543.1884,158528.0884,158541.2884,158657.9884,158874.8884
2026,1,535,158451.0,158688.1436,158965.1218,159282.1027,159599.7157,159957.6094
2026,1,549,,,,,,
2026,1,563,,,,,,
2026,1,568,,,,,,
2026,1,570,,,,,,
2026,1,571,,,,,,
2026,1,572,158451.0,158648.6935,158807.1047,158965.6742,159124.402,159322.9356
2026,1,574,158451.3333,158691.3333,158901.3333,159111.3333,159351.3333,159591.3333
2026,1,576,158451.0,158750.6534,159035.8645,159323.2969,159880.4359,160439.5231
2026,1,577,158451.0,158847.1275,159101.2829,159777.4634,160616.295,160776.9113
2026,1,584,158451.0,158735.4238,159175.5658,159630.0014,160091.2528,160532.2062
2026,1,586,158451.0,158765.7,159036.1,159318.0,159632.2,159954.0
2026,1,587,158451.0,158721.0,159021.0,159411.0,159861.0,160311.0
2026,1,588,158451.3333,158676.3333,158741.3333,158786.3333,158841.3333,158886.3333
2026,1,589,158451.0,159552.002,159742.8284,159935.1349,160088.3026,160288.7268
2026,1,590,,,,,,
2026,1,591,158451.0,158869.5705,159233.7166,159614.5094,159912.9486,160172.1761
2026,1,594,,,,,,
2026,1,595,158451.0,158751.0,158976.0,159126.0,159276.0,159426.0
2026,1,598,158451.0,158577.0,158427.0,158477.0,158727.0,159127.0
2026,1,599,158451.0,158841.0,159232.0,159623.0,160014.0,160404.0
2026,1,600,158451.0,158551.0,158661.0,159000.0,159150.0,159300.0
2026,1,603,158451.0,158777.0,158977.0,159177.0,159377.0,159602.0
2026,1,604,,,,,,
2026,1,605,,,,,,
2026,1,608,158451.0,158700.0,158900.0,159050.0,159150.0,159200.0
2026,1,609,158451.0,158596.8039,158283.7617,158533.5663,158629.3817,158706.9805
2026,1,612,158451.0,158569.7048,158728.0372,158886.5277,159045.1764,159203.9836
2026,2,411,158563.0,158708.0,158785.0,158663.0,158543.0,158467.0
2026,2,421,158563.0,158758.0,158563.0,158683.0,158893.0,159133.0
2026,2,428,158550.0,158582.7294,158645.1256,158765.23,158948.7677,159158.5713
2026,2,429,158563.0,158799.3525,159000.7199,159212.8197,159445.7069,159680.2814
2026,2,433,158562.67,158494.33,158543.0,158605.0,158674.67,158754.0
2026,2,508,,,,,,
2026,2,510,158563.0,158753.0,158875.0,159028.0,159295.0,159830.0
2026,2,518,158563.0,158670.4,158644.6,158804.1,158960.7,159126.1
2026,2,535,158563.0,158839.7598,159117.0027,159434.2864,159791.8092,160150.1337
2026,2,549,,,,,,
2026,2,563,,,,,,
2026,2,568,158550.0,158707.545,158658.8634,159000.8923,159252.4077,159538.849
2026,2,570,,,,,,
2026,2,571,,,,,,
2026,2,572,158550.0,158787.2918,158906.2485,159064.9169,159223.7438,159382.7293
2026,2,574,158562.6667,158802.6667,159012.6667,159192.6667,159402.6667,159612.6667
2026,2,577,158562.6667,158816.3669,159491.3365,160328.666,160488.9947,
2026,2,584,158550.0,158828.5872,159226.9573,159579.0792,159892.3023,160178.4295
2026,2,587,158550.0,158775.0,159045.0,159375.0,159765.0,160155.0
2026,2,588,158549.6667,158764.6667,158889.6667,158982.6667,159057.6667,159117.6667
2026,2,589,158563.0,158687.973,158803.9093,158986.9843,159122.1313,159285.3699
2026,2,590,,,,,,
2026,2,591,158563.0,159029.1541,159516.038,159977.8838,160452.7728,160969.8906
2026,2,594,,,,,,
2026,2,595,158563.0,158788.0,159013.0,159238.0,159463.0,159688.0
2026,2,596,158563.0,159276.5335,159993.2779,160713.2477,161436.4573,162162.9213
2026,2,598,158563.0,158537.0,158587.0,158837.0,159237.0,159787.0
2026,2,602,158563.0,158847.0837,159058.4042,159224.7954,159346.4852,159468.404
2026,2,603,158563.0,158886.0,159086.0,159286.0,159511.0,159736.0
2026,2,604,,,,,,
2026,2,605,,,,,,
2026,2,609,158563.0,158706.8885,159339.9225,159842.9132,160321.1597,160525.6936
2026,2,612,158563.0,158720.0,158810.0,158900.0,159000.0,159090.0
2026,3,411,158903.0,159081.0,159196.0,159250.0,159335.0,159464.0
2026,3,428,158846.6667,159014.911,159143.7122,159263.0999,159426.9934,159604.0124
2026,3,429,158903.0,158979.3626,159206.8433,159422.456,159663.8053,159903.2325
2026,3,433,158847.0,158945.0,159104.3,159209.3,159286.0,159361.0
2026,3,508,,,,,,
2026,3,510,158903.0,159104.0,159301.0,159568.0,160104.0,160547.0
2026,3,518,158903.0,158934.4384,158858.0384,158754.0384,158822.8384,158966.6384
2026,3,535,158903.0,158982.392,159259.8838,159617.0155,159974.948,160333.6832
2026,3,549,,,,,,
2026,3,563,,,,,,
2026,3,568,158903.0,159548.0965,159711.7465,160014.9391,160133.7598,160460.1582
2026,3,570,,,,,,
2026,3,571,,,,,,
2026,3,572,158847.0,158926.364,159085.0525,159243.8995,159402.9051,159562.0695
2026,3,574,158846.6667,159026.6667,159206.6667,159356.6667,159506.6667,159686.6667
2026,3,577,158903.0,159578.3378,160416.124,160576.5401,160817.405,161139.0398
2026,3,584,158847.0,158974.7155,159361.0042,159677.1254,159973.9769,160272.3834
2026,3,586,158847.0,159088.5,159366.4,159647.3,159939.5,160219.6
2026,3,587,158847.0,159117.0,159447.0,159837.0,160227.0,160617.0
2026,3,588,158846.6667,158953.6667,159096.6667,159186.6667,159241.6667,159286.6667
2026,3,589,158903.0,159246.7957,159460.0525,159576.4465,159771.3165,159896.0571
2026,3,591,158903.0,158858.0,159353.0397,159863.9653,160350.4584,160826.9441
2026,3,594,,,,,,
2026,3,595,158903.0,159053.0,159203.0,159353.0,159503.0,159653.0
2026,3,598,158903.0,159134.0,159309.0,159559.0,159959.0,160509.0
2026,3,602,158903.0,159171.4502,159386.8737,159595.2303,159786.4716,159963.3865
2026,3,603,158847.0,158948.0,159218.0,159488.0,159758.0,160028.0
2026,3,604,,,,,,
2026,3,605,,,,,,
2026,3,608,158903.0,159064.0,159174.0,159284.0,159359.0,159434.0
2026,3,609,158903.0,159128.0,159353.0,159578.0,159803.0,160028.0
2026,3,612,158903.0,158930.0,158990.0,159060.0,159130.0,159200.0
