YEAR,QUARTER,ID,RECESS1,RECESS2,RECESS3,RECESS4,RECESS5
2000,1,20,0.0,0.0,0.0,0.0,0.0
2000,1,40,,,,,
2000,1,65,0.0,5.0,10.0,15.0,20.0
2000,1,84,0.0,2.0,5.0,10.0,15.0
2000,1,94,15.0,10.0,15.0,20.0,20.0
2000,1,407,5.0,5.0,5.0,5.0,10.0
2000,1,411,0.0,2.0,10.0,10.0,10.0
2000,1,414,0.0,5.0,10.0,20.0,30.0
2000,1,420,5.0,5.0,5.0,5.0,10.0
2000,1,421,20.0,20.0,25.0,30.0,35.0
2000,1,426,30.0,25.0,25.0,30.0,30.0
2000,1,428,0.0,10.0,15.0,20.0,25.0
2000,1,429,,,,,
2000,1,431,35.0,15.0,15.0,15.0,15.0
2000,1,433,0.0,0.0,10.0,15.0,15.0
2000,1,456,0.0,1.0,5.0,5.0,10.0
2000,1,463,0.0,5.0,8.0,10.0,12.0
2000,1,464,2.0,3.0,10.0,15.0,20.0
2000,1,465,0.0,0.0,0.0,0.0,0.0
2000,1,469,0.0,10.0,15.0,25.0,25.0
2000,1,470,0.0,0.0,0.0,0.0,25.0
2000,1,472,0.0,0.0,0.0,0.0,5.0
2000,1,481,0.0,5.0,10.0,15.0,15.0
2000,1,484,15.0,9.0,10.0,10.0,15.0
2000,1,486,0.0,15.0,15.0,15.0,15.0
2000,1,498,,,,,
2000,1,499,0.0,10.0,20.0,25.0,30.0
2000,1,500,3.0,5.0,10.0,10.0,10.0
2000,1,501,10.0,10.0,15.0,20.0,25.0
2000,1,504,5.0,20.0,25.0,30.0,35.0
2000,1,506,11.0,2.0,3.0,4.0,6.0
2000,1,507,5.0,5.0,3.0,10.0,15.0
2000,1,508,5.0,10.0,15.0,15.0,15.0
2000,1,510,0.0,0.0,0.0,10.0,20.0
2000,1,512,0.0,0.0,0.0,0.0,20.0
2000,1,513,5.0,5.0,5.0,20.0,20.0
2000,2,20,0.0,0.0,0.0,0.0,0.0
2000,2,65,0.0,0.0,5.0,15.0,25.0
2000,2,84,0.0,1.0,5.0,10.0,15.0
2000,2,407,5.0,5.0,5.0,10.0,10.0
2000,2,420,5.0,5.0,5.0,10.0,10.0
2000,2,421,1.0,10.0,30.0,40.0,40.0
2000,2,423,1.0,2.0,3.0,6.0,8.0
2000,2,426,5.0,10.0,15.0,20.0,25.0
2000,2,428,5.0,10.0,15.0,15.0,20.0
2000,2,431,,,,,
2000,2,433,0.0,10.0,20.0,20.0,20.0
2000,2,439,0.0,5.0,15.0,15.0,15.0
2000,2,446,0.0,10.0,20.0,40.0,40.0
2000,2,456,0.0,5.0,10.0,15.0,20.0
2000,2,458,0.0,0.0,5.0,5.0,10.0
2000,2,463,0.0,2.0,10.0,18.0,28.0
2000,2,465,0.0,0.0,0.0,0.0,0.0
2000,2,469,0.0,0.0,10.0,20.0,25.0
2000,2,472,0.0,0.0,10.0,30.0,50.0
2000,2,475,5.0,5.0,10.0,15.0,20.0
2000,2,483,5.0,10.0,14.0,20.0,25.0
2000,2,484,6.0,8.0,8.0,12.0,9.0
2000,2,486,0.0,0.0,0.0,10.0,15.0
2000,2,497,1.0,2.0,10.0,15.0,20.0
2000,2,498,,,,,
2000,2,500,,,,,
2000,2,501,1.0,10.0,20.0,25.0,25.0
2000,2,502,0.0,0.0,5.0,20.0,20.0
2000,2,506,1.0,4.0,4.0,5.0,6.0
2000,2,507,0.0,5.0,5.0,10.0,15.0
2000,2,508,5.0,10.0,15.0,15.0,15.0
2000,2,510,0.0,0.0,0.0,20.0,10.0
2000,2,512,0.0,10.0,10.0,10.0,10.0
2000,2,513,5.0,5.0,5.0,10.0,10.0
2000,3,20,0.0,0.0,0.0,5.0,5.0
2000,3,40,,,,,
2000,3,65,10.0,15.0,20.0,25.0,30.0
2000,3,84,1.0,2.0,10.0,15.0,20.0
2000,3,407,0.0,0.0,5.0,5.0,5.0
2000,3,420,5.0,5.0,10.0,10.0,10.0
2000,3,421,0.5,20.0,35.0,40.0,40.0
2000,3,423,1.0,1.0,4.0,6.0,8.0
2000,3,426,10.0,15.0,20.0,25.0,35.0
2000,3,428,10.0,15.0,20.0,20.0,25.0
2000,3,431,10.0,20.0,20.0,20.0,20.0
2000,3,433,0.0,0.0,5.0,10.0,10.0
2000,3,446,0.0,0.0,15.0,30.0,40.0
2000,3,456,5.0,10.0,15.0,15.0,15.0
2000,3,463,0.0,5.0,15.0,15.0,18.0
2000,3,464,2.0,3.0,5.0,10.0,10.0
2000,3,472,0.0,5.0,10.0,10.0,15.0
2000,3,475,5.0,5.0,10.0,10.0,15.0
2000,3,484,4.0,4.0,8.0,8.0,8.0
2000,3,485,10.0,10.0,10.0,10.0,10.0
2000,3,497,1.0,2.0,10.0,10.0,10.0
2000,3,498,,,,,
2000,3,499,3.0,3.0,15.0,20.0,20.0
2000,3,500,0.0,0.0,5.0,5.0,5.0
2000,3,501,1.0,15.0,20.0,25.0,25.0
2000,3,502,0.0,5.0,10.0,15.0,15.0
2000,3,504,5.0,15.0,20.0,22.5,25.0
2000,3,506,0.0,1.0,5.0,10.0,15.0
2000,3,507,0.0,10.0,15.0,15.0,15.0
2000,3,508,5.0,10.0,15.0,15.0,15.0
2000,3,510,0.0,0.0,30.0,30.0,30.0
2000,3,512,0.0,0.0,10.0,10.0,10.0
2000,4,20,0.0,0.0,0.0,0.0,0.0
2000,4,40,,,,,
2000,4,65,0.0,5.0,15.0,20.0,25.0
2000,4,84,1.0,10.0,15.0,20.0,20.0
2000,4,99,0.0,0.0,2.0,5.0,8.0
2000,4,407,0.0,5.0,5.0,5.0,5.0
2000,4,411,0.0,2.0,10.0,10.0,10.0
2000,4,420,5.0,5.0,10.0,10.0,10.0
2000,4,421,1.0,20.0,25.0,30.0,25.0
2000,4,423,1.0,1.0,5.0,12.0,17.0
2000,4,426,10.0,15.0,20.0,25.0,25.0
2000,4,428,10.0,15.0,20.0,20.0,20.0
2000,4,431,30.0,30.0,30.0,30.0,30.0
2000,4,433,0.0,10.0,20.0,20.0,20.0
2000,4,439,20.0,20.0,20.0,10.0,10.0
2000,4,446,0.0,0.0,20.0,35.0,45.0
2000,4,456,0.0,1.0,5.0,10.0,10.0
2000,4,463,0.0,10.0,15.0,18.0,22.0
2000,4,465,25.0,40.0,50.0,40.0,30.0
2000,4,475,0.0,5.0,10.0,15.0,20.0
2000,4,483,5.0,20.0,25.0,30.0,35.0
2000,4,485,0.0,25.0,50.0,50.0,25.0
2000,4,488,5.0,15.0,20.0,30.0,35.0
2000,4,497,1.0,2.0,10.0,10.0,10.0
2000,4,498,,,,,
2000,4,499,0.0,5.0,10.0,15.0,15.0
2000,4,500,0.0,3.0,5.0,5.0,5.0
2000,4,501,2.0,15.0,20.0,25.0,25.0
2000,4,502,0.0,20.0,25.0,35.0,50.0
2000,4,504,1.0,5.0,10.0,15.0,
2000,4,506,2.0,8.0,12.0,12.0,10.0
2000,4,508,12.0,12.0,10.0,8.0,8.0
2000,4,510,0.0,20.0,40.0,20.0,20.0
2000,4,512,0.0,5.0,5.0,5.0,5.0
2001,1,20,0.0,0.1,5.0,5.0,5.0
2001,1,40,,,,,
2001,1,65,33.0,15.0,5.0,0.0,0.0
2001,1,84,45.0,45.0,35.0,35.0,
2001,1,94,30.0,40.0,40.0,20.0,10.0
2001,1,99,21.0,14.0,9.0,6.0,4.0
2001,1,411,0.0,2.0,10.0,10.0,10.0
2001,1,421,50.0,40.0,30.0,20.0,20.0
2001,1,423,21.0,9.0,18.0,25.0,26.0
2001,1,428,45.0,35.0,25.0,20.0,15.0
2001,1,429,,,,,
2001,1,431,40.0,25.0,20.0,20.0,20.0
2001,1,433,35.0,20.0,10.0,10.0,10.0
2001,1,439,30.0,20.0,10.0,10.0,10.0
2001,1,446,25.0,35.0,30.0,20.0,5.0
2001,1,456,50.0,40.0,30.0,20.0,15.0
2001,1,463,40.0,30.0,20.0,15.0,15.0
2001,1,465,80.0,70.0,40.0,30.0,10.0
2001,1,472,30.0,20.0,10.0,5.0,0.0
2001,1,475,60.0,50.0,20.0,20.0,10.0
2001,1,483,67.0,55.0,40.0,35.0,30.0
2001,1,484,25.0,18.0,16.0,11.0,9.0
2001,1,485,60.0,70.0,40.0,20.0,10.0
2001,1,497,,,,,
2001,1,498,,,,,
2001,1,499,45.0,50.0,35.0,30.0,30.0
2001,1,500,50.0,30.0,20.0,10.0,5.0
2001,1,502,50.0,35.0,20.0,10.0,20.0
2001,1,504,35.0,25.0,20.0,,
2001,1,506,40.0,30.0,25.0,25.0,25.0
2001,1,507,40.0,33.0,25.0,25.0,25.0
2001,1,508,25.0,25.0,10.0,0.0,0.0
2001,1,510,0.0,50.0,50.0,50.0,0.0
2001,1,512,30.0,20.0,10.0,10.0,10.0
2001,1,516,30.0,30.0,25.0,20.0,20.0
2001,2,20,5.0,5.0,5.0,5.0,5.0
2001,2,40,,,,,
2001,2,65,75.0,25.0,5.0,0.0,0.0
2001,2,84,35.0,25.0,25.0,25.0,25.0
2001,2,94,30.0,30.0,30.0,20.0,20.0
2001,2,407,30.0,80.0,80.0,25.0,10.0
2001,2,411,0.0,2.0,10.0,10.0,10.0
2001,2,421,35.0,30.0,20.0,20.0,20.0
2001,2,423,28.0,38.0,43.0,41.0,41.0
2001,2,428,50.0,50.0,40.0,30.0,20.0
2001,2,429,,,,,
2001,2,431,40.0,30.0,20.0,15.0,15.0
2001,2,433,35.0,20.0,20.0,20.0,20.0
2001,2,446,10.0,25.0,15.0,15.0,10.0
2001,2,456,10.0,20.0,30.0,30.0,20.0
2001,2,463,,,,,
2001,2,465,60.0,50.0,20.0,20.0,10.0
2001,2,472,40.0,10.0,0.0,0.0,0.0
2001,2,484,35.0,22.0,18.0,11.0,9.0
2001,2,485,40.0,30.0,10.0,5.0,5.0
2001,2,497,40.0,20.0,10.0,10.0,10.0
2001,2,498,,,,,
2001,2,499,20.0,15.0,30.0,30.0,30.0
2001,2,500,25.0,20.0,15.0,10.0,10.0
2001,2,502,,,,,
2001,2,504,0.0,25.0,15.0,10.0,5.0
2001,2,506,45.0,45.0,40.0,35.0,30.0
2001,2,507,45.0,25.0,10.0,5.0,5.0
2001,2,508,25.0,20.0,10.0,10.0,10.0
2001,2,510,50.0,50.0,50.0,50.0,0.0
2001,2,512,0.0,40.0,40.0,20.0,5.0
2001,2,516,40.0,30.0,20.0,10.0,10.0
2001,2,518,35.0,25.0,25.0,15.0,10.0
2001,3,20,0.1,0.0,0.0,0.0,0.0
2001,3,40,,,,,
2001,3,65,25.0,15.0,5.0,0.0,0.0
2001,3,84,25.0,10.0,15.0,20.0,20.0
2001,3,99,22.0,17.0,13.0,11.0,9.0
2001,3,407,70.0,40.0,20.0,10.0,10.0
2001,3,411,10.0,5.0,5.0,5.0,5.0
2001,3,420,30.0,20.0,10.0,10.0,10.0
2001,3,421,45.0,35.0,25.0,20.0,15.0
2001,3,426,45.0,35.0,20.0,20.0,15.0
2001,3,428,50.0,40.0,30.0,20.0,10.0
2001,3,429,,,,,
2001,3,431,35.0,35.0,30.0,25.0,25.0
2001,3,433,30.0,25.0,25.0,25.0,25.0
2001,3,439,25.0,20.0,15.0,10.0,10.0
2001,3,456,,,,,
2001,3,463,30.0,30.0,30.0,20.0,20.0
2001,3,465,50.0,40.0,30.0,20.0,10.0
2001,3,483,45.0,35.0,30.0,25.0,25.0
2001,3,484,31.0,23.0,11.0,9.0,9.0
2001,3,485,10.0,40.0,45.0,30.0,50.0
2001,3,488,40.0,25.0,20.0,20.0,20.0
2001,3,498,,,,,
2001,3,499,20.0,30.0,30.0,20.0,20.0
2001,3,500,30.0,20.0,10.0,10.0,10.0
2001,3,502,40.0,30.0,20.0,20.0,10.0
2001,3,504,30.0,10.0,15.0,10.0,5.0
2001,3,507,40.0,30.0,25.0,25.0,25.0
2001,3,508,25.0,25.0,10.0,0.0,0.0
2001,3,510,30.0,30.0,30.0,30.0,30.0
2001,3,512,95.0,25.0,20.0,10.0,10.0
2001,3,516,40.0,40.0,30.0,20.0,10.0
2001,3,518,35.0,25.0,20.0,15.0,15.0
2001,4,20,0.1,0.1,0.1,0.0,0.0
2001,4,40,,,,,
2001,4,65,100.0,50.0,20.0,10.0,0.0
2001,4,84,60.0,30.0,30.0,35.0,40.0
2001,4,407,90.0,45.0,25.0,10.0,10.0
2001,4,411,100.0,50.0,5.0,5.0,5.0
2001,4,420,100.0,40.0,10.0,10.0,5.0
2001,4,423,45.0,25.0,30.0,15.0,20.0
2001,4,426,90.0,80.0,75.0,55.0,45.0
2001,4,428,90.0,50.0,35.0,20.0,15.0
2001,4,429,90.0,40.0,20.0,10.0,5.0
2001,4,433,100.0,50.0,30.0,30.0,30.0
2001,4,446,100.0,75.0,50.0,10.0,10.0
2001,4,456,99.0,70.0,50.0,30.0,10.0
2001,4,463,80.0,40.0,30.0,25.0,25.0
2001,4,472,95.0,25.0,0.0,0.0,0.0
2001,4,485,90.0,50.0,30.0,20.0,10.0
2001,4,488,,,,,
2001,4,497,40.0,20.0,10.0,10.0,10.0
2001,4,498,95.0,80.0,30.0,10.0,10.0
2001,4,499,80.0,65.0,40.0,30.0,15.0
2001,4,504,50.0,50.0,10.0,5.0,
2001,4,506,,,,,
2001,4,507,60.0,40.0,30.0,25.0,30.0
2001,4,508,100.0,50.0,30.0,25.0,20.0
2001,4,512,100.0,65.0,10.0,10.0,10.0
2001,4,516,,,,,
2001,4,518,100.0,80.0,60.0,50.0,50.0
2001,4,519,90.0,50.0,20.0,10.0,0.0
2002,1,20,0.1,0.1,0.1,0.0,0.0
2002,1,40,,,,,
2002,1,65,0.0,45.0,25.0,0.0,0.0
2002,1,84,20.0,15.0,15.0,15.0,25.0
2002,1,99,13.0,10.0,8.0,8.0,7.0
2002,1,407,35.0,20.0,5.0,5.0,5.0
2002,1,411,10.0,5.0,5.0,5.0,5.0
2002,1,421,25.0,20.0,20.0,20.0,20.0
2002,1,423,24.8,36.3,31.1,36.6,35.7
2002,1,426,40.0,30.0,20.0,20.0,20.0
2002,1,428,30.0,25.0,20.0,15.0,10.0
2002,1,429,,,,,
2002,1,431,38.0,38.0,30.0,25.0,25.0
2002,1,433,25.0,20.0,20.0,20.0,20.0
2002,1,439,10.0,15.0,20.0,20.0,10.0
2002,1,446,50.0,40.0,10.0,10.0,10.0
2002,1,463,40.0,30.0,20.0,20.0,20.0
2002,1,465,50.0,30.0,20.0,10.0,10.0
2002,1,483,50.0,45.0,40.0,35.0,30.0
2002,1,484,65.0,45.0,35.0,30.0,25.0
2002,1,485,75.0,75.0,25.0,25.0,10.0
2002,1,498,,,,,
2002,1,499,40.0,55.0,25.0,10.0,10.0
2002,1,500,10.0,20.0,10.0,0.0,0.0
2002,1,502,50.0,35.0,20.0,10.0,5.0
2002,1,507,45.0,35.0,30.0,30.0,25.0
2002,1,508,5.0,8.0,5.0,3.0,3.0
2002,1,510,0.0,5.0,10.0,5.0,5.0
2002,1,512,90.0,80.0,50.0,20.0,20.0
2002,1,516,50.0,30.0,10.0,5.0,3.0
2002,1,517,0.0,50.0,50.0,0.0,0.0
2002,1,518,80.0,30.0,20.0,20.0,20.0
2002,1,519,20.0,25.0,20.0,20.0,20.0
2002,1,520,15.0,5.0,5.0,5.0,5.0
2002,1,521,45.0,20.0,20.0,10.0,10.0
2002,2,20,0.1,0.1,0.1,0.1,0.1
2002,2,40,,,,,
2002,2,65,0.0,25.0,15.0,5.0,0.0
2002,2,84,2.0,4.0,6.0,10.0,10.0
2002,2,99,0.0,1.0,2.0,4.0,5.0
2002,2,405,10.0,20.0,10.0,10.0,10.0
2002,2,407,5.0,5.0,5.0,5.0,5.0
2002,2,420,10.0,5.0,5.0,5.0,5.0
2002,2,421,10.0,10.0,10.0,10.0,10.0
2002,2,423,,,,,
2002,2,426,10.0,15.0,15.0,20.0,20.0
2002,2,428,30.0,30.0,25.0,20.0,15.0
2002,2,429,,,,,
2002,2,431,,,,,
2002,2,433,10.0,20.0,20.0,20.0,20.0
2002,2,439,20.0,20.0,15.0,10.0,10.0
2002,2,446,0.0,20.0,20.0,10.0,10.0
2002,2,456,0.0,5.0,10.0,10.0,10.0
2002,2,463,2.0,8.0,15.0,15.0,15.0
2002,2,465,60.0,50.0,40.0,30.0,20.0
2002,2,472,30.0,10.0,5.0,0.0,0.0
2002,2,483,50.0,40.0,35.0,30.0,25.0
2002,2,484,21.0,17.0,14.0,11.0,18.0
2002,2,485,15.0,25.0,10.0,5.0,5.0
2002,2,497,20.0,10.0,10.0,5.0,5.0
2002,2,500,0.0,5.0,5.0,0.0,0.0
2002,2,502,20.0,10.0,5.0,5.0,5.0
2002,2,504,,,,,
2002,2,507,20.0,35.0,30.0,20.0,20.0
2002,2,508,5.0,3.0,3.0,3.0,5.0
2002,2,510,0.0,0.0,0.0,0.0,0.0
2002,2,512,0.0,10.0,10.0,10.0,10.0
2002,2,516,10.0,5.0,2.0,2.0,2.0
2002,2,518,20.0,20.0,10.0,10.0,10.0
2002,2,519,5.0,10.0,15.0,15.0,15.0
2002,2,520,10.0,20.0,10.0,0.0,0.0
2002,2,521,15.0,2.0,2.0,2.0,2.0
2002,3,20,5.0,5.0,5.0,5.0,5.0
2002,3,40,,,,,
2002,3,84,1.0,10.0,15.0,15.0,10.0
2002,3,99,0.0,14.0,19.0,26.0,18.0
2002,3,405,20.0,30.0,30.0,20.0,20.0
2002,3,407,5.0,10.0,5.0,5.0,5.0
2002,3,411,5.0,10.0,5.0,5.0,5.0
2002,3,420,10.0,15.0,10.0,10.0,10.0
2002,3,421,10.0,15.0,15.0,15.0,15.0
2002,3,426,40.0,40.0,35.0,35.0,30.0
2002,3,428,35.0,30.0,25.0,20.0,15.0
2002,3,429,,,,,
2002,3,433,10.0,10.0,10.0,10.0,10.0
2002,3,439,20.0,20.0,10.0,10.0,10.0
2002,3,446,0.0,10.0,15.0,30.0,30.0
2002,3,448,,,,,
2002,3,456,10.0,25.0,25.0,25.0,25.0
2002,3,463,,,,,
2002,3,465,45.0,45.0,40.0,35.0,30.0
2002,3,483,50.0,45.0,40.0,35.0,30.0
2002,3,484,45.0,32.0,21.0,11.0,11.0
2002,3,497,,,,,
2002,3,498,,,,,
2002,3,500,5.0,10.0,5.0,0.0,0.0
2002,3,502,,,,,
2002,3,504,5.0,10.0,15.0,15.0,16.0
2002,3,507,15.0,20.0,20.0,15.0,10.0
2002,3,508,15.0,20.0,15.0,10.0,10.0
2002,3,510,0.0,0.0,10.0,10.0,10.0
2002,3,512,0.0,5.0,5.0,5.0,0.0
2002,3,516,0.0,10.0,10.0,8.0,5.0
2002,3,518,20.0,20.0,20.0,20.0,20.0
2002,3,519,10.0,15.0,15.0,20.0,20.0
2002,3,520,20.0,20.0,5.0,5.0,5.0
2002,3,521,25.0,25.0,15.0,15.0,10.0
2002,4,20,0.0,0.0,0.0,0.0,0.0
2002,4,40,,,,,
2002,4,65,50.0,40.0,30.0,20.0,10.0
2002,4,84,20.0,15.0,15.0,20.0,20.0
2002,4,99,0.0,2.0,3.0,3.0,3.0
2002,4,405,20.0,30.0,30.0,30.0,30.0
2002,4,407,20.0,35.0,15.0,10.0,5.0
2002,4,421,20.0,10.0,10.0,10.0,10.0
2002,4,423,,,,,
2002,4,426,45.0,55.0,50.0,43.0,60.0
2002,4,428,40.0,35.0,30.0,25.0,20.0
2002,4,429,,,,,
2002,4,431,45.0,39.0,33.0,25.0,20.0
2002,4,433,30.0,20.0,20.0,20.0,20.0
2002,4,439,20.0,20.0,10.0,10.0,10.0
2002,4,446,20.0,40.0,20.0,10.0,10.0
2002,4,448,30.0,20.0,10.0,10.0,10.0
2002,4,463,10.0,10.0,15.0,15.0,15.0
2002,4,465,40.0,40.0,40.0,30.0,20.0
2002,4,472,20.0,5.0,5.0,5.0,5.0
2002,4,485,,,,,
2002,4,497,,,,,
2002,4,498,30.0,20.0,10.0,10.0,10.0
2002,4,500,30.0,20.0,10.0,0.0,0.0
2002,4,504,35.0,25.0,15.0,10.0,5.0
2002,4,506,,,,,
2002,4,507,35.0,30.0,25.0,15.0,15.0
2002,4,508,15.0,15.0,10.0,10.0,10.0
2002,4,510,0.0,0.0,0.0,10.0,10.0
2002,4,512,45.0,40.0,20.0,20.0,10.0
2002,4,516,25.0,15.0,20.0,20.0,20.0
2002,4,518,30.0,30.0,30.0,10.0,10.0
2002,4,519,,,,,
2002,4,520,30.0,35.0,25.0,20.0,20.0
2002,4,521,40.0,30.0,15.0,10.0,5.0
2003,1,20,0.0,0.0,0.0,0.0,0.0
2003,1,40,,,,,
2003,1,65,5.0,4.0,3.0,2.0,1.0
2003,1,99,0.0,3.0,5.0,8.0,9.0
2003,1,405,20.0,20.0,10.0,10.0,10.0
2003,1,407,10.0,10.0,5.0,5.0,5.0
2003,1,411,5.0,15.0,10.0,10.0,10.0
2003,1,420,5.0,10.0,10.0,5.0,5.0
2003,1,421,10.0,25.0,20.0,10.0,10.0
2003,1,426,80.0,60.0,60.0,55.0,60.0
2003,1,428,35.0,30.0,25.0,20.0,15.0
2003,1,429,,,,,
2003,1,431,20.0,20.0,15.0,10.0,10.0
2003,1,433,20.0,20.0,20.0,20.0,20.0
2003,1,439,0.0,10.0,15.0,15.0,15.0
2003,1,446,0.0,10.0,20.0,10.0,10.0
2003,1,456,5.0,20.0,20.0,10.0,10.0
2003,1,463,10.0,15.0,18.0,22.0,22.0
2003,1,465,50.0,40.0,40.0,30.0,30.0
2003,1,483,50.0,55.0,50.0,45.0,40.0
2003,1,484,71.0,41.0,31.0,21.0,11.0
2003,1,485,25.0,50.0,10.0,0.0,0.0
2003,1,497,25.0,20.0,10.0,5.0,5.0
2003,1,498,10.0,20.0,30.0,20.0,10.0
2003,1,500,0.0,10.0,10.0,5.0,0.0
2003,1,502,20.0,20.0,10.0,5.0,5.0
2003,1,504,20.0,35.0,15.0,10.0,5.0
2003,1,506,,,,,
2003,1,507,30.0,30.0,25.0,25.0,20.0
2003,1,510,0.0,0.0,0.0,0.0,0.0
2003,1,512,40.0,40.0,40.0,30.0,5.0
2003,1,516,15.0,14.0,13.0,12.0,10.0
2003,1,519,5.0,10.0,5.0,10.0,15.0
2003,1,520,10.0,10.0,5.0,5.0,5.0
2003,1,521,25.0,10.0,5.0,2.0,2.0
2003,1,523,32.0,25.5,24.2,22.2,12.4
2003,1,524,35.0,25.0,20.0,10.0,5.0
2003,2,20,0.0,0.0,0.0,0.0,0.0
2003,2,40,,,,,
2003,2,65,5.0,4.0,3.0,2.0,1.0
2003,2,84,15.0,20.0,25.0,25.0,25.0
2003,2,99,0.0,4.0,9.0,15.0,22.0
2003,2,407,15.0,10.0,10.0,10.0,5.0
2003,2,420,5.0,10.0,10.0,5.0,5.0
2003,2,421,15.0,15.0,15.0,15.0,15.0
2003,2,426,20.0,15.0,15.0,10.0,15.0
2003,2,428,35.0,30.0,25.0,20.0,15.0
2003,2,429,,,,,
2003,2,431,45.0,30.0,25.0,25.0,25.0
2003,2,433,10.0,10.0,10.0,10.0,10.0
2003,2,439,25.0,15.0,10.0,10.0,10.0
2003,2,446,0.0,5.0,15.0,20.0,20.0
2003,2,448,10.0,10.0,5.0,5.0,5.0
2003,2,456,45.0,25.0,20.0,10.0,10.0
2003,2,463,10.0,10.0,15.0,18.0,18.0
2003,2,483,33.0,25.0,25.0,25.0,25.0
2003,2,484,50.0,25.0,20.0,15.0,11.0
2003,2,485,75.0,25.0,15.0,5.0,5.0
2003,2,500,0.0,5.0,5.0,0.0,0.0
2003,2,504,15.0,10.0,7.0,5.0,5.0
2003,2,506,,,,,
2003,2,507,15.0,15.0,10.0,10.0,10.0
2003,2,508,15.0,10.0,7.0,5.0,2.0
2003,2,510,0.0,0.0,0.0,0.0,0.0
2003,2,512,60.0,40.0,20.0,20.0,10.0
2003,2,516,25.0,14.0,14.0,14.0,14.0
2003,2,518,20.0,20.0,20.0,10.0,10.0
2003,2,519,10.0,10.0,15.0,15.0,15.0
2003,2,520,10.0,5.0,5.0,5.0,5.0
2003,2,521,35.0,10.0,10.0,5.0,5.0
2003,2,523,,,,,
2003,2,525,10.0,10.0,10.0,5.0,5.0
2003,3,20,0.0,0.0,0.0,0.0,0.0
2003,3,40,,,,,
2003,3,65,0.0,0.0,0.0,5.0,10.0
2003,3,84,0.0,1.0,5.0,5.0,5.0
2003,3,405,5.0,10.0,15.0,15.0,10.0
2003,3,407,5.0,5.0,5.0,5.0,5.0
2003,3,411,2.0,2.0,5.0,7.0,10.0
2003,3,420,5.0,10.0,10.0,5.0,5.0
2003,3,421,15.0,15.0,15.0,15.0,15.0
2003,3,426,10.0,15.0,15.0,20.0,20.0
2003,3,428,10.0,10.0,15.0,15.0,15.0
2003,3,429,,,,,
2003,3,433,0.0,5.0,10.0,10.0,10.0
2003,3,446,5.0,5.0,5.0,10.0,10.0
2003,3,448,0.0,0.0,5.0,5.0,5.0
2003,3,483,5.0,10.0,20.0,20.0,20.0
2003,3,484,16.0,16.0,16.0,12.0,11.0
2003,3,485,0.0,0.0,5.0,5.0,5.0
2003,3,498,0.0,0.0,0.0,0.0,0.0
2003,3,502,10.0,15.0,20.0,25.0,30.0
2003,3,504,1.0,5.0,5.0,6.0,7.0
2003,3,506,,,,,
2003,3,507,5.0,10.0,10.0,15.0,15.0
2003,3,510,0.0,0.0,0.0,0.0,0.0
2003,3,512,10.0,10.0,5.0,5.0,5.0
2003,3,518,20.0,10.0,10.0,10.0,10.0
2003,3,519,5.0,10.0,15.0,15.0,15.0
2003,3,520,5.0,10.0,10.0,10.0,10.0
2003,3,524,0.0,5.0,5.0,5.0,5.0
2003,3,526,,,,,
2003,4,20,0.0,0.0,0.0,0.0,0.0
2003,4,40,0.0,0.0,0.0,0.0,0.0
2003,4,65,0.0,0.0,5.0,10.0,15.0
2003,4,84,0.0,1.0,5.0,5.0,5.0
2003,4,99,0.0,1.0,2.0,4.0,5.0
2003,4,405,20.0,20.0,20.0,20.0,20.0
2003,4,420,0.0,5.0,5.0,5.0,10.0
2003,4,421,0.1,10.0,10.0,10.0,10.0
2003,4,426,5.0,7.0,10.0,10.0,15.0
2003,4,428,20.0,15.0,15.0,15.0,20.0
2003,4,429,,,,,
2003,4,431,10.0,10.0,15.0,15.0,15.0
2003,4,433,0.0,10.0,20.0,20.0,20.0
2003,4,448,0.0,5.0,5.0,10.0,10.0
2003,4,456,1.0,5.0,10.0,10.0,15.0
2003,4,463,1.0,7.0,10.0,15.0,15.0
2003,4,472,0.0,2.0,4.0,5.0,5.0
2003,4,484,5.0,5.0,5.0,5.0,5.0
2003,4,485,5.0,10.0,5.0,5.0,5.0
2003,4,497,,,,,
2003,4,498,10.0,20.0,10.0,25.0,25.0
2003,4,504,10.0,5.0,6.0,8.0,0.0
2003,4,506,,,,,
2003,4,507,10.0,10.0,10.0,15.0,15.0
2003,4,508,10.0,10.0,10.0,10.0,10.0
2003,4,510,0.0,0.0,0.0,0.0,0.0
2003,4,512,0.0,0.0,10.0,10.0,10.0
2003,4,516,2.0,10.0,10.0,10.0,10.0
2003,4,518,5.0,5.0,5.0,5.0,5.0
2003,4,519,3.0,10.0,10.0,10.0,10.0
2003,4,521,2.0,5.0,8.0,10.0,15.0
2003,4,523,5.0,7.0,9.0,11.0,12.0
2003,4,524,0.0,2.0,5.0,5.0,5.0
2003,4,526,0.0,0.0,3.0,5.0,7.0
2004,1,20,0.0,0.0,0.0,0.0,0.0
2004,1,40,0.0,0.0,0.0,0.0,0.0
2004,1,99,0.0,0.0,3.0,4.0,6.0
2004,1,411,0.0,10.0,10.0,10.0,10.0
2004,1,421,5.0,5.0,10.0,15.0,15.0
2004,1,423,,,,,
2004,1,426,10.0,15.0,15.0,20.0,20.0
2004,1,428,5.0,10.0,15.0,20.0,25.0
2004,1,429,,,,,
2004,1,431,0.0,5.0,10.0,10.0,10.0
2004,1,433,0.0,5.0,5.0,5.0,10.0
2004,1,446,1.0,1.0,2.0,5.0,6.0
2004,1,448,0.0,5.0,5.0,10.0,10.0
2004,1,456,0.0,0.0,0.0,5.0,10.0
2004,1,463,1.0,5.0,8.0,10.0,12.0
2004,1,483,5.0,10.0,10.0,15.0,20.0
2004,1,484,3.0,3.0,3.0,3.0,3.0
2004,1,485,0.0,0.0,5.0,5.0,5.0
2004,1,497,,,,,
2004,1,502,0.0,0.0,0.0,10.0,15.0
2004,1,504,5.0,6.0,8.0,10.0,12.0
2004,1,506,,,,,
2004,1,507,0.0,5.0,5.0,5.0,8.0
2004,1,510,0.0,0.0,0.0,0.0,0.0
2004,1,512,5.0,5.0,5.0,5.0,5.0
2004,1,516,0.0,1.0,5.0,10.0,10.0
2004,1,518,5.0,5.0,10.0,10.0,10.0
2004,1,519,4.0,8.0,10.0,12.0,15.0
2004,1,520,5.0,10.0,10.0,10.0,10.0
2004,1,521,2.0,5.0,5.0,5.0,5.0
2004,1,523,5.0,7.0,9.0,12.0,16.0
2004,1,524,0.0,5.0,5.0,5.0,5.0
2004,2,20,0.0,0.0,0.0,0.0,0.0
2004,2,65,0.0,5.0,25.0,35.0,40.0
2004,2,84,0.0,1.0,3.0,6.0,9.0
2004,2,99,0.0,0.0,1.0,3.0,5.0
2004,2,411,0.0,10.0,10.0,10.0,10.0
2004,2,420,1.0,5.0,5.0,5.0,10.0
2004,2,421,1.0,5.0,15.0,20.0,20.0
2004,2,426,5.0,10.0,10.0,15.0,15.0
2004,2,428,0.0,5.0,10.0,15.0,20.0
2004,2,429,,,,,
2004,2,433,0.0,5.0,10.0,10.0,10.0
2004,2,446,0.0,10.0,10.0,20.0,20.0
2004,2,448,0.0,0.0,5.0,10.0,15.0
2004,2,456,0.0,0.0,5.0,5.0,5.0
2004,2,463,1.0,5.0,15.0,20.0,22.0
2004,2,472,0.0,5.0,5.0,10.0,15.0
2004,2,483,10.0,10.0,15.0,20.0,25.0
2004,2,484,2.0,3.0,3.0,3.0,6.0
2004,2,497,0.0,0.0,0.0,5.0,5.0
2004,2,498,,,,,
2004,2,504,3.0,8.0,10.0,12.0,15.0
2004,2,506,1.0,2.0,2.0,2.0,2.0
2004,2,507,0.0,2.0,5.0,5.0,5.0
2004,2,508,1.0,5.0,7.0,11.0,14.0
2004,2,510,0.0,0.0,0.0,0.0,0.0
2004,2,512,0.0,5.0,5.0,5.0,5.0
2004,2,518,5.0,5.0,10.0,10.0,10.0
2004,2,519,0.0,10.0,12.0,14.0,16.0
2004,2,520,,,,,
2004,2,521,2.0,5.0,2.0,7.0,7.0
2004,2,524,10.0,5.0,5.0,15.0,10.0
2004,2,526,0.0,0.0,2.0,4.0,5.0
2004,3,20,1.0,1.0,1.0,1.0,1.0
2004,3,40,0.0,0.0,0.0,0.0,0.0
2004,3,65,0.0,5.0,10.0,15.0,20.0
2004,3,84,1.0,5.0,7.0,10.0,15.0
2004,3,420,1.0,5.0,5.0,5.0,5.0
2004,3,421,5.0,15.0,15.0,25.0,25.0
2004,3,429,,,,,
2004,3,433,5.0,10.0,10.0,10.0,10.0
2004,3,446,10.0,10.0,15.0,20.0,20.0
2004,3,448,0.0,0.0,5.0,10.0,15.0
2004,3,456,3.0,6.0,9.0,12.0,15.0
2004,3,483,10.0,15.0,20.0,25.0,25.0
2004,3,484,5.0,4.0,5.0,6.0,7.0
2004,3,497,0.0,0.0,0.0,10.0,10.0
2004,3,498,,,,,
2004,3,504,8.0,10.0,12.0,15.0,20.0
2004,3,506,1.0,2.0,2.0,2.0,2.0
2004,3,507,5.0,10.0,10.0,15.0,15.0
2004,3,508,0.2,2.0,4.0,7.0,10.0
2004,3,510,0.0,0.0,0.0,0.0,0.0
2004,3,512,5.0,5.0,5.0,5.0,5.0
2004,3,516,3.0,10.0,10.0,15.0,15.0
2004,3,518,10.0,15.0,10.0,5.0,5.0
2004,3,519,3.0,8.0,8.0,10.0,12.0
2004,3,520,2.0,2.0,5.0,5.0,5.0
2004,3,521,5.0,5.0,10.0,10.0,10.0
2004,3,523,6.0,7.0,9.0,11.0,10.0
2004,3,524,10.0,5.0,5.0,10.0,10.0
2004,3,526,0.0,2.0,4.0,5.0,7.0
2004,3,527,10.0,20.0,20.0,20.0,20.0
2004,4,20,0.0,0.0,0.0,0.0,0.0
2004,4,65,5.0,25.0,40.0,25.0,5.0
2004,4,84,1.0,2.0,3.0,4.0,10.0
2004,4,99,0.0,1.0,3.0,5.0,7.0
2004,4,405,10.0,20.0,25.0,25.0,30.0
2004,4,411,0.0,10.0,10.0,10.0,10.0
2004,4,420,1.0,5.0,5.0,5.0,5.0
2004,4,421,1.0,10.0,15.0,15.0,15.0
2004,4,423,,,,,
2004,4,426,10.0,12.0,15.0,20.0,20.0
2004,4,428,10.0,15.0,20.0,20.0,25.0
2004,4,429,,,,,
2004,4,433,5.0,10.0,10.0,10.0,10.0
2004,4,446,5.0,15.0,20.0,20.0,25.0
2004,4,448,0.0,0.0,10.0,10.0,10.0
2004,4,456,1.0,5.0,5.0,10.0,10.0
2004,4,472,1.0,2.0,2.0,5.0,10.0
2004,4,483,10.0,15.0,20.0,25.0,30.0
2004,4,484,1.0,4.0,5.0,6.0,7.0
2004,4,497,10.0,10.0,10.0,10.0,10.0
2004,4,498,,,,,
2004,4,504,10.0,12.0,15.0,20.0,35.0
2004,4,506,0.0,2.0,2.0,2.0,2.0
2004,4,507,5.0,15.0,15.0,15.0,15.0
2004,4,508,5.0,7.0,10.0,12.0,15.0
2004,4,510,0.0,0.0,0.0,0.0,0.0
2004,4,516,5.0,15.0,15.0,15.0,15.0
2004,4,518,5.0,10.0,5.0,5.0,5.0
2004,4,520,0.0,10.0,10.0,15.0,15.0
2004,4,521,0.0,20.0,10.0,5.0,5.0
2004,4,523,0.5,4.0,8.6,10.4,12.0
2004,4,524,5.0,30.0,20.0,10.0,10.0
2004,4,526,0.0,2.0,4.0,6.0,8.0
2004,4,527,1.0,10.0,10.0,10.0,10.0
2005,1,20,0.0,0.0,0.0,0.0,0.0
2005,1,65,15.0,25.0,35.0,25.0,15.0
2005,1,99,0.0,3.0,5.0,11.0,14.0
2005,1,411,0.0,5.0,10.0,10.0,10.0
2005,1,420,1.0,5.0,5.0,5.0,5.0
2005,1,421,10.0,10.0,10.0,10.0,20.0
2005,1,426,20.0,15.0,10.0,15.0,25.0
2005,1,428,5.0,10.0,15.0,15.0,20.0
2005,1,429,,,,,
2005,1,431,1.0,5.0,15.0,15.0,15.0
2005,1,433,5.0,10.0,10.0,10.0,10.0
2005,1,446,5.0,15.0,20.0,20.0,25.0
2005,1,448,0.0,10.0,5.0,5.0,10.0
2005,1,456,1.0,5.0,5.0,10.0,10.0
2005,1,463,3.0,10.0,13.0,17.0,19.0
2005,1,472,0.5,1.0,1.5,2.0,2.5
2005,1,483,5.0,15.0,20.0,25.0,25.0
2005,1,484,2.0,3.0,5.0,7.0,9.0
2005,1,497,0.0,5.0,5.0,10.0,10.0
2005,1,498,,,,,
2005,1,502,5.0,5.0,10.0,15.0,20.0
2005,1,504,10.0,12.0,15.0,20.0,35.0
2005,1,506,2.0,2.0,3.0,3.0,4.0
2005,1,507,12.0,15.0,15.0,15.0,17.0
2005,1,508,3.0,5.0,8.0,11.0,15.0
2005,1,510,0.0,0.0,0.0,5.0,5.0
2005,1,512,5.0,5.0,10.0,10.0,10.0
2005,1,516,5.0,14.0,14.0,14.0,14.0
2005,1,518,10.0,10.0,5.0,5.0,5.0
2005,1,520,5.0,5.0,5.0,5.0,5.0
2005,1,521,2.0,2.0,5.0,5.0,5.0
2005,1,523,3.8,5.2,5.2,5.8,7.2
2005,1,524,10.0,10.0,5.0,5.0,10.0
2005,1,526,0.0,2.0,4.0,7.0,10.0
2005,1,527,0.0,0.0,5.0,5.0,10.0
2005,1,528,30.0,30.0,40.0,50.0,30.0
2005,2,20,0.0,0.0,0.0,0.0,0.0
2005,2,65,5.0,25.0,35.0,25.0,5.0
2005,2,84,0.0,1.0,5.0,10.0,15.0
2005,2,99,0.0,1.0,1.0,2.0,3.0
2005,2,411,5.0,10.0,10.0,10.0,10.0
2005,2,421,5.0,5.0,10.0,15.0,20.0
2005,2,423,10.0,15.0,20.0,20.0,22.0
2005,2,424,1.0,1.0,1.0,1.0,1.0
2005,2,428,,,,,
2005,2,431,15.0,10.0,10.0,10.0,10.0
2005,2,433,5.0,10.0,10.0,10.0,10.0
2005,2,446,10.0,15.0,20.0,25.0,25.0
2005,2,448,5.0,5.0,5.0,10.0,10.0
2005,2,456,1.0,5.0,5.0,10.0,10.0
2005,2,463,2.0,8.0,10.0,15.0,20.0
2005,2,472,2.0,2.5,3.0,3.5,4.0
2005,2,483,5.0,15.0,20.0,25.0,30.0
2005,2,484,2.0,4.0,6.0,8.0,9.0
2005,2,504,10.0,12.0,15.0,20.0,35.0
2005,2,506,2.0,3.0,3.0,4.0,4.0
2005,2,508,5.0,8.0,12.0,15.0,20.0
2005,2,510,0.0,0.0,0.0,0.0,0.0
2005,2,512,5.0,5.0,5.0,5.0,5.0
2005,2,516,15.0,15.0,15.0,15.0,15.0
2005,2,518,5.0,5.0,10.0,10.0,10.0
2005,2,519,2.0,8.0,10.0,13.0,15.0
2005,2,521,0.0,2.0,3.0,3.0,3.0
2005,2,524,10.0,10.0,20.0,20.0,20.0
2005,2,526,10.0,10.0,15.0,15.0,15.0
2005,2,527,0.0,5.0,15.0,15.0,15.0
2005,2,528,5.0,5.0,5.0,10.0,20.0
2005,2,529,5.0,5.0,10.0,10.0,10.0
2005,2,530,0.0,0.0,0.0,0.0,5.0
2005,2,531,0.0,0.0,0.0,0.0,5.0
2005,2,532,10.0,10.0,10.0,10.0,10.0
2005,2,533,5.0,10.0,15.0,15.0,15.0
2005,2,534,0.0,5.0,5.0,5.0,5.0
2005,2,535,2.0,3.0,5.0,6.0,8.0
2005,2,536,0.0,5.0,7.5,10.0,12.5
2005,2,538,1.0,2.0,3.0,4.0,5.0
2005,2,539,1.0,1.0,2.0,5.0,5.0
2005,2,541,0.0,10.0,20.0,20.0,20.0
2005,2,542,0.0,0.0,2.0,3.0,3.0
2005,2,543,0.0,0.0,5.0,5.0,5.0
2005,2,544,25.0,23.0,23.0,20.0,15.0
2005,2,545,0.0,10.0,15.0,20.0,25.0
2005,3,20,0.0,0.0,0.0,0.0,0.0
2005,3,65,0.0,5.0,10.0,25.0,30.0
2005,3,84,1.0,1.0,3.0,5.0,5.0
2005,3,407,1.0,1.0,1.0,5.0,5.0
2005,3,411,0.0,5.0,8.0,8.0,8.0
2005,3,420,1.0,1.0,5.0,5.0,5.0
2005,3,421,1.0,5.0,10.0,25.0,30.0
2005,3,423,5.0,8.0,12.0,16.0,20.0
2005,3,424,1.0,1.0,1.0,1.0,1.0
2005,3,426,10.0,15.0,20.0,25.0,25.0
2005,3,428,0.0,5.0,10.0,15.0,20.0
2005,3,429,,,,,
2005,3,431,0.0,5.0,10.0,15.0,15.0
2005,3,433,0.0,10.0,10.0,10.0,10.0
2005,3,446,5.0,10.0,20.0,25.0,30.0
2005,3,448,0.0,5.0,5.0,10.0,10.0
2005,3,456,1.0,1.0,5.0,10.0,10.0
2005,3,463,3.0,8.0,15.0,16.0,17.0
2005,3,472,0.0,1.0,5.0,10.0,15.0
2005,3,483,5.0,25.0,30.0,35.0,40.0
2005,3,484,2.0,4.0,6.0,8.0,9.0
2005,3,497,1.0,5.0,8.0,10.0,15.0
2005,3,504,12.0,15.0,17.0,20.0,25.0
2005,3,506,0.0,2.0,3.0,3.0,4.0
2005,3,507,0.0,5.0,15.0,20.0,15.0
2005,3,508,2.0,5.0,6.0,10.0,13.0
2005,3,510,0.0,0.0,10.0,10.0,20.0
2005,3,512,5.0,5.0,10.0,10.0,10.0
2005,3,516,1.0,15.0,15.0,15.0,15.0
2005,3,518,5.0,5.0,10.0,10.0,15.0
2005,3,519,0.0,5.0,10.0,15.0,20.0
2005,3,520,3.0,3.0,5.0,5.0,5.0
2005,3,521,1.0,1.0,2.0,5.0,5.0
2005,3,523,7.0,9.0,12.0,13.0,14.0
2005,3,524,10.0,10.0,20.0,20.0,20.0
2005,3,526,3.0,7.0,15.0,15.0,15.0
2005,3,527,0.0,5.0,15.0,20.0,25.0
2005,3,528,,,,,
2005,3,529,10.0,20.0,30.0,30.0,30.0
2005,3,531,0.0,0.0,0.0,0.0,1.0
2005,3,532,5.0,5.0,10.0,10.0,10.0
2005,3,533,0.0,5.0,10.0,15.0,20.0
2005,3,535,0.0,0.0,3.0,5.0,8.0
2005,3,536,0.0,5.0,10.0,12.5,15.0
2005,3,537,0.0,0.0,0.0,0.0,0.0
2005,3,538,3.0,5.0,8.0,10.0,10.0
2005,3,539,1.0,1.0,5.0,10.0,10.0
2005,3,541,0.0,5.0,10.0,12.0,15.0
2005,3,542,0.0,1.0,2.0,5.0,5.0
2005,3,543,0.0,0.0,0.0,0.0,0.0
2005,3,544,5.0,8.0,10.0,13.0,15.0
2005,3,546,1.0,3.0,5.0,7.0,10.0
2005,3,548,2.0,5.0,10.0,15.0,15.0
2005,4,20,0.0,0.0,0.0,0.0,0.0
2005,4,65,5.0,10.0,15.0,10.0,5.0
2005,4,84,1.0,1.0,2.0,6.0,10.0
2005,4,99,0.0,1.0,3.0,5.0,8.0
2005,4,411,0.0,0.0,0.0,2.5,5.0
2005,4,420,1.0,1.0,5.0,5.0,5.0
2005,4,421,20.0,15.0,10.0,20.0,20.0
2005,4,422,5.0,10.0,10.0,10.0,5.0
2005,4,424,1.0,1.0,1.0,1.0,1.0
2005,4,426,35.0,20.0,25.0,25.0,30.0
2005,4,428,,,,,
2005,4,429,,,,,
2005,4,431,25.0,15.0,20.0,25.0,25.0
2005,4,433,5.0,5.0,5.0,5.0,5.0
2005,4,446,5.0,10.0,20.0,25.0,30.0
2005,4,448,20.0,10.0,5.0,6.0,7.0
2005,4,456,1.0,5.0,5.0,5.0,10.0
2005,4,463,1.0,15.0,15.0,20.0,20.0
2005,4,472,2.0,7.0,15.0,20.0,25.0
2005,4,483,30.0,25.0,30.0,35.0,40.0
2005,4,484,8.0,8.0,8.0,8.0,8.0
2005,4,497,,,,,
2005,4,504,20.0,15.0,15.0,17.0,25.0
2005,4,506,2.0,2.0,3.0,3.0,4.0
2005,4,508,5.0,5.0,7.0,12.0,17.0
2005,4,510,5.0,10.0,20.0,20.0,20.0
2005,4,512,1.0,5.0,5.0,5.0,5.0
2005,4,516,0.0,20.0,20.0,20.0,20.0
2005,4,518,5.0,5.0,5.0,10.0,10.0
2005,4,519,1.0,5.0,15.0,20.0,25.0
2005,4,520,5.0,5.0,5.0,10.0,10.0
2005,4,521,0.5,5.0,15.0,20.0,20.0
2005,4,523,3.4,4.2,5.6,6.4,7.2
2005,4,526,3.0,7.0,1.0,15.0,20.0
2005,4,527,20.0,10.0,10.0,15.0,20.0
2005,4,528,0.0,0.0,0.0,5.0,5.0
2005,4,529,10.0,20.0,20.0,30.0,30.0
2005,4,531,0.0,1.0,2.0,5.0,15.0
2005,4,532,5.0,10.0,10.0,10.0,10.0
2005,4,533,10.0,15.0,20.0,25.0,25.0
2005,4,535,1.0,1.0,1.0,3.0,4.0
2005,4,536,5.0,15.0,20.0,15.0,10.0
2005,4,538,5.0,8.0,11.0,12.0,12.0
2005,4,539,1.0,1.0,5.0,5.0,5.0
2005,4,541,0.0,5.0,10.0,10.0,15.0
2005,4,542,5.0,10.0,10.0,15.0,15.0
2005,4,543,0.0,0.0,10.0,10.0,10.0
2005,4,544,3.0,5.0,7.0,10.0,13.0
2005,4,545,5.0,10.0,15.0,20.0,20.0
2005,4,546,5.0,5.0,7.0,10.0,12.0
2005,4,548,0.1,0.1,0.2,4.0,7.0
2006,1,20,0.0,0.0,0.0,0.0,0.0
2006,1,65,0.0,5.0,35.0,55.0,25.0
2006,1,99,0.0,3.0,5.0,8.0,14.0
2006,1,405,0.0,15.0,20.0,20.0,25.0
2006,1,407,1.0,5.0,5.0,5.0,10.0
2006,1,411,0.0,0.0,2.5,5.0,5.0
2006,1,420,1.0,1.0,5.0,5.0,5.0
2006,1,421,5.0,5.0,10.0,10.0,15.0
2006,1,422,5.0,15.0,15.0,15.0,15.0
2006,1,424,2.0,2.0,2.0,2.0,2.0
2006,1,426,5.0,10.0,15.0,20.0,25.0
2006,1,428,10.0,15.0,20.0,25.0,30.0
2006,1,429,,,,,
2006,1,431,0.0,2.0,10.0,12.0,15.0
2006,1,433,5.0,10.0,10.0,10.0,10.0
2006,1,446,5.0,20.0,20.0,25.0,
2006,1,448,1.0,5.0,10.0,10.0,15.0
2006,1,456,1.0,3.0,5.0,10.0,20.0
2006,1,463,1.0,5.0,10.0,16.0,20.0
2006,1,472,0.0,5.0,10.0,15.0,20.0
2006,1,483,25.0,30.0,35.0,40.0,45.0
2006,1,484,19.0,15.0,11.0,10.0,8.0
2006,1,497,0.0,2.0,5.0,5.0,10.0
2006,1,498,,,,,
2006,1,504,10.0,15.0,20.0,25.0,30.0
2006,1,506,1.0,3.0,3.0,4.0,4.0
2006,1,507,1.0,2.0,5.0,15.0,15.0
2006,1,508,2.0,7.0,10.0,14.0,18.0
2006,1,510,0.0,10.0,10.0,10.0,20.0
2006,1,512,1.0,1.0,5.0,5.0,5.0
2006,1,516,5.0,15.0,20.0,20.0,25.0
2006,1,518,5.0,5.0,10.0,10.0,15.0
2006,1,519,1.0,12.0,17.0,19.0,20.0
2006,1,521,1.0,1.0,3.0,3.0,3.0
2006,1,524,10.0,20.0,30.0,30.0,30.0
2006,1,526,3.0,10.0,15.0,20.0,20.0
2006,1,527,5.0,10.0,15.0,20.0,30.0
2006,1,528,,,,,
2006,1,531,0.0,0.0,0.0,1.0,5.0
2006,1,532,0.0,10.0,10.0,10.0,10.0
2006,1,533,0.0,15.0,20.0,20.0,30.0
2006,1,535,0.0,0.0,2.0,5.0,7.0
2006,1,536,0.0,5.0,12.5,15.0,20.0
2006,1,539,1.0,1.0,5.0,5.0,5.0
2006,1,541,0.0,5.0,10.0,20.0,25.0
2006,1,542,1.0,2.0,10.0,15.0,20.0
2006,1,543,0.0,0.0,10.0,10.0,20.0
2006,1,544,3.0,5.0,7.0,10.0,13.0
2006,1,545,5.0,7.5,10.0,15.0,20.0
2006,1,546,1.0,5.0,8.0,10.0,12.0
2006,1,548,0.0,0.0,0.0,2.0,3.0
2006,1,549,0.0,0.0,5.0,10.0,15.0
2006,1,550,0.0,10.0,5.0,20.0,45.0
2006,2,20,5.0,5.0,5.0,5.0,5.0
2006,2,65,0.0,5.0,15.0,25.0,5.0
2006,2,84,0.0,2.0,3.0,5.0,7.0
2006,2,99,0.0,0.0,0.0,1.0,2.0
2006,2,405,5.0,15.0,20.0,20.0,25.0
2006,2,411,0.0,4.0,5.0,5.0,5.0
2006,2,421,0.5,5.0,10.0,15.0,25.0
2006,2,422,0.0,5.0,10.0,12.0,12.0
2006,2,423,5.0,7.0,10.0,12.0,12.0
2006,2,424,2.0,2.0,2.0,2.0,2.0
2006,2,426,5.0,10.0,15.0,20.0,25.0
2006,2,428,,,,,
2006,2,429,,,,,
2006,2,431,5.0,15.0,18.0,15.0,15.0
2006,2,433,10.0,10.0,10.0,15.0,15.0
2006,2,446,10.0,20.0,25.0,25.0,30.0
2006,2,448,2.0,15.0,15.0,20.0,20.0
2006,2,456,1.0,3.0,5.0,10.0,20.0
2006,2,463,2.0,4.0,10.0,15.0,20.0
2006,2,472,0.0,5.0,15.0,20.0,25.0
2006,2,483,25.0,30.0,35.0,40.0,45.0
2006,2,484,12.0,16.0,17.0,18.0,19.0
2006,2,497,,,,,
2006,2,504,10.0,15.0,20.0,25.0,30.0
2006,2,506,1.0,3.0,3.0,4.0,4.0
2006,2,507,0.0,10.0,12.0,15.0,15.0
2006,2,508,1.0,4.0,12.0,15.0,18.0
2006,2,510,0.0,0.0,5.0,10.0,10.0
2006,2,512,5.0,5.0,5.0,5.0,5.0
2006,2,516,1.0,10.0,15.0,20.0,25.0
2006,2,518,5.0,5.0,10.0,15.0,20.0
2006,2,519,10.0,12.0,14.0,16.0,18.0
2006,2,520,0.0,15.0,15.0,15.0,20.0
2006,2,521,0.0,2.0,5.0,10.0,10.0
2006,2,524,5.0,10.0,20.0,20.0,20.0
2006,2,526,3.0,15.0,20.0,25.0,25.0
2006,2,527,5.0,10.0,20.0,30.0,30.0
2006,2,528,,,,,
2006,2,531,0.0,0.0,1.0,3.0,5.0
2006,2,532,5.0,5.0,10.0,10.0,10.0
2006,2,535,0.0,3.0,10.0,13.0,16.0
2006,2,536,2.5,10.0,15.0,20.0,25.0
2006,2,538,2.0,4.0,10.0,10.0,10.0
2006,2,539,1.0,1.0,5.0,5.0,5.0
2006,2,541,0.0,2.0,5.0,10.0,12.0
2006,2,542,1.0,2.0,10.0,15.0,20.0
2006,2,543,0.0,0.0,10.0,10.0,20.0
2006,2,544,2.0,5.0,7.0,10.0,13.0
2006,2,545,0.0,5.0,10.0,15.0,20.0
2006,2,546,1.0,5.0,8.0,10.0,12.0
2006,2,548,3.0,5.0,5.0,8.0,10.0
2006,2,549,0.0,0.0,5.0,10.0,15.0
2006,2,550,0.0,0.0,5.0,45.0,60.0
2006,3,20,1.0,1.0,1.0,1.0,1.0
2006,3,65,0.0,10.0,30.0,50.0,10.0
2006,3,84,0.0,5.0,10.0,15.0,20.0
2006,3,407,5.0,10.0,15.0,20.0,20.0
2006,3,420,5.0,10.0,5.0,5.0,5.0
2006,3,422,15.0,15.0,15.0,20.0,20.0
2006,3,423,5.0,7.0,10.0,20.0,20.0
2006,3,424,20.0,20.0,20.0,20.0,20.0
2006,3,426,10.0,15.0,20.0,25.0,25.0
2006,3,428,,,,,
2006,3,429,,,,,
2006,3,433,5.0,20.0,60.0,30.0,30.0
2006,3,446,20.0,25.0,25.0,30.0,
2006,3,448,15.0,20.0,22.5,22.5,25.0
2006,3,463,5.0,15.0,20.0,25.0,25.0
2006,3,472,5.0,15.0,25.0,35.0,40.0
2006,3,483,,,,,
2006,3,484,12.0,16.0,17.0,18.0,17.0
2006,3,497,0.0,5.0,10.0,25.0,30.0
2006,3,504,5.0,10.0,25.0,30.0,35.0
2006,3,506,4.0,5.0,5.0,5.0,5.0
2006,3,507,5.0,15.0,25.0,25.0,25.0
2006,3,510,0.0,0.0,20.0,20.0,20.0
2006,3,512,5.0,5.0,5.0,5.0,5.0
2006,3,516,0.01,15.0,25.0,25.0,25.0
2006,3,518,15.0,15.0,15.0,15.0,10.0
2006,3,519,5.0,10.0,15.0,20.0,25.0
2006,3,520,5.0,10.0,15.0,20.0,15.0
2006,3,521,5.0,10.0,20.0,20.0,20.0
2006,3,523,2.0,3.2,4.2,4.75,5.0
2006,3,524,10.0,10.0,20.0,20.0,30.0
2006,3,526,5.0,10.0,15.0,35.0,35.0
2006,3,527,15.0,30.0,35.0,30.0,30.0
2006,3,528,,,,,
2006,3,530,0.0,0.0,0.0,15.0,33.0
2006,3,531,2.0,3.0,4.0,5.0,10.0
2006,3,532,5.0,5.0,25.0,25.0,25.0
2006,3,533,5.0,10.0,25.0,25.0,20.0
2006,3,535,2.0,4.0,6.0,8.0,8.0
2006,3,536,2.5,15.0,25.0,25.0,25.0
2006,3,539,1.0,1.0,5.0,5.0,5.0
2006,3,540,0.0,0.0,10.0,10.0,20.0
2006,3,541,0.0,10.0,15.0,15.0,15.0
2006,3,543,0.0,0.0,10.0,10.0,20.0
2006,3,544,2.0,5.0,7.0,10.0,13.0
2006,3,545,5.0,7.0,10.0,15.0,20.0
2006,3,546,3.0,10.0,15.0,20.0,25.0
2006,3,548,3.0,7.0,10.0,12.0,20.0
2006,3,549,5.0,10.0,15.0,25.0,35.0
2006,3,550,0.0,0.0,15.0,25.0,42.0
2006,3,551,,,,,
2006,4,20,0.0,0.0,0.0,0.0,0.0
2006,4,65,0.0,5.0,10.0,15.0,20.0
2006,4,84,1.0,5.0,12.0,18.0,25.0
2006,4,99,0.0,0.0,3.0,7.0,13.0
2006,4,405,20.0,25.0,30.0,30.0,35.0
2006,4,407,10.0,15.0,15.0,20.0,20.0
2006,4,411,3.0,7.0,10.0,15.0,15.0
2006,4,420,10.0,15.0,10.0,5.0,5.0
2006,4,421,10.0,15.0,25.0,35.0,35.0
2006,4,422,20.0,20.0,15.0,15.0,10.0
2006,4,424,12.0,12.0,12.0,12.0,12.0
2006,4,426,10.0,15.0,15.0,20.0,20.0
2006,4,428,,,,,
2006,4,429,,,,,
2006,4,431,1.0,20.0,15.0,15.0,15.0
2006,4,446,10.0,20.0,25.0,25.0,30.0
2006,4,448,25.0,25.0,25.0,20.0,15.0
2006,4,463,15.0,25.0,25.0,25.0,25.0
2006,4,472,5.0,10.0,15.0,20.0,25.0
2006,4,483,45.0,45.0,45.0,45.0,45.0
2006,4,484,20.0,18.0,15.0,12.0,11.0
2006,4,497,,,,,
2006,4,498,,,,,
2006,4,504,10.0,20.0,25.0,30.0,35.0
2006,4,506,5.0,5.0,5.0,5.0,5.0
2006,4,507,25.0,20.0,15.0,15.0,15.0
2006,4,510,10.0,50.0,30.0,10.0,10.0
2006,4,512,2.0,5.0,5.0,5.0,10.0
2006,4,516,15.0,35.0,35.0,35.0,35.0
2006,4,520,10.0,25.0,20.0,20.0,15.0
2006,4,521,10.0,20.0,25.0,25.0,25.0
2006,4,523,2.0,5.0,7.0,9.0,10.0
2006,4,524,10.0,20.0,20.0,30.0,30.0
2006,4,526,0.0,10.0,30.0,30.0,15.0
2006,4,527,10.0,25.0,35.0,25.0,10.0
2006,4,528,,,,,
2006,4,531,20.0,10.0,10.0,5.0,5.0
2006,4,532,5.0,10.0,20.0,20.0,20.0
2006,4,535,10.0,12.0,10.0,8.0,5.0
2006,4,536,0.0,20.0,15.0,15.0,10.0
2006,4,539,1.0,1.0,5.0,5.0,5.0
2006,4,540,10.0,15.0,20.0,20.0,25.0
2006,4,541,5.0,5.0,10.0,10.0,15.0
2006,4,542,5.0,10.0,15.0,15.0,15.0
2006,4,543,0.0,0.0,10.0,10.0,10.0
2006,4,544,5.0,7.0,10.0,13.0,14.0
2006,4,546,15.0,15.0,20.0,25.0,25.0
2006,4,548,5.0,10.0,15.0,20.0,20.0
2006,4,549,5.0,10.0,20.0,30.0,45.0
2006,4,550,0.0,12.0,20.0,37.0,42.0
2006,4,551,,,,,
2007,1,20,1.0,1.0,1.0,1.0,1.0
2007,1,84,1.0,2.0,5.0,10.0,
2007,1,405,10.0,20.0,15.0,15.0,10.0
2007,1,407,5.0,5.0,5.0,5.0,5.0
2007,1,411,7.0,10.0,10.0,12.0,12.0
2007,1,420,10.0,10.0,5.0,5.0,5.0
2007,1,421,10.0,20.0,25.0,30.0,25.0
2007,1,424,10.0,10.0,10.0,10.0,
2007,1,426,10.0,15.0,15.0,20.0,25.0
2007,1,428,,,,,
2007,1,431,5.0,25.0,20.0,20.0,20.0
2007,1,433,5.0,10.0,10.0,10.0,10.0
2007,1,446,20.0,20.0,20.0,25.0,25.0
2007,1,448,10.0,20.0,20.0,20.0,25.0
2007,1,456,0.1,1.0,5.0,10.0,10.0
2007,1,463,5.0,15.0,18.0,18.0,18.0
2007,1,472,0.0,5.0,5.0,10.0,15.0
2007,1,483,40.0,40.0,45.0,45.0,45.0
2007,1,484,31.0,25.0,21.0,21.0,11.0
2007,1,497,,,,,
2007,1,504,20.0,25.0,30.0,35.0,40.0
2007,1,507,5.0,7.0,6.0,7.0,7.0
2007,1,508,3.0,2.0,2.0,1.0,0.5
2007,1,510,70.0,70.0,40.0,30.0,10.0
2007,1,512,5.0,5.0,5.0,5.0,5.0
2007,1,516,1.0,30.0,30.0,30.0,30.0
2007,1,518,5.0,15.0,20.0,25.0,15.0
2007,1,519,2.0,10.0,13.0,17.0,20.0
2007,1,520,5.0,10.0,10.0,10.0,10.0
2007,1,521,5.0,10.0,15.0,20.0,20.0
2007,1,524,10.0,20.0,30.0,20.0,20.0
2007,1,526,0.0,5.0,10.0,0.0,0.0
2007,1,527,5.0,10.0,15.0,25.0,25.0
2007,1,528,0.0,0.0,0.0,0.0,0.0
2007,1,532,5.0,10.0,10.0,10.0,10.0
2007,1,533,5.0,20.0,15.0,15.0,15.0
2007,1,535,2.0,5.0,5.0,7.0,8.0
2007,1,536,0.0,7.5,12.5,15.0,17.5
2007,1,539,4.0,4.0,4.0,5.0,5.0
2007,1,540,10.0,15.0,20.0,20.0,25.0
2007,1,541,0.0,10.0,5.0,5.0,5.0
2007,1,542,2.0,5.0,10.0,15.0,15.0
2007,1,543,0.0,0.0,10.0,10.0,10.0
2007,1,544,7.0,10.0,13.0,13.0,10.0
2007,1,546,5.0,10.0,15.0,20.0,25.0
2007,1,548,5.0,10.0,15.0,15.0,20.0
2007,1,549,0.0,5.0,10.0,15.0,20.0
2007,1,551,,,,,
2007,1,552,20.0,20.0,10.0,10.0,10.0
2007,2,20,0.01,0.01,0.01,0.01,0.01
2007,2,65,,,,,
2007,2,84,1.0,5.0,10.0,15.0,20.0
2007,2,99,0.0,0.0,3.0,4.0,5.0
2007,2,405,20.0,25.0,35.0,35.0,40.0
2007,2,407,10.0,10.0,10.0,10.0,10.0
2007,2,411,0.0,7.0,7.0,10.0,12.0
2007,2,420,10.0,10.0,5.0,5.0,5.0
2007,2,421,25.0,30.0,35.0,40.0,35.0
2007,2,422,15.0,15.0,15.0,15.0,15.0
2007,2,423,,,,,
2007,2,424,20.0,20.0,20.0,20.0,20.0
2007,2,426,20.0,25.0,30.0,30.0,35.0
2007,2,429,,,,,
2007,2,431,35.0,30.0,25.0,20.0,20.0
2007,2,439,12.0,8.0,8.0,6.0,6.0
2007,2,446,20.0,25.0,25.0,25.0,25.0
2007,2,456,3.0,5.0,10.0,20.0,20.0
2007,2,463,10.0,12.0,15.0,15.0,15.0
2007,2,472,15.0,15.0,20.0,25.0,25.0
2007,2,483,40.0,35.0,35.0,40.0,40.0
2007,2,484,23.0,22.0,21.0,10.0,9.0
2007,2,497,,,,,
2007,2,498,20.0,30.0,30.0,30.0,20.0
2007,2,506,3.0,4.0,4.0,5.0,5.0
2007,2,507,5.0,10.0,10.0,12.0,12.0
2007,2,508,10.0,8.0,5.0,4.0,8.0
2007,2,510,25.0,25.0,10.0,10.0,10.0
2007,2,512,5.0,10.0,10.0,10.0,10.0
2007,2,516,15.0,35.0,35.0,35.0,35.0
2007,2,518,10.0,15.0,20.0,25.0,10.0
2007,2,519,10.0,15.0,17.0,20.0,20.0
2007,2,520,30.0,25.0,20.0,20.0,15.0
2007,2,521,10.0,20.0,20.0,20.0,20.0
2007,2,524,20.0,30.0,40.0,30.0,20.0
2007,2,526,10.0,10.0,15.0,20.0,25.0
2007,2,527,15.0,10.0,10.0,15.0,20.0
2007,2,528,0.0,0.0,0.0,0.0,0.0
2007,2,531,10.0,5.0,5.0,5.0,5.0
2007,2,532,5.0,5.0,10.0,10.0,10.0
2007,2,535,2.0,2.0,2.0,2.0,2.0
2007,2,539,4.0,4.0,4.0,5.0,5.0
2007,2,540,10.0,15.0,20.0,20.0,25.0
2007,2,541,5.0,5.0,5.0,5.0,10.0
2007,2,542,1.0,5.0,10.0,15.0,15.0
2007,2,543,0.0,0.0,10.0,10.0,10.0
2007,2,544,10.0,13.0,13.0,10.0,10.0
2007,2,546,10.0,15.0,20.0,25.0,30.0
2007,2,548,15.0,12.0,11.0,10.0,5.0
2007,2,549,0.0,5.0,10.0,15.0,20.0
2007,2,550,0.0,15.0,25.0,30.0,44.0
2007,2,551,,,,,
2007,2,552,25.0,25.0,20.0,20.0,20.0
2007,3,20,10.0,10.0,10.0,10.0,10.0
2007,3,65,,,,,
2007,3,84,1.0,5.0,10.0,20.0,20.0
2007,3,411,5.0,10.0,10.0,10.0,12.0
2007,3,420,5.0,10.0,10.0,5.0,5.0
2007,3,422,25.0,25.0,15.0,15.0,15.0
2007,3,424,20.0,25.0,30.0,30.0,30.0
2007,3,426,25.0,35.0,55.0,55.0,60.0
2007,3,428,,,,,
2007,3,429,,,,,
2007,3,431,30.0,25.0,25.0,20.0,20.0
2007,3,433,5.0,10.0,10.0,10.0,10.0
2007,3,446,20.0,20.0,25.0,25.0,25.0
2007,3,456,2.0,10.0,15.0,12.0,8.0
2007,3,463,5.0,15.0,20.0,25.0,25.0
2007,3,472,15.0,15.0,20.0,25.0,25.0
2007,3,483,35.0,35.0,30.0,30.0,30.0
2007,3,484,21.0,21.0,19.0,15.0,10.0
2007,3,497,,,,,
2007,3,504,20.0,35.0,35.0,35.0,35.0
2007,3,506,4.0,5.0,5.0,5.0,5.0
2007,3,507,20.0,12.0,17.0,18.0,16.0
2007,3,508,5.0,10.0,15.0,15.0,15.0
2007,3,510,25.0,75.0,50.0,15.0,10.0
2007,3,512,5.0,5.0,10.0,10.0,10.0
2007,3,516,10.0,15.0,20.0,20.0,20.0
2007,3,518,15.0,20.0,20.0,15.0,15.0
2007,3,519,15.0,18.0,20.0,22.0,25.0
2007,3,521,25.0,25.0,25.0,20.0,15.0
2007,3,524,5.0,10.0,15.0,20.0,20.0
2007,3,526,0.0,10.0,15.0,15.0,15.0
2007,3,527,15.0,30.0,40.0,50.0,50.0
2007,3,528,20.0,20.0,20.0,20.0,20.0
2007,3,531,10.0,5.0,3.0,2.0,1.0
2007,3,532,10.0,10.0,10.0,10.0,10.0
2007,3,533,20.0,25.0,25.0,25.0,20.0
2007,3,535,,15.0,10.0,10.0,10.0
2007,3,538,10.0,15.0,20.0,20.0,15.0
2007,3,540,10.0,15.0,20.0,20.0,20.0
2007,3,541,0.0,5.0,10.0,10.0,10.0
2007,3,542,2.0,5.0,5.0,7.0,8.0
2007,3,543,0.0,0.0,20.0,20.0,20.0
2007,3,544,15.0,15.0,13.0,10.0,10.0
2007,3,546,15.0,20.0,25.0,30.0,35.0
2007,3,548,5.0,10.0,10.0,8.0,7.0
2007,3,549,10.0,15.0,20.0,25.0,30.0
2007,3,551,,,,,
2007,3,552,20.0,20.0,20.0,20.0,20.0
2007,3,554,0.0,10.0,20.0,20.0,30.0
2007,4,20,10.0,10.0,10.0,10.0,10.0
2007,4,84,20.0,25.0,20.0,20.0,25.0
2007,4,407,40.0,45.0,30.0,30.0,30.0
2007,4,411,5.0,5.0,5.0,5.0,7.0
2007,4,420,5.0,10.0,10.0,15.0,15.0
2007,4,421,40.0,40.0,30.0,25.0,25.0
2007,4,422,25.0,25.0,15.0,15.0,15.0
2007,4,424,10.0,5.0,5.0,22.0,25.0
2007,4,428,,,,,
2007,4,429,,,,,
2007,4,431,40.0,33.0,33.0,33.0,33.0
2007,4,446,30.0,30.0,30.0,30.0,30.0
2007,4,448,25.0,33.0,30.0,20.0,10.0
2007,4,456,5.0,20.0,25.0,20.0,20.0
2007,4,463,10.0,20.0,25.0,25.0,25.0
2007,4,472,25.0,25.0,20.0,20.0,20.0
2007,4,483,50.0,50.0,45.0,40.0,40.0
2007,4,484,21.0,19.0,15.0,10.0,10.0
2007,4,498,5.0,10.0,10.0,20.0,20.0
2007,4,504,30.0,35.0,35.0,35.0,35.0
2007,4,507,35.0,40.0,35.0,30.0,30.0
2007,4,508,10.0,25.0,20.0,15.0,15.0
2007,4,510,10.0,20.0,20.0,5.0,
2007,4,512,10.0,10.0,12.0,12.0,12.0
2007,4,516,50.0,40.0,40.0,40.0,40.0
2007,4,518,15.0,20.0,25.0,25.0,25.0
2007,4,519,15.0,18.0,20.0,22.0,25.0
2007,4,520,25.0,15.0,10.0,5.0,0.0
2007,4,521,15.0,25.0,25.0,25.0,20.0
2007,4,524,20.0,20.0,20.0,20.0,20.0
2007,4,526,1.0,,30.0,5.0,
2007,4,527,5.0,10.0,30.0,35.0,40.0
2007,4,528,25.0,30.0,25.0,20.0,20.0
2007,4,532,35.0,35.0,25.0,10.0,10.0
2007,4,535,25.0,20.0,15.0,10.0,10.0
2007,4,539,5.0,10.0,10.0,10.0,10.0
2007,4,540,10.0,15.0,20.0,20.0,20.0
2007,4,542,3.0,6.0,9.0,9.0,6.0
2007,4,543,5.0,30.0,20.0,20.0,10.0
2007,4,544,20.0,20.0,13.0,10.0,10.0
2007,4,546,25.0,30.0,30.0,35.0,35.0
2007,4,548,5.0,15.0,20.0,20.0,15.0
2007,4,549,15.0,20.0,25.0,30.0,40.0
2007,4,550,10.0,14.0,17.0,25.0,14.0
2007,4,552,35.0,30.0,25.0,25.0,20.0
2007,4,553,,10.0,10.0,10.0,10.0
2007,4,554,10.0,30.0,30.0,20.0,10.0
2007,4,555,15.0,15.0,15.0,15.0,15.0
2008,1,99,0.0,15.0,20.0,30.0,35.0
2008,1,407,60.0,70.0,55.0,50.0,45.0
2008,1,411,,,,,
2008,1,420,40.0,40.0,10.0,10.0,5.0
2008,1,421,65.0,60.0,50.0,30.0,20.0
2008,1,422,75.0,75.0,50.0,25.0,25.0
2008,1,423,,,,,
2008,1,424,49.0,49.0,55.0,55.0,
2008,1,426,70.0,55.0,45.0,35.0,35.0
2008,1,431,75.0,50.0,30.0,20.0,50.0
2008,1,446,45.0,40.0,25.0,20.0,20.0
2008,1,448,40.0,30.0,20.0,15.0,10.0
2008,1,463,35.0,30.0,20.0,25.0,28.0
2008,1,472,80.0,45.0,25.0,15.0,10.0
2008,1,483,70.0,65.0,60.0,45.0,40.0
2008,1,484,38.0,32.0,29.0,23.0,19.0
2008,1,498,60.0,70.0,70.0,30.0,20.0
2008,1,504,40.0,35.0,30.0,30.0,30.0
2008,1,507,75.0,45.0,35.0,25.0,20.0
2008,1,508,45.0,35.0,18.0,10.0,5.0
2008,1,510,30.0,30.0,10.0,0.0,0.0
2008,1,512,25.0,25.0,15.0,15.0,15.0
2008,1,516,55.0,55.0,55.0,45.0,40.0
2008,1,518,50.0,40.0,35.0,30.0,30.0
2008,1,519,18.0,20.0,22.0,25.0,25.0
2008,1,520,40.0,30.0,20.0,10.0,5.0
2008,1,521,40.0,60.0,30.0,40.0,60.0
2008,1,523,34.0,38.0,32.0,20.0,16.0
2008,1,524,40.0,45.0,30.0,30.0,30.0
2008,1,526,40.0,60.0,50.0,30.0,
2008,1,527,50.0,100.0,25.0,10.0,5.0
2008,1,528,50.0,50.0,,,
2008,1,531,,,,,
2008,1,532,60.0,50.0,20.0,20.0,20.0
2008,1,535,40.0,35.0,20.0,10.0,6.0
2008,1,539,20.0,25.0,15.0,10.0,5.0
2008,1,540,20.0,20.0,20.0,20.0,20.0
2008,1,541,50.0,45.0,20.0,15.0,10.0
2008,1,542,40.0,20.0,10.0,10.0,5.0
2008,1,543,80.0,30.0,20.0,20.0,20.0
2008,1,546,60.0,60.0,40.0,35.0,30.0
2008,1,548,30.0,35.0,15.0,15.0,10.0
2008,1,549,30.0,45.0,55.0,40.0,45.0
2008,1,550,10.0,17.0,25.0,14.0,5.0
2008,1,551,,,,,
2008,1,552,90.0,40.0,30.0,20.0,20.0
2008,1,553,,,,,
2008,1,554,50.0,40.0,20.0,5.0,0.0
2008,1,555,50.0,40.0,20.0,20.0,20.0
2008,1,557,65.0,35.0,15.0,5.0,5.0
2008,2,20,10.0,10.0,10.0,10.0,5.0
2008,2,84,30.0,15.0,15.0,15.0,15.0
2008,2,407,35.0,10.0,25.0,15.0,15.0
2008,2,411,15.0,7.0,35.0,7.0,7.0
2008,2,421,50.0,40.0,50.0,35.0,25.0
2008,2,422,75.0,50.0,50.0,20.0,20.0
2008,2,424,65.0,10.0,15.0,,
2008,2,426,90.0,65.0,25.0,15.0,10.0
2008,2,428,,,,,
2008,2,429,,,,,
2008,2,431,50.0,15.0,35.0,30.0,30.0
2008,2,446,70.0,20.0,40.0,50.0,25.0
2008,2,463,30.0,35.0,35.0,35.0,35.0
2008,2,472,80.0,30.0,10.0,5.0,5.0
2008,2,483,55.0,75.0,75.0,55.0,40.0
2008,2,484,32.0,29.0,23.0,19.0,17.0
2008,2,504,45.0,25.0,30.0,35.0,37.0
2008,2,506,70.0,20.0,35.0,35.0,20.0
2008,2,507,45.0,25.0,40.0,40.0,35.0
2008,2,508,15.0,25.0,15.0,12.0,8.0
2008,2,510,50.0,0.0,10.0,20.0,0.0
2008,2,512,50.0,50.0,30.0,20.0,20.0
2008,2,516,55.0,40.0,55.0,20.0,20.0
2008,2,519,,,,,
2008,2,520,35.0,10.0,5.0,5.0,5.0
2008,2,521,60.0,30.0,40.0,50.0,50.0
2008,2,523,36.0,25.0,21.0,20.0,18.0
2008,2,524,55.0,45.0,30.0,30.0,20.0
2008,2,526,75.0,75.0,55.0,35.0,25.0
2008,2,528,10.0,30.0,50.0,20.0,10.0
2008,2,530,67.0,10.0,40.0,20.0,10.0
2008,2,531,45.0,30.0,20.0,10.0,5.0
2008,2,532,50.0,30.0,40.0,50.0,
2008,2,535,45.0,20.0,20.0,30.0,20.0
2008,2,540,,,,,
2008,2,541,50.0,20.0,30.0,20.0,15.0
2008,2,542,25.0,10.0,10.0,10.0,10.0
2008,2,543,50.0,20.0,30.0,20.0,20.0
2008,2,544,50.0,40.0,30.0,20.0,20.0
2008,2,546,60.0,40.0,40.0,45.0,40.0
2008,2,548,38.0,15.0,10.0,20.0,25.0
2008,2,549,35.0,35.0,50.0,55.0,50.0
2008,2,550,65.0,44.0,40.0,35.0,33.0
2008,2,551,,,,,
2008,2,552,100.0,30.0,20.0,10.0,5.0
2008,2,553,40.0,10.0,20.0,20.0,20.0
2008,2,554,60.0,40.0,30.0,15.0,10.0
2008,2,555,0.0,50.0,0.0,0.0,0.0
2008,2,556,70.0,10.0,50.0,30.0,10.0
2008,2,557,70.0,25.0,5.0,5.0,0.0
2008,3,20,10.0,10.0,10.0,10.0,10.0
2008,3,84,35.0,30.0,35.0,40.0,30.0
2008,3,99,17.0,23.0,20.0,17.0,13.0
2008,3,407,20.0,30.0,25.0,10.0,10.0
2008,3,411,30.0,70.0,20.0,10.0,10.0
2008,3,420,40.0,45.0,30.0,10.0,10.0
2008,3,421,10.0,45.0,30.0,30.0,25.0
2008,3,424,,,,,
2008,3,426,65.0,50.0,45.0,45.0,45.0
2008,3,428,,,,,
2008,3,431,45.0,55.0,30.0,20.0,20.0
2008,3,446,25.0,50.0,30.0,20.0,10.0
2008,3,463,25.0,35.0,45.0,45.0,35.0
2008,3,472,30.0,25.0,15.0,10.0,5.0
2008,3,483,60.0,75.0,60.0,45.0,40.0
2008,3,484,36.0,29.0,27.0,19.0,17.0
2008,3,497,30.0,50.0,30.0,20.0,20.0
2008,3,504,40.0,30.0,35.0,35.0,35.0
2008,3,510,25.0,25.0,0.0,0.0,0.0
2008,3,512,10.0,50.0,40.0,30.0,10.0
2008,3,516,80.0,80.0,50.0,35.0,25.0
2008,3,518,40.0,80.0,70.0,40.0,20.0
2008,3,519,15.0,50.0,40.0,30.0,20.0
2008,3,520,90.0,90.0,80.0,25.0,15.0
2008,3,521,40.0,65.0,50.0,30.0,20.0
2008,3,523,32.0,28.0,25.0,24.0,24.0
2008,3,526,60.0,30.0,10.0,0.0,0.0
2008,3,527,80.0,100.0,60.0,40.0,10.0
2008,3,528,15.0,50.0,30.0,15.0,15.0
2008,3,532,30.0,40.0,50.0,30.0,
2008,3,533,55.0,65.0,55.0,30.0,25.0
2008,3,535,10.0,35.0,15.0,8.0,4.0
2008,3,540,,,,,
2008,3,541,40.0,25.0,20.0,20.0,20.0
2008,3,542,15.0,25.0,15.0,15.0,15.0
2008,3,543,10.0,70.0,40.0,20.0,20.0
2008,3,546,35.0,45.0,40.0,40.0,35.0
2008,3,548,10.0,30.0,30.0,20.0,15.0
2008,3,549,40.0,55.0,55.0,50.0,55.0
2008,3,552,35.0,25.0,15.0,5.0,5.0
2008,3,553,40.0,40.0,30.0,25.0,15.0
2008,3,554,20.0,0.0,10.0,0.0,0.0
2008,3,555,0.0,35.0,20.0,0.0,0.0
2008,3,556,60.0,50.0,30.0,10.0,10.0
2008,3,557,40.0,60.0,20.0,20.0,5.0
2008,3,559,45.0,49.0,40.0,35.0,30.0
2008,3,561,10.0,100.0,20.0,2.0,2.0
2008,4,84,85.0,60.0,40.0,40.0,40.0
2008,4,99,70.0,35.0,25.0,20.0,10.0
2008,4,407,95.0,75.0,40.0,30.0,30.0
2008,4,411,99.0,70.0,25.0,15.0,10.0
2008,4,420,90.0,80.0,50.0,30.0,25.0
2008,4,421,95.0,70.0,55.0,35.0,25.0
2008,4,423,100.0,100.0,90.0,80.0,70.0
2008,4,426,85.0,55.0,45.0,40.0,40.0
2008,4,428,,,,,
2008,4,429,,,,,
2008,4,431,99.0,60.0,50.0,50.0,40.0
2008,4,433,100.0,70.0,40.0,30.0,30.0
2008,4,446,100.0,80.0,30.0,25.0,25.0
2008,4,463,85.0,75.0,38.0,30.0,27.0
2008,4,472,100.0,100.0,100.0,90.0,20.0
2008,4,483,95.0,75.0,55.0,50.0,45.0
2008,4,484,90.0,85.0,75.0,50.0,40.0
2008,4,497,100.0,100.0,40.0,20.0,15.0
2008,4,504,75.0,60.0,40.0,25.0,25.0
2008,4,506,90.0,70.0,55.0,45.0,35.0
2008,4,507,90.0,65.0,45.0,35.0,30.0
2008,4,508,98.0,80.0,50.0,25.0,20.0
2008,4,510,50.0,50.0,0.0,0.0,0.0
2008,4,512,90.0,90.0,50.0,50.0,50.0
2008,4,516,95.0,85.0,50.0,25.0,25.0
2008,4,518,100.0,80.0,70.0,40.0,15.0
2008,4,519,99.0,50.0,50.0,30.0,20.0
2008,4,520,100.0,90.0,80.0,20.0,10.0
2008,4,524,80.0,70.0,60.0,55.0,45.0
2008,4,527,100.0,90.0,65.0,35.0,25.0
2008,4,528,70.0,50.0,30.0,20.0,10.0
2008,4,531,80.0,50.0,40.0,30.0,10.0
2008,4,532,80.0,90.0,70.0,40.0,30.0
2008,4,535,98.0,80.0,40.0,25.0,15.0
2008,4,538,95.0,95.0,60.0,30.0,15.0
2008,4,540,95.0,90.0,75.0,20.0,10.0
2008,4,542,99.0,65.0,35.0,30.0,25.0
2008,4,543,100.0,90.0,60.0,20.0,10.0
2008,4,544,95.0,80.0,50.0,40.0,30.0
2008,4,546,85.0,75.0,60.0,45.0,30.0
2008,4,548,100.0,99.0,85.0,60.0,45.0
2008,4,549,90.0,70.0,55.0,45.0,30.0
2008,4,551,90.0,75.0,60.0,40.0,20.0
2008,4,552,100.0,100.0,60.0,25.0,25.0
2008,4,553,50.0,40.0,25.0,15.0,10.0
2008,4,554,80.0,60.0,30.0,10.0,10.0
2008,4,555,100.0,100.0,30.0,20.0,10.0
2008,4,556,80.0,60.0,30.0,10.0,10.0
2008,4,557,95.0,85.0,55.0,30.0,10.0
2008,4,560,80.0,50.0,25.0,10.0,10.0
2008,4,561,100.0,90.0,30.0,20.0,0.0
2009,1,411,90.0,70.0,30.0,20.0,10.0
2009,1,420,100.0,90.0,15.0,10.0,10.0
2009,1,421,99.0,75.0,40.0,30.0,20.0
2009,1,423,40.0,35.0,35.0,35.0,35.0
2009,1,424,90.0,70.0,35.0,20.0,10.0
2009,1,426,90.0,75.0,30.0,25.0,20.0
2009,1,428,,,,,
2009,1,431,99.0,70.0,50.0,30.0,30.0
2009,1,446,100.0,75.0,35.0,20.0,20.0
2009,1,463,90.0,60.0,40.0,28.0,23.0
2009,1,472,100.0,90.0,20.0,5.0,5.0
2009,1,483,100.0,90.0,60.0,55.0,45.0
2009,1,484,95.0,90.0,85.0,71.0,61.0
2009,1,504,100.0,75.0,50.0,25.0,15.0
2009,1,506,,,,,
2009,1,507,100.0,60.0,45.0,25.0,20.0
2009,1,508,80.0,60.0,50.0,35.0,20.0
2009,1,510,100.0,90.0,50.0,10.0,0.0
2009,1,512,95.0,90.0,80.0,50.0,50.0
2009,1,516,95.0,55.0,55.0,55.0,40.0
2009,1,518,100.0,100.0,100.0,90.0,75.0
2009,1,520,100.0,100.0,25.0,15.0,15.0
2009,1,524,80.0,65.0,50.0,50.0,30.0
2009,1,526,90.0,60.0,30.0,10.0,5.0
2009,1,528,100.0,60.0,50.0,30.0,5.0
2009,1,532,90.0,75.0,50.0,40.0,
2009,1,535,98.0,80.0,40.0,20.0,10.0
2009,1,538,99.0,80.0,50.0,25.0,15.0
2009,1,540,100.0,75.0,20.0,10.0,10.0
2009,1,541,100.0,75.0,50.0,25.0,20.0
2009,1,542,100.0,85.0,60.0,40.0,30.0
2009,1,543,100.0,100.0,70.0,20.0,10.0
2009,1,544,98.0,75.0,55.0,48.0,40.0
2009,1,546,90.0,75.0,45.0,35.0,25.0
2009,1,548,100.0,100.0,30.0,20.0,10.0
2009,1,549,100.0,65.0,50.0,30.0,10.0
2009,1,552,100.0,100.0,45.0,30.0,20.0
2009,1,553,100.0,75.0,50.0,25.0,10.0
2009,1,555,100.0,80.0,60.0,40.0,20.0
2009,1,556,80.0,30.0,15.0,10.0,10.0
2009,1,557,94.0,63.0,21.0,9.0,8.0
2009,1,559,99.0,75.0,45.0,40.0,40.0
2009,1,560,90.0,20.0,15.0,15.0,10.0
2009,2,20,60.0,60.0,20.0,15.0,5.0
2009,2,84,80.0,75.0,50.0,25.0,20.0
2009,2,407,95.0,70.0,20.0,15.0,10.0
2009,2,411,75.0,30.0,10.0,5.0,1.0
2009,2,420,100.0,80.0,20.0,10.0,10.0
2009,2,421,55.0,45.0,30.0,25.0,20.0
2009,2,423,,,,,
2009,2,424,45.0,65.0,40.0,35.0,
2009,2,426,75.0,60.0,40.0,30.0,30.0
2009,2,428,,,,,
2009,2,431,75.0,50.0,30.0,25.0,25.0
2009,2,433,99.0,75.0,45.0,25.0,25.0
2009,2,446,91.0,30.0,8.0,5.0,3.0
2009,2,463,85.0,45.0,30.0,25.0,25.0
2009,2,472,95.0,35.0,10.0,5.0,5.0
2009,2,483,75.0,70.0,60.0,45.0,35.0
2009,2,484,75.0,60.0,40.0,30.0,25.0
2009,2,498,100.0,40.0,30.0,20.0,20.0
2009,2,504,49.0,35.0,30.0,25.0,20.0
2009,2,506,80.0,45.0,40.0,25.0,15.0
2009,2,507,50.0,45.0,35.0,25.0,25.0
2009,2,508,90.0,55.0,40.0,20.0,15.0
2009,2,510,50.0,20.0,0.0,0.0,10.0
2009,2,512,100.0,40.0,40.0,25.0,25.0
2009,2,516,95.0,50.0,25.0,15.0,15.0
2009,2,518,90.0,75.0,60.0,50.0,25.0
2009,2,520,100.0,50.0,10.0,5.0,5.0
2009,2,523,47.0,21.0,16.0,13.0,9.0
2009,2,524,70.0,50.0,50.0,40.0,30.0
2009,2,526,80.0,60.0,20.0,10.0,5.0
2009,2,527,100.0,80.0,40.0,25.0,25.0
2009,2,528,100.0,50.0,20.0,20.0,20.0
2009,2,531,,50.0,30.0,10.0,5.0
2009,2,535,80.0,40.0,25.0,15.0,10.0
2009,2,538,60.0,60.0,35.0,15.0,10.0
2009,2,540,75.0,20.0,10.0,10.0,0.0
2009,2,541,,,,,
2009,2,542,75.0,30.0,20.0,15.0,15.0
2009,2,543,100.0,60.0,30.0,10.0,10.0
2009,2,544,75.0,48.0,41.0,30.0,20.0
2009,2,546,75.0,45.0,25.0,15.0,10.0
2009,2,548,99.0,45.0,30.0,10.0,10.0
2009,2,549,65.0,40.0,20.0,10.0,5.0
2009,2,551,,,,,
2009,2,553,65.0,30.0,10.0,10.0,25.0
2009,2,555,80.0,50.0,30.0,5.0,5.0
2009,2,556,40.0,20.0,10.0,8.0,8.0
2009,2,557,85.0,40.0,20.0,5.0,3.0
2009,2,558,85.0,5.0,5.0,3.0,2.0
2009,2,560,90.0,15.0,10.0,10.0,15.0
2009,2,561,100.0,20.0,5.0,5.0,5.0
2009,3,84,20.0,25.0,25.0,20.0,10.0
2009,3,407,20.0,20.0,10.0,10.0,5.0
2009,3,411,25.0,10.0,5.0,5.0,5.0
2009,3,420,50.0,20.0,10.0,10.0,10.0
2009,3,422,30.0,20.0,15.0,15.0,15.0
2009,3,423,75.0,50.0,40.0,40.0,25.0
2009,3,424,,,,,
2009,3,426,50.0,45.0,40.0,40.0,30.0
2009,3,433,30.0,20.0,10.0,10.0,10.0
2009,3,446,35.0,30.0,25.0,20.0,20.0
2009,3,456,15.0,15.0,20.0,20.0,25.0
2009,3,463,40.0,35.0,30.0,25.0,22.0
2009,3,472,25.0,20.0,10.0,5.0,5.0
2009,3,483,45.0,50.0,40.0,35.0,30.0
2009,3,498,0.0,10.0,10.0,10.0,10.0
2009,3,504,25.0,20.0,25.0,30.0,35.0
2009,3,510,0.0,0.0,0.0,0.0,0.0
2009,3,512,40.0,40.0,40.0,30.0,20.0
2009,3,516,45.0,35.0,10.0,10.0,10.0
2009,3,518,45.0,60.0,30.0,20.0,10.0
2009,3,520,15.0,10.0,5.0,5.0,2.0
2009,3,523,34.0,18.0,12.3,12.3,12.3
2009,3,524,40.0,30.0,20.0,20.0,10.0
2009,3,527,30.0,40.0,40.0,30.0,20.0
2009,3,528,0.0,30.0,30.0,20.0,10.0
2009,3,531,5.0,4.0,3.0,5.0,6.0
2009,3,535,2.0,10.0,5.0,3.0,3.0
2009,3,540,20.0,10.0,10.0,0.0,0.0
2009,3,543,10.0,10.0,10.0,20.0,20.0
2009,3,549,10.0,25.0,15.0,5.0,5.0
2009,3,555,10.0,20.0,20.0,30.0,30.0
2009,3,556,8.0,16.0,8.0,8.0,24.0
2009,3,557,40.0,25.0,10.0,5.0,1.0
2009,3,560,15.0,10.0,5.0,5.0,5.0
2009,4,84,10.0,15.0,20.0,25.0,25.0
2009,4,99,70.0,63.0,22.0,33.0,26.0
2009,4,407,5.0,5.0,5.0,5.0,5.0
2009,4,411,10.0,5.0,5.0,5.0,5.0
2009,4,421,5.0,20.0,20.0,20.0,20.0
2009,4,422,20.0,20.0,20.0,20.0,20.0
2009,4,424,0.0,15.0,25.0,25.0,25.0
2009,4,426,40.0,25.0,25.0,10.0,5.0
2009,4,428,,,,,
2009,4,446,10.0,15.0,15.0,15.0,15.0
2009,4,456,2.0,5.0,9.0,14.0,20.0
2009,4,463,20.0,25.0,28.0,31.0,33.0
2009,4,472,5.0,5.0,5.0,10.0,15.0
2009,4,483,40.0,35.0,30.0,25.0,20.0
2009,4,484,31.0,31.0,31.0,31.0,29.0
2009,4,498,0.0,0.0,0.0,0.0,0.0
2009,4,504,20.0,25.0,30.0,35.0,35.0
2009,4,506,10.0,15.0,15.0,15.0,15.0
2009,4,507,10.0,20.0,15.0,15.0,15.0
2009,4,508,8.0,10.0,8.0,7.0,5.0
2009,4,510,0.0,0.0,0.0,0.0,0.0
2009,4,516,15.0,15.0,15.0,15.0,15.0
2009,4,518,20.0,15.0,10.0,5.0,5.0
2009,4,520,5.0,5.0,5.0,5.0,5.0
2009,4,524,40.0,30.0,20.0,20.0,10.0
2009,4,527,20.0,30.0,40.0,30.0,20.0
2009,4,528,10.0,20.0,10.0,10.0,10.0
2009,4,531,10.0,8.0,6.0,4.0,2.0
2009,4,532,20.0,10.0,10.0,10.0,
2009,4,540,15.0,10.0,10.0,10.0,5.0
2009,4,541,5.0,10.0,10.0,10.0,10.0
2009,4,546,5.0,8.0,10.0,12.0,15.0
2009,4,548,5.0,10.0,10.0,5.0,5.0
2009,4,549,8.0,15.0,10.0,5.0,5.0
2009,4,553,15.0,20.0,15.0,15.0,10.0
2009,4,555,10.0,0.0,0.0,0.0,0.0
2009,4,556,20.0,5.0,5.0,10.0,20.0
2009,4,557,15.0,10.0,5.0,1.0,1.0
2009,4,558,20.0,20.0,5.0,5.0,0.0
2009,4,560,25.0,20.0,10.0,15.0,25.0
2009,4,564,15.0,20.0,25.0,25.0,25.0
2010,1,407,5.0,5.0,5.0,5.0,5.0
2010,1,411,5.0,5.0,5.0,5.0,5.0
2010,1,420,10.0,10.0,10.0,10.0,10.0
2010,1,421,5.0,10.0,15.0,15.0,15.0
2010,1,422,1.0,5.0,10.0,10.0,10.0
2010,1,424,,,,,
2010,1,426,25.0,25.0,30.0,30.0,35.0
2010,1,428,,,,,
2010,1,446,10.0,10.0,20.0,20.0,25.0
2010,1,456,1.0,3.0,10.0,15.0,15.0
2010,1,463,20.0,25.0,25.0,25.0,25.0
2010,1,472,10.0,10.0,10.0,10.0,10.0
2010,1,483,40.0,40.0,35.0,30.0,25.0
2010,1,484,10.0,10.0,10.0,10.0,20.0
2010,1,498,5.0,10.0,15.0,20.0,20.0
2010,1,504,25.0,30.0,35.0,35.0,35.0
2010,1,506,2.0,10.0,10.0,10.0,10.0
2010,1,507,5.0,15.0,15.0,15.0,15.0
2010,1,508,5.0,8.0,12.0,13.0,15.0
2010,1,510,0.0,0.0,0.0,0.0,0.0
2010,1,516,1.0,5.0,10.0,15.0,15.0
2010,1,518,5.0,5.0,5.0,5.0,5.0
2010,1,520,5.0,5.0,5.0,5.0,5.0
2010,1,524,40.0,30.0,20.0,20.0,10.0
2010,1,527,0.0,10.0,25.0,35.0,35.0
2010,1,528,5.0,10.0,10.0,10.0,15.0
2010,1,532,15.0,15.0,20.0,20.0,
2010,1,535,0.0,2.0,4.0,6.0,10.0
2010,1,538,15.0,15.0,10.0,10.0,10.0
2010,1,540,10.0,10.0,10.0,10.0,5.0
2010,1,541,5.0,5.0,10.0,10.0,15.0
2010,1,542,5.0,10.0,15.0,15.0,15.0
2010,1,546,5.0,7.0,10.0,12.0,15.0
2010,1,548,18.0,15.0,10.0,10.0,5.0
2010,1,549,5.0,10.0,5.0,5.0,5.0
2010,1,553,10.0,10.0,15.0,20.0,20.0
2010,1,555,0.0,0.0,0.0,0.0,0.0
2010,1,556,16.0,8.0,8.0,16.0,8.0
2010,1,557,20.0,15.0,15.0,15.0,15.0
2010,1,558,,,,,
2010,1,560,5.0,10.0,15.0,10.0,40.0
2010,1,564,15.0,25.0,20.0,20.0,20.0
2010,2,407,5.0,5.0,5.0,5.0,5.0
2010,2,411,0.0,5.0,5.0,5.0,5.0
2010,2,421,20.0,20.0,25.0,25.0,25.0
2010,2,422,1.0,5.0,10.0,10.0,10.0
2010,2,423,,,,,
2010,2,424,,,,,
2010,2,426,10.0,15.0,15.0,15.0,20.0
2010,2,428,,,,,
2010,2,431,5.0,15.0,20.0,25.0,25.0
2010,2,446,5.0,10.0,20.0,20.0,20.0
2010,2,456,1.0,5.0,15.0,15.0,20.0
2010,2,463,5.0,15.0,20.0,20.0,22.0
2010,2,472,5.0,5.0,5.0,10.0,10.0
2010,2,483,40.0,35.0,30.0,25.0,20.0
2010,2,484,10.0,10.0,10.0,20.0,20.0
2010,2,498,0.0,0.0,10.0,15.0,20.0
2010,2,504,20.0,25.0,30.0,40.0,40.0
2010,2,506,0.0,2.0,5.0,10.0,10.0
2010,2,507,2.0,5.0,10.0,10.0,10.0
2010,2,510,0.0,0.0,0.0,0.0,0.0
2010,2,516,10.0,10.0,10.0,10.0,10.0
2010,2,518,5.0,5.0,5.0,5.0,5.0
2010,2,520,0.0,0.0,2.0,3.0,5.0
2010,2,524,30.0,20.0,20.0,10.0,10.0
2010,2,527,10.0,25.0,25.0,25.0,25.0
2010,2,528,0.0,5.0,5.0,10.0,20.0
2010,2,532,5.0,10.0,15.0,15.0,20.0
2010,2,535,2.0,3.0,4.0,5.0,5.0
2010,2,540,10.0,10.0,10.0,10.0,5.0
2010,2,541,35.0,30.0,30.0,25.0,25.0
2010,2,542,5.0,10.0,15.0,15.0,15.0
2010,2,546,5.0,10.0,15.0,20.0,25.0
2010,2,548,5.0,5.0,5.0,10.0,10.0
2010,2,549,5.0,10.0,10.0,10.0,5.0
2010,2,551,,,,,
2010,2,553,10.0,10.0,10.0,15.0,15.0
2010,2,555,0.0,0.0,0.0,0.0,0.0
2010,2,556,8.0,8.0,16.0,16.0,16.0
2010,2,557,5.0,15.0,15.0,15.0,15.0
2010,2,558,0.0,0.0,0.0,0.0,0.0
2010,2,559,,,,,
2010,2,560,5.0,5.0,10.0,35.0,40.0
2010,2,563,1.24,4.52,6.44,9.6,7.28
2010,2,564,5.0,10.0,15.0,15.0,15.0
2010,3,407,5.0,5.0,10.0,10.0,10.0
2010,3,411,,,,,
2010,3,420,10.0,10.0,10.0,10.0,10.0
2010,3,421,20.0,25.0,20.0,25.0,20.0
2010,3,422,5.0,10.0,10.0,10.0,10.0
2010,3,423,,,,,
2010,3,424,5.0,10.0,15.0,15.0,15.0
2010,3,426,45.0,40.0,35.0,30.0,35.0
2010,3,428,,,,,
2010,3,446,10.0,20.0,25.0,25.0,25.0
2010,3,463,15.0,20.0,25.0,25.0,25.0
2010,3,472,10.0,15.0,10.0,15.0,20.0
2010,3,483,40.0,35.0,30.0,25.0,20.0
2010,3,484,10.0,10.0,30.0,30.0,30.0
2010,3,498,10.0,15.0,15.0,15.0,20.0
2010,3,504,25.0,30.0,40.0,40.0,45.0
2010,3,507,10.0,15.0,15.0,15.0,10.0
2010,3,510,0.0,0.0,0.0,0.0,0.0
2010,3,518,15.0,15.0,10.0,10.0,10.0
2010,3,520,,,,5.0,10.0
2010,3,527,20.0,30.0,35.0,30.0,25.0
2010,3,528,20.0,20.0,10.0,10.0,10.0
2010,3,532,5.0,10.0,15.0,15.0,20.0
2010,3,535,10.0,15.0,10.0,5.0,5.0
2010,3,540,10.0,10.0,10.0,10.0,5.0
2010,3,546,15.0,17.0,18.0,19.0,20.0
2010,3,548,18.0,18.0,12.0,10.0,10.0
2010,3,549,5.0,5.0,10.0,10.0,5.0
2010,3,551,,,,,
2010,3,555,20.0,20.0,20.0,15.0,15.0
2010,3,556,36.0,20.0,8.0,8.0,8.0
2010,3,558,0.0,0.0,0.0,0.0,0.0
2010,3,560,5.0,20.0,15.0,15.0,10.0
2010,3,561,10.0,30.0,20.0,10.0,10.0
2010,3,563,4.72,6.24,9.04,9.2,9.6
2010,3,566,20.0,25.0,20.0,10.0,10.0
2010,4,407,5.0,10.0,10.0,10.0,10.0
2010,4,411,7.0,5.0,5.0,5.0,5.0
2010,4,420,10.0,10.0,10.0,10.0,10.0
2010,4,421,5.0,10.0,10.0,10.0,10.0
2010,4,422,5.0,10.0,10.0,10.0,10.0
2010,4,424,5.0,5.0,10.0,10.0,10.0
2010,4,426,15.0,15.0,20.0,25.0,25.0
2010,4,428,,,,,
2010,4,431,5.0,30.0,15.0,10.0,10.0
2010,4,446,20.0,20.0,25.0,25.0,25.0
2010,4,456,5.0,20.0,25.0,15.0,10.0
2010,4,463,10.0,20.0,25.0,25.0,25.0
2010,4,472,0.0,5.0,5.0,5.0,5.0
2010,4,483,30.0,40.0,45.0,40.0,35.0
2010,4,484,10.0,10.0,30.0,30.0,30.0
2010,4,498,20.0,15.0,10.0,10.0,5.0
2010,4,504,25.0,35.0,37.0,45.0,40.0
2010,4,506,10.0,10.0,10.0,10.0,10.0
2010,4,507,10.0,15.0,15.0,15.0,15.0
2010,4,508,5.0,7.0,12.0,15.0,16.0
2010,4,510,0.0,0.0,0.0,0.0,0.0
2010,4,516,0.0,5.0,5.0,10.0,15.0
2010,4,518,10.0,10.0,10.0,10.0,10.0
2010,4,520,80.0,10.0,10.0,10.0,50.0
2010,4,523,18.3,14.2,13.4,12.4,12.4
2010,4,524,30.0,20.0,20.0,10.0,10.0
2010,4,526,0.0,5.0,5.0,5.0,5.0
2010,4,527,15.0,20.0,25.0,25.0,25.0
2010,4,528,20.0,20.0,20.0,20.0,20.0
2010,4,532,5.0,10.0,10.0,10.0,10.0
2010,4,535,2.0,4.0,2.0,2.0,2.0
2010,4,540,10.0,10.0,10.0,10.0,5.0
2010,4,541,0.0,10.0,10.0,15.0,15.0
2010,4,542,5.0,10.0,10.0,10.0,10.0
2010,4,546,10.0,15.0,18.0,20.0,25.0
2010,4,548,5.0,15.0,15.0,10.0,10.0
2010,4,549,2.5,5.0,5.0,5.0,5.0
2010,4,555,0.0,0.0,0.0,0.0,0.0
2010,4,556,20.0,25.0,15.0,7.0,7.0
2010,4,557,10.0,15.0,17.0,19.0,22.0
2010,4,558,0.0,0.0,0.0,0.0,0.0
2010,4,560,5.0,20.0,15.0,10.0,5.0
2010,4,563,10.8,5.92,7.72,8.24,8.68
2011,1,407,10.0,5.0,5.0,5.0,5.0
2011,1,411,5.0,5.0,5.0,5.0,5.0
2011,1,420,10.0,10.0,10.0,10.0,10.0
2011,1,422,5.0,10.0,10.0,10.0,10.0
2011,1,423,,,,,
2011,1,424,5.0,5.0,10.0,10.0,15.0
2011,1,426,10.0,15.0,15.0,20.0,25.0
2011,1,428,,,,,
2011,1,431,0.0,0.0,10.0,10.0,20.0
2011,1,446,10.0,10.0,20.0,20.0,20.0
2011,1,456,5.0,5.0,5.0,10.0,10.0
2011,1,483,25.0,20.0,15.0,15.0,15.0
2011,1,484,5.0,5.0,12.0,16.0,21.0
2011,1,498,0.0,0.0,5.0,5.0,5.0
2011,1,504,20.0,15.0,15.0,25.0,30.0
2011,1,506,,,,,
2011,1,507,0.0,5.0,5.0,8.0,10.0
2011,1,508,1.0,2.0,4.0,6.0,7.0
2011,1,510,0.0,0.0,0.0,0.0,0.0
2011,1,516,10.0,10.0,10.0,10.0,10.0
2011,1,518,10.0,15.0,15.0,15.0,10.0
2011,1,520,2.0,2.0,2.0,2.0,2.0
2011,1,524,20.0,15.0,10.0,10.0,15.0
2011,1,526,0.0,0.0,30.0,30.0,10.0
2011,1,527,0.0,5.0,10.0,15.0,20.0
2011,1,528,10.0,10.0,10.0,10.0,15.0
2011,1,532,5.0,10.0,10.0,10.0,
2011,1,535,1.0,2.0,3.0,5.0,5.0
2011,1,538,4.0,6.0,8.0,10.0,10.0
2011,1,540,10.0,10.0,10.0,10.0,5.0
2011,1,542,0.0,5.0,5.0,10.0,10.0
2011,1,548,5.0,7.0,10.0,12.0,12.0
2011,1,549,2.5,5.0,5.0,10.0,10.0
2011,1,553,10.0,10.0,10.0,10.0,10.0
2011,1,555,20.0,20.0,20.0,20.0,20.0
2011,1,556,7.0,7.0,15.0,15.0,7.0
2011,1,557,5.0,10.0,10.0,10.0,10.0
2011,1,558,0.0,0.0,0.0,0.0,0.0
2011,1,560,5.0,5.0,5.0,10.0,10.0
2011,1,561,0.0,0.0,0.0,0.0,0.0
2011,1,563,5.24,5.16,6.52,8.28,9.8
2011,1,564,10.0,10.0,15.0,15.0,25.0
2011,1,568,0.0,2.0,5.0,7.0,10.0
2011,2,407,5.0,5.0,5.0,10.0,10.0
2011,2,411,5.0,5.0,5.0,5.0,5.0
2011,2,420,10.0,10.0,10.0,10.0,10.0
2011,2,422,5.0,10.0,10.0,10.0,10.0
2011,2,423,,,,,
2011,2,424,5.0,5.0,10.0,10.0,10.0
2011,2,426,5.0,10.0,15.0,20.0,25.0
2011,2,431,25.0,20.0,15.0,30.0,15.0
2011,2,446,10.0,10.0,20.0,20.0,20.0
2011,2,463,20.0,20.0,25.0,25.0,25.0
2011,2,472,0.0,5.0,5.0,5.0,10.0
2011,2,483,20.0,15.0,15.0,15.0,15.0
2011,2,484,5.0,5.0,12.0,16.0,21.0
2011,2,498,5.0,10.0,15.0,25.0,25.0
2011,2,504,15.0,15.0,25.0,30.0,30.0
2011,2,506,,,,,
2011,2,507,10.0,20.0,15.0,15.0,15.0
2011,2,508,2.0,5.0,8.0,10.0,12.0
2011,2,510,0.0,0.0,0.0,0.0,0.0
2011,2,516,1.0,10.0,10.0,10.0,10.0
2011,2,518,5.0,5.0,5.0,5.0,5.0
2011,2,520,0.0,0.0,0.0,5.0,5.0
2011,2,523,4.5,5.2,7.1,10.8,12.3
2011,2,524,30.0,20.0,10.0,10.0,10.0
2011,2,526,0.0,0.0,0.0,0.0,0.0
2011,2,527,0.0,10.0,25.0,25.0,25.0
2011,2,532,,,,,
2011,2,533,0.0,5.0,5.0,10.0,10.0
2011,2,535,2.0,1.0,3.0,4.0,5.0
2011,2,540,10.0,10.0,10.0,10.0,5.0
2011,2,542,5.0,5.0,5.0,10.0,10.0
2011,2,546,5.0,8.0,12.0,15.0,20.0
2011,2,548,17.0,17.0,16.0,12.0,10.0
2011,2,549,5.0,5.0,10.0,10.0,5.0
2011,2,553,10.0,10.0,10.0,10.0,10.0
2011,2,555,20.0,20.0,20.0,25.0,25.0
2011,2,556,8.0,10.0,10.0,15.0,15.0
2011,2,557,5.0,8.0,10.0,10.0,10.0
2011,2,558,0.0,0.0,0.0,0.0,0.0
2011,2,559,1.0,1.0,1.0,2.0,2.0
2011,2,561,0.0,0.0,0.0,0.0,0.0
2011,2,563,4.8,7.24,8.0,8.96,8.0
2011,2,564,5.0,15.0,20.0,20.0,20.0
2011,2,568,0.0,5.0,10.0,15.0,15.0
2011,3,407,10.0,10.0,15.0,15.0,15.0
2011,3,420,15.0,15.0,10.0,10.0,10.0
2011,3,422,15.0,20.0,20.0,15.0,15.0
2011,3,423,,,,,
2011,3,426,25.0,25.0,20.0,20.0,20.0
2011,3,431,25.0,25.0,30.0,25.0,20.0
2011,3,433,15.0,25.0,25.0,25.0,25.0
2011,3,446,20.0,20.0,25.0,25.0,25.0
2011,3,456,20.0,40.0,40.0,30.0,30.0
2011,3,463,10.0,20.0,25.0,25.0,25.0
2011,3,472,15.0,20.0,20.0,35.0,20.0
2011,3,483,45.0,50.0,45.0,40.0,35.0
2011,3,484,33.0,33.0,31.0,20.0,20.0
2011,3,498,5.0,10.0,20.0,25.0,35.0
2011,3,504,15.0,15.0,25.0,30.0,30.0
2011,3,507,15.0,20.0,22.0,18.0,17.0
2011,3,510,,,,,
2011,3,516,15.0,20.0,20.0,20.0,20.0
2011,3,518,15.0,15.0,15.0,15.0,15.0
2011,3,520,10.0,10.0,10.0,5.0,5.0
2011,3,523,22.0,27.0,19.0,16.0,15.0
2011,3,524,25.0,25.0,10.0,10.0,10.0
2011,3,527,25.0,50.0,50.0,25.0,25.0
2011,3,532,5.0,10.0,10.0,10.0,10.0
2011,3,540,,,,,
2011,3,542,15.0,15.0,10.0,10.0,10.0
2011,3,546,20.0,20.0,25.0,25.0,25.0
2011,3,548,30.0,20.0,15.0,15.0,15.0
2011,3,549,10.0,10.0,20.0,15.0,10.0
2011,3,551,,,,,
2011,3,554,0.0,5.0,15.0,25.0,35.0
2011,3,555,10.0,25.0,10.0,10.0,10.0
2011,3,557,10.0,8.0,10.0,10.0,10.0
2011,3,558,,,,,
2011,3,561,20.0,20.0,10.0,10.0,10.0
2011,3,563,10.36,11.36,12.48,10.44,9.96
2011,3,568,25.0,30.0,30.0,30.0,30.0
2011,4,407,5.0,5.0,5.0,10.0,10.0
2011,4,411,0.0,10.0,7.0,7.0,7.0
2011,4,420,10.0,10.0,10.0,10.0,10.0
2011,4,421,5.0,5.0,15.0,15.0,15.0
2011,4,422,10.0,15.0,15.0,15.0,15.0
2011,4,424,10.0,28.0,30.0,30.0,30.0
2011,4,426,20.0,22.0,25.0,30.0,30.0
2011,4,428,25.0,30.0,30.0,25.0,20.0
2011,4,431,15.0,30.0,25.0,25.0,25.0
2011,4,433,5.0,20.0,20.0,20.0,20.0
2011,4,446,10.0,15.0,20.0,25.0,25.0
2011,4,456,15.0,30.0,25.0,20.0,20.0
2011,4,463,10.0,15.0,20.0,25.0,25.0
2011,4,472,2.0,3.0,4.0,5.0,5.0
2011,4,483,30.0,30.0,25.0,25.0,25.0
2011,4,498,20.0,20.0,25.0,35.0,40.0
2011,4,504,15.0,25.0,30.0,30.0,35.0
2011,4,506,15.0,25.0,20.0,10.0,10.0
2011,4,507,18.0,25.0,30.0,25.0,15.0
2011,4,508,15.0,20.0,22.0,15.0,15.0
2011,4,510,0.0,0.0,0.0,10.0,10.0
2011,4,518,30.0,25.0,20.0,20.0,15.0
2011,4,520,10.0,10.0,10.0,10.0,10.0
2011,4,523,12.0,16.0,17.0,17.0,17.0
2011,4,524,35.0,20.0,10.0,10.0,10.0
2011,4,526,5.0,8.0,10.0,12.0,15.0
2011,4,527,10.0,25.0,30.0,25.0,25.0
2011,4,532,10.0,20.0,20.0,20.0,20.0
2011,4,535,5.0,5.0,5.0,5.0,2.0
2011,4,540,10.0,10.0,10.0,10.0,10.0
2011,4,542,10.0,30.0,30.0,,
2011,4,546,15.0,18.0,20.0,23.0,25.0
2011,4,548,20.0,15.0,15.0,15.0,10.0
2011,4,549,5.0,20.0,15.0,10.0,10.0
2011,4,553,10.0,10.0,15.0,15.0,15.0
2011,4,554,15.0,20.0,25.0,30.0,30.0
2011,4,555,10.0,15.0,15.0,15.0,15.0
2011,4,556,15.0,8.0,8.0,10.0,15.0
2011,4,557,8.0,15.0,20.0,15.0,15.0
2011,4,558,0.0,0.0,0.0,0.0,0.0
2011,4,559,15.0,20.0,20.0,15.0,15.0
2011,4,560,0.0,10.0,5.0,5.0,5.0
2011,4,563,5.08,6.2,12.0,9.32,9.16
2011,4,564,,,,,
2011,4,568,10.0,20.0,25.0,30.0,35.0
2012,1,407,5.0,5.0,5.0,5.0,5.0
2012,1,420,10.0,10.0,5.0,5.0,5.0
2012,1,421,10.0,15.0,20.0,20.0,20.0
2012,1,422,10.0,15.0,15.0,15.0,15.0
2012,1,423,0.0,10.0,15.0,20.0,20.0
2012,1,424,1.0,5.0,10.0,15.0,15.0
2012,1,426,12.0,18.0,20.0,20.0,25.0
2012,1,428,,,,,
2012,1,431,10.0,15.0,15.0,15.0,20.0
2012,1,433,10.0,15.0,15.0,15.0,15.0
2012,1,446,10.0,15.0,20.0,25.0,25.0
2012,1,456,15.0,20.0,20.0,20.0,20.0
2012,1,472,5.0,10.0,10.0,10.0,10.0
2012,1,483,20.0,25.0,30.0,25.0,20.0
2012,1,484,25.0,21.0,21.0,15.0,15.0
2012,1,504,15.0,20.0,25.0,30.0,30.0
2012,1,506,,,,,
2012,1,507,10.0,25.0,20.0,15.0,18.0
2012,1,508,5.0,10.0,12.0,12.0,15.0
2012,1,510,0.0,0.0,0.0,0.0,0.0
2012,1,518,15.0,15.0,10.0,10.0,5.0
2012,1,520,5.0,5.0,5.0,5.0,5.0
2012,1,523,9.0,18.0,22.0,25.0,23.0
2012,1,524,10.0,5.0,5.0,5.0,5.0
2012,1,527,0.0,10.0,20.0,25.0,25.0
2012,1,532,10.0,10.0,20.0,20.0,
2012,1,535,5.0,5.0,5.0,5.0,5.0
2012,1,540,10.0,10.0,10.0,10.0,15.0
2012,1,542,10.0,15.0,20.0,20.0,30.0
2012,1,546,12.0,15.0,18.0,20.0,25.0
2012,1,548,15.0,25.0,25.0,20.0,20.0
2012,1,549,15.0,10.0,10.0,10.0,25.0
2012,1,551,,,,,
2012,1,553,10.0,10.0,10.0,10.0,15.0
2012,1,554,10.0,15.0,15.0,10.0,5.0
2012,1,555,10.0,15.0,20.0,20.0,20.0
2012,1,556,12.0,8.0,8.0,16.0,16.0
2012,1,557,5.0,20.0,20.0,15.0,15.0
2012,1,558,0.0,0.0,0.0,0.0,0.0
2012,1,559,15.0,20.0,20.0,15.0,15.0
2012,1,561,2.0,5.0,5.0,5.0,5.0
2012,1,563,7.04,14.92,13.52,13.04,13.6
2012,1,564,20.0,20.0,20.0,20.0,25.0
2012,1,568,10.0,25.0,25.0,25.0,25.0
2012,1,569,,,,,
2012,2,407,5.0,5.0,10.0,10.0,10.0
2012,2,420,10.0,10.0,5.0,5.0,5.0
2012,2,421,15.0,15.0,20.0,20.0,20.0
2012,2,422,10.0,15.0,15.0,15.0,15.0
2012,2,423,,,,,
2012,2,424,0.0,5.0,6.0,7.0,8.0
2012,2,426,10.0,15.0,20.0,25.0,30.0
2012,2,428,,,,,
2012,2,431,2.0,10.0,25.0,25.0,20.0
2012,2,433,10.0,10.0,10.0,10.0,10.0
2012,2,446,10.0,10.0,10.0,10.0,10.0
2012,2,463,10.0,12.0,15.0,18.0,20.0
2012,2,483,20.0,25.0,40.0,50.0,40.0
2012,2,484,8.0,8.0,8.0,11.0,11.0
2012,2,504,15.0,20.0,25.0,30.0,35.0
2012,2,506,5.0,10.0,10.0,10.0,10.0
2012,2,507,15.0,20.0,20.0,20.0,20.0
2012,2,508,1.0,5.0,7.0,5.0,15.0
2012,2,510,,,,,
2012,2,512,50.0,40.0,40.0,60.0,60.0
2012,2,518,5.0,5.0,5.0,5.0,5.0
2012,2,520,5.0,5.0,5.0,5.0,5.0
2012,2,524,5.0,5.0,5.0,5.0,5.0
2012,2,527,0.0,10.0,20.0,20.0,30.0
2012,2,532,10.0,10.0,20.0,20.0,
2012,2,535,5.0,5.0,4.0,3.0,3.0
2012,2,540,10.0,10.0,10.0,10.0,15.0
2012,2,542,10.0,15.0,20.0,30.0,30.0
2012,2,546,10.0,15.0,18.0,20.0,25.0
2012,2,548,22.0,20.0,18.0,17.0,16.0
2012,2,549,10.0,10.0,15.0,25.0,25.0
2012,2,553,10.0,10.0,10.0,10.0,15.0
2012,2,556,8.0,16.0,8.0,32.0,16.0
2012,2,557,2.0,7.0,9.0,13.0,17.0
2012,2,558,0.0,0.0,0.0,0.0,0.0
2012,2,559,5.0,10.0,10.0,15.0,15.0
2012,2,563,5.0,12.56,12.8,14.64,13.12
2012,2,568,25.0,25.0,30.0,30.0,30.0
2012,2,569,,,,,
2012,3,407,5.0,5.0,10.0,35.0,20.0
2012,3,411,2.0,3.0,8.0,5.0,5.0
2012,3,420,5.0,10.0,15.0,10.0,5.0
2012,3,421,15.0,20.0,25.0,30.0,30.0
2012,3,422,10.0,15.0,15.0,15.0,15.0
2012,3,423,,,,,
2012,3,424,0.0,5.0,6.0,7.0,8.0
2012,3,426,20.0,25.0,30.0,35.0,35.0
2012,3,428,35.0,35.0,33.0,30.0,30.0
2012,3,431,10.0,20.0,20.0,20.0,15.0
2012,3,433,10.0,10.0,25.0,15.0,15.0
2012,3,446,25.0,25.0,20.0,20.0,20.0
2012,3,456,15.0,20.0,25.0,35.0,20.0
2012,3,463,30.0,40.0,30.0,25.0,25.0
2012,3,472,5.0,5.0,10.0,15.0,20.0
2012,3,483,45.0,55.0,65.0,55.0,50.0
2012,3,484,21.0,15.0,8.0,11.0,11.0
2012,3,504,15.0,20.0,25.0,30.0,35.0
2012,3,507,17.0,20.0,20.0,20.0,18.0
2012,3,508,,,,,
2012,3,510,0.0,0.0,20.0,10.0,0.0
2012,3,512,40.0,50.0,60.0,60.0,60.0
2012,3,518,15.0,25.0,20.0,15.0,5.0
2012,3,520,2.0,5.0,10.0,5.0,5.0
2012,3,523,29.0,22.0,27.0,29.0,28.0
2012,3,524,5.0,5.0,5.0,5.0,5.0
2012,3,526,0.0,0.0,10.0,15.0,20.0
2012,3,527,,20.0,40.0,30.0,30.0
2012,3,532,5.0,5.0,10.0,15.0,
2012,3,533,15.0,15.0,25.0,25.0,15.0
2012,3,535,30.0,10.0,8.0,5.0,5.0
2012,3,540,10.0,10.0,10.0,15.0,15.0
2012,3,542,10.0,15.0,20.0,30.0,30.0
2012,3,546,10.0,15.0,18.0,20.0,25.0
2012,3,548,30.0,30.0,25.0,25.0,25.0
2012,3,549,10.0,15.0,25.0,20.0,15.0
2012,3,553,10.0,10.0,20.0,20.0,20.0
2012,3,555,10.0,20.0,20.0,20.0,20.0
2012,3,556,8.0,8.0,32.0,16.0,8.0
2012,3,557,10.0,25.0,25.0,20.0,20.0
2012,3,558,0.0,0.0,0.0,0.0,0.0
2012,3,559,10.0,20.0,25.0,20.0,20.0
2012,3,560,,,,,
2012,3,563,10.8,14.4,13.64,14.76,13.48
2012,3,568,25.0,30.0,30.0,30.0,25.0
2012,3,569,,,,,
2012,3,571,5.0,10.0,20.0,20.0,15.0
2012,3,572,10.0,20.0,25.0,25.0,20.0
2012,4,407,,,,,
2012,4,411,2.0,10.0,10.0,5.0,5.0
2012,4,426,30.0,45.0,35.0,35.0,30.0
2012,4,428,25.0,25.0,25.0,10.0,4.0
2012,4,433,5.0,20.0,10.0,10.0,10.0
2012,4,446,10.0,20.0,15.0,15.0,15.0
2012,4,463,30.0,35.0,28.0,25.0,25.0
2012,4,472,5.0,15.0,20.0,20.0,20.0
2012,4,483,45.0,50.0,45.0,40.0,35.0
2012,4,484,15.0,13.0,12.0,11.0,9.0
2012,4,504,15.0,20.0,25.0,30.0,35.0
2012,4,506,,,,,
2012,4,507,25.0,27.0,18.0,10.0,8.0
2012,4,508,10.0,40.0,20.0,20.0,10.0
2012,4,510,0.0,0.0,5.0,0.0,0.0
2012,4,512,40.0,50.0,50.0,40.0,30.0
2012,4,518,10.0,15.0,20.0,20.0,15.0
2012,4,520,5.0,20.0,20.0,5.0,5.0
2012,4,524,5.0,10.0,10.0,5.0,5.0
2012,4,526,0.0,0.0,20.0,20.0,10.0
2012,4,527,0.0,35.0,35.0,20.0,20.0
2012,4,532,5.0,40.0,25.0,10.0,
2012,4,535,15.0,8.0,6.0,5.0,5.0
2012,4,540,10.0,10.0,10.0,15.0,15.0
2012,4,542,10.0,15.0,20.0,30.0,30.0
2012,4,546,25.0,35.0,35.0,35.0,35.0
2012,4,548,30.0,15.0,15.0,15.0,15.0
2012,4,549,15.0,25.0,20.0,15.0,15.0
2012,4,553,5.0,10.0,20.0,20.0,20.0
2012,4,555,10.0,20.0,20.0,20.0,20.0
2012,4,556,12.0,32.0,16.0,8.0,8.0
2012,4,557,7.0,20.0,25.0,20.0,20.0
2012,4,559,15.0,30.0,20.0,15.0,15.0
2012,4,560,0.0,50.0,50.0,25.0,25.0
2012,4,563,9.48,9.32,9.96,9.84,8.8
2012,4,568,15.0,30.0,30.0,30.0,25.0
2012,4,569,,,,,
2012,4,570,20.0,20.0,15.0,10.0,10.0
2012,4,571,5.0,10.0,20.0,20.0,15.0
2013,1,407,5.0,10.0,15.0,10.0,5.0
2013,1,411,5.0,15.0,10.0,5.0,5.0
2013,1,420,10.0,10.0,15.0,5.0,5.0
2013,1,421,30.0,25.0,20.0,20.0,15.0
2013,1,422,15.0,15.0,15.0,15.0,15.0
2013,1,423,,,,,
2013,1,426,15.0,20.0,25.0,30.0,30.0
2013,1,428,0.0,5.0,5.0,5.0,5.0
2013,1,433,10.0,10.0,10.0,10.0,10.0
2013,1,446,20.0,15.0,10.0,10.0,10.0
2013,1,456,10.0,30.0,20.0,10.0,10.0
2013,1,463,50.0,30.0,20.0,10.0,10.0
2013,1,472,5.0,5.0,5.0,5.0,5.0
2013,1,484,33.0,31.0,25.0,21.0,18.0
2013,1,504,20.0,35.0,25.0,30.0,35.0
2013,1,506,,,,,
2013,1,507,5.0,18.0,15.0,18.0,15.0
2013,1,510,0.0,0.0,0.0,0.0,0.0
2013,1,512,40.0,40.0,40.0,40.0,40.0
2013,1,518,25.0,20.0,15.0,15.0,10.0
2013,1,520,20.0,20.0,15.0,10.0,10.0
2013,1,524,15.0,10.0,5.0,5.0,5.0
2013,1,526,5.0,5.0,5.0,5.0,5.0
2013,1,527,30.0,25.0,20.0,20.0,20.0
2013,1,528,5.0,20.0,15.0,15.0,20.0
2013,1,532,10.0,10.0,5.0,5.0,5.0
2013,1,535,3.0,7.0,5.0,5.0,5.0
2013,1,540,10.0,10.0,10.0,10.0,10.0
2013,1,542,25.0,20.0,20.0,20.0,20.0
2013,1,546,20.0,22.0,25.0,25.0,30.0
2013,1,548,30.0,25.0,20.0,20.0,18.0
2013,1,549,25.0,25.0,15.0,10.0,5.0
2013,1,551,,,,,
2013,1,553,30.0,30.0,20.0,10.0,10.0
2013,1,555,10.0,15.0,15.0,15.0,15.0
2013,1,556,8.0,16.0,8.0,8.0,8.0
2013,1,557,10.0,15.0,20.0,15.0,15.0
2013,1,559,10.0,10.0,10.0,15.0,15.0
2013,1,560,0.0,33.0,20.0,10.0,5.0
2013,1,563,3.12,12.76,14.76,13.4,14.4
2013,1,564,,,,,
2013,1,568,20.0,20.0,15.0,15.0,20.0
2013,1,569,,,,,
2013,1,570,21.0,13.0,11.0,9.0,6.0
2013,1,571,10.0,15.0,15.0,20.0,15.0
2013,1,572,10.0,25.0,25.0,20.0,20.0
2013,2,407,5.0,5.0,5.0,10.0,10.0
2013,2,411,0.0,10.0,5.0,5.0,5.0
2013,2,420,5.0,5.0,10.0,10.0,5.0
2013,2,421,30.0,25.0,20.0,20.0,15.0
2013,2,422,15.0,15.0,15.0,15.0,15.0
2013,2,426,25.0,20.0,25.0,30.0,35.0
2013,2,428,30.0,30.0,15.0,15.0,5.0
2013,2,433,10.0,10.0,10.0,10.0,10.0
2013,2,446,15.0,20.0,15.0,10.0,10.0
2013,2,463,20.0,10.0,5.0,,
2013,2,484,10.0,10.0,8.0,8.0,6.0
2013,2,504,15.0,17.5,20.0,22.5,25.0
2013,2,506,,,,,
2013,2,507,,,,,
2013,2,508,20.0,12.0,10.0,10.0,10.0
2013,2,510,0.0,0.0,0.0,0.0,10.0
2013,2,512,40.0,40.0,40.0,40.0,40.0
2013,2,518,15.0,15.0,15.0,15.0,15.0
2013,2,520,5.0,5.0,5.0,5.0,5.0
2013,2,524,15.0,20.0,15.0,10.0,10.0
2013,2,526,5.0,5.0,5.0,5.0,5.0
2013,2,527,0.0,10.0,20.0,20.0,10.0
2013,2,528,20.0,20.0,15.0,15.0,20.0
2013,2,532,10.0,10.0,5.0,5.0,5.0
2013,2,535,5.0,6.0,5.0,4.0,4.0
2013,2,540,10.0,10.0,10.0,10.0,15.0
2013,2,542,15.0,15.0,15.0,15.0,
2013,2,546,25.0,20.0,20.0,25.0,3.0
2013,2,548,20.0,25.0,20.0,15.0,15.0
2013,2,549,15.0,10.0,5.0,10.0,5.0
2013,2,551,,,,,
2013,2,553,15.0,15.0,15.0,10.0,10.0
2013,2,555,10.0,10.0,10.0,10.0,10.0
2013,2,556,16.0,8.0,8.0,8.0,8.0
2013,2,557,20.0,15.0,15.0,10.0,10.0
2013,2,559,10.0,10.0,10.0,15.0,15.0
2013,2,563,8.44,17.64,14.64,16.2,15.44
2013,2,568,25.0,25.0,25.0,20.0,25.0
2013,2,569,,,,,
2013,2,570,20.0,8.0,7.0,7.0,7.0
2013,2,571,10.0,15.0,15.0,20.0,15.0
2013,2,574,20.0,20.0,20.0,20.0,20.0
2013,3,411,10.0,5.0,5.0,5.0,
2013,3,420,5.0,5.0,5.0,10.0,10.0
2013,3,421,20.0,20.0,20.0,20.0,20.0
2013,3,422,5.0,5.0,5.0,5.0,5.0
2013,3,424,0.0,5.0,6.0,7.0,8.0
2013,3,426,,,,,
2013,3,428,0.0,0.0,15.0,15.0,5.0
2013,3,433,0.0,5.0,5.0,5.0,5.0
2013,3,446,10.0,15.0,10.0,10.0,10.0
2013,3,456,20.0,10.0,10.0,10.0,10.0
2013,3,463,5.0,5.0,5.0,5.0,5.0
2013,3,484,12.0,12.0,12.0,10.0,8.0
2013,3,504,17.5,20.0,22.5,25.0,30.0
2013,3,506,5.0,10.0,15.0,20.0,25.0
2013,3,507,,,,,
2013,3,510,,,,,
2013,3,512,10.0,20.0,30.0,30.0,30.0
2013,3,518,10.0,20.0,20.0,10.0,10.0
2013,3,520,0.0,5.0,5.0,5.0,5.0
2013,3,524,15.0,10.0,10.0,10.0,5.0
2013,3,528,15.0,15.0,10.0,10.0,10.0
2013,3,532,10.0,10.0,5.0,5.0,5.0
2013,3,540,10.0,10.0,10.0,10.0,15.0
2013,3,542,15.0,15.0,15.0,15.0,
2013,3,546,20.0,21.0,22.0,23.0,24.0
2013,3,548,25.0,20.0,20.0,20.0,20.0
2013,3,549,5.0,5.0,10.0,5.0,5.0
2013,3,551,,,,,
2013,3,553,15.0,15.0,15.0,10.0,10.0
2013,3,555,5.0,5.0,5.0,5.0,5.0
2013,3,556,12.0,8.0,8.0,8.0,8.0
2013,3,557,10.0,10.0,10.0,10.0,10.0
2013,3,560,10.0,15.0,10.0,12.0,15.0
2013,3,563,11.28,15.2,19.52,16.48,14.48
2013,3,570,12.0,8.0,5.0,5.0,5.0
2013,3,571,30.0,30.0,25.0,20.0,20.0
2013,3,572,10.0,10.0,10.0,15.0,15.0
2013,3,574,10.0,10.0,12.0,15.0,15.0
2013,3,575,9.8,10.4,10.7,11.7,13.1
2013,3,576,0.6696,1.0373,1.6151,2.5202,3.918
2013,3,577,8.0,9.0,7.0,5.0,8.0
2013,4,407,5.0,5.0,5.0,5.0,5.0
2013,4,420,5.0,10.0,10.0,10.0,10.0
2013,4,421,25.0,20.0,20.0,20.0,20.0
2013,4,422,10.0,10.0,5.0,5.0,5.0
2013,4,426,15.0,20.0,20.0,25.0,35.0
2013,4,428,0.0,15.0,15.0,15.0,5.0
2013,4,429,,,,,
2013,4,433,5.0,5.0,5.0,5.0,5.0
2013,4,446,10.0,15.0,20.0,20.0,20.0
2013,4,463,10.0,20.0,20.0,20.0,20.0
2013,4,504,20.0,22.5,25.0,30.0,30.0
2013,4,506,2.0,10.0,15.0,20.0,20.0
2013,4,507,19.0,5.0,5.0,5.0,5.0
2013,4,508,0.0,10.0,15.0,10.0,5.0
2013,4,510,0.0,0.0,0.0,0.0,0.0
2013,4,512,35.0,20.0,20.0,20.0,20.0
2013,4,518,20.0,20.0,10.0,10.0,10.0
2013,4,520,0.0,0.0,5.0,5.0,10.0
2013,4,524,10.0,10.0,15.0,10.0,10.0
2013,4,526,0.0,5.0,5.0,5.0,5.0
2013,4,527,0.0,5.0,10.0,10.0,20.0
2013,4,532,10.0,10.0,5.0,5.0,5.0
2013,4,535,35.0,5.0,10.0,9.0,8.0
2013,4,540,0.0,0.0,0.0,0.0,0.0
2013,4,542,15.0,15.0,15.0,15.0,
2013,4,546,15.0,16.0,18.0,20.0,22.0
2013,4,548,20.0,24.0,25.0,26.0,27.0
2013,4,549,10.0,5.0,5.0,5.0,5.0
2013,4,553,10.0,10.0,15.0,15.0,15.0
2013,4,555,10.0,10.0,10.0,10.0,10.0
2013,4,557,10.0,10.0,10.0,10.0,10.0
2013,4,559,10.0,15.0,15.0,,
2013,4,563,5.92,11.92,12.2,8.6,9.08
2013,4,568,15.0,10.0,10.0,15.0,20.0
2013,4,569,,,,,
2013,4,570,12.0,7.0,7.0,7.0,6.0
2013,4,571,30.0,30.0,25.0,20.0,20.0
2013,4,572,13.0,10.0,10.0,13.0,14.0
2013,4,574,15.0,12.0,12.0,12.0,15.0
2013,4,576,0.0,0.23,0.51,0.68,0.73
2013,4,577,9.0,6.0,5.0,6.0,7.0
2013,4,579,15.0,10.0,10.0,10.0,10.0
2014,1,407,5.0,5.0,5.0,5.0,5.0
2014,1,411,,,,,
2014,1,420,5.0,5.0,5.0,5.0,5.0
2014,1,421,35.0,25.0,20.0,15.0,15.0
2014,1,422,10.0,10.0,5.0,5.0,5.0
2014,1,424,0.0,5.0,6.0,7.0,8.0
2014,1,426,20.0,25.0,30.0,30.0,35.0
2014,1,428,0.0,0.0,15.0,15.0,5.0
2014,1,429,,,,,
2014,1,433,1.0,5.0,5.0,5.0,5.0
2014,1,446,15.0,15.0,20.0,20.0,20.0
2014,1,463,10.0,5.0,5.0,5.0,5.0
2014,1,484,51.0,11.0,9.0,7.0,5.0
2014,1,504,22.5,25.0,28.0,30.0,32.0
2014,1,506,0.0,10.0,20.0,25.0,25.0
2014,1,507,25.0,8.0,15.0,12.0,15.0
2014,1,508,10.0,5.0,5.0,5.0,5.0
2014,1,510,0.0,0.0,0.0,0.0,0.0
2014,1,512,20.0,20.0,20.0,25.0,25.0
2014,1,520,0.0,0.0,0.0,0.0,5.0
2014,1,524,5.0,5.0,5.0,5.0,5.0
2014,1,527,0.0,0.0,10.0,20.0,20.0
2014,1,532,5.0,5.0,5.0,5.0,5.0
2014,1,535,20.0,10.0,8.0,8.0,8.0
2014,1,542,15.0,15.0,15.0,20.0,20.0
2014,1,546,15.0,16.0,18.0,20.0,22.0
2014,1,548,25.0,23.0,20.0,20.0,20.0
2014,1,549,5.0,5.0,5.0,5.0,5.0
2014,1,553,10.0,10.0,15.0,15.0,15.0
2014,1,555,0.0,0.0,0.0,0.0,0.0
2014,1,556,8.0,8.0,8.0,8.0,8.0
2014,1,557,5.0,5.0,5.0,5.0,5.0
2014,1,559,5.0,5.0,10.0,10.0,10.0
2014,1,563,1.88,7.84,9.72,10.36,13.04
2014,1,568,15.0,15.0,15.0,20.0,20.0
2014,1,569,,,,,
2014,1,570,7.0,8.0,6.0,5.0,5.0
2014,1,571,30.0,25.0,20.0,20.0,25.0
2014,1,572,13.0,10.0,10.0,13.0,14.0
2014,1,574,10.0,10.0,15.0,15.0,15.0
2014,1,575,,,,,
2014,1,576,4.0,3.0,2.0,2.0,1.0
2014,1,577,4.6,6.3,7.8,8.9,9.1
2014,1,578,15.0,5.0,5.0,10.0,10.0
2014,1,579,10.0,5.0,5.0,5.0,5.0
2014,2,407,5.0,5.0,5.0,5.0,5.0
2014,2,420,10.0,10.0,5.0,5.0,5.0
2014,2,421,25.0,20.0,15.0,15.0,15.0
2014,2,422,5.0,5.0,5.0,5.0,5.0
2014,2,426,15.0,20.0,20.0,25.0,30.0
2014,2,428,5.0,15.0,15.0,15.0,5.0
2014,2,429,,,,,
2014,2,433,5.0,5.0,5.0,5.0,5.0
2014,2,446,20.0,20.0,20.0,15.0,15.0
2014,2,463,5.0,15.0,18.0,20.0,20.0
2014,2,484,11.0,9.0,7.0,11.0,12.0
2014,2,504,20.0,25.0,30.0,32.0,35.0
2014,2,506,5.0,10.0,15.0,20.0,25.0
2014,2,508,,,,,
2014,2,510,0.0,0.0,0.0,5.0,5.0
2014,2,512,,,,,
2014,2,518,5.0,15.0,20.0,15.0,10.0
2014,2,520,5.0,5.0,5.0,5.0,5.0
2014,2,524,10.0,5.0,5.0,5.0,5.0
2014,2,526,5.0,5.0,5.0,5.0,5.0
2014,2,532,,,,,
2014,2,533,5.0,10.0,15.0,15.0,20.0
2014,2,535,5.0,10.0,10.0,10.0,10.0
2014,2,542,,,,,
2014,2,546,2.0,5.0,8.0,12.0,15.0
2014,2,548,10.0,15.0,15.0,20.0,20.0
2014,2,549,5.0,5.0,5.0,5.0,5.0
2014,2,553,10.0,10.0,15.0,15.0,15.0
2014,2,555,15.0,15.0,15.0,15.0,15.0
2014,2,556,7.6,7.6,7.6,7.6,15.2
2014,2,557,5.0,5.0,7.0,10.0,12.0
2014,2,559,5.0,5.0,10.0,10.0,10.0
2014,2,563,5.56,16.04,14.68,16.92,16.08
2014,2,568,20.0,15.0,15.0,20.0,25.0
2014,2,569,,,,,
2014,2,570,6.0,6.0,5.0,5.0,5.0
2014,2,572,10.0,10.0,12.0,13.0,14.0
2014,2,574,10.0,15.0,15.0,15.0,20.0
2014,2,576,13.0396,11.2591,10.3897,9.302,8.1647
2014,2,577,4.2,7.4,5.5,17.9,13.8
2014,2,578,0.0,0.0,5.0,10.0,10.0
2014,2,579,5.0,5.0,5.0,5.0,5.0
2014,3,411,,,,,
2014,3,420,5.0,5.0,5.0,5.0,5.0
2014,3,421,15.0,20.0,15.0,15.0,15.0
2014,3,422,5.0,8.0,8.0,8.0,8.0
2014,3,426,15.0,20.0,20.0,25.0,30.0
2014,3,428,0.0,15.0,15.0,15.0,15.0
2014,3,433,5.0,5.0,5.0,5.0,5.0
2014,3,446,15.0,15.0,15.0,20.0,20.0
2014,3,463,3.0,15.0,20.0,22.0,23.0
2014,3,484,11.0,9.0,7.0,11.0,12.0
2014,3,504,20.0,25.0,30.0,33.0,35.0
2014,3,506,1.0,5.0,10.0,15.0,20.0
2014,3,507,10.0,10.0,15.0,15.0,18.0
2014,3,508,5.0,5.0,5.0,5.0,5.0
2014,3,510,0.0,0.0,0.0,0.0,10.0
2014,3,512,30.0,20.0,10.0,15.0,15.0
2014,3,518,10.0,10.0,15.0,10.0,5.0
2014,3,520,0.0,0.0,5.0,5.0,5.0
2014,3,524,5.0,5.0,5.0,10.0,10.0
2014,3,526,5.0,5.0,5.0,5.0,5.0
2014,3,527,0.0,10.0,10.0,15.0,15.0
2014,3,532,5.0,5.0,5.0,5.0,5.0
2014,3,535,10.0,8.0,8.0,7.0,7.0
2014,3,542,5.0,10.0,15.0,15.0,15.0
2014,3,546,2.0,5.0,8.0,12.0,15.0
2014,3,548,15.0,17.0,20.0,22.0,23.0
2014,3,549,2.5,5.0,5.0,5.0,5.0
2014,3,553,10.0,10.0,15.0,15.0,20.0
2014,3,555,10.0,10.0,10.0,10.0,10.0
2014,3,556,7.6,7.6,7.6,7.6,15.2
2014,3,557,5.0,5.0,10.0,10.0,10.0
2014,3,559,5.0,10.0,15.0,0.0,0.0
2014,3,563,8.96,12.16,18.32,15.84,16.2
2014,3,568,25.0,25.0,25.0,30.0,30.0
2014,3,569,,,,,
2014,3,570,5.0,5.0,5.0,5.0,4.9192
2014,3,572,10.0,10.0,12.0,13.0,13.0
2014,3,574,5.0,10.0,15.0,15.0,20.0
2014,3,575,,,,,
2014,3,577,4.2,7.9,7.5,8.2,8.5
2014,3,578,0.0,5.0,5.0,5.0,10.0
2014,3,579,5.0,10.0,15.0,10.0,15.0
2014,3,580,5.0,5.0,10.0,10.0,20.0
2014,4,411,,,,,
2014,4,421,10.0,15.0,10.0,15.0,15.0
2014,4,422,5.0,8.0,8.0,8.0,8.0
2014,4,423,,,,,
2014,4,426,20.0,20.0,25.0,30.0,30.0
2014,4,428,10.0,10.0,10.0,10.0,10.0
2014,4,429,,,,,
2014,4,433,5.0,5.0,5.0,5.0,5.0
2014,4,446,15.0,15.0,15.0,20.0,20.0
2014,4,484,9.0,9.0,9.0,9.0,9.0
2014,4,504,20.0,25.0,30.0,33.0,35.0
2014,4,506,10.0,15.0,15.0,15.0,15.0
2014,4,507,13.0,15.0,18.0,12.0,12.0
2014,4,510,0.0,0.0,0.0,0.0,0.0
2014,4,512,10.0,20.0,25.0,25.0,30.0
2014,4,518,5.0,10.0,15.0,10.0,10.0
2014,4,520,5.0,5.0,10.0,10.0,10.0
2014,4,524,5.0,5.0,5.0,10.0,10.0
2014,4,526,5.0,5.0,5.0,5.0,5.0
2014,4,527,5.0,10.0,20.0,25.0,25.0
2014,4,533,10.0,5.0,5.0,10.0,15.0
2014,4,535,8.0,10.0,10.0,10.0,10.0
2014,4,542,5.0,10.0,15.0,15.0,15.0
2014,4,546,8.0,10.0,12.0,14.0,16.0
2014,4,548,23.0,24.0,23.0,22.0,21.0
2014,4,549,0.0,2.5,3.75,5.0,5.0
2014,4,553,10.0,10.0,15.0,15.0,20.0
2014,4,555,5.0,5.0,5.0,5.0,5.0
2014,4,556,7.6,7.6,7.6,11.4,15.2
2014,4,557,15.0,10.0,10.0,10.0,5.0
2014,4,559,5.0,10.0,10.0,,
2014,4,560,0.0,5.0,5.0,10.0,15.0
2014,4,563,1.8,9.12,10.48,8.36,8.08
2014,4,568,20.0,25.0,25.0,30.0,30.0
2014,4,569,,,,,
2014,4,570,2.0,3.0,3.0,3.0,5.0
2014,4,572,10.0,10.0,12.0,13.0,13.0
2014,4,574,5.0,10.0,10.0,15.0,15.0
2014,4,575,,,,,
2014,4,577,7.9,8.7,4.6,4.5,9.0
2014,4,578,0.0,5.0,5.0,5.0,10.0
2014,4,579,5.0,10.0,5.0,5.0,5.0
2015,1,411,,,,,
2015,1,421,10.0,10.0,10.0,15.0,15.0
2015,1,422,5.0,8.0,8.0,8.0,10.0
2015,1,423,,,,,
2015,1,426,15.0,15.0,18.0,20.0,20.0
2015,1,428,15.0,15.0,15.0,7.0,5.0
2015,1,429,,,,,
2015,1,433,10.0,10.0,10.0,10.0,10.0
2015,1,456,,,,,
2015,1,504,20.0,25.0,25.0,30.0,35.0
2015,1,506,10.0,12.5,15.0,17.5,20.0
2015,1,507,12.0,9.0,10.0,10.0,12.0
2015,1,508,10.0,10.0,10.0,10.0,10.0
2015,1,510,0.0,0.0,0.0,0.0,10.0
2015,1,512,5.0,10.0,15.0,20.0,15.0
2015,1,518,5.0,10.0,15.0,10.0,10.0
2015,1,520,10.0,10.0,10.0,10.0,10.0
2015,1,524,5.0,5.0,5.0,10.0,10.0
2015,1,527,0.0,10.0,15.0,15.0,25.0
2015,1,542,5.0,10.0,15.0,15.0,15.0
2015,1,546,5.0,8.0,10.0,12.0,14.0
2015,1,548,18.0,18.0,17.0,17.0,20.0
2015,1,549,2.5,3.75,5.0,5.0,5.5
2015,1,553,10.0,10.0,15.0,15.0,20.0
2015,1,555,5.0,5.0,5.0,5.0,5.0
2015,1,556,7.6,7.6,7.6,11.4,15.2
2015,1,557,5.0,5.0,5.0,5.0,5.0
2015,1,559,5.0,7.0,9.0,10.0,10.0
2015,1,563,3.4,9.8,11.84,11.6,13.96
2015,1,568,15.0,15.0,20.0,20.0,20.0
2015,1,569,,,,,
2015,1,570,6.0,9.0,10.0,10.0,6.0
2015,1,572,10.0,10.0,12.0,13.0,13.0
2015,1,574,5.0,10.0,15.0,15.0,20.0
2015,1,575,,,,,
2015,1,577,6.2,4.3,4.1,6.4,8.0
2015,1,578,10.0,5.0,5.0,5.0,5.0
2015,1,579,5.0,5.0,5.0,7.0,8.0
2015,1,580,5.0,5.0,15.0,15.0,15.0
2015,2,411,,,,,
2015,2,422,5.0,8.0,8.0,8.0,10.0
2015,2,424,,,,,
2015,2,426,25.0,20.0,20.0,20.0,25.0
2015,2,428,10.0,10.0,10.0,5.0,5.0
2015,2,429,,,,,
2015,2,433,10.0,10.0,10.0,10.0,10.0
2015,2,456,,,,,
2015,2,463,,10.0,10.0,10.0,30.0
2015,2,484,11.0,9.0,7.0,11.0,12.0
2015,2,504,20.0,25.0,30.0,33.0,35.0
2015,2,506,20.0,15.0,10.0,15.0,25.0
2015,2,507,12.0,12.0,12.0,20.0,15.0
2015,2,510,0.0,0.0,0.0,0.0,50.0
2015,2,512,40.0,30.0,30.0,30.0,30.0
2015,2,518,5.0,10.0,15.0,15.0,15.0
2015,2,520,5.0,5.0,5.0,5.0,5.0
2015,2,523,15.0,17.0,16.0,17.0,15.0
2015,2,527,15.0,15.0,20.0,20.0,20.0
2015,2,532,5.0,5.0,5.0,15.0,5.0
2015,2,533,20.0,15.0,15.0,15.0,15.0
2015,2,535,3.0,5.0,5.0,15.0,7.0
2015,2,542,5.0,10.0,15.0,15.0,15.0
2015,2,546,5.0,10.0,15.0,20.0,25.0
2015,2,548,20.0,18.0,17.0,25.0,25.0
2015,2,549,4.0,5.0,5.0,10.0,5.0
2015,2,555,10.0,10.0,10.0,25.0,10.0
2015,2,556,0.0,3.36,6.73,13.46,6.73
2015,2,557,10.0,5.0,5.0,10.0,10.0
2015,2,559,5.0,7.0,9.0,10.0,10.0
2015,2,560,10.0,15.0,20.0,20.0,10.0
2015,2,563,13.92,20.28,15.28,17.36,17.84
2015,2,568,15.0,20.0,20.0,25.0,25.0
2015,2,569,,,,,
2015,2,570,29.0,8.0,10.0,10.0,5.0
2015,2,572,10.0,10.0,12.0,13.0,13.0
2015,2,574,20.0,15.0,15.0,20.0,20.0
2015,2,575,,,,,
2015,2,576,11.0,11.4,11.7,11.4,11.6
2015,2,577,12.0,10.0,9.0,7.0,7.0
2015,2,578,0.0,5.0,5.0,15.0,5.0
2015,2,579,5.0,5.0,7.0,12.0,7.0
2015,2,580,5.0,5.0,15.0,15.0,15.0
2015,2,581,5.0,5.0,5.0,5.0,5.0
2015,3,411,,,,,
2015,3,421,5.0,10.0,10.0,15.0,15.0
2015,3,422,8.0,9.0,9.0,9.0,10.0
2015,3,424,,,,,
2015,3,426,10.0,15.0,15.0,20.0,20.0
2015,3,428,10.0,10.0,10.0,5.0,5.0
2015,3,433,5.0,5.0,5.0,5.0,5.0
2015,3,456,,,,,
2015,3,463,5.0,5.0,10.0,10.0,15.0
2015,3,484,10.0,8.0,7.0,10.0,11.0
2015,3,504,20.0,25.0,30.0,30.0,30.0
2015,3,506,0.0,10.0,10.0,10.0,10.0
2015,3,508,5.0,10.0,15.0,15.0,15.0
2015,3,510,0.0,0.0,10.0,10.0,10.0
2015,3,512,10.0,30.0,30.0,30.0,30.0
2015,3,518,15.0,15.0,20.0,15.0,15.0
2015,3,520,10.0,10.0,10.0,10.0,10.0
2015,3,527,5.0,5.0,10.0,15.0,25.0
2015,3,528,5.0,5.0,20.0,20.0,20.0
2015,3,533,5.0,10.0,15.0,15.0,15.0
2015,3,535,10.0,8.0,8.0,8.0,8.0
2015,3,542,5.0,10.0,15.0,20.0,15.0
2015,3,546,3.0,10.0,15.0,20.0,25.0
2015,3,548,20.0,20.0,21.0,22.0,25.0
2015,3,549,5.0,5.0,10.0,5.0,10.0
2015,3,553,15.0,15.0,20.0,15.0,15.0
2015,3,555,10.0,10.0,10.0,10.0,10.0
2015,3,557,0.004,0.0498,1.0558,1.9373,4.372
2015,3,559,2.0,7.0,10.0,10.0,10.0
2015,3,560,5.0,15.0,20.0,15.0,10.0
2015,3,563,9.64,14.32,16.0,13.68,13.36
2015,3,568,10.0,20.0,25.0,25.0,25.0
2015,3,569,,,,,
2015,3,570,8.0,8.0,5.0,5.0,5.0
2015,3,572,10.0,10.0,12.0,13.0,13.0
2015,3,574,10.0,10.0,20.0,15.0,15.0
2015,3,575,,,,,
2015,3,576,10.0,10.0,20.0,15.0,15.0
2015,3,577,9.0,7.0,10.0,5.0,5.0
2015,3,578,0.0,0.0,15.0,5.0,5.0
2015,3,579,2.0,5.0,12.0,7.0,7.0
2015,3,581,5.0,5.0,5.0,5.0,5.0
2015,4,411,,,,,
2015,4,421,5.0,10.0,10.0,15.0,15.0
2015,4,422,7.0,10.0,10.0,10.0,10.0
2015,4,424,,,,,
2015,4,426,15.0,20.0,20.0,25.0,25.0
2015,4,428,10.0,20.0,10.0,15.0,15.0
2015,4,429,,,,,
2015,4,433,5.0,10.0,10.0,10.0,10.0
2015,4,456,,,,,
2015,4,463,10.0,10.0,15.0,20.0,30.0
2015,4,472,5.0,15.0,5.0,5.0,5.0
2015,4,484,10.0,8.0,7.0,10.0,11.0
2015,4,504,10.0,15.0,20.0,25.0,30.0
2015,4,506,10.0,15.0,10.0,10.0,10.0
2015,4,507,5.0,15.0,12.0,15.0,15.0
2015,4,508,5.0,15.0,20.0,20.0,20.0
2015,4,510,0.0,0.0,0.0,0.0,0.0
2015,4,518,15.0,20.0,20.0,15.0,15.0
2015,4,520,5.0,10.0,10.0,10.0,15.0
2015,4,523,18.0,20.0,22.0,22.0,20.0
2015,4,524,5.0,5.0,5.0,10.0,10.0
2015,4,528,5.0,20.0,20.0,20.0,20.0
2015,4,532,5.0,5.0,5.0,10.0,10.0
2015,4,533,15.0,20.0,25.0,25.0,30.0
2015,4,535,5.0,15.0,5.0,5.0,5.0
2015,4,540,,,,,
2015,4,542,10.0,10.0,10.0,10.0,15.0
2015,4,546,5.0,10.0,15.0,20.0,25.0
2015,4,548,20.0,21.0,25.0,27.0,28.0
2015,4,549,2.5,10.0,5.0,5.0,7.5
2015,4,553,5.0,15.0,15.0,15.0,15.0
2015,4,555,10.0,15.0,15.0,15.0,15.0
2015,4,556,3.36,3.36,6.73,13.46,6.73
2015,4,557,5.0,10.0,15.0,15.0,15.0
2015,4,559,5.0,10.0,15.0,15.0,15.0
2015,4,563,4.84,9.64,9.72,9.28,8.72
2015,4,568,10.0,20.0,20.0,20.0,25.0
2015,4,569,,,,,
2015,4,570,12.0,15.0,10.0,5.0,5.0
2015,4,572,11.0,12.0,12.0,13.0,13.0
2015,4,574,5.0,15.0,15.0,20.0,20.0
2015,4,575,,,,,
2015,4,576,10.0,20.0,10.0,10.0,10.0
2015,4,578,0.0,10.0,10.0,5.0,5.0
2015,4,579,5.0,10.0,8.0,7.0,7.0
2016,1,421,10.0,10.0,15.0,20.0,25.0
2016,1,422,5.0,5.0,5.0,5.0,5.0
2016,1,424,,,,,
2016,1,426,25.0,25.0,30.0,30.0,35.0
2016,1,433,15.0,15.0,20.0,20.0,20.0
2016,1,456,,,,,
2016,1,472,10.0,15.0,20.0,20.0,25.0
2016,1,484,16.0,12.0,12.0,16.0,16.0
2016,1,504,25.0,15.0,20.0,22.0,25.0
2016,1,506,15.0,15.0,15.0,15.0,15.0
2016,1,507,5.0,25.0,25.0,25.0,25.0
2016,1,508,10.0,10.0,10.0,10.0,10.0
2016,1,510,20.0,10.0,0.0,0.0,0.0
2016,1,512,20.0,30.0,30.0,40.0,50.0
2016,1,518,20.0,20.0,20.0,15.0,15.0
2016,1,520,10.0,10.0,10.0,15.0,15.0
2016,1,524,10.0,10.0,15.0,15.0,20.0
2016,1,527,10.0,10.0,10.0,20.0,20.0
2016,1,528,20.0,20.0,30.0,30.0,30.0
2016,1,532,5.0,5.0,10.0,25.0,25.0
2016,1,533,25.0,30.0,30.0,35.0,35.0
2016,1,535,12.0,10.0,10.0,10.0,11.0
2016,1,542,10.0,10.0,10.0,10.0,15.0
2016,1,546,5.0,10.0,15.0,20.0,25.0
2016,1,548,40.0,40.0,35.0,30.0,30.0
2016,1,549,10.0,13.0,13.0,10.0,15.0
2016,1,553,15.0,10.0,15.0,15.0,20.0
2016,1,555,10.0,10.0,10.0,10.0,10.0
2016,1,556,3.36,6.73,13.46,13.46,13.46
2016,1,557,20.0,15.0,15.0,10.0,10.0
2016,1,563,13.76,17.68,14.8,14.92,13.8
2016,1,568,25.0,25.0,25.0,25.0,25.0
2016,1,569,,,,,
2016,1,570,15.0,11.0,10.0,10.0,10.0
2016,1,572,15.0,15.0,14.0,14.0,14.0
2016,1,574,10.0,15.0,15.0,20.0,25.0
2016,1,576,25.0,20.0,20.0,20.0,25.0
2016,1,577,12.0,8.0,5.0,3.0,3.0
2016,1,578,5.0,10.0,10.0,10.0,10.0
2016,1,579,10.0,5.0,7.0,7.0,8.0
2016,2,421,10.0,10.0,15.0,20.0,25.0
2016,2,422,10.0,10.0,10.0,10.0,10.0
2016,2,424,,,,,
2016,2,426,25.0,25.0,30.0,30.0,35.0
2016,2,429,,,,,
2016,2,433,15.0,15.0,15.0,20.0,20.0
2016,2,446,25.0,20.0,15.0,15.0,15.0
2016,2,456,,,,,
2016,2,463,8.0,15.0,18.0,20.0,20.0
2016,2,472,15.0,15.0,15.0,25.0,20.0
2016,2,484,16.0,14.0,12.0,13.0,16.0
2016,2,504,5.0,15.0,20.0,20.0,20.0
2016,2,506,5.0,5.0,10.0,10.0,10.0
2016,2,507,10.0,25.0,20.0,15.0,25.0
2016,2,508,10.0,20.0,20.0,25.0,25.0
2016,2,510,0.0,0.0,0.0,0.0,0.0
2016,2,518,10.0,25.0,25.0,15.0,25.0
2016,2,520,5.0,5.0,5.0,10.0,15.0
2016,2,523,33.0,31.0,26.0,23.0,20.0
2016,2,524,20.0,20.0,20.0,20.0,20.0
2016,2,532,5.0,5.0,10.0,10.0,10.0
2016,2,533,25.0,30.0,30.0,35.0,35.0
2016,2,535,10.0,10.0,12.0,14.0,15.0
2016,2,542,10.0,10.0,10.0,10.0,10.0
2016,2,546,5.0,10.0,15.0,20.0,25.0
2016,2,548,30.0,31.0,32.0,32.0,32.0
2016,2,549,10.0,13.0,10.0,15.0,10.0
2016,2,553,15.0,10.0,15.0,15.0,20.0
2016,2,555,10.0,10.0,10.0,10.0,10.0
2016,2,556,3.36,6.73,13.46,13.46,13.46
2016,2,557,5.0,10.0,10.0,10.0,15.0
2016,2,559,10.0,15.0,17.0,20.0,25.0
2016,2,563,6.4,14.12,15.72,15.64,15.16
2016,2,568,25.0,30.0,30.0,25.0,25.0
2016,2,569,,,,,
2016,2,570,17.0,10.0,14.0,14.0,10.0
2016,2,572,14.0,14.0,14.0,14.0,15.0
2016,2,574,15.0,15.0,15.0,20.0,25.0
2016,2,576,15.0,20.0,20.0,25.0,20.0
2016,2,577,13.0,10.0,16.0,20.0,15.0
2016,2,578,5.0,5.0,10.0,20.0,25.0
2016,2,579,5.0,7.0,9.0,12.0,10.0
2016,3,411,,,,,
2016,3,421,10.0,10.0,15.0,20.0,25.0
2016,3,422,8.0,8.0,8.0,8.0,8.0
2016,3,424,,,,,
2016,3,426,25.0,20.0,25.0,30.0,35.0
2016,3,433,5.0,15.0,20.0,25.0,25.0
2016,3,446,10.0,10.0,15.0,15.0,20.0
2016,3,456,,,,,
2016,3,463,,,,,
2016,3,472,5.0,5.0,10.0,10.0,10.0
2016,3,484,10.0,11.0,21.0,20.0,15.0
2016,3,504,15.0,20.0,20.0,20.0,22.0
2016,3,506,7.0,7.0,9.0,9.0,9.0
2016,3,507,5.0,18.0,25.0,20.0,27.0
2016,3,508,20.0,20.0,10.0,10.0,10.0
2016,3,510,0.0,0.0,0.0,0.0,0.0
2016,3,512,5.0,40.0,40.0,50.0,50.0
2016,3,518,15.0,30.0,25.0,15.0,20.0
2016,3,520,5.0,5.0,10.0,15.0,20.0
2016,3,523,24.0,22.0,20.0,24.0,26.0
2016,3,527,10.0,15.0,25.0,25.0,35.0
2016,3,528,10.0,30.0,30.0,30.0,30.0
2016,3,535,2.0,10.0,11.0,12.0,13.0
2016,3,542,20.0,20.0,20.0,20.0,20.0
2016,3,546,2.0,10.0,20.0,25.0,30.0
2016,3,548,24.0,28.0,32.0,34.0,38.0
2016,3,549,10.0,10.0,15.0,10.0,10.0
2016,3,553,15.0,10.0,15.0,15.0,20.0
2016,3,555,10.0,10.0,15.0,10.0,10.0
2016,3,557,5.0,15.0,25.0,25.0,25.0
2016,3,559,10.0,15.0,17.0,20.0,25.0
2016,3,563,14.68,18.84,15.68,13.96,12.44
2016,3,568,10.0,30.0,30.0,30.0,30.0
2016,3,569,,,,,
2016,3,570,9.0,10.0,12.0,12.0,12.0
2016,3,572,14.0,14.0,14.0,,
2016,3,574,10.0,15.0,20.0,20.0,20.0
2016,3,575,,,,,
2016,3,576,10.0,20.0,25.0,20.0,20.0
2016,3,578,5.0,10.0,15.0,15.0,20.0
2016,4,411,,,,,
2016,4,421,10.0,15.0,20.0,25.0,30.0
2016,4,422,30.0,20.0,20.0,20.0,20.0
2016,4,424,,,,,
2016,4,426,15.0,15.0,20.0,25.0,25.0
2016,4,429,,,,,
2016,4,433,10.0,15.0,20.0,20.0,20.0
2016,4,446,10.0,10.0,15.0,15.0,20.0
2016,4,456,,,,,
2016,4,463,5.0,15.0,20.0,25.0,25.0
2016,4,472,5.0,7.0,9.0,10.0,15.0
2016,4,484,10.0,11.0,5.0,5.0,5.0
2016,4,504,15.0,20.0,20.0,20.0,22.0
2016,4,506,,,,,20.0
2016,4,507,15.0,25.0,25.0,25.0,35.0
2016,4,508,15.0,20.0,25.0,25.0,25.0
2016,4,510,0.0,0.0,0.0,0.0,0.0
2016,4,512,10.0,20.0,20.0,30.0,30.0
2016,4,518,20.0,30.0,15.0,15.0,25.0
2016,4,527,5.0,20.0,10.0,10.0,15.0
2016,4,532,5.0,5.0,5.0,5.0,5.0
2016,4,535,5.0,7.0,10.0,11.0,12.0
2016,4,546,2.0,10.0,15.0,20.0,25.0
2016,4,548,25.0,25.0,30.0,30.0,30.0
2016,4,549,10.0,10.0,10.0,10.0,15.0
2016,4,553,15.0,10.0,15.0,15.0,25.0
2016,4,555,10.0,15.0,10.0,10.0,10.0
2016,4,556,3.36,6.73,13.46,13.46,13.46
2016,4,557,5.0,15.0,25.0,25.0,25.0
2016,4,559,10.0,14.0,15.0,16.0,17.0
2016,4,560,5.0,10.0,10.0,15.0,15.0
2016,4,563,7.4,9.6,9.2,8.92,8.04
2016,4,568,15.0,25.0,25.0,25.0,28.0
2016,4,569,,,,,
2016,4,570,5.0,5.0,5.0,8.0,10.0
2016,4,572,13.0,14.0,,,
2016,4,574,10.0,20.0,20.0,20.0,20.0
2016,4,575,0.0,0.0,0.0,1.0,1.0
2016,4,576,10.0,25.0,30.0,25.0,25.0
2016,4,577,15.0,18.0,18.0,25.0,27.0
2016,4,578,5.0,10.0,5.0,10.0,10.0
2016,4,583,5.0,5.0,10.0,15.0,25.0
2017,1,411,,,,,
2017,1,421,10.0,15.0,20.0,25.0,30.0
2017,1,422,3.0,7.0,10.0,10.0,15.0
2017,1,424,,,,,
2017,1,426,10.0,15.0,20.0,25.0,25.0
2017,1,429,,,,,
2017,1,433,10.0,15.0,20.0,20.0,20.0
2017,1,446,10.0,10.0,15.0,15.0,20.0
2017,1,456,,,,,
2017,1,463,5.0,15.0,20.0,22.0,25.0
2017,1,472,2.0,5.0,7.0,9.0,10.0
2017,1,484,5.0,6.0,7.0,8.0,9.0
2017,1,504,15.0,17.0,18.0,20.0,25.0
2017,1,506,10.0,15.0,15.0,15.0,10.0
2017,1,508,10.0,15.0,20.0,20.0,20.0
2017,1,510,0.0,0.0,0.0,0.0,0.0
2017,1,512,5.0,10.0,20.0,25.0,25.0
2017,1,518,10.0,15.0,30.0,30.0,25.0
2017,1,523,22.0,23.0,25.0,26.0,26.0
2017,1,527,5.0,5.0,10.0,10.0,15.0
2017,1,532,5.0,5.0,5.0,5.0,5.0
2017,1,535,7.0,10.0,9.0,8.0,15.0
2017,1,542,10.0,15.0,20.0,20.0,20.0
2017,1,546,10.0,12.0,15.0,20.0,30.0
2017,1,548,10.0,11.0,12.0,15.0,15.0
2017,1,549,5.0,10.0,10.0,10.0,10.0
2017,1,553,1.0,10.0,20.0,20.0,25.0
2017,1,555,5.0,5.0,10.0,10.0,10.0
2017,1,556,6.73,6.73,13.46,13.46,13.46
2017,1,557,5.0,10.0,15.0,20.0,25.0
2017,1,560,5.0,5.0,10.0,15.0,20.0
2017,1,563,6.48,10.88,11.0,12.96,13.6
2017,1,568,10.0,25.0,30.0,35.0,35.0
2017,1,569,,,,,
2017,1,570,5.0,5.0,8.0,10.0,10.0
2017,1,572,12.0,13.0,13.0,14.0,14.0
2017,1,574,10.0,15.0,15.0,20.0,20.0
2017,1,576,15.0,30.0,25.0,15.0,15.0
2017,1,577,14.0,16.0,18.0,22.0,25.0
2017,1,578,0.0,0.0,10.0,15.0,15.0
2017,1,579,5.0,7.0,9.0,12.0,10.0
2017,1,583,5.0,5.0,5.0,5.0,10.0
2017,2,411,,,,,
2017,2,421,10.0,15.0,20.0,25.0,30.0
2017,2,422,3.0,7.0,10.0,10.0,10.0
2017,2,424,,,,,
2017,2,426,15.0,15.0,20.0,20.0,20.0
2017,2,429,,,,,
2017,2,433,15.0,15.0,20.0,20.0,20.0
2017,2,446,15.0,15.0,20.0,20.0,25.0
2017,2,456,,,,,
2017,2,463,5.0,15.0,18.0,25.0,20.0
2017,2,484,5.0,6.0,7.0,8.0,9.0
2017,2,504,5.0,10.0,20.0,23.0,25.0
2017,2,507,,,,,
2017,2,508,10.0,20.0,20.0,25.0,30.0
2017,2,510,0.0,0.0,0.0,20.0,20.0
2017,2,512,10.0,10.0,20.0,25.0,25.0
2017,2,518,15.0,30.0,30.0,25.0,15.0
2017,2,527,5.0,10.0,15.0,15.0,15.0
2017,2,532,5.0,5.0,5.0,5.0,5.0
2017,2,535,2.0,5.0,7.0,9.0,10.0
2017,2,546,5.0,10.0,15.0,20.0,25.0
2017,2,548,5.0,10.0,10.0,15.0,15.0
2017,2,549,5.0,5.0,5.0,10.0,5.0
2017,2,555,5.0,5.0,10.0,15.0,10.0
2017,2,556,6.73,6.73,10.01,20.18,13.46
2017,2,557,5.0,10.0,15.0,20.0,25.0
2017,2,559,5.0,14.0,15.0,16.0,17.0
2017,2,563,4.6,13.8,13.28,15.28,14.48
2017,2,568,15.0,25.0,35.0,35.0,25.0
2017,2,569,,,,,
2017,2,570,15.0,10.0,10.0,10.0,10.0
2017,2,572,10.0,11.0,12.0,12.0,13.0
2017,2,574,10.0,15.0,15.0,20.0,20.0
2017,2,576,25.0,15.0,20.0,15.0,25.0
2017,2,578,15.0,0.0,5.0,10.0,10.0
2017,2,579,5.0,5.0,7.0,15.0,15.0
2017,2,583,5.0,5.0,5.0,5.0,10.0
2017,3,411,,,,,
2017,3,421,10.0,20.0,25.0,30.0,35.0
2017,3,422,0.0,5.0,9.0,12.0,15.0
2017,3,426,10.0,15.0,20.0,20.0,25.0
2017,3,433,15.0,15.0,20.0,20.0,20.0
2017,3,456,,,,,
2017,3,463,5.0,10.0,25.0,25.0,25.0
2017,3,472,0.0,5.0,10.0,15.0,20.0
2017,3,484,5.0,7.0,9.0,9.0,9.0
2017,3,504,4.0,10.0,15.0,20.0,24.0
2017,3,506,5.0,7.0,10.0,12.0,14.0
2017,3,507,,,,,
2017,3,508,15.0,20.0,20.0,25.0,30.0
2017,3,510,0.0,0.0,0.0,10.0,20.0
2017,3,512,10.0,15.0,20.0,20.0,25.0
2017,3,518,20.0,30.0,25.0,15.0,15.0
2017,3,524,10.0,10.0,15.0,15.0,20.0
2017,3,527,0.0,5.0,10.0,15.0,20.0
2017,3,532,5.0,5.0,5.0,10.0,10.0
2017,3,535,5.0,8.0,10.0,12.0,12.0
2017,3,542,15.0,15.0,15.0,25.0,35.0
2017,3,546,1.0,5.0,10.0,15.0,20.0
2017,3,548,10.0,11.0,12.0,13.0,13.0
2017,3,549,5.0,5.0,10.0,5.0,5.0
2017,3,553,10.0,15.0,15.0,20.0,25.0
2017,3,555,0.0,0.0,5.0,0.0,0.0
2017,3,556,6.73,10.01,20.18,8.41,10.51
2017,3,557,0.0,5.0,10.0,15.0,20.0
2017,3,563,5.16,11.28,13.76,13.76,13.64
2017,3,568,15.0,25.0,35.0,35.0,30.0
2017,3,569,,,,,
2017,3,570,5.0,5.0,15.0,15.0,15.0
2017,3,572,5.0,11.0,12.0,13.0,14.0
2017,3,574,10.0,10.0,15.0,15.0,20.0
2017,3,576,15.0,20.0,15.0,25.0,15.0
2017,3,577,7.0,10.0,12.0,12.0,14.0
2017,3,579,5.0,10.0,15.0,15.0,15.0
2017,3,583,0.0,0.0,5.0,10.0,10.0
2017,3,584,2.0,10.8,15.6,17.9,20.2
2017,4,411,,,,,
2017,4,421,5.0,10.0,15.0,20.0,25.0
2017,4,422,5.0,5.0,10.0,15.0,15.0
2017,4,424,,,,,
2017,4,428,,,,,
2017,4,429,,,,,
2017,4,433,,,5.0,10.0,15.0
2017,4,446,0.1,2.0,4.0,6.0,8.0
2017,4,456,,,,,
2017,4,472,5.0,10.0,15.0,15.0,20.0
2017,4,484,3.0,9.0,10.0,10.0,10.0
2017,4,504,5.0,15.0,20.0,24.0,25.0
2017,4,507,,,,,
2017,4,508,10.0,20.0,30.0,30.0,30.0
2017,4,510,,,,,
2017,4,512,10.0,20.0,30.0,30.0,30.0
2017,4,518,5.0,10.0,15.0,15.0,15.0
2017,4,524,10.0,10.0,15.0,15.0,20.0
2017,4,527,0.0,0.0,0.0,10.0,20.0
2017,4,532,5.0,5.0,5.0,10.0,15.0
2017,4,535,5.0,12.0,10.0,10.0,12.0
2017,4,542,15.0,15.0,15.0,25.0,35.0
2017,4,546,1.0,8.0,12.0,15.0,20.0
2017,4,548,5.0,10.0,11.0,11.0,11.0
2017,4,549,0.0,2.5,5.0,5.0,10.0
2017,4,553,5.0,10.0,15.0,15.0,15.0
2017,4,555,10.0,15.0,10.0,10.0,10.0
2017,4,556,10.01,20.18,8.41,10.51,13.1375
2017,4,557,0.0,5.0,10.0,15.0,20.0
2017,4,559,5.0,14.0,15.0,16.0,
2017,4,563,7.32,11.6,10.0,9.32,8.4
2017,4,568,8.0,15.0,20.0,25.0,20.0
2017,4,569,,,,,
2017,4,570,5.0,10.0,10.0,10.0,10.0
2017,4,572,11.0,12.0,13.0,14.0,15.0
2017,4,574,10.0,10.0,15.0,15.0,20.0
2017,4,576,25.0,15.0,20.0,18.0,15.0
2017,4,578,5.0,10.0,10.0,15.0,20.0
2017,4,579,5.0,10.0,15.0,15.0,15.0
2017,4,583,1.0,2.0,5.0,5.0,10.0
2017,4,584,5.0,10.9,13.6,16.0,18.0
2018,1,411,,,,,
2018,1,421,1.0,5.0,5.0,10.0,20.0
2018,1,422,10.0,15.0,15.0,15.0,15.0
2018,1,424,,,,,
2018,1,428,,,,,
2018,1,433,0.0,0.0,5.0,10.0,15.0
2018,1,446,,,,5.0,10.0
2018,1,456,,,,,
2018,1,472,5.0,10.0,15.0,20.0,25.0
2018,1,484,11.0,11.0,10.0,10.0,10.0
2018,1,504,10.0,12.0,13.0,15.0,20.0
2018,1,508,10.0,20.0,25.0,25.0,30.0
2018,1,510,0.0,0.0,0.0,0.0,20.0
2018,1,518,10.0,15.0,15.0,20.0,20.0
2018,1,532,5.0,5.0,5.0,10.0,10.0
2018,1,533,5.0,10.0,15.0,20.0,25.0
2018,1,535,2.0,4.0,6.0,8.0,12.0
2018,1,546,1.0,5.0,10.0,15.0,20.0
2018,1,548,5.0,6.0,7.0,10.0,10.0
2018,1,549,2.5,5.0,5.0,10.0,10.0
2018,1,553,5.0,10.0,10.0,15.0,15.0
2018,1,555,10.0,10.0,10.0,15.0,20.0
2018,1,556,8.0,15.0,10.51,13.1375,20.0
2018,1,557,0.0,5.0,8.0,12.0,17.0
2018,1,559,5.0,14.0,15.0,16.0,18.0
2018,1,563,1.96,8.16,12.44,11.4,12.56
2018,1,568,5.0,15.0,20.0,25.0,25.0
2018,1,569,,,,,
2018,1,570,5.0,5.0,10.0,10.0,10.0
2018,1,572,12.0,13.0,14.0,14.0,15.0
2018,1,574,5.0,10.0,10.0,15.0,15.0
2018,1,576,25.0,15.0,20.0,18.0,15.0
2018,1,578,0.0,0.0,10.0,10.0,15.0
2018,1,579,5.0,10.0,15.0,15.0,15.0
2018,1,583,5.0,5.0,10.0,10.0,15.0
2018,1,584,4.7,14.3,16.9,19.0,20.6
2018,2,411,,,,,
2018,2,421,5.0,10.0,15.0,20.0,25.0
2018,2,422,1.0,5.0,5.0,10.0,10.0
2018,2,424,,,,,
2018,2,426,10.0,15.0,15.0,20.0,25.0
2018,2,428,,,,,
2018,2,429,,,,,
2018,2,433,5.0,10.0,15.0,15.0,15.0
2018,2,446,5.0,10.0,15.0,20.0,25.0
2018,2,472,0.0,5.0,5.0,10.0,10.0
2018,2,484,3.0,3.0,11.0,11.0,11.0
2018,2,504,10.0,12.0,13.0,15.0,20.0
2018,2,508,10.0,10.0,20.0,20.0,20.0
2018,2,510,0.0,0.0,0.0,10.0,10.0
2018,2,518,15.0,20.0,25.0,25.0,25.0
2018,2,523,,,,,
2018,2,532,5.0,5.0,10.0,10.0,20.0
2018,2,535,3.0,7.0,10.0,15.0,12.0
2018,2,546,1.0,5.0,10.0,15.0,20.0
2018,2,548,5.0,7.0,8.0,12.0,15.0
2018,2,549,2.5,5.0,5.0,7.5,7.5
2018,2,553,5.0,10.0,10.0,15.0,15.0
2018,2,555,5.0,5.0,5.0,10.0,5.0
2018,2,556,12.0,15.0,8.0,20.0,8.0
2018,2,557,0.0,5.0,10.0,15.0,20.0
2018,2,563,4.0,14.24,12.96,15.48,14.6
2018,2,568,5.0,10.0,15.0,20.0,20.0
2018,2,569,,,,,
2018,2,570,2.5,5.0,10.0,10.0,10.0
2018,2,572,14.0,15.0,15.0,17.0,20.0
2018,2,574,5.0,10.0,10.0,15.0,20.0
2018,2,576,12.0,15.0,25.0,20.0,25.0
2018,2,578,0.0,0.0,0.0,5.0,5.0
2018,2,579,10.0,10.0,10.0,10.0,10.0
2018,2,583,1.0,2.0,3.0,5.0,5.0
2018,2,584,4.0,12.5,16.3,19.3,21.2
2018,3,411,,,,,
2018,3,421,5.0,10.0,15.0,20.0,25.0
2018,3,422,5.0,7.0,7.0,10.0,10.0
2018,3,424,,,,,
2018,3,426,15.0,20.0,25.0,30.0,30.0
2018,3,428,,,,,
2018,3,433,5.0,10.0,15.0,15.0,20.0
2018,3,456,,,,,
2018,3,472,,,3.0,5.0,25.0
2018,3,484,1.0,2.0,11.0,11.0,11.0
2018,3,504,13.0,15.0,18.0,20.0,20.0
2018,3,507,,,,,
2018,3,508,,15.0,20.0,25.0,30.0
2018,3,510,0.0,0.0,0.0,25.0,25.0
2018,3,518,20.0,25.0,25.0,25.0,30.0
2018,3,524,10.0,10.0,20.0,20.0,20.0
2018,3,528,5.0,15.0,15.0,20.0,20.0
2018,3,532,5.0,5.0,10.0,15.0,25.0
2018,3,535,1.0,5.0,15.0,10.0,12.0
2018,3,546,1.0,5.0,10.0,15.0,20.0
2018,3,549,5.0,7.5,10.0,15.0,25.0
2018,3,553,5.0,10.0,12.0,18.0,20.0
2018,3,555,5.0,5.0,5.0,10.0,5.0
2018,3,557,0.0,5.0,8.0,13.0,17.0
2018,3,559,14.0,15.0,16.0,18.0,
2018,3,560,5.0,12.0,16.0,21.0,34.0
2018,3,563,6.2,9.36,13.64,12.44,12.4
2018,3,568,0.0,15.0,20.0,20.0,20.0
2018,3,569,,,,,
2018,3,570,5.0,5.0,10.0,10.0,20.0
2018,3,572,10.0,15.0,17.0,20.0,20.0
2018,3,574,5.0,10.0,10.0,15.0,20.0
2018,3,576,16.0,20.0,22.0,13.0,15.0
2018,3,577,3.0,16.0,15.0,22.0,25.0
2018,3,578,0.0,5.0,5.0,10.0,10.0
2018,3,579,10.0,10.0,10.0,10.0,10.0
2018,3,583,5.0,5.0,5.0,10.0,10.0
2018,3,584,16.4,17.6,19.8,21.6,22.1
2018,4,411,,,,,
2018,4,421,5.0,10.0,15.0,20.0,25.0
2018,4,426,10.0,15.0,20.0,30.0,35.0
2018,4,428,,,,,
2018,4,429,,,,,
2018,4,433,2.0,10.0,15.0,15.0,20.0
2018,4,463,2.0,8.0,13.0,17.0,20.0
2018,4,472,0.0,0.0,5.0,15.0,35.0
2018,4,484,1.0,2.0,8.0,11.0,11.0
2018,4,504,10.0,12.0,15.0,15.0,17.0
2018,4,507,,,,,
2018,4,508,15.0,20.0,30.0,35.0,40.0
2018,4,510,0.0,0.0,0.0,25.0,25.0
2018,4,518,5.0,10.0,15.0,25.0,25.0
2018,4,523,,,,,
2018,4,528,5.0,15.0,15.0,20.0,20.0
2018,4,532,5.0,10.0,15.0,25.0,25.0
2018,4,535,5.0,15.0,8.0,10.0,12.0
2018,4,542,10.0,10.0,15.0,15.0,20.0
2018,4,546,2.0,10.0,15.0,20.0,25.0
2018,4,549,7.5,10.0,15.0,25.0,35.0
2018,4,555,5.0,5.0,10.0,10.0,10.0
2018,4,556,8.0,20.0,8.0,16.0,16.0
2018,4,557,0.0,10.0,15.0,30.0,40.0
2018,4,563,2.28,5.72,7.16,6.92,6.88
2018,4,568,15.0,20.0,20.0,20.0,20.0
2018,4,569,,,,,
2018,4,570,5.0,10.0,25.0,33.0,33.0
2018,4,572,15.0,17.0,20.0,20.0,25.0
2018,4,574,5.0,10.0,10.0,15.0,20.0
2018,4,576,9.0,11.0,13.0,16.0,18.0
2018,4,577,1.0,10.0,20.0,25.0,30.0
2018,4,578,0.0,10.0,5.0,10.0,15.0
2018,4,583,5.0,5.0,5.0,10.0,10.0
2018,4,584,10.6,18.0,20.2,21.9,22.6
2018,4,585,5.0,10.0,10.0,15.0,20.0
2018,4,586,5.0,10.0,15.0,20.0,30.0
2019,1,411,,,,,
2019,1,421,10.0,10.0,20.0,25.0,30.0
2019,1,422,20.0,5.0,5.0,5.0,10.0
2019,1,423,1.0,10.0,15.0,25.0,25.0
2019,1,424,,,,,
2019,1,428,,,,,
2019,1,433,25.0,15.0,15.0,20.0,20.0
2019,1,463,20.0,15.0,15.0,20.0,22.0
2019,1,472,15.0,20.0,20.0,30.0,40.0
2019,1,484,16.0,14.0,12.0,12.0,12.0
2019,1,504,10.0,12.0,13.0,15.0,20.0
2019,1,508,10.0,20.0,20.0,35.0,40.0
2019,1,510,20.0,0.0,10.0,10.0,10.0
2019,1,518,10.0,10.0,15.0,20.0,20.0
2019,1,528,10.0,5.0,15.0,20.0,25.0
2019,1,535,15.0,5.0,10.0,15.0,15.0
2019,1,542,10.0,10.0,15.0,15.0,15.0
2019,1,546,10.0,15.0,20.0,25.0,30.0
2019,1,548,25.0,15.0,15.0,15.0,20.0
2019,1,549,35.0,10.0,20.0,25.0,30.0
2019,1,553,25.0,10.0,10.0,10.0,25.0
2019,1,555,20.0,15.0,15.0,20.0,20.0
2019,1,557,0.0,5.0,10.0,15.0,20.0
2019,1,559,14.0,15.0,16.0,18.0,20.0
2019,1,563,4.64,11.72,12.52,13.36,13.44
2019,1,568,25.0,25.0,25.0,25.0,25.0
2019,1,569,,,,,
2019,1,570,15.0,10.0,10.0,10.0,15.0
2019,1,572,17.0,18.0,20.0,22.0,25.0
2019,1,574,15.0,10.0,10.0,15.0,20.0
2019,1,575,0.0,0.0,2.0,4.0,7.0
2019,1,576,60.0,10.0,20.0,20.0,40.0
2019,1,577,0.0,5.0,10.0,25.0,30.0
2019,1,579,40.0,10.0,20.0,20.0,20.0
2019,1,583,5.0,5.0,10.0,10.0,15.0
2019,1,584,35.1,21.6,20.8,20.3,20.1
2019,1,585,25.0,10.0,10.0,10.0,15.0
2019,1,586,5.0,10.0,15.0,20.0,30.0
2019,2,411,,,,,
2019,2,421,10.0,10.0,20.0,25.0,30.0
2019,2,422,0.0,5.0,5.0,10.0,15.0
2019,2,424,,,,,
2019,2,426,5.0,10.0,15.0,20.0,25.0
2019,2,428,,,,,
2019,2,429,,,,,
2019,2,433,15.0,15.0,20.0,20.0,25.0
2019,2,463,5.0,10.0,15.0,20.0,20.0
2019,2,472,0.0,10.0,10.0,15.0,20.0
2019,2,484,18.0,16.0,12.0,12.0,12.0
2019,2,504,10.0,12.0,14.0,15.0,16.0
2019,2,508,,,25.0,30.0,45.0
2019,2,510,25.0,25.0,0.0,0.0,0.0
2019,2,518,10.0,15.0,20.0,25.0,25.0
2019,2,524,20.0,30.0,30.0,40.0,40.0
2019,2,532,5.0,10.0,10.0,20.0,25.0
2019,2,535,5.0,10.0,10.0,15.0,12.0
2019,2,546,2.0,8.0,12.0,16.0,20.0
2019,2,548,5.0,10.0,15.0,15.0,15.0
2019,2,549,10.0,20.0,20.0,25.0,30.0
2019,2,555,5.0,5.0,10.0,10.0,15.0
2019,2,557,0.0,5.0,10.0,15.0,20.0
2019,2,563,13.84,10.76,12.12,11.16,11.6
2019,2,568,5.0,25.0,30.0,30.0,25.0
2019,2,569,,,,,
2019,2,570,10.0,10.0,10.0,15.0,15.0
2019,2,572,18.0,20.0,22.0,25.0,30.0
2019,2,574,10.0,10.0,15.0,20.0,25.0
2019,2,576,60.0,12.0,20.0,20.0,40.0
2019,2,577,0.0,0.0,15.0,25.0,30.0
2019,2,578,5.0,5.0,10.0,10.0,10.0
2019,2,579,20.0,20.0,20.0,20.0,20.0
2019,2,580,5.0,10.0,10.0,25.0,25.0
2019,2,583,,,,,
2019,2,584,10.7,14.7,15.7,16.9,18.3
2019,2,585,35.0,10.0,10.0,10.0,15.0
2019,2,586,5.0,10.0,15.0,20.0,30.0
2019,2,587,40.0,35.0,35.0,35.0,35.0
2019,2,588,5.0,15.0,26.0,30.0,35.0
2019,3,411,,,,,
2019,3,421,10.0,15.0,20.0,30.0,45.0
2019,3,422,,,,,
2019,3,424,,,,,
2019,3,426,10.0,15.0,15.0,15.0,20.0
2019,3,428,,,,,
2019,3,433,15.0,15.0,20.0,20.0,25.0
2019,3,456,,,,,
2019,3,484,7.0,7.0,6.0,5.0,4.0
2019,3,504,10.0,12.0,13.0,15.0,20.0
2019,3,508,10.0,20.0,25.0,30.0,35.0
2019,3,510,0.0,0.0,0.0,10.0,10.0
2019,3,518,20.0,30.0,20.0,30.0,20.0
2019,3,527,0.0,10.0,15.0,20.0,30.0
2019,3,528,5.0,10.0,10.0,30.0,30.0
2019,3,535,5.0,7.0,15.0,10.0,10.0
2019,3,546,5.0,10.0,20.0,25.0,30.0
2019,3,549,20.0,25.0,30.0,35.0,40.0
2019,3,555,10.0,15.0,20.0,20.0,25.0
2019,3,557,2.0,11.0,20.0,33.0,41.0
2019,3,563,8.96,11.04,12.68,10.84,11.12
2019,3,568,25.0,30.0,30.0,25.0,25.0
2019,3,570,5.0,10.0,10.0,15.0,15.0
2019,3,572,15.0,25.0,25.0,30.0,40.0
2019,3,574,10.0,15.0,20.0,25.0,30.0
2019,3,576,60.0,12.0,20.0,20.0,40.0
2019,3,577,0.0,5.0,15.0,25.0,40.0
2019,3,578,10.0,15.0,25.0,35.0,40.0
2019,3,579,20.0,20.0,20.0,20.0,20.0
2019,3,583,5.0,5.0,5.0,5.0,10.0
2019,3,584,26.4,17.4,16.1,15.9,16.6
2019,3,585,15.0,20.0,20.0,20.0,20.0
2019,3,586,5.0,10.0,15.0,20.0,30.0
2019,3,587,15.0,20.0,25.0,20.0,20.0
2019,3,588,2.0,10.0,20.0,30.0,40.0
2019,4,411,,,,,
2019,4,421,10.0,15.0,20.0,30.0,45.0
2019,4,422,,,,,
2019,4,423,,,,,
2019,4,424,,,,,
2019,4,426,20.0,20.0,25.0,25.0,30.0
2019,4,428,,,,,
2019,4,433,10.0,20.0,20.0,25.0,25.0
2019,4,456,,,,,
2019,4,463,10.0,20.0,20.0,20.0,20.0
2019,4,472,25.0,30.0,35.0,30.0,30.0
2019,4,504,15.0,20.0,22.0,24.0,25.0
2019,4,507,,,,,
2019,4,508,35.0,40.0,45.0,45.0,45.0
2019,4,510,10.0,10.0,0.0,0.0,0.0
2019,4,518,25.0,35.0,35.0,35.0,25.0
2019,4,528,5.0,10.0,10.0,25.0,25.0
2019,4,535,3.0,13.0,5.0,15.0,15.0
2019,4,546,5.0,10.0,20.0,25.0,30.0
2019,4,549,30.0,25.0,30.0,30.0,40.0
2019,4,553,10.0,20.0,20.0,25.0,25.0
2019,4,555,25.0,15.0,20.0,20.0,25.0
2019,4,557,5.0,10.0,20.0,30.0,40.0
2019,4,559,0.0,20.0,20.0,20.0,20.0
2019,4,563,6.32,9.52,8.08,7.84,8.16
2019,4,568,25.0,30.0,30.0,25.0,25.0
2019,4,569,,,,,
2019,4,570,5.0,5.0,5.0,5.0,10.0
2019,4,572,20.0,25.0,30.0,35.0,40.0
2019,4,574,15.0,20.0,25.0,30.0,35.0
2019,4,576,12.0,45.0,30.0,8.0,5.0
2019,4,577,0.0,5.0,20.0,30.0,40.0
2019,4,578,10.0,15.0,15.0,10.0,10.0
2019,4,579,20.0,20.0,20.0,20.0,20.0
2019,4,583,1.0,2.0,10.0,10.0,15.0
2019,4,584,15.8,12.8,13.0,14.5,15.7
2019,4,586,10.0,15.0,15.0,25.0,30.0
2019,4,587,10.0,15.0,20.0,15.0,15.0
2019,4,588,5.0,10.0,36.0,40.0,45.0
2020,1,411,,,,,
2020,1,421,30.0,25.0,25.0,30.0,40.0
2020,1,422,,,,,
2020,1,423,0.0,1.0,5.0,10.0,30.0
2020,1,426,10.0,15.0,15.0,20.0,25.0
2020,1,428,,,,,
2020,1,429,,,,,
2020,1,433,25.0,10.0,25.0,25.0,25.0
2020,1,463,4.0,10.0,15.0,18.0,20.0
2020,1,484,9.0,12.0,19.0,21.0,12.0
2020,1,504,25.0,15.0,22.0,23.0,25.0
2020,1,507,,,,,
2020,1,508,15.0,15.0,25.0,25.0,35.0
2020,1,510,0.0,0.0,0.0,0.0,25.0
2020,1,518,25.0,45.0,30.0,30.0,30.0
2020,1,528,5.0,10.0,25.0,25.0,35.0
2020,1,535,5.0,7.0,13.0,15.0,18.0
2020,1,546,10.0,20.0,30.0,35.0,40.0
2020,1,549,35.0,30.0,30.0,40.0,40.0
2020,1,553,10.0,20.0,20.0,25.0,25.0
2020,1,555,20.0,20.0,25.0,25.0,25.0
2020,1,557,0.0,8.0,5.0,15.0,20.0
2020,1,563,6.32,8.88,10.76,11.0,11.96
2020,1,568,15.0,20.0,25.0,25.0,25.0
2020,1,569,,,,,
2020,1,570,5.0,10.0,10.0,15.0,15.0
2020,1,572,15.0,20.0,25.0,35.0,40.0
2020,1,574,5.0,10.0,15.0,20.0,25.0
2020,1,576,,,,,
2020,1,577,0.0,5.0,5.0,10.0,20.0
2020,1,578,20.0,15.0,15.0,15.0,25.0
2020,1,579,25.0,25.0,15.0,15.0,15.0
2020,1,584,14.2,14.6,11.7,12.1,12.8
2020,1,585,,,,,
2020,1,586,5.0,5.0,10.0,12.0,15.0
2020,1,587,20.0,25.0,25.0,25.0,25.0
2020,1,588,5.0,10.0,36.0,40.0,45.0
2020,2,411,,,,,
2020,2,421,99.9999,50.0,45.0,40.0,35.0
2020,2,422,100.0,33.0,25.0,20.0,20.0
2020,2,424,,,,,
2020,2,426,90.0,85.0,75.0,70.0,65.0
2020,2,428,,,,,
2020,2,429,,,,,
2020,2,433,100.0,25.0,40.0,15.0,15.0
2020,2,463,100.0,25.0,20.0,20.0,20.0
2020,2,472,100.0,90.0,10.0,10.0,10.0
2020,2,484,100.0,80.0,50.0,40.0,30.0
2020,2,504,100.0,10.0,5.0,5.0,5.0
2020,2,508,,,,,
2020,2,510,100.0,20.0,0.0,0.0,0.0
2020,2,518,100.0,85.0,55.0,35.0,5.0
2020,2,524,100.0,60.0,30.0,30.0,20.0
2020,2,527,100.0,45.0,20.0,10.0,10.0
2020,2,528,100.0,100.0,20.0,10.0,10.0
2020,2,535,100.0,3.0,5.0,5.0,5.0
2020,2,546,100.0,70.0,25.0,20.0,15.0
2020,2,548,99.0,25.0,15.0,10.0,10.0
2020,2,549,100.0,15.0,30.0,40.0,40.0
2020,2,553,100.0,100.0,65.0,40.0,25.0
2020,2,555,100.0,20.0,25.0,25.0,25.0
2020,2,557,99.0,50.0,25.0,20.0,15.0
2020,2,559,100.0,5.0,10.0,15.0,15.0
2020,2,560,,,,,
2020,2,563,100.0,50.0,30.0,20.0,15.0
2020,2,568,100.0,30.0,30.0,35.0,25.0
2020,2,569,,,,,
2020,2,570,100.0,25.0,20.0,15.0,15.0
2020,2,572,100.0,40.0,35.0,25.0,20.0
2020,2,574,99.0,50.0,25.0,25.0,20.0
2020,2,576,52.0,40.0,20.0,15.0,10.0
2020,2,577,100.0,15.0,10.0,25.0,25.0
2020,2,578,100.0,25.0,15.0,15.0,10.0
2020,2,579,100.0,35.0,20.0,20.0,20.0
2020,2,584,100.0,86.0,25.3,1.0,0.0
2020,2,585,95.0,15.0,40.0,40.0,40.0
2020,2,586,100.0,65.0,35.0,25.0,10.0
2020,2,587,100.0,10.0,10.0,10.0,10.0
2020,2,588,100.0,50.0,40.0,30.0,20.0
2020,3,411,,,,,
2020,3,421,5.0,20.0,25.0,25.0,25.0
2020,3,422,1.0,20.0,10.0,5.0,5.0
2020,3,423,,,,,
2020,3,426,40.0,25.0,30.0,35.0,20.0
2020,3,433,20.0,20.0,15.0,10.0,10.0
2020,3,456,,,,,
2020,3,484,20.0,15.0,10.0,8.6,10.0
2020,3,504,0.0,3.0,5.0,7.0,10.0
2020,3,507,,,,,
2020,3,508,10.0,30.0,30.0,30.0,30.0
2020,3,510,0.0,0.0,0.0,0.0,0.0
2020,3,518,25.0,75.0,40.0,30.0,30.0
2020,3,528,,,,,
2020,3,535,2.0,10.0,10.0,5.0,5.0
2020,3,546,5.0,10.0,15.0,18.0,20.0
2020,3,549,15.0,25.0,30.0,30.0,25.0
2020,3,555,0.0,30.0,25.0,25.0,25.0
2020,3,557,5.0,10.0,15.0,20.0,25.0
2020,3,559,5.0,20.0,20.0,20.0,20.0
2020,3,560,,,,,
2020,3,563,20.0,25.0,25.0,25.0,20.0
2020,3,568,0.0,30.0,30.0,30.0,30.0
2020,3,569,,,,,
2020,3,570,10.0,20.0,20.0,20.0,20.0
2020,3,572,10.0,27.0,25.0,23.0,22.0
2020,3,574,10.0,20.0,20.0,20.0,20.0
2020,3,576,20.0,5.0,0.0,0.0,0.0
2020,3,577,35.0,25.0,25.0,20.0,15.0
2020,3,579,5.0,25.0,25.0,25.0,5.0
2020,3,584,0.7,5.1,17.1,28.1,35.6
2020,3,585,10.0,20.0,20.0,20.0,20.0
2020,3,586,40.0,20.0,15.0,15.0,10.0
2020,3,587,15.0,15.0,15.0,15.0,15.0
2020,3,588,5.0,20.0,20.0,10.0,5.0
2020,4,411,,,,,
2020,4,421,5.0,20.0,25.0,25.0,25.0
2020,4,422,,,,,
2020,4,424,,,,,
2020,4,426,40.0,35.0,25.0,10.0,10.0
2020,4,429,,,,,
2020,4,433,30.0,20.0,15.0,10.0,10.0
2020,4,456,,,,,
2020,4,472,30.0,40.0,30.0,25.0,20.0
2020,4,504,3.0,5.0,7.0,10.0,15.0
2020,4,507,,,,,
2020,4,508,35.0,25.0,20.0,20.0,20.0
2020,4,510,0.0,0.0,0.0,0.0,0.0
2020,4,518,15.0,35.0,35.0,20.0,10.0
2020,4,528,10.0,15.0,15.0,20.0,
2020,4,535,10.0,15.0,10.0,8.0,8.0
2020,4,546,5.0,10.0,15.0,18.0,20.0
2020,4,548,5.0,10.0,15.0,20.0,20.0
2020,4,549,10.0,15.0,10.0,10.0,15.0
2020,4,553,5.0,18.0,20.0,10.0,10.0
2020,4,555,30.0,30.0,20.0,15.0,15.0
2020,4,557,30.0,20.0,15.0,15.0,15.0
2020,4,563,,,,,
2020,4,568,10.0,30.0,25.0,20.0,20.0
2020,4,569,,,,,
2020,4,570,10.0,10.0,5.0,5.0,5.0
2020,4,572,25.0,27.0,23.0,22.0,22.0
2020,4,574,15.0,15.0,15.0,15.0,15.0
2020,4,577,10.0,20.0,10.0,5.0,5.0
2020,4,578,20.0,10.0,10.0,15.0,15.0
2020,4,579,30.0,30.0,30.0,20.0,20.0
2020,4,586,12.0,10.0,10.0,5.0,5.0
2020,4,587,10.0,20.0,20.0,20.0,20.0
2020,4,588,15.0,35.0,25.0,15.0,10.0
2020,4,589,20.0,30.0,30.0,20.0,20.0
2020,4,590,20.0,20.0,10.0,5.0,5.0
2020,4,591,,,,,
2021,1,411,,,,,
2021,1,421,5.0,15.0,20.0,20.0,25.0
2021,1,422,,,,,
2021,1,424,,,,,
2021,1,426,25.0,25.0,30.0,30.0,35.0
2021,1,429,,,,,
2021,1,433,20.0,10.0,5.0,5.0,5.0
2021,1,456,,,,,
2021,1,463,15.0,15.0,18.0,20.0,20.0
2021,1,484,28.0,17.0,14.0,12.0,10.0
2021,1,504,5.0,7.0,10.0,10.0,10.0
2021,1,507,,,,,
2021,1,508,15.0,15.0,10.0,10.0,10.0
2021,1,510,0.0,0.0,0.0,0.0,10.0
2021,1,518,20.0,10.0,25.0,20.0,20.0
2021,1,524,40.0,20.0,10.0,10.0,10.0
2021,1,528,20.0,10.0,10.0,10.0,10.0
2021,1,535,3.0,0.0,0.0,5.0,5.0
2021,1,546,20.0,5.0,6.0,8.0,10.0
2021,1,549,10.0,5.0,5.0,10.0,15.0
2021,1,553,10.0,10.0,10.0,10.0,
2021,1,555,30.0,20.0,10.0,10.0,10.0
2021,1,557,9.0,5.0,7.0,12.0,16.0
2021,1,563,,,,,
2021,1,568,35.0,10.0,10.0,15.0,20.0
2021,1,570,15.0,10.0,5.0,5.0,5.0
2021,1,572,17.0,12.0,10.0,13.0,14.0
2021,1,574,25.0,10.0,10.0,10.0,10.0
2021,1,576,35.0,20.0,15.0,8.0,5.0
2021,1,577,5.0,5.0,5.0,5.0,5.0
2021,1,578,15.0,5.0,10.0,10.0,15.0
2021,1,579,25.0,20.0,15.0,15.0,15.0
2021,1,584,6.0,11.0,7.7,7.2,7.9
2021,1,585,15.0,10.0,20.0,25.0,20.0
2021,1,586,25.0,18.0,15.0,10.0,10.0
2021,1,587,35.0,25.0,20.0,20.0,20.0
2021,1,588,5.0,10.0,10.0,15.0,15.0
2021,1,589,60.0,40.0,40.0,40.0,40.0
2021,1,591,,,,,
2021,2,411,,,,,
2021,2,421,1.0,5.0,10.0,15.0,20.0
2021,2,422,,,,,
2021,2,423,,,,,
2021,2,424,,,,,
2021,2,426,10.0,15.0,20.0,25.0,30.0
2021,2,429,,,,,
2021,2,433,2.0,5.0,10.0,15.0,15.0
2021,2,456,,,,,
2021,2,484,7.0,8.0,9.0,10.0,11.0
2021,2,504,1.0,5.0,7.0,9.0,10.0
2021,2,508,20.0,20.0,20.0,20.0,20.0
2021,2,510,0.0,0.0,0.0,0.0,0.0
2021,2,518,5.0,15.0,25.0,20.0,15.0
2021,2,528,10.0,20.0,20.0,10.0,10.0
2021,2,535,0.0,1.0,5.0,8.0,5.0
2021,2,546,2.0,4.0,6.0,8.0,10.0
2021,2,549,2.5,2.5,5.0,10.0,10.0
2021,2,553,0.0,0.0,0.0,10.0,15.0
2021,2,555,,5.0,10.0,15.0,15.0
2021,2,557,0.0,4.0,9.0,12.0,13.0
2021,2,563,,,,,
2021,2,568,0.0,10.0,20.0,20.0,25.0
2021,2,570,5.0,5.0,5.0,5.0,5.0
2021,2,572,5.0,9.0,11.0,12.0,13.0
2021,2,574,1.0,5.0,5.0,10.0,10.0
2021,2,576,6.0,15.0,15.0,15.0,25.0
2021,2,577,0.0,2.0,5.0,5.0,5.0
2021,2,578,0.0,0.0,5.0,5.0,10.0
2021,2,579,15.0,15.0,15.0,15.0,15.0
2021,2,584,0.1,3.4,3.5,5.1,7.4
2021,2,586,2.0,8.0,12.0,12.0,12.0
2021,2,587,0.0,5.0,15.0,15.0,15.0
2021,2,588,5.0,10.0,10.0,15.0,15.0
2021,2,589,10.0,10.0,10.0,20.0,20.0
2021,2,590,1.0,5.0,5.0,10.0,10.0
2021,3,411,,,,,
2021,3,421,1.0,5.0,10.0,15.0,20.0
2021,3,422,4.0,7.0,10.0,10.0,10.0
2021,3,424,,,,,
2021,3,426,5.0,10.0,15.0,20.0,20.0
2021,3,428,,,,,
2021,3,433,2.0,5.0,15.0,15.0,15.0
2021,3,456,,,,,
2021,3,463,3.0,9.0,14.0,16.0,18.0
2021,3,484,7.0,8.0,9.0,10.0,11.0
2021,3,504,5.0,7.0,9.0,10.0,12.0
2021,3,508,10.0,10.0,15.0,15.0,15.0
2021,3,510,0.0,0.0,0.0,0.0,0.0
2021,3,518,5.0,25.0,25.0,20.0,15.0
2021,3,528,20.0,20.0,10.0,10.0,10.0
2021,3,535,1.0,3.0,7.0,5.0,5.0
2021,3,546,2.0,4.0,6.0,8.0,10.0
2021,3,549,5.0,10.0,10.0,10.0,10.0
2021,3,553,10.0,10.0,10.0,15.0,15.0
2021,3,555,10.0,20.0,15.0,15.0,
2021,3,557,0.0,10.0,10.0,10.0,10.0
2021,3,563,,,,,
2021,3,568,0.0,20.0,20.0,15.0,20.0
2021,3,570,5.0,5.0,10.0,10.0,10.0
2021,3,572,9.0,11.0,12.0,13.0,13.0
2021,3,574,1.0,5.0,10.0,10.0,10.0
2021,3,576,6.0,15.0,20.0,25.0,30.0
2021,3,577,5.0,5.0,5.0,5.0,5.0
2021,3,578,0.0,0.0,5.0,5.0,10.0
2021,3,579,15.0,15.0,15.0,15.0,15.0
2021,3,584,7.6,6.0,8.0,11.3,14.5
2021,3,586,5.0,10.0,10.0,10.0,5.0
2021,3,587,5.0,5.0,15.0,15.0,15.0
2021,3,588,1.0,5.0,10.0,10.0,10.0
2021,3,589,20.0,20.0,30.0,20.0,20.0
2021,3,591,,,,,
2021,4,411,,,,,
2021,4,421,0.0,1.0,5.0,15.0,20.0
2021,4,422,0.0,5.0,10.0,10.0,15.0
2021,4,424,,,,,
2021,4,426,20.0,25.0,30.0,35.0,40.0
2021,4,428,,,,,
2021,4,429,,,,,
2021,4,433,15.0,20.0,20.0,20.0,20.0
2021,4,456,,,,,
2021,4,463,5.0,10.0,15.0,18.0,18.0
2021,4,484,31.0,15.0,15.0,15.0,15.0
2021,4,504,5.0,7.0,9.0,10.0,12.0
2021,4,508,20.0,25.0,25.0,25.0,25.0
2021,4,510,0.0,0.0,0.0,0.0,0.0
2021,4,518,10.0,20.0,25.0,10.0,10.0
2021,4,524,20.0,15.0,10.0,10.0,10.0
2021,4,528,20.0,20.0,10.0,10.0,10.0
2021,4,535,1.0,5.0,5.0,7.0,7.0
2021,4,546,2.0,4.0,6.0,8.0,10.0
2021,4,549,5.0,10.0,10.0,10.0,15.0
2021,4,553,10.0,10.0,10.0,15.0,15.0
2021,4,555,5.0,10.0,15.0,15.0,15.0
2021,4,563,,,,,
2021,4,568,2.0,20.0,25.0,25.0,25.0
2021,4,570,5.0,5.0,10.0,10.0,10.0
2021,4,572,9.0,11.0,12.0,13.0,13.0
2021,4,574,5.0,5.0,10.0,10.0,10.0
2021,4,576,6.0,15.0,20.0,25.0,30.0
2021,4,577,0.0,5.0,5.0,10.0,10.0
2021,4,579,15.0,15.0,15.0,15.0,15.0
2021,4,584,1.7,13.6,12.6,14.0,15.9
2021,4,587,10.0,15.0,15.0,15.0,15.0
2021,4,588,1.0,5.0,10.0,10.0,10.0
2021,4,589,40.0,70.0,70.0,70.0,70.0
2021,4,591,,,,,
2021,4,593,0.0,5.0,10.0,10.0,10.0
2021,4,594,,,,,
2022,1,411,,,,,
2022,1,421,,,,,
2022,1,422,5.0,10.0,10.0,15.0,
2022,1,424,,,,,
2022,1,426,20.0,25.0,30.0,35.0,40.0
2022,1,428,,,,,
2022,1,429,,,,,
2022,1,433,45.0,15.0,20.0,20.0,20.0
2022,1,456,,,,,
2022,1,463,8.0,12.0,13.0,14.0,16.0
2022,1,484,30.0,18.0,25.0,8.0,11.0
2022,1,504,7.0,9.0,10.0,12.0,15.0
2022,1,508,40.0,30.0,20.0,20.0,20.0
2022,1,510,,,50.0,10.0,10.0
2022,1,518,15.0,20.0,25.0,35.0,35.0
2022,1,528,20.0,10.0,10.0,10.0,10.0
2022,1,535,25.0,5.0,7.0,7.0,7.0
2022,1,546,8.0,2.0,6.0,10.0,15.0
2022,1,549,15.0,10.0,10.0,15.0,20.0
2022,1,553,15.0,10.0,20.0,10.0,20.0
2022,1,555,30.0,15.0,15.0,15.0,15.0
2022,1,563,,,,,
2022,1,568,30.0,25.0,25.0,25.0,25.0
2022,1,570,10.0,5.0,5.0,5.0,5.0
2022,1,572,13.0,10.0,12.0,13.0,14.0
2022,1,574,30.0,10.0,10.0,10.0,15.0
2022,1,576,6.0,15.0,20.0,25.0,30.0
2022,1,577,0.0,5.0,5.0,5.0,5.0
2022,1,579,10.0,15.0,15.0,15.0,15.0
2022,1,584,1.5,13.8,15.7,17.7,20.0
2022,1,585,30.0,30.0,30.0,30.0,30.0
2022,1,586,5.0,20.0,15.0,10.0,10.0
2022,1,587,10.0,15.0,15.0,15.0,15.0
2022,1,588,80.0,5.0,10.0,10.0,10.0
2022,1,589,40.0,40.0,40.0,40.0,40.0
2022,1,594,,,,,
2022,2,411,,,,,
2022,2,422,0.0,10.0,12.0,15.0,20.0
2022,2,424,,,,,
2022,2,428,,,,,
2022,2,429,,,,,
2022,2,433,10.0,10.0,20.0,25.0,25.0
2022,2,456,,,,,
2022,2,463,8.0,12.0,17.0,19.0,22.0
2022,2,484,33.0,21.0,21.0,11.0,11.0
2022,2,504,9.0,10.0,12.0,15.0,20.0
2022,2,508,35.0,35.0,40.0,40.0,40.0
2022,2,510,90.0,20.0,20.0,20.0,20.0
2022,2,518,20.0,30.0,30.0,40.0,40.0
2022,2,535,10.0,7.0,10.0,10.0,12.0
2022,2,546,30.0,30.0,35.0,40.0,40.0
2022,2,549,10.0,10.0,15.0,20.0,20.0
2022,2,553,10.0,20.0,10.0,20.0,25.0
2022,2,555,15.0,20.0,25.0,35.0,40.0
2022,2,563,,,,,
2022,2,568,25.0,25.0,30.0,30.0,30.0
2022,2,570,20.0,20.0,20.0,20.0,20.0
2022,2,572,18.0,20.0,25.0,33.0,37.0
2022,2,574,25.0,25.0,25.0,25.0,25.0
2022,2,576,15.0,30.0,35.0,25.0,30.0
2022,2,577,10.0,15.0,20.0,20.0,20.0
2022,2,579,5.0,5.0,5.0,15.0,20.0
2022,2,584,15.4,28.3,35.9,35.9,35.0
2022,2,586,30.0,30.0,20.0,20.0,10.0
2022,2,587,30.0,30.0,35.0,35.0,30.0
2022,2,588,5.0,10.0,10.0,15.0,20.0
2022,2,589,0.0,0.0,0.0,90.0,0.0
2022,2,591,,,,,
2022,2,593,30.0,40.0,50.0,60.0,50.0
2022,2,594,,,,,
2022,3,411,,,,,
2022,3,422,5.0,10.0,15.0,10.0,10.0
2022,3,424,,,,,
2022,3,426,75.0,80.0,85.0,85.0,85.0
2022,3,428,,,,,
2022,3,433,10.0,10.0,20.0,25.0,25.0
2022,3,456,,,,,
2022,3,463,30.0,33.0,36.0,38.0,38.0
2022,3,484,33.0,21.0,11.0,11.0,11.0
2022,3,504,10.0,12.0,15.0,20.0,25.0
2022,3,508,40.0,45.0,55.0,60.0,55.0
2022,3,510,100.0,75.0,50.0,25.0,0.0
2022,3,518,50.0,75.0,50.0,75.0,50.0
2022,3,528,20.0,40.0,40.0,40.0,35.0
2022,3,535,15.0,15.0,20.0,25.0,25.0
2022,3,546,40.0,45.0,55.0,60.0,60.0
2022,3,549,20.0,20.0,30.0,40.0,50.0
2022,3,553,30.0,30.0,40.0,40.0,30.0
2022,3,555,20.0,45.0,60.0,60.0,60.0
2022,3,563,,,,,
2022,3,568,40.0,40.0,40.0,40.0,40.0
2022,3,570,25.0,40.0,40.0,30.0,30.0
2022,3,572,25.0,35.0,40.0,45.0,50.0
2022,3,574,30.0,30.0,30.0,30.0,30.0
2022,3,576,15.0,30.0,35.0,25.0,30.0
2022,3,577,30.0,30.0,40.0,40.0,40.0
2022,3,584,46.2,37.7,32.0,28.4,26.7
2022,3,587,40.0,30.0,25.0,20.0,20.0
2022,3,588,40.0,30.0,30.0,30.0,30.0
2022,3,589,50.0,40.0,60.0,40.0,40.0
2022,3,591,,,,,
2022,3,593,60.0,70.0,80.0,50.0,30.0
2022,3,594,,,,,
2022,3,595,20.0,20.0,20.0,30.0,30.0
2022,3,596,30.0,20.0,10.0,0.0,0.0
2022,4,411,,,,,
2022,4,422,,,,,
2022,4,426,85.0,85.0,80.0,75.0,70.0
2022,4,428,,,,,
2022,4,429,,,,,
2022,4,433,10.0,40.0,40.0,20.0,20.0
2022,4,456,,,,,
2022,4,463,25.0,45.0,38.0,30.0,25.0
2022,4,484,33.0,33.0,20.0,15.0,11.0
2022,4,504,10.0,12.0,15.0,20.0,25.0
2022,4,508,60.0,60.0,65.0,65.0,65.0
2022,4,510,100.0,80.0,25.0,25.0,25.0
2022,4,518,45.0,85.0,85.0,65.0,65.0
2022,4,524,40.0,60.0,70.0,40.0,30.0
2022,4,528,40.0,40.0,40.0,35.0,35.0
2022,4,530,40.0,45.0,55.0,55.0,45.0
2022,4,535,10.0,15.0,20.0,25.0,30.0
2022,4,546,50.0,60.0,80.0,80.0,75.0
2022,4,549,25.0,35.0,45.0,55.0,55.0
2022,4,555,20.0,35.0,45.0,65.0,65.0
2022,4,563,,,,,
2022,4,568,30.0,40.0,45.0,45.0,25.0
2022,4,570,20.0,75.0,60.0,25.0,25.0
2022,4,572,40.0,55.0,65.0,75.0,80.0
2022,4,574,35.0,45.0,45.0,40.0,35.0
2022,4,576,15.0,30.0,35.0,25.0,30.0
2022,4,577,10.0,30.0,50.0,75.0,75.0
2022,4,579,65.0,75.0,85.0,80.0,60.0
2022,4,584,11.2,30.2,38.2,39.2,39.0
2022,4,585,60.0,50.0,40.0,40.0,40.0
2022,4,586,20.0,25.0,35.0,30.0,30.0
2022,4,587,30.0,30.0,30.0,25.0,20.0
2022,4,588,45.0,65.0,70.0,65.0,55.0
2022,4,589,80.0,90.0,90.0,80.0,80.0
2022,4,591,,,,,
2022,4,594,,,,,
2022,4,595,10.0,25.0,50.0,50.0,50.0
2022,4,596,25.0,20.0,20.0,20.0,20.0
2023,1,411,,,,,
2023,1,422,,,,,
2023,1,428,,,,,
2023,1,429,,,,,
2023,1,433,10.0,20.0,40.0,40.0,20.0
2023,1,456,,,,,
2023,1,463,45.0,42.0,38.0,35.0,33.0
2023,1,484,33.0,33.0,33.0,33.0,20.0
2023,1,504,12.0,15.0,20.0,25.0,30.0
2023,1,508,60.0,60.0,65.0,65.0,60.0
2023,1,510,100.0,50.0,25.0,0.0,0.0
2023,1,518,75.0,75.0,75.0,75.0,75.0
2023,1,524,20.0,30.0,40.0,50.0,30.0
2023,1,528,45.0,40.0,35.0,35.0,30.0
2023,1,535,40.0,20.0,20.0,25.0,30.0
2023,1,548,75.0,70.0,35.0,20.0,10.0
2023,1,549,30.0,30.0,40.0,50.0,60.0
2023,1,555,55.0,10.0,65.0,60.0,15.0
2023,1,563,,,,,
2023,1,568,40.0,40.0,30.0,30.0,25.0
2023,1,570,35.0,60.0,60.0,30.0,20.0
2023,1,572,50.0,65.0,75.0,70.0,60.0
2023,1,574,40.0,35.0,35.0,35.0,35.0
2023,1,576,15.0,30.0,35.0,25.0,30.0
2023,1,577,10.0,30.0,65.0,65.0,25.0
2023,1,584,21.0,37.5,29.8,24.1,21.7
2023,1,586,35.0,25.0,20.0,20.0,15.0
2023,1,587,40.0,30.0,20.0,20.0,20.0
2023,1,588,50.0,90.0,90.0,70.0,40.0
2023,1,589,75.0,90.0,60.0,60.0,60.0
2023,1,591,,,,,
2023,1,593,20.0,40.0,60.0,50.0,20.0
2023,1,594,,,,,
2023,1,595,10.0,25.0,50.0,50.0,50.0
2023,1,596,20.0,20.0,20.0,10.0,10.0
2023,1,598,,,,,
2023,1,601,70.0,75.0,75.0,65.0,45.0
2023,2,411,,,,,
2023,2,422,2.0,15.0,20.0,20.0,20.0
2023,2,426,75.0,70.0,70.0,75.0,80.0
2023,2,428,,,,,
2023,2,429,,,,,
2023,2,433,20.0,55.0,55.0,45.0,40.0
2023,2,456,,,,,
2023,2,463,40.0,35.0,35.0,35.0,35.0
2023,2,504,15.0,20.0,30.0,30.0,25.0
2023,2,508,45.0,55.0,60.0,60.0,55.0
2023,2,510,80.0,50.0,20.0,0.0,0.0
2023,2,518,80.0,80.0,80.0,80.0,50.0
2023,2,524,0.3,0.55,0.55,0.4,0.3
2023,2,528,70.0,50.0,35.0,35.0,30.0
2023,2,535,10.0,15.0,20.0,25.0,30.0
2023,2,548,75.0,80.0,30.0,25.0,15.0
2023,2,549,40.0,55.0,65.0,75.0,75.0
2023,2,555,25.0,50.0,65.0,60.0,25.0
2023,2,563,,,,,
2023,2,568,40.0,40.0,35.0,35.0,25.0
2023,2,570,60.0,60.0,30.0,25.0,20.0
2023,2,572,58.0,75.0,70.0,60.0,50.0
2023,2,574,30.0,35.0,35.0,35.0,35.0
2023,2,576,15.0,20.0,25.0,40.0,35.0
2023,2,577,0.0,25.0,50.0,50.0,25.0
2023,2,584,49.8,34.2,23.9,19.1,16.6
2023,2,585,50.0,60.0,60.0,50.0,40.0
2023,2,586,15.0,25.0,35.0,35.0,25.0
2023,2,587,25.0,25.0,25.0,25.0,25.0
2023,2,588,50.0,90.0,90.0,70.0,40.0
2023,2,589,90.0,90.0,60.0,60.0,60.0
2023,2,591,,,,,
2023,2,594,,,,,
2023,2,596,10.0,10.0,10.0,10.0,10.0
2023,2,598,,,,,
2023,2,599,40.0,60.0,50.0,40.0,30.0
2023,2,600,15.0,30.0,30.0,20.0,5.0
2023,2,601,,,,,
2023,3,411,,,,,
2023,3,421,30.0,50.0,50.0,50.0,50.0
2023,3,422,10.0,20.0,25.0,25.0,25.0
2023,3,426,85.0,70.0,70.0,75.0,80.0
2023,3,428,,,,,
2023,3,429,,,,,
2023,3,433,15.0,60.0,60.0,25.0,20.0
2023,3,456,,,,,
2023,3,463,10.0,20.0,25.0,25.0,25.0
2023,3,484,33.0,45.0,40.0,40.0,33.0
2023,3,504,0.0,5.0,20.0,35.0,35.0
2023,3,508,35.0,55.0,50.0,45.0,40.0
2023,3,510,0.0,0.0,0.0,0.0,0.0
2023,3,518,20.0,70.0,70.0,50.0,50.0
2023,3,535,5.0,10.0,20.0,25.0,30.0
2023,3,549,40.0,55.0,65.0,70.0,70.0
2023,3,555,10.0,30.0,55.0,55.0,40.0
2023,3,563,,,,,
2023,3,568,15.0,30.0,30.0,25.0,25.0
2023,3,570,20.0,40.0,50.0,30.0,30.0
2023,3,572,20.0,38.0,45.0,40.0,33.0
2023,3,574,20.0,35.0,35.0,35.0,35.0
2023,3,576,15.0,20.0,25.0,30.0,35.0
2023,3,577,0.0,5.0,10.0,15.0,20.0
2023,3,584,19.7,19.1,20.1,20.2,22.0
2023,3,586,15.0,15.0,10.0,10.0,10.0
2023,3,587,25.0,30.0,25.0,25.0,25.0
2023,3,588,30.0,90.0,90.0,60.0,40.0
2023,3,589,80.0,80.0,70.0,60.0,60.0
2023,3,591,,,,,
2023,3,593,1.0,10.0,20.0,40.0,50.0
2023,3,594,,,,,
2023,3,595,10.0,10.0,10.0,25.0,25.0
2023,3,596,10.0,15.0,15.0,15.0,15.0
2023,3,598,,,,,
2023,3,599,30.0,40.0,50.0,50.0,50.0
2023,3,603,25.0,30.0,35.0,25.0,25.0
2023,4,411,,,,,
2023,4,421,25.0,45.0,45.0,45.0,45.0
2023,4,422,,,,,
2023,4,426,80.0,85.0,75.0,70.0,65.0
2023,4,428,,,,,
2023,4,429,,,,,
2023,4,463,15.0,25.0,25.0,25.0,25.0
2023,4,484,60.0,50.0,50.0,40.0,40.0
2023,4,508,35.0,45.0,40.0,40.0,40.0
2023,4,510,0.0,20.0,20.0,10.0,10.0
2023,4,518,55.0,75.0,75.0,50.0,50.0
2023,4,549,45.0,55.0,60.0,65.0,65.0
2023,4,555,10.0,25.0,55.0,55.0,35.0
2023,4,563,,,,,
2023,4,568,20.0,30.0,30.0,30.0,30.0
2023,4,570,35.0,35.0,25.0,20.0,20.0
2023,4,572,25.0,40.0,38.0,35.0,33.0
2023,4,574,35.0,35.0,35.0,35.0,35.0
2023,4,576,15.0,20.0,25.0,30.0,35.0
2023,4,577,0.0,10.0,25.0,25.0,10.0
2023,4,584,30.5,27.4,26.9,25.5,25.1
2023,4,586,5.0,10.0,10.0,5.0,5.0
2023,4,587,30.0,25.0,25.0,25.0,25.0
2023,4,588,50.0,75.0,75.0,50.0,40.0
2023,4,589,100.0,100.0,90.0,70.0,70.0
2023,4,591,,,,,
2023,4,594,,,,,
2023,4,596,15.0,15.0,15.0,15.0,15.0
2023,4,598,,,,,
2023,4,599,10.0,30.0,30.0,50.0,50.0
2023,4,600,50.0,40.0,30.0,30.0,30.0
2023,4,602,40.0,40.0,35.0,35.0,35.0
2023,4,603,30.0,35.0,25.0,25.0,28.0
2023,4,604,10.0,70.0,60.0,50.0,40.0
2024,1,411,,,,,
2024,1,421,5.0,10.0,15.0,25.0,25.0
2024,1,422,,,,,
2024,1,428,,,,,
2024,1,429,,,,,
2024,1,433,5.0,30.0,30.0,30.0,25.0
2024,1,463,5.0,15.0,20.0,25.0,25.0
2024,1,508,35.0,40.0,40.0,40.0,40.0
2024,1,510,20.0,20.0,20.0,10.0,5.0
2024,1,518,20.0,20.0,30.0,40.0,40.0
2024,1,535,10.0,15.0,25.0,20.0,15.0
2024,1,548,20.0,30.0,40.0,40.0,40.0
2024,1,549,25.0,35.0,40.0,45.0,55.0
2024,1,555,5.0,10.0,30.0,30.0,20.0
2024,1,563,,,,,
2024,1,568,10.0,25.0,25.0,25.0,30.0
2024,1,570,25.0,20.0,15.0,15.0,10.0
2024,1,572,25.0,35.0,33.0,32.0,30.0
2024,1,574,5.0,15.0,20.0,25.0,25.0
2024,1,576,15.0,20.0,20.0,25.0,25.0
2024,1,577,0.0,5.0,10.0,10.0,20.0
2024,1,584,22.7,22.5,16.8,14.9,14.6
2024,1,586,0.0,5.0,10.0,10.0,5.0
2024,1,587,25.0,25.0,25.0,25.0,25.0
2024,1,588,2.0,10.0,10.0,10.0,10.0
2024,1,589,70.0,80.0,80.0,60.0,60.0
2024,1,593,0.0,10.0,15.0,20.0,25.0
2024,1,594,,,,,
2024,1,596,5.0,10.0,10.0,10.0,10.0
2024,1,598,,,,,
2024,1,599,20.0,40.0,40.0,30.0,25.0
2024,1,602,,,,,
2024,1,603,35.0,25.0,25.0,28.0,30.0
2024,1,604,40.0,50.0,20.0,20.0,20.0
2024,2,411,,,,,
2024,2,421,5.0,10.0,20.0,25.0,25.0
2024,2,422,,,,,
2024,2,428,,,,,
2024,2,429,,,,,
2024,2,433,10.0,15.0,20.0,25.0,25.0
2024,2,463,5.0,15.0,22.0,25.0,28.0
2024,2,484,45.0,45.0,40.0,40.0,35.0
2024,2,508,20.0,20.0,25.0,25.0,30.0
2024,2,510,0.0,0.0,10.0,20.0,10.0
2024,2,518,10.0,20.0,30.0,30.0,30.0
2024,2,535,2.0,10.0,15.0,20.0,15.0
2024,2,548,35.0,40.0,40.0,30.0,25.0
2024,2,549,20.0,25.0,35.0,50.0,50.0
2024,2,555,5.0,10.0,20.0,20.0,15.0
2024,2,563,,,,,
2024,2,568,5.0,15.0,20.0,30.0,30.0
2024,2,570,15.0,15.0,10.0,10.0,10.0
2024,2,572,25.0,33.0,32.0,30.0,30.0
2024,2,574,15.0,15.0,20.0,25.0,30.0
2024,2,576,15.0,15.0,15.0,20.0,20.0
2024,2,577,0.0,5.0,10.0,15.0,15.0
2024,2,584,9.1,18.0,18.3,19.2,21.2
2024,2,587,5.0,10.0,15.0,20.0,20.0
2024,2,588,10.0,15.0,20.0,25.0,30.0
2024,2,589,80.0,80.0,80.0,80.0,80.0
2024,2,594,,,,,
2024,2,596,10.0,10.0,10.0,10.0,10.0
2024,2,598,,,,,
2024,2,599,12.0,12.0,15.0,20.0,25.0
2024,2,600,10.0,20.0,25.0,25.0,20.0
2024,2,602,0.0,10.0,10.0,10.0,10.0
2024,2,603,15.0,17.0,19.0,21.0,23.0
2024,2,604,6.0,6.0,12.0,20.0,30.0
2024,3,411,,,,,
2024,3,421,5.0,30.0,30.0,35.0,35.0
2024,3,422,,,,,
2024,3,426,25.0,20.0,25.0,30.0,30.0
2024,3,428,,,,,
2024,3,429,,,,,
2024,3,433,10.0,15.0,25.0,30.0,30.0
2024,3,463,8.0,16.0,22.0,23.0,24.0
2024,3,508,25.0,30.0,30.0,35.0,35.0
2024,3,510,0.0,0.0,25.0,25.0,25.0
2024,3,518,25.0,35.0,35.0,35.0,25.0
2024,3,528,,,,,
2024,3,535,3.0,15.0,20.0,15.0,10.0
2024,3,549,25.0,35.0,55.0,55.0,50.0
2024,3,555,5.0,10.0,25.0,25.0,20.0
2024,3,563,,,,,
2024,3,568,10.0,20.0,30.0,25.0,25.0
2024,3,570,5.0,5.0,10.0,15.0,15.0
2024,3,574,20.0,20.0,25.0,30.0,30.0
2024,3,576,15.0,15.0,15.0,20.0,20.0
2024,3,577,0.0,15.0,20.0,25.0,25.0
2024,3,584,32.2,20.3,16.6,15.4,15.6
2024,3,586,25.0,35.0,35.0,20.0,20.0
2024,3,587,20.0,15.0,15.0,15.0,15.0
2024,3,588,30.0,35.0,40.0,35.0,30.0
2024,3,589,90.0,90.0,60.0,40.0,30.0
2024,3,591,,,,,
2024,3,593,0.0,20.0,60.0,40.0,20.0
2024,3,594,,,,,
2024,3,595,0.0,5.0,15.0,25.0,20.0
2024,3,596,10.0,10.0,10.0,10.0,10.0
2024,3,598,,,,,
2024,3,599,5.0,5.0,40.0,60.0,50.0
2024,3,602,20.0,20.0,20.0,20.0,20.0
2024,3,603,17.0,19.0,21.0,23.0,25.0
2024,3,604,6.0,12.0,12.0,20.0,20.0
2024,4,411,,,,,
2024,4,426,15.0,10.0,20.0,10.0,15.0
2024,4,428,,,,,
2024,4,429,5.0,10.0,15.0,20.0,20.0
2024,4,433,5.0,15.0,15.0,20.0,25.0
2024,4,463,3.0,10.0,15.0,20.0,20.0
2024,4,508,10.0,15.0,25.0,30.0,30.0
2024,4,510,0.0,0.0,0.0,20.0,20.0
2024,4,518,15.0,35.0,25.0,20.0,20.0
2024,4,535,15.0,15.0,10.0,10.0,10.0
2024,4,549,10.0,30.0,50.0,50.0,55.0
2024,4,555,5.0,10.0,25.0,25.0,20.0
2024,4,563,,,,,
2024,4,568,15.0,25.0,25.0,30.0,30.0
2024,4,570,3.5,5.0,10.0,10.0,10.0
2024,4,572,15.0,17.0,18.0,19.0,20.0
2024,4,574,5.0,10.0,15.0,20.0,25.0
2024,4,576,15.0,15.0,15.0,20.0,20.0
2024,4,577,0.0,15.0,35.0,40.0,40.0
2024,4,584,14.1,16.7,15.7,17.4,18.3
2024,4,587,10.0,15.0,25.0,25.0,25.0
2024,4,588,25.0,25.0,30.0,30.0,35.0
2024,4,589,,,,,
2024,4,590,5.0,10.0,15.0,15.0,15.0
2024,4,594,,,,,
2024,4,595,0.0,10.0,15.0,10.0,10.0
2024,4,596,5.0,5.0,5.0,5.0,5.0
2024,4,598,,,,,
2024,4,599,5.0,10.0,25.0,50.0,50.0
2024,4,600,25.0,25.0,25.0,25.0,25.0
2024,4,603,10.0,15.0,18.0,19.0,20.0
2024,4,604,0.0,15.0,20.0,25.0,25.0
2024,4,605,5.0,20.0,20.0,20.0,20.0
2025,1,411,,,,,
2025,1,421,1.0,25.0,30.0,35.0,45.0
2025,1,422,,,,,
2025,1,428,,,,,
2025,1,429,,,,,
2025,1,433,0.0,15.0,25.0,30.0,30.0
2025,1,463,5.0,10.0,15.0,20.0,23.0
2025,1,508,,,,,
2025,1,510,0.0,0.0,0.0,10.0,25.0
2025,1,518,10.0,15.0,25.0,25.0,25.0
2025,1,535,20.0,15.0,10.0,5.0,10.0
2025,1,548,5.0,10.0,15.0,20.0,20.0
2025,1,549,10.0,25.0,30.0,35.0,50.0
2025,1,555,5.0,10.0,25.0,25.0,20.0
2025,1,563,,,,,
2025,1,568,5.0,15.0,25.0,30.0,25.0
2025,1,570,5.0,5.0,10.0,10.0,10.0
2025,1,572,15.0,17.0,18.0,19.0,20.0
2025,1,574,5.0,10.0,15.0,20.0,25.0
2025,1,576,15.0,15.0,15.0,20.0,20.0
2025,1,577,0.0,0.0,15.0,20.0,25.0
2025,1,584,5.2,19.2,18.0,17.9,17.8
2025,1,586,5.0,10.0,10.0,15.0,15.0
2025,1,587,30.0,35.0,40.0,35.0,35.0
2025,1,588,15.0,20.0,25.0,30.0,30.0
2025,1,589,75.0,50.0,50.0,75.0,50.0
2025,1,591,0.0,0.0,5.0,5.0,10.0
2025,1,593,0.0,15.0,30.0,55.0,30.0
2025,1,594,,,,,
2025,1,595,0.0,5.0,5.0,5.0,5.0
2025,1,596,5.0,7.0,9.0,9.0,9.0
2025,1,598,,,,,
2025,1,599,15.0,40.0,40.0,40.0,40.0
2025,1,600,,,,,
2025,1,602,10.0,25.0,25.0,25.0,25.0
2025,1,603,15.0,18.0,19.0,20.0,22.0
2025,1,604,15.0,15.0,30.0,30.0,30.0
2025,1,605,5.0,20.0,20.0,20.0,20.0
2025,1,606,5.0,10.0,15.0,15.0,20.0
2025,1,607,0.0,0.4,0.8,1.2,1.77
2025,2,411,,,,,
2025,2,422,10.0,40.0,40.0,35.0,30.0
2025,2,428,,,,,
2025,2,429,,,,,
2025,2,433,100.0,15.0,35.0,35.0,30.0
2025,2,463,35.0,35.0,35.0,35.0,35.0
2025,2,484,15.0,15.0,13.0,11.0,9.0
2025,2,508,40.0,45.0,50.0,40.0,40.0
2025,2,510,100.0,75.0,50.0,0.0,0.0
2025,2,518,5.0,35.0,25.0,25.0,25.0
2025,2,535,10.0,35.0,30.0,20.0,15.0
2025,2,549,40.0,50.0,60.0,60.0,50.0
2025,2,555,5.0,50.0,25.0,20.0,15.0
2025,2,563,,,,,
2025,2,568,15.0,55.0,50.0,35.0,30.0
2025,2,570,35.0,35.0,20.0,15.0,15.0
2025,2,572,30.0,45.0,40.0,30.0,25.0
2025,2,574,20.0,25.0,35.0,35.0,35.0
2025,2,576,25.0,30.0,30.0,30.0,30.0
2025,2,577,25.0,35.0,40.0,50.0,40.0
2025,2,584,27.4,22.1,18.7,18.5,18.0
2025,2,586,65.0,50.0,40.0,25.0,15.0
2025,2,587,60.0,40.0,30.0,25.0,25.0
2025,2,588,85.0,40.0,40.0,40.0,30.0
2025,2,589,50.0,40.0,40.0,40.0,40.0
2025,2,590,90.0,20.0,30.0,30.0,15.0
2025,2,594,,,,,
2025,2,595,25.0,50.0,50.0,25.0,25.0
2025,2,596,0.0,5.0,10.0,10.0,10.0
2025,2,598,,,,,
2025,2,600,100.0,30.0,30.0,25.0,20.0
2025,2,603,15.0,20.0,25.0,27.0,28.0
2025,2,604,,,,,
2025,2,605,25.0,60.0,50.0,40.0,30.0
2025,2,606,15.0,25.0,30.0,35.0,35.0
2025,2,607,4.78,24.44,10.56,9.93,9.93
2025,3,411,,,,,
2025,3,421,30.0,40.0,50.0,50.0,50.0
2025,3,422,,,,,
2025,3,428,,,,,
2025,3,429,,,,,
2025,3,433,,,,,
2025,3,463,20.0,25.0,27.0,28.0,28.0
2025,3,484,15.0,9.0,7.0,5.0,5.0
2025,3,508,,,,,
2025,3,510,0.0,50.0,50.0,0.0,25.0
2025,3,518,35.0,35.0,35.0,35.0,25.0
2025,3,549,35.0,60.0,60.0,55.0,50.0
2025,3,563,,,,,
2025,3,568,30.0,35.0,30.0,25.0,25.0
2025,3,570,25.0,40.0,25.0,20.0,15.0
2025,3,572,33.0,40.0,40.0,30.0,25.0
2025,3,574,15.0,25.0,25.0,25.0,25.0
2025,3,576,25.0,30.0,30.0,30.0,30.0
2025,3,577,10.0,25.0,35.0,40.0,25.0
2025,3,584,33.7,16.1,14.4,14.6,14.7
2025,3,586,30.0,35.0,35.0,25.0,20.0
2025,3,587,25.0,25.0,25.0,15.0,15.0
2025,3,588,33.0,45.0,35.0,30.0,30.0
2025,3,589,80.0,80.0,70.0,70.0,70.0
2025,3,590,15.0,15.0,15.0,15.0,15.0
2025,3,591,0.0,15.0,20.0,25.0,20.0
2025,3,594,,,,,
2025,3,595,25.0,25.0,25.0,25.0,25.0
2025,3,596,2.0,2.0,5.0,5.0,5.0
2025,3,598,,,,,
2025,3,603,15.0,19.0,23.0,24.0,25.0
2025,3,604,30.0,40.0,30.0,20.0,15.0
2025,3,606,,,,,
2025,3,607,0.0,0.0,5.98,5.98,5.98
2025,3,608,27.0,30.0,25.0,20.0,24.0
2025,3,609,5.0,8.0,10.0,12.0,12.0
2025,4,411,,,,,
2025,4,421,50.0,50.0,45.0,45.0,30.0
2025,4,428,,,,,
2025,4,429,,,,,
2025,4,463,8.0,14.0,17.0,20.0,22.0
2025,4,484,21.0,13.0,13.0,10.0,10.0
2025,4,508,40.0,40.0,40.0,45.0,45.0
2025,4,510,0.0,0.0,50.0,50.0,50.0
2025,4,518,5.0,35.0,35.0,20.0,20.0
2025,4,535,20.0,15.0,10.0,8.0,8.0
2025,4,549,50.0,40.0,45.0,50.0,55.0
2025,4,563,,,,,
2025,4,568,20.0,20.0,30.0,25.0,20.0
2025,4,570,15.0,25.0,25.0,15.0,15.0
2025,4,571,35.0,20.0,20.0,20.0,20.0
2025,4,572,45.0,38.0,35.0,30.0,25.0
2025,4,574,15.0,20.0,25.0,25.0,25.0
2025,4,576,25.0,30.0,30.0,30.0,30.0
2025,4,577,15.0,25.0,30.0,30.0,30.0
2025,4,586,20.0,20.0,15.0,15.0,15.0
2025,4,587,35.0,25.0,25.0,25.0,25.0
2025,4,588,31.0,31.0,20.0,15.0,15.0
2025,4,589,80.0,80.0,50.0,40.0,40.0
2025,4,591,0.0,10.0,25.0,30.0,25.0
2025,4,594,,,,,
2025,4,595,0.0,25.0,25.0,25.0,15.0
2025,4,598,,,,,
2025,4,600,10.0,15.0,15.0,15.0,15.0
2025,4,602,33.0,10.0,20.0,20.0,20.0
2025,4,603,22.0,20.0,24.0,25.0,26.0
2025,4,607,0.0,0.0,6.1,6.1,6.1
2025,4,608,12.0,16.0,19.0,15.0,14.0
2025,4,609,10.0,12.0,15.0,15.0,15.0
2026,1,411,,,,,
2026,1,421,45.0,45.0,45.0,40.0,30.0
2026,1,422,,,,,
2026,1,428,,,,,
2026,1,429,,,,,
2026,1,433,15.0,15.0,15.0,15.0,15.0
2026,1,508,25.0,30.0,35.0,35.0,35.0
2026,1,510,50.0,20.0,20.0,20.0,20.0
2026,1,518,20.0,40.0,20.0,10.0,10.0
2026,1,535,5.0,7.0,7.0,7.0,12.0
2026,1,549,20.0,25.0,30.0,35.0,45.0
2026,1,563,,,,,
2026,1,568,5.0,10.0,20.0,25.0,25.0
2026,1,570,10.0,15.0,15.0,15.0,15.0
2026,1,571,5.0,20.0,20.0,20.0,20.0
2026,1,572,28.0,25.0,23.0,22.0,20.0
2026,1,574,15.0,25.0,25.0,25.0,25.0
2026,1,576,25.0,30.0,30.0,30.0,30.0
2026,1,577,0.0,5.0,5.0,5.0,5.0
2026,1,584,10.8,13.4,14.5,15.7,15.7
2026,1,586,20.0,20.0,15.0,15.0,15.0
2026,1,587,15.0,25.0,25.0,20.0,20.0
2026,1,588,10.0,12.0,15.0,20.0,20.0
2026,1,589,70.0,60.0,70.0,70.0,80.0
2026,1,590,15.0,15.0,15.0,15.0,15.0
2026,1,591,0.0,0.0,10.0,25.0,30.0
2026,1,594,,,,,
2026,1,595,0.0,20.0,20.0,25.0,25.0
2026,1,598,,,,,
2026,1,599,30.0,30.0,30.0,30.0,30.0
2026,1,600,,,,,
2026,1,603,15.0,22.0,23.0,24.0,25.0
2026,1,604,,,,,
2026,1,605,5.0,15.0,20.0,20.0,20.0
2026,1,608,25.0,20.0,15.0,15.0,18.0
2026,1,609,5.0,10.0,15.0,15.0,15.0
2026,1,612,10.0,12.0,15.0,22.0,25.0
2026,2,411,,,,,
2026,2,421,45.0,45.0,45.0,40.0,30.0
2026,2,428,,,,,
2026,2,429,,,,,
2026,2,433,,,,,
2026,2,508,,,,,
2026,2,510,10.0,20.0,20.0,30.0,20.0
2026,2,518,40.0,40.0,20.0,20.0,20.0
2026,2,535,5.0,10.0,8.0,8.0,6.0
2026,2,549,15.0,15.0,40.0,45.0,50.0
2026,2,563,,,,,
2026,2,568,15.0,25.0,30.0,30.0,30.0
2026,2,570,5.0,15.0,15.0,10.0,10.0
2026,2,571,5.0,20.0,20.0,20.0,20.0
2026,2,572,30.0,35.0,33.0,29.0,26.0
2026,2,574,15.0,25.0,25.0,25.0,25.0
2026,2,577,0.0,10.0,20.0,20.0,10.0
2026,2,584,7.7,13.3,18.8,22.4,23.8
2026,2,587,35.0,35.0,30.0,30.0,30.0
2026,2,588,15.0,27.0,30.0,25.0,25.0
2026,2,589,80.0,80.0,50.0,80.0,50.0
2026,2,590,15.0,15.0,15.0,15.0,15.0
2026,2,591,15.0,40.0,40.0,30.0,20.0
2026,2,594,,,,,
2026,2,595,0.0,20.0,20.0,25.0,25.0
2026,2,596,5.0,5.0,5.0,5.0,5.0
2026,2,598,,,,,
2026,2,602,30.0,30.0,30.0,30.0,30.0
2026,2,603,18.0,19.0,20.0,21.0,22.0
2026,2,604,,,,,
2026,2,605,10.0,30.0,25.0,20.0,20.0
2026,2,609,3.0,7.0,10.0,15.0,15.0
2026,2,612,10.0,20.0,18.0,22.0,25.0
2026,3,411,,,,,
2026,3,428,,,,,
2026,3,429,,,,,
2026,3,433,20.0,20.0,20.0,20.0,20.0
2026,3,508,,,,,
2026,3,510,0.0,0.0,0.0,0.0,0.0
2026,3,518,20.0,35.0,35.0,35.0,20.0
2026,3,535,0.0,5.0,10.0,7.0,8.0
2026,3,549,15.0,15.0,30.0,45.0,50.0
2026,3,563,,,,,
2026,3,568,15.0,30.0,30.0,25.0,25.0
2026,3,570,5.0,15.0,15.0,10.0,10.0
2026,3,571,5.0,25.0,25.0,25.0,25.0
2026,3,572,15.0,17.0,19.0,20.0,22.0
2026,3,574,15.0,25.0,25.0,25.0,25.0
2026,3,577,0.0,15.0,20.0,20.0,15.0
2026,3,584,4.9,16.2,21.9,24.8,24.9
2026,3,586,15.0,15.0,10.0,10.0,10.0
2026,3,587,25.0,25.0,25.0,25.0,25.0
2026,3,588,20.0,20.0,25.0,20.0,20.0
2026,3,589,70.0,70.0,60.0,60.0,60.0
2026,3,591,0.0,20.0,30.0,30.0,20.0
2026,3,594,,,,,
2026,3,595,0.0,20.0,20.0,25.0,
2026,3,598,,,,,
2026,3,602,15.0,13.0,11.0,11.0,11.0
2026,3,603,12.0,13.0,14.0,15.0,16.0
2026,3,604,,,,,
2026,3,605,5.0,15.0,20.0,20.0,20.0
2026,3,608,22.0,31.0,26.0,27.0,25.0
2026,3,609,10.0,11.0,14.0,15.0,15.0
2026,3,612,10.0,8.0,10.0,12.0,12.0
