YEAR,QUARTER,ID,RGDP1,RGDP2,RGDP3,RGDP4,RGDP5,RGDP6
2000,1,20,9026.9,9132.2,9199.3,9282.4,9361.6,9418.8
2000,1,40,9026.9,9097.6,9166.0,9243.0,9308.1,9366.5
2000,1,65,9026.9,9071.7,9105.529,9150.72,9196.134,9246.301
2000,1,84,9026.9,9112.0,9202.0,9257.0,9295.0,
2000,1,94,9026.9,9091.8,9162.8,9212.0,9271.0,9347.2
2000,1,407,9026.9,9077.4,9150.0,9227.0,9303.7,9382.1
2000,1,411,9026.9,9100.8,9168.5,9237.6,9295.9,9360.2
2000,1,414,9026.9,9118.037,9190.122,9267.262,9354.073,9430.308
2000,1,420,9026.9,9108.0,9188.0,9257.0,9315.0,9364.0
2000,1,421,9026.9,9063.0,9135.0,9190.0,9236.0,9247.0
2000,1,426,9026.9,9067.25,9130.065,9184.359,9252.48,9334.651
2000,1,428,9026.9,9115.1,9212.0,9274.1,9319.4,9372.9
2000,1,429,9026.9,9116.9,9172.1,9190.9,9251.3,9323.2
2000,1,431,9026.9,9051.1,9115.1,9188.6,9259.9,9338.2
2000,1,433,9026.9,9098.265,9161.295,9206.762,9247.915,9286.971
2000,1,456,9026.9,9116.0,9211.0,9293.0,9366.0,9435.0
2000,1,463,9026.9,9094.0,9166.0,9227.0,9307.0,9376.0
2000,1,464,9026.9,9110.7,9187.5,9270.9,9359.8,9433.0
2000,1,465,9026.9,9103.0,9180.0,9250.0,9327.0,9421.0
2000,1,469,9026.9,9113.0,9190.0,9259.0,9319.0,9370.0
2000,1,470,9026.9,9097.2,9188.9,9247.4,9306.0,9373.4
2000,1,472,9026.9,9086.2,9147.3,9241.6,9332.3,
2000,1,481,9026.9,9104.87,9179.073,9247.155,9315.742,9384.838
2000,1,484,9026.9,9058.33,9112.197,9168.622,9223.146,9252.976
2000,1,486,9026.9,9098.0,9179.0,9254.0,9318.0,
2000,1,498,9026.9,9114.9,9193.3,9273.5,9346.4,9429.0
2000,1,499,9026.9,9128.966,9140.355,9217.077,9314.602,9392.786
2000,1,500,9026.9,9069.4,9146.6,9218.9,9278.1,9341.9
2000,1,501,9026.9,9093.854,9156.853,9231.479,9297.692,9355.266
2000,1,504,9026.9,9071.7,9150.1,9224.6,9299.8,
2000,1,506,9026.9,9070.4,9145.2,9206.6,9283.0,9373.8
2000,1,507,9026.9,9113.654,9203.455,9294.141,9369.887,9439.384
2000,1,508,9026.9,9096.1,9154.9,9241.1,9309.3,9383.6
2000,1,510,9026.9,9089.436,9194.404,9276.06,9349.394,9418.738
2000,1,512,9026.9,9083.0,9185.0,9279.0,9352.0,9403.0
2000,1,513,9026.9,9043.8,9096.0,9188.0,9268.0,9357.3
2000,2,20,9156.6,9223.0,9299.4,9381.4,9443.8,9500.1
2000,2,65,9156.6,9224.515,9281.635,9339.109,9396.939,9466.638
2000,2,84,9147.0,9267.0,9343.0,9394.0,9434.0,
2000,2,407,9156.6,9250.3,9325.1,9407.0,9486.4,9551.0
2000,2,420,9156.6,9246.0,9320.0,9385.0,9441.0,9500.0
2000,2,421,9156.6,9225.3,9289.9,9331.7,9343.3,9378.3
2000,2,423,9156.6,9256.8,9347.2,9432.8,9516.2,9598.9
2000,2,426,9156.6,9251.266,9322.145,9375.291,9428.74,9496.367
2000,2,428,9156.6,9262.2,9331.7,9377.2,9424.5,9486.0
2000,2,431,9156.6,9261.6,9335.3,9428.1,9526.1,9617.9
2000,2,433,9156.6,9253.484,9335.664,9402.624,9463.154,9512.449
2000,2,439,9156.6,9288.3,9376.4,9445.9,9524.7,9611.8
2000,2,446,9156.6,9251.3,9319.9,9384.4,9442.6,9505.7
2000,2,456,9156.6,9240.8,9345.9,9444.4,9623.6,9698.9
2000,2,458,9156.6,9257.917,9371.532,9497.815,9602.908,9709.164
2000,2,463,9156.6,9267.0,9336.0,9424.0,9494.0,9561.0
2000,2,465,9156.6,9240.3,9360.4,9458.6,9596.8,9674.2
2000,2,469,9156.6,9260.0,9340.0,9422.0,9497.0,9571.0
2000,2,472,9156.6,9233.458,9315.46,9391.379,9451.837,9470.685
2000,2,475,9156.6,9254.0,9345.0,9434.0,9521.0,9603.0
2000,2,483,9156.6,9248.5,9360.9,9469.3,9570.8,9659.8
2000,2,484,9156.6,9211.052,9265.827,9323.203,9353.356,9413.569
2000,2,486,9156.6,9253.0,9344.0,9419.0,9467.0,9514.0
2000,2,497,9156.6,9259.0,9326.9,9386.3,9446.4,9507.4
2000,2,498,9156.6,9257.5,9338.0,9417.7,9500.5,
2000,2,500,9156.6,9254.5,9322.3,9378.0,9406.0,9461.0
2000,2,501,9156.6,9264.555,9337.798,9407.057,9474.528,9535.521
2000,2,502,9156.6,9215.546,9279.389,9330.01,9380.907,9432.082
2000,2,506,9156.6,9245.0,9323.0,9407.0,9505.0,9602.0
2000,2,507,9156.6,9212.0,9315.0,9391.0,9460.0,9503.0
2000,2,508,9156.6,9244.2,9309.9,9395.0,9449.2,9545.6
2000,2,510,9156.6,9251.266,9340.176,9441.265,9529.706,9612.019
2000,2,512,9156.6,9251.0,9322.0,9392.0,9443.0,9515.0
2000,2,513,9156.6,9343.4,9534.4,9721.3,9850.2,10076.6
2000,3,20,9308.8,9428.8,9528.8,9638.8,9752.3,9853.0
2000,3,40,9308.8,9406.5,9488.4,9554.4,9625.0,9697.9
2000,3,65,9308.8,9389.204,9447.345,9494.231,9541.351,9593.4
2000,3,84,9308.8,9377.0,9442.0,9502.0,9595.0,9691.0
2000,3,407,9308.8,9392.6,9461.6,9539.9,9607.6,9666.3
2000,3,420,9308.8,9400.0,9480.0,9544.0,9604.0,9659.0
2000,3,421,9308.8,9409.0,9503.0,9539.0,9551.0,9639.0
2000,3,423,9308.8,9402.4,9491.9,9677.4,9661.7,9745.6
2000,3,426,9308.8,9386.936,9468.015,9549.794,9625.292,9689.615
2000,3,428,9308.8,9386.0,9458.1,9526.4,9585.8,9658.1
2000,3,431,9308.8,9366.6,9448.1,9521.9,9591.7,9674.9
2000,3,433,9308.8,9396.0,9474.867,9542.825,9594.883,9649.584
2000,3,446,9308.8,9377.844,9442.811,9512.849,9583.406,9656.829
2000,3,456,9308.8,9384.9,9493.8,9594.8,9691.4,9778.8
2000,3,463,9308.8,9389.0,9482.0,9564.0,9646.0,9725.0
2000,3,464,9308.8,9385.8,9442.4,9433.9,9548.9,9611.4
2000,3,472,9308.8,9377.844,9445.106,9498.953,9564.759,9635.701
2000,3,475,9308.8,9386.9,9454.2,9531.3,9599.7,9673.2
2000,3,484,,,,,,
2000,3,485,9308.8,9325.0,9374.5,9425.0,9475.0,9525.0
2000,3,497,9308.8,9383.2,9452.5,9520.6,9582.5,
2000,3,498,9308.8,9394.3,9479.1,9566.1,9651.4,9734.4
2000,3,499,9308.8,9370.0,9466.0,9534.0,9615.0,9687.0
2000,3,500,9308.8,9356.0,9413.0,9510.0,9588.0,9674.0
2000,3,501,9308.8,9382.393,9447.391,9517.463,9585.727,9649.785
2000,3,502,9308.8,9366.442,9435.914,9505.901,9576.407,9647.437
2000,3,504,9308.8,9389.2,9470.3,9545.2,9627.6,9716.6
2000,3,506,9308.8,9391.471,9472.589,9563.626,9646.231,9724.847
2000,3,507,9308.8,9351.0,9430.0,9514.0,9599.0,9666.0
2000,3,508,9308.8,9358.0,9452.2,9494.3,9579.8,9669.1
2000,3,510,9308.8,9391.471,9515.767,9572.354,9610.416,9719.079
2000,3,512,9308.8,9387.0,9465.0,9516.0,9590.0,9665.0
2000,4,20,9382.2,9482.3,9598.8,9705.5,9806.0,9907.0
2000,4,40,9382.2,9458.6,9533.8,9614.5,9684.8,9754.3
2000,4,65,9382.2,9428.764,9463.925,9510.894,9569.787,9629.046
2000,4,84,9385.0,9451.0,9503.0,9581.0,9693.0,9806.0
2000,4,99,9382.2,9470.0,9548.0,9627.0,9708.0,9792.0
2000,4,407,9382.2,9439.0,9511.1,9574.0,9633.9,9711.8
2000,4,411,9382.2,9451.7,9527.0,9601.2,9675.7,9762.0
2000,4,420,9382.2,9450.0,9519.0,9578.0,9628.0,9673.0
2000,4,421,9382.2,9476.0,9500.0,9535.0,9612.0,9717.0
2000,4,423,9382.2,9465.1,9544.3,9625.8,9707.8,9790.6
2000,4,426,9382.2,9481.472,9549.478,9627.304,9708.112,9765.844
2000,4,428,9382.2,9440.6,9526.7,9603.0,9680.6,9764.9
2000,4,431,9382.2,9420.8,9480.6,9569.3,9652.0,9742.3
2000,4,433,9382.2,9463.238,9547.281,9622.76,9694.133,9766.035
2000,4,439,9382.2,9420.6,9493.6,9583.0,9672.7,9763.1
2000,4,446,9382.2,9465.5,9549.6,9634.4,9722.3,9811.0
2000,4,456,9382.2,9470.9,9551.0,9617.9,9679.5,9750.8
2000,4,463,9382.2,9479.0,9577.0,9643.0,9720.0,9878.0
2000,4,465,9382.2,9464.0,9536.0,9629.0,9719.0,9806.0
2000,4,475,9382.2,9442.6,9505.7,9555.2,9605.0,9655.0
2000,4,483,9395.3,9452.8,9537.0,9631.5,9724.4,9824.3
2000,4,485,9382.2,9507.0,9550.0,9500.0,9450.0,9500.0
2000,4,488,9382.2,9463.0,9540.0,9612.0,9680.0,9748.0
2000,4,497,9382.2,9456.3,9530.6,9611.6,9695.2,9781.5
2000,4,498,9382.2,9458.7,9541.4,9631.0,9725.3,9820.2
2000,4,499,9382.2,9447.197,9537.99,9634.286,9729.217,9827.443
2000,4,500,9382.2,9428.0,9502.8,9576.3,9654.4,9729.8
2000,4,501,9382.2,9456.374,9533.441,9608.811,9689.464,9777.874
2000,4,502,9382.2,9451.789,9510.316,9569.207,9640.183,9711.685
2000,4,504,9382.2,9463.2,9539.2,9621.6,9710.6,9806.2
2000,4,506,9382.2,9447.197,9526.494,9604.134,9670.668,9744.76
2000,4,508,9382.2,9433.2,9505.6,9599.1,9697.8,9779.6
2000,4,510,9382.2,9467.807,9538.03,9590.063,9689.21,9815.116
2000,4,512,9382.2,9493.0,9611.0,9680.0,9770.0,9836.0
2001,1,20,9401.5,9458.8,9539.6,9626.4,9716.4,9802.9
2001,1,40,9401.5,9445.9,9522.4,9609.9,9695.7,9791.7
2001,1,65,9401.5,9436.559,9471.748,9518.756,9577.698,9639.355
2001,1,84,9401.5,9425.0,9452.0,9542.0,9652.0,
2001,1,94,9401.5,9421.7,9477.0,9534.3,9619.5,9724.5
2001,1,99,9401.5,9444.0,9503.0,9591.0,9665.0,9765.0
2001,1,411,9401.5,9419.0,9478.0,9562.4,9654.0,9745.1
2001,1,421,9401.5,9401.0,9436.0,9509.0,9609.0,9717.0
2001,1,423,9401.5,9464.9,9536.1,9587.6,9623.7,9677.4
2001,1,428,9401.5,9410.8,9461.2,9537.3,9627.6,9724.9
2001,1,429,9401.5,9380.9,9396.5,9451.2,9526.9,9632.7
2001,1,431,9401.5,9404.6,9444.3,9509.3,9598.3,9692.1
2001,1,433,9401.5,9413.229,9443.675,9516.027,9605.169,9690.473
2001,1,439,9401.5,9421.3,9486.4,9578.7,9662.5,9744.9
2001,1,446,9401.5,9424.9,9471.7,9551.2,9636.0,9726.3
2001,1,456,9401.5,9394.8,9418.9,9467.3,9529.4,9605.8
2001,1,463,9401.5,9416.0,9458.0,9546.0,9654.0,9745.0
2001,1,465,9401.5,9388.0,9443.0,9509.0,9620.0,9722.0
2001,1,472,9401.5,9455.4,9517.8,9592.9,9682.6,9782.8
2001,1,475,9401.5,9389.7,9380.3,9387.3,9417.7,9462.1
2001,1,483,9401.5,9340.6,9330.2,9384.0,9452.8,9516.8
2001,1,484,9401.5,9415.57,9462.299,9523.213,9584.52,9653.264
2001,1,485,9401.5,9375.0,9350.0,9550.0,9725.0,9850.0
2001,1,497,9401.5,9424.7,9476.7,9552.8,9642.1,9720.4
2001,1,498,9401.5,9437.4,9489.9,9565.7,9655.6,9752.5
2001,1,499,9401.5,9419.9,9492.9,9568.4,9636.0,9709.7
2001,1,500,9401.5,9415.57,9483.104,9567.323,9663.916,9759.139
2001,1,502,9401.5,9443.524,9485.736,9556.093,9626.971,9698.375
2001,1,504,9401.5,9401.5,9436.6,9483.4,9553.7,9636.3
2001,1,506,9402.0,9418.41,9465.153,9528.406,9610.707,9681.99
2001,1,507,9401.5,9442.0,9518.0,9639.0,9717.0,9823.0
2001,1,508,9401.5,9444.9,9535.5,9625.5,9695.6,9778.9
2001,1,510,9401.5,9436.559,9478.739,9562.92,9664.104,9735.784
2001,1,512,9401.5,9425.0,9465.0,9541.0,9625.0,9711.0
2001,1,516,9401.5,9455.2,9514.7,9612.8,9716.4,9811.1
2001,2,20,9439.9,9454.0,9488.0,9538.0,9587.4,9641.2
2001,2,40,9439.9,9490.6,9548.9,9612.2,9690.2,9766.8
2001,2,65,9439.9,9468.094,9512.75,9566.982,9626.224,9690.553
2001,2,84,9432.0,9471.0,9528.0,9614.0,9684.0,9754.0
2001,2,94,9439.9,9471.3,9532.4,9576.7,9620.6,9685.8
2001,2,407,9439.9,9474.3,9455.2,9440.7,9537.6,9625.0
2001,2,411,9439.9,9489.8,9562.8,9642.7,9721.2,9799.4
2001,2,421,9439.9,9486.0,9560.0,9665.0,9750.0,9823.0
2001,2,423,9439.9,9506.0,9554.0,9588.0,9640.0,9693.0
2001,2,428,9439.9,9471.3,9491.8,9553.8,9640.7,9734.9
2001,2,429,9439.9,9409.3,9425.4,9476.9,9561.7,9622.8
2001,2,431,9439.9,9457.8,9496.2,9547.9,9616.2,9688.9
2001,2,433,9439.9,9451.678,9498.586,9566.714,9651.676,9732.689
2001,2,446,9439.9,9475.1,9533.7,9604.5,9685.1,9771.1
2001,2,456,9439.9,9463.4,9486.0,9533.1,9603.8,9686.8
2001,2,463,9439.9,9456.0,9522.0,9611.0,9701.0,9792.0
2001,2,465,9439.9,9429.7,9465.1,9550.4,9636.1,9739.7
2001,2,472,9439.9,9474.9,9551.6,9663.4,9773.2,9877.8
2001,2,484,9439.9,9470.432,9515.1,9574.02,9633.305,9707.11
2001,2,485,9439.9,9460.0,9500.0,9600.0,9650.0,9725.0
2001,2,497,9439.9,9475.0,9548.1,9627.3,9717.6,9794.0
2001,2,498,9439.9,9475.6,9522.8,9604.6,9706.5,9808.1
2001,2,499,9439.9,9462.4,9530.0,9576.0,9609.0,9664.3
2001,2,500,9439.9,9486.75,9564.065,9642.011,9729.988,9821.135
2001,2,502,9439.9,9463.412,9522.012,9592.637,9663.786,9735.463
2001,2,504,9439.9,9439.9,9486.7,9557.1,9639.7,9722.9
2001,2,506,9439.9,9465.3,9495.2,9542.6,9607.8,9687.9
2001,2,507,9439.9,9469.0,9524.0,9603.0,9704.0,9812.0
2001,2,508,9439.9,9491.0,9577.8,9659.0,9744.3,9833.4
2001,2,510,9439.9,9454.028,9500.948,9557.448,9616.63,9687.957
2001,2,512,9439.9,9468.0,9504.0,9608.0,9701.0,9773.0
2001,2,516,9439.9,9473.5,9512.7,9574.0,9663.2,9755.4
2001,2,518,9439.9,9451.0,9489.0,9547.0,9627.0,9718.0
2001,3,20,9351.6,9378.0,9410.0,9462.4,9505.1,9568.4
2001,3,40,9351.6,9396.1,9457.6,9527.0,9598.3,9681.3
2001,3,65,9351.6,9391.093,9456.151,9530.909,9608.584,9689.235
2001,3,84,9342.0,9378.0,9465.0,9536.0,9610.0,9674.0
2001,3,99,9351.6,9372.0,9492.0,9586.0,9668.0,9751.0
2001,3,407,9351.6,9333.3,9378.2,9455.3,9537.4,9635.9
2001,3,411,9351.6,9395.7,9465.0,9536.1,9613.8,9689.3
2001,3,420,9351.6,9380.0,9415.0,9472.0,9518.0,9585.0
2001,3,421,9351.6,9412.0,9521.0,9611.0,9698.0,9745.0
2001,3,426,9351.6,9358.605,9374.94,9423.776,9482.131,9545.497
2001,3,428,9351.6,9396.2,9444.3,9499.6,9573.7,9674.2
2001,3,429,9351.6,9374.8,9436.9,9503.5,9565.1,9627.3
2001,3,431,9351.6,9418.1,9447.3,9505.7,9574.4,9637.4
2001,3,433,9351.6,9391.093,9453.851,9514.71,9585.281,9649.337
2001,3,439,9351.6,9375.4,9443.3,9539.0,9616.5,9684.8
2001,3,456,9351.6,9374.9,9432.9,9491.4,9538.5,9585.8
2001,3,463,9351.6,9393.0,9472.0,9529.0,9604.0,9675.0
2001,3,465,9351.6,9360.7,9423.7,9494.0,9578.0,9685.0
2001,3,483,9351.6,9372.4,9434.3,9512.6,9572.0,9632.3
2001,3,484,9351.6,9363.268,9414.346,9470.33,9559.044,9646.264
2001,3,485,9351.6,9450.0,9464.0,9475.0,9500.0,9500.0
2001,3,488,9351.6,9377.0,9449.0,9532.0,9627.0,9724.0
2001,3,498,9351.6,9400.6,9483.2,9574.1,9673.0,9771.1
2001,3,499,9351.6,9393.3,9411.9,9479.0,9530.4,9577.7
2001,3,500,9351.6,9395.707,9465.396,9535.601,9613.314,9689.315
2001,3,502,9351.6,9374.892,9421.419,9491.298,9561.695,9620.903
2001,3,504,9351.6,9374.9,9432.9,9502.9,9573.4,9656.1
2001,3,507,9351.6,9371.0,9463.0,9574.0,9684.0,9756.0
2001,3,508,9351.6,9400.3,9467.7,9531.0,9620.3,9712.7
2001,3,510,9351.6,9398.011,9440.02,9486.87,9522.247,9562.461
2001,3,512,9351.6,9363.0,9407.0,9470.0,9525.0,9616.0
2001,3,516,9351.6,9388.783,9446.921,9507.736,9582.902,9672.671
2001,3,518,9351.6,9384.16,9442.27,9512.304,9592.147,9670.322
2001,4,20,9333.4,9345.0,9358.1,9374.4,9392.0,9418.0
2001,4,40,9333.4,9323.9,9358.0,9422.0,9514.4,9618.6
2001,4,65,9333.4,9298.201,9298.201,9355.778,9425.171,9495.078
2001,4,84,9333.4,9320.0,9398.0,9458.0,9518.0,9581.0
2001,4,407,9333.4,9312.6,9320.4,9378.4,9472.7,9557.3
2001,4,411,9333.4,9263.0,9316.1,9397.3,9482.0,9555.2
2001,4,420,9323.0,9258.0,9249.0,9304.0,9376.0,9463.0
2001,4,423,9333.4,9342.4,9398.4,9442.7,9524.2,9593.5
2001,4,426,9333.4,9262.599,9246.347,9280.827,9345.122,9402.989
2001,4,428,9333.4,9290.1,9290.0,9338.7,9431.1,9539.7
2001,4,429,9333.4,9281.3,9289.2,9320.9,9379.3,9448.4
2001,4,433,9333.4,9288.747,9281.772,9323.262,9406.062,9503.307
2001,4,446,9333.4,9274.5,9262.9,9320.3,9389.4,9470.5
2001,4,456,9333.4,9250.6,9227.4,9238.9,9318.7,9387.9
2001,4,463,9333.4,9286.0,9298.0,9385.0,9477.0,9594.0
2001,4,472,9333.4,9301.5,9305.4,9366.5,9451.5,9553.6
2001,4,485,9333.4,9190.5,9150.0,9200.0,9275.0,9375.0
2001,4,488,9333.4,9280.0,9345.0,9425.0,9524.0,9630.0
2001,4,497,9333.4,9254.2,9239.6,9276.3,,
2001,4,498,9333.4,9297.9,9274.7,9344.2,9458.1,9574.0
2001,4,499,9333.4,9273.0,9253.4,9315.7,9359.2,9390.2
2001,4,504,9333.4,9286.4,9239.6,9285.5,9376.9,9469.3
2001,4,506,9333.4,9284.01,9246.648,9303.906,9391.062,9508.573
2001,4,507,9333.4,9288.0,9325.0,9437.0,9550.0,9623.0
2001,4,508,9333.4,9302.1,9357.6,9471.0,9602.3,9726.7
2001,4,512,9333.4,9309.0,9349.0,9433.0,9530.0,9625.0
2001,4,516,9333.4,9294.9,9278.9,9329.2,9404.9,9485.4
2001,4,518,9333.4,9255.428,9182.849,9159.805,9258.941,9359.151
2001,4,519,9333.4,9287.9,9299.5,9349.9,9433.0,9533.8
2002,1,20,9315.6,9328.1,9340.4,9367.0,9401.0,9432.0
2002,1,40,9315.6,9331.2,9385.6,9464.0,9555.2,9629.5
2002,1,65,9315.6,9327.223,9373.513,9443.037,9524.601,9606.869
2002,1,84,9315.6,9410.0,9467.0,9525.0,9589.0,
2002,1,99,9315.6,9389.0,9521.0,9555.0,9680.0,9726.0
2002,1,407,9315.6,9329.6,9395.6,9474.2,9563.8,9649.5
2002,1,411,9315.6,9371.0,9448.7,9526.9,9602.8,9692.4
2002,1,421,9315.6,9416.0,9498.0,9605.0,9675.0,9752.0
2002,1,423,9315.6,9367.4,9409.8,9490.1,9558.4,9644.3
2002,1,426,9315.6,9329.542,9378.141,9438.513,9503.899,9576.714
2002,1,428,9315.6,9346.4,9391.4,9454.1,9552.3,9665.6
2002,1,429,9315.6,9348.6,9410.9,9504.3,9585.4,9658.9
2002,1,431,9315.6,9384.694,9488.536,9572.804,9657.819,9745.94
2002,1,433,9315.6,9368.708,9445.062,9510.494,9574.05,9649.74
2002,1,439,9315.6,9391.0,9481.0,9575.0,9645.0,9727.0
2002,1,446,9315.6,9357.2,9426.6,9501.2,9583.2,9668.3
2002,1,463,9315.6,9362.0,9449.0,9543.0,9660.0,9755.0
2002,1,465,9315.6,9351.9,9386.3,9486.8,9576.2,9614.3
2002,1,483,9315.6,9319.6,9406.6,9500.2,9577.5,9655.5
2002,1,484,9315.6,9280.468,9315.075,9377.325,9437.692,9512.305
2002,1,485,9315.6,9250.0,9200.0,9250.0,9300.0,9350.0
2002,1,498,9315.6,9362.3,9432.6,9549.3,9666.0,9761.9
2002,1,499,9315.6,9318.3,9347.8,9349.8,9464.2,9516.6
2002,1,500,9315.6,9354.941,9433.464,9510.345,9571.568,9635.532
2002,1,502,9315.6,9345.729,9403.6,9484.822,9575.977,9677.299
2002,1,507,9315.6,9328.0,9420.0,9528.0,9642.0,9697.0
2002,1,508,9315.6,9380.9,9489.6,9613.3,9724.4,9838.9
2002,1,510,9315.6,9405.128,9461.058,9538.164,9613.57,9673.1
2002,1,512,9315.6,9327.0,9403.0,9494.0,9599.0,9637.0
2002,1,516,9315.6,9322.0,9341.3,9391.0,9452.2,9533.8
2002,1,517,9315.6,9301.595,9292.279,9294.602,9320.057,
2002,1,518,9315.6,9289.875,9308.399,9388.8,9479.031,9565.521
2002,1,519,9315.6,9368.1,9454.0,9518.3,9623.7,9717.2
2002,1,520,9315.6,9359.0,9435.2,9524.7,9607.4,9688.8
2002,1,521,9315.6,9327.223,9373.513,9443.037,9536.083,9630.046
2002,2,20,9482.1,9516.1,9560.7,9601.0,9660.8,9709.1
2002,2,40,9482.1,9559.0,9597.4,9649.3,9723.4,9798.4
2002,2,65,9482.1,9493.93,9541.048,9611.814,9694.836,9778.574
2002,2,84,9482.1,9586.0,9647.0,9706.0,,
2002,2,99,9482.1,9525.0,9652.0,9698.0,9772.0,9851.0
2002,2,405,9482.1,9552.4,9611.6,9694.6,9801.9,9874.6
2002,2,407,9482.1,9530.7,9605.0,9697.2,9776.9,9860.8
2002,2,420,9485.0,9551.0,9635.0,9731.0,9811.0,9880.0
2002,2,421,9482.1,9565.0,9673.0,9743.0,9828.0,9892.0
2002,2,423,,,,,,
2002,2,426,9482.1,9503.362,9599.309,9644.584,9748.968,9826.041
2002,2,428,9482.1,9536.3,9587.8,9665.2,9767.9,9881.0
2002,2,429,9482.1,9546.5,9628.6,9720.9,9794.3,9861.3
2002,2,431,9482.1,9560.8,9627.2,9705.0,9780.6,9866.5
2002,2,433,9482.1,9561.689,9625.588,9682.829,9757.014,9838.911
2002,2,439,9482.0,9538.0,9637.0,9720.0,9796.0,9867.0
2002,2,446,9482.1,9552.5,9632.7,9715.9,9802.1,9884.4
2002,2,456,9482.1,9552.4,9611.6,9671.1,9742.8,9827.0
2002,2,463,9482.1,9587.0,9658.0,9753.0,9837.0,9934.0
2002,2,465,9482.1,9519.0,9621.0,9712.0,9808.0,9909.0
2002,2,472,9482.1,9544.2,9626.7,9697.6,9764.2,9851.2
2002,2,483,9482.1,9508.1,9600.4,9677.8,9748.8,9826.2
2002,2,484,9482.1,9505.717,9569.241,9642.556,9718.787,9797.993
2002,2,485,9482.1,9493.0,9500.0,9525.0,9600.0,9700.0
2002,2,497,,,,,,
2002,2,500,9482.1,9538.487,9623.198,9715.683,9809.056,9903.326
2002,2,502,9482.1,9536.157,9602.221,9673.441,9768.758,9865.014
2002,2,504,9482.1,9575.5,9682.4,9767.0,9851.3,9912.3
2002,2,507,9482.1,9582.0,9634.0,9706.0,9793.0,9908.0
2002,2,508,9482.1,9554.6,9673.5,9806.5,9908.1,10002.3
2002,2,510,9482.1,9570.924,9665.23,9758.119,9813.751,9905.682
2002,2,512,9482.1,9542.0,9612.0,9671.0,9722.0,9753.0
2002,2,516,9482.1,9537.8,9601.8,9688.0,9779.0,9872.0
2002,2,518,9482.1,9529.5,9611.7,9701.7,9810.3,9904.0
2002,2,519,9482.0,9532.0,9585.0,9688.0,9783.0,9883.0
2002,2,520,9482.1,9534.8,9616.9,9698.7,9783.2,9870.9
2002,2,521,9482.1,9540.815,9611.58,9706.287,9801.927,9886.591
2002,3,20,9387.9,9432.0,9475.8,9538.8,9593.3,9653.3
2002,3,40,9387.9,9404.9,9460.3,9545.0,9630.4,9735.7
2002,3,84,9387.9,9467.0,9530.0,9592.0,9662.0,9731.0
2002,3,99,9387.9,9440.0,9525.0,9598.0,9707.0,9874.0
2002,3,405,9387.9,9434.5,9516.0,9621.3,9692.6,9764.5
2002,3,407,9387.9,9448.7,9505.3,9572.4,9643.6,9721.4
2002,3,411,9387.9,9445.9,9503.4,9586.0,9673.5,9763.2
2002,3,420,9387.9,9442.0,9508.0,9586.0,9658.0,9750.0
2002,3,421,9387.9,9481.8,9550.5,9634.1,9696.7,9771.9
2002,3,426,9387.9,9425.229,9483.592,9572.43,9645.769,9740.813
2002,3,428,9387.9,9446.0,9500.2,9571.0,9658.3,9763.2
2002,3,429,9387.9,9429.6,9479.9,9555.7,9655.6,9740.4
2002,3,433,9387.9,9439.113,9492.926,9556.364,9627.244,9705.704
2002,3,439,9388.0,9448.0,9537.0,9635.0,9706.0,9790.0
2002,3,446,9387.9,9446.0,9516.1,9598.3,9683.5,9767.2
2002,3,448,9387.9,9441.1,9494.9,9611.7,9713.4,9805.1
2002,3,456,9387.9,9446.0,9492.9,9540.0,9599.1,9670.3
2002,3,463,9387.9,9469.0,9562.0,9656.0,9752.0,9848.0
2002,3,465,9387.9,9438.0,9514.0,9587.0,9659.0,9726.0
2002,3,483,9387.9,9428.4,9462.9,9521.8,9588.8,9666.8
2002,3,484,9387.9,9352.496,9385.06,9440.87,9527.012,9616.257
2002,3,497,9387.9,9447.9,9512.8,9596.8,9684.8,
2002,3,498,9387.9,9469.3,9550.1,9652.1,9752.7,9853.6
2002,3,500,9387.9,9411.282,9481.086,9562.979,9650.234,9740.634
2002,3,502,9387.9,9443.728,9509.15,9579.681,9650.733,9734.091
2002,3,504,9387.9,9457.5,9504.5,9575.0,9657.7,9752.8
2002,3,507,9387.9,9488.0,9571.0,9652.0,9717.0,9878.0
2002,3,508,9387.9,9471.3,9586.0,9697.8,9784.6,9865.1
2002,3,510,9387.9,9473.559,9562.303,9681.957,9784.4,9890.297
2002,3,512,9387.9,9420.0,9489.0,9557.0,9628.0,9701.0
2002,3,516,9387.9,9470.2,9542.4,9629.2,9723.0,9816.9
2002,3,518,9387.9,9437.4,9490.0,9560.9,9620.4,9701.2
2002,3,519,9387.9,9460.7,9536.8,9630.6,9719.8,9804.5
2002,3,520,9387.9,9436.804,9497.554,9570.319,9650.65,9726.946
2002,3,521,9387.9,9434.492,9481.314,9546.998,9617.809,9700.882
2002,4,20,9465.2,9507.2,9570.8,9625.8,9689.3,9780.0
2002,4,40,9465.2,9588.6,9659.9,9709.0,9769.6,9835.0
2002,4,65,9465.2,9488.775,9535.867,9587.888,9642.549,9702.258
2002,4,84,9465.2,9492.0,9546.0,9651.0,9670.0,9740.0
2002,4,99,9465.2,9501.3,9568.0,9641.1,9729.3,9817.0
2002,4,405,9465.2,9512.2,9571.1,9653.7,9725.3,9833.0
2002,4,407,9465.2,9497.2,9545.1,9610.2,9677.3,9752.7
2002,4,421,9465.2,9523.0,9599.0,9686.0,9754.0,9839.0
2002,4,423,9465.2,9536.0,9636.3,9750.1,9845.1,9909.9
2002,4,426,9465.2,9479.366,9533.408,9601.786,9682.381,9787.174
2002,4,428,9465.2,9499.3,9556.0,9623.2,9702.2,9796.2
2002,4,429,9465.2,9467.7,9514.3,9608.8,9707.5,9810.1
2002,4,431,9465.2,9477.01,9526.377,9604.016,9686.97,9780.067
2002,4,433,9465.2,9491.123,9535.888,9599.613,9673.161,9751.996
2002,4,439,9465.2,9500.0,9612.0,9710.0,9809.0,9907.0
2002,4,446,9465.2,9507.5,9566.4,9649.0,9741.7,9837.7
2002,4,448,9465.2,9489.4,9535.4,9605.5,9700.3,9803.9
2002,4,463,9465.2,9531.0,9625.0,9719.0,9804.0,9888.0
2002,4,465,9465.2,9486.7,9551.5,9612.6,9667.4,9741.3
2002,4,472,9465.2,9498.8,9564.9,9616.3,9689.9,9783.4
2002,4,485,9465.2,9479.0,9425.0,9475.0,9525.0,9575.0
2002,4,497,,,,,,
2002,4,498,9465.2,9499.5,9557.7,9652.6,9760.2,9868.3
2002,4,500,9465.2,9493.469,9545.258,9632.353,9722.584,9813.661
2002,4,504,9465.2,9488.8,9559.2,9630.1,9724.9,9808.9
2002,4,506,9465.2,9481.2,9554.7,9620.5,9701.9,9802.8
2002,4,507,9465.2,9506.0,9577.0,9631.0,9737.0,9869.0
2002,4,508,9465.2,9520.3,9588.9,9689.4,9779.9,9875.0
2002,4,510,9465.2,9533.089,9645.482,9742.864,9843.592,9947.746
2002,4,512,9465.2,9490.0,9526.0,9603.0,9678.0,9732.0
2002,4,516,9465.2,9508.4,9585.3,9674.3,9778.6,9882.3
2002,4,518,9461.0,9487.5,9524.6,9574.5,9644.0,9733.2
2002,4,519,9465.0,9493.0,9564.0,9633.0,9722.0,9833.0
2002,4,520,9465.2,9495.813,9549.949,9627.779,9706.244,9785.349
2002,4,521,9465.2,9488.775,9524.16,9594.802,9677.677,9773.035
2003,1,20,9503.2,9507.2,9590.2,9625.8,9689.3,9780.0
2003,1,40,9503.2,9565.9,9636.0,9701.4,9774.9,9863.2
2003,1,65,9503.2,9545.679,9600.1,9664.254,9735.935,9812.904
2003,1,99,9503.2,9565.0,9640.0,9729.0,9822.0,9919.0
2003,1,405,9503.2,9562.0,9644.6,9716.2,9823.7,9920.5
2003,1,407,9503.2,9548.7,9615.9,9691.4,9742.5,9818.5
2003,1,411,9503.2,9548.3,9598.6,9724.6,9844.4,9952.3
2003,1,420,9503.2,9563.0,9654.0,9731.0,9828.0,9939.0
2003,1,421,9503.2,9589.0,9685.0,9752.0,9838.0,9934.0
2003,1,426,9503.2,9503.2,9576.009,9625.892,9732.402,9828.3
2003,1,428,9503.2,9559.6,9615.5,9688.4,9769.4,9858.4
2003,1,429,9503.2,9555.5,9633.8,9736.3,9822.3,9931.0
2003,1,431,9503.2,9552.704,9607.165,9683.117,9771.47,9858.25
2003,1,433,9503.2,9566.707,9623.598,9699.68,9792.899,9887.015
2003,1,439,9503.2,9607.0,9682.0,9784.0,9878.0,10168.0
2003,1,446,9503.2,9562.1,9644.7,9735.0,9828.6,9923.0
2003,1,456,9503.2,9550.364,9585.979,9645.337,9716.877,9788.947
2003,1,463,9503.2,9590.0,9677.0,9773.0,9857.0,9954.0
2003,1,465,9503.2,9531.0,9579.0,9628.0,9690.0,9744.0
2003,1,483,9503.2,9546.6,9581.2,9617.8,9664.8,9724.3
2003,1,484,9503.2,9435.968,9457.127,9497.066,9553.543,9600.957
2003,1,485,9503.2,9525.0,9450.0,9495.0,9550.0,9625.0
2003,1,497,9503.2,9553.6,9628.8,9723.5,9820.8,9913.2
2003,1,498,9503.2,9539.5,9622.1,9687.8,9758.6,9839.1
2003,1,500,9503.2,9555.042,9614.209,9734.513,9846.931,9948.733
2003,1,502,9503.2,9550.364,9614.187,9692.54,9778.619,9863.081
2003,1,504,9503.2,9573.7,9644.7,9739.7,9823.9,9908.7
2003,1,506,9503.2,9574.1,9651.4,9766.1,9892.8,10034.9
2003,1,507,9503.2,9563.0,9634.2,9732.5,9816.9,9884.0
2003,1,510,9503.2,9592.222,9675.074,9791.477,9892.706,9990.183
2003,1,512,9503.2,9550.0,9601.0,9674.0,9734.0,9784.0
2003,1,516,9503.2,9578.1,9664.1,9760.0,9863.3,9950.1
2003,1,519,9503.2,9578.0,9663.4,9767.0,9878.5,10015.8
2003,1,520,9503.2,9548.022,9604.802,9685.422,9764.356,9846.315
2003,1,521,9503.2,9538.639,9597.704,9680.604,9775.99,9865.189
2003,1,523,,,,,,
2003,1,524,9503.2,9519.8,9574.6,9653.6,9774.2,9872.0
2003,2,20,9556.0,9598.1,9636.7,9690.0,9780.0,9870.0
2003,2,40,9556.0,9598.9,9659.5,9740.0,9830.8,9927.9
2003,2,65,9556.0,9598.715,9651.078,9713.208,9780.498,9857.82
2003,2,84,9556.0,9599.0,9664.0,9728.0,9794.0,9859.0
2003,2,99,9556.0,9614.0,9702.0,9777.0,9909.0,9957.0
2003,2,407,9556.0,9622.8,9704.8,9758.0,9830.3,9904.0
2003,2,420,9556.0,9613.0,9710.0,9802.0,9902.0,9984.0
2003,2,421,9556.0,9623.0,9731.0,9821.0,9917.0,9992.0
2003,2,426,9556.0,9591.635,9653.382,9729.699,9856.132,9958.03
2003,2,428,9556.0,9596.7,9677.4,9773.1,9870.0,9974.1
2003,2,429,9556.0,9605.1,9679.5,9758.9,9864.6,9961.3
2003,2,431,9556.0,9586.906,9676.712,9760.294,9835.072,9917.625
2003,2,433,9556.0,9598.715,9700.277,9805.264,9889.956,9970.558
2003,2,439,9556.0,9569.0,9691.0,9796.0,10074.0,10172.0
2003,2,446,9556.0,9596.3,9690.9,9791.1,9887.6,9977.8
2003,2,448,9556.0,9610.3,9682.0,9778.0,9879.2,9987.4
2003,2,456,9556.0,9579.801,9674.194,9734.1,9782.409,9842.984
2003,2,463,9556.0,9615.0,9722.0,9817.0,9902.0,10000.0
2003,2,483,9556.0,9563.3,9604.0,9651.1,9710.6,9781.5
2003,2,484,9556.0,9556.0,9619.86,9684.147,9753.606,9837.853
2003,2,485,9556.0,9469.0,9475.0,9500.0,9600.0,9700.0
2003,2,500,9556.0,9603.426,9674.655,9758.22,9856.739,9946.676
2003,2,504,9556.0,9591.6,9686.1,9769.8,9854.2,9939.3
2003,2,506,9556.0,9594.8,9690.3,9790.3,9912.2,10014.4
2003,2,507,9556.0,9608.0,9712.0,9770.0,9890.0,9930.0
2003,2,508,9556.0,9633.7,9728.4,9816.6,9903.6,9994.1
2003,2,510,9556.0,9612.827,9721.518,9833.785,9925.903,10023.707
2003,2,512,9556.0,9580.0,9635.0,9695.0,9766.0,9818.0
2003,2,516,9556.0,9598.4,9673.3,9758.4,9850.3,9936.8
2003,2,518,9556.0,9593.997,9636.882,9706.002,9811.05,9907.722
2003,2,519,9556.0,9608.5,9704.5,9801.1,9913.5,10012.1
2003,2,520,9556.0,9598.715,9665.212,9746.339,9830.522,9920.22
2003,2,521,9556.0,9591.635,9662.776,9739.168,9823.289,9908.137
2003,2,523,9556.0,9615.8,9682.4,9751.3,9821.3,9892.0
2003,2,525,,,,,,
2003,3,20,9608.1,9652.7,9705.0,9780.0,9871.0,9969.0
2003,3,40,9608.1,9701.7,9768.8,9836.8,9911.6,9991.2
2003,3,65,9608.1,9691.089,9779.514,9875.875,9977.978,10085.97
2003,3,84,9623.0,9723.0,9800.0,9870.0,9943.0,10022.0
2003,3,405,9608.1,9691.1,9798.3,9894.9,9968.3,10054.4
2003,3,407,9608.1,9691.4,9745.3,9842.5,9925.2,9998.9
2003,3,411,9608.1,9708.3,9809.6,9911.7,10009.0,10108.2
2003,3,420,9608.1,9702.0,9811.0,9904.0,9988.0,10095.0
2003,3,421,9608.1,9716.0,9806.0,9906.0,9985.0,10055.0
2003,3,426,9608.1,9702.772,9791.304,9878.26,9963.583,10076.239
2003,3,428,9608.1,9685.2,9768.0,9867.0,9975.6,10068.4
2003,3,429,9608.1,9697.5,9795.1,9922.9,10028.9,10130.5
2003,3,433,9608.1,9705.104,9819.525,9916.281,9999.516,10078.569
2003,3,446,9608.1,9691.1,9786.6,9883.0,9973.2,10061.7
2003,3,448,9608.1,9706.5,9804.2,9901.2,10012.0,10137.7
2003,3,483,9608.1,9723.9,9837.7,9932.7,10027.4,10121.9
2003,3,484,9608.1,9681.712,9758.253,9856.773,9956.288,10056.808
2003,3,485,9608.1,9765.0,9875.0,9925.0,9975.0,10025.6
2003,3,498,9608.1,9691.089,9758.226,9835.372,9927.506,10010.835
2003,3,502,9608.1,9691.089,9774.795,9859.225,9944.383,10030.277
2003,3,504,9608.1,9714.413,9810.134,9918.683,10028.433,10151.504
2003,3,506,9608.1,9692.5,9781.2,9875.4,9962.3,10077.7
2003,3,507,9608.1,9687.0,9776.0,9883.0,9960.0,10044.0
2003,3,510,9608.1,9707.434,9817.193,9928.194,10033.243,10097.833
2003,3,512,9608.1,9653.0,9719.0,9795.0,9851.0,9902.0
2003,3,518,9608.1,9681.712,9746.412,9818.702,9905.902,10022.691
2003,3,519,9608.1,9701.2,9804.5,9909.4,9998.8,10107.0
2003,3,520,9608.1,9691.089,9781.871,9873.503,9963.593,10052.079
2003,3,524,9608.1,9687.1,9771.9,9869.6,9991.0,10085.9
2003,3,526,9608.1,9684.1,9767.7,9861.6,9951.6,10042.4
2003,4,20,9797.2,9857.5,9924.5,10015.5,10106.0,10217.0
2003,4,40,9797.2,9905.0,10005.0,10098.2,10181.3,10259.5
2003,4,65,9797.2,9893.736,9955.001,10004.407,10078.61,10141.02
2003,4,84,9797.2,9897.0,9987.0,10079.0,10171.0,10264.0
2003,4,99,9797.2,9983.0,10091.0,10199.0,10300.0,10405.0
2003,4,405,9797.2,9881.8,10015.0,10118.5,10242.7,10333.7
2003,4,420,9797.2,9895.0,9986.0,10070.0,10170.0,10274.0
2003,4,421,9797.2,9900.0,9993.0,10091.0,10164.0,10244.0
2003,4,426,9797.2,9881.823,9979.192,10053.209,10171.735,10254.633
2003,4,428,9797.2,9882.5,9973.5,10079.8,10172.3,10247.8
2003,4,429,9797.2,9905.2,10041.4,10159.4,10269.8,10387.2
2003,4,431,9797.2,9884.209,9984.001,10077.526,10167.024,10257.317
2003,4,433,9797.2,9900.863,10017.593,10116.3,10203.679,10279.36
2003,4,448,9810.2,9907.1,9999.2,10106.9,10222.5,10323.3
2003,4,456,9797.2,9893.7,9967.1,10053.2,10127.7,10178.0
2003,4,463,9797.2,9929.0,10051.0,10255.0,10348.0,10443.0
2003,4,472,9797.2,9898.9,10012.5,10136.8,10233.9,10347.9
2003,4,484,9797.2,9924.51,10031.923,10125.897,10223.213,10311.516
2003,4,485,9797.2,9821.5,9875.0,9950.0,10025.0,10150.0
2003,4,497,9797.2,9900.8,10005.5,10105.2,10210.2,10314.4
2003,4,498,9797.2,9869.867,9943.072,10065.096,10152.032,10252.064
2003,4,504,9797.2,9893.7,10038.9,10162.1,10262.2,10412.8
2003,4,506,9797.2,9884.9,9985.1,10076.5,10196.6,10293.7
2003,4,507,9797.2,9865.7,9952.1,10028.0,10170.0,10254.0
2003,4,508,9797.2,9913.5,10031.4,10135.0,10256.4,10357.1
2003,4,510,9797.2,9886.594,10029.302,10125.689,10235.28,10378.115
2003,4,512,9797.2,9883.0,9954.0,10030.0,10134.0,10211.0
2003,4,516,9797.2,9869.867,9952.712,10038.678,10127.831,10220.241
2003,4,518,9797.2,9879.436,9959.951,10043.553,10159.54,10269.497
2003,4,519,9797.2,9903.9,10019.1,10116.7,10240.3,10343.4
2003,4,521,9797.2,9893.736,9979.193,10065.388,10164.566,10239.958
2003,4,523,9797.2,9903.0,9994.0,10077.0,10159.0,10241.0
2003,4,524,9797.2,9884.1,9973.4,10099.3,10200.7,10277.2
2003,4,526,9797.2,9905.606,10008.017,10111.485,10211.118,10306.771
2004,1,20,10597.1,10724.4,10814.5,10905.0,11016.0,11166.0
2004,1,40,10597.1,10710.0,10831.0,10937.0,11045.0,11157.0
2004,1,99,10597.1,10710.0,10828.0,10930.0,11042.0,11140.0
2004,1,411,10597.1,10718.45,10837.12,10954.79,11072.34,11185.71
2004,1,421,10597.1,10698.943,10804.364,10881.858,10978.5,11070.65
2004,1,423,10597.1,10687.0,10776.0,10870.0,10971.0,11077.0
2004,1,426,10597.1,10719.479,10838.091,10923.774,11031.411,11169.449
2004,1,428,10597.1,10709.5,10820.1,10919.5,11017.0,11094.3
2004,1,429,10597.1,10728.6,10859.8,10963.5,11074.7,11177.6
2004,1,431,10597.1,10719.115,10823.572,10926.258,11029.153,11131.162
2004,1,433,10597.1,10722.038,10838.083,10950.133,11055.37,11158.932
2004,1,446,10597.1,10714.3,10825.0,10931.7,11036.7,11140.1
2004,1,448,10582.8,10699.898,10805.329,10890.753,10982.167,11058.248
2004,1,456,10597.1,10695.1,10806.9,10893.7,10967.8,11035.8
2004,1,463,10597.1,10740.0,10885.0,11018.0,11153.0,11277.0
2004,1,483,10597.1,10711.792,10827.726,10939.669,11055.42,11180.421
2004,1,484,10597.1,10698.943,10793.961,10897.697,10999.782,11097.471
2004,1,485,10597.1,10752.6,10923.225,11096.558,11285.849,11397.053
2004,1,497,10597.1,10718.3,10838.3,10958.4,11074.7,11189.8
2004,1,502,10597.1,10706.658,10817.35,10916.051,11015.652,11097.356
2004,1,504,10597.1,10727.149,10858.796,10965.792,11126.702,
2004,1,506,10597.1,10722.5,10842.8,10957.0,11069.7,11177.5
2004,1,507,10597.1,10674.0,10774.0,10951.0,11085.0,11099.0
2004,1,510,10597.1,10739.897,10853.535,10965.745,11105.602,11209.634
2004,1,512,10597.1,10691.212,10762.658,10847.745,10933.505,11011.925
2004,1,516,10597.1,10693.791,10793.966,10897.702,10999.787,11100.153
2004,1,518,10597.1,10709.227,10806.941,10923.905,11018.26,11108.057
2004,1,519,10597.1,10725.0,10849.0,10962.0,11079.0,11165.0
2004,1,520,10597.1,10722.038,10832.889,10936.999,11039.452,11142.865
2004,1,521,10597.1,10714.356,10819.93,10926.543,11047.445,11142.867
2004,1,523,10597.1,10678.2,10773.9,10873.8,10975.2,11077.6
2004,1,524,10597.1,10699.33,10826.55,10936.54,11057.03,11138.54
2004,2,20,10708.6,10798.4,10891.0,10990.4,11100.0,11196.0
2004,2,65,10708.6,10827.09,10925.88,10993.535,11048.096,11102.927
2004,2,84,10721.0,10825.0,10922.0,11018.0,11108.0,11197.0
2004,2,99,10708.6,10828.0,10940.0,11046.0,11146.0,11250.0
2004,2,411,10708.6,10822.382,10941.356,11055.575,11169.446,11279.39
2004,2,420,10708.6,10837.0,10959.0,11075.0,11180.0,11292.0
2004,2,421,10708.6,10813.009,10902.216,10998.701,11090.54,11159.855
2004,2,426,10708.6,10798.484,10870.647,10969.835,11112.383,11224.574
2004,2,428,10708.6,10842.03,10944.75,11044.35,11133.9,11215.38
2004,2,429,10708.6,10817.3,10930.8,11037.1,11150.3,11264.1
2004,2,433,10708.6,10827.09,10939.026,11049.468,11158.343,11257.439
2004,2,446,10708.6,10827.09,10944.271,11060.071,11169.051,11279.104
2004,2,448,10721.7,10828.49,10913.313,10995.526,11059.466,11119.413
2004,2,456,10708.6,10820.6,10927.2,11008.3,11076.4,11172.1
2004,2,463,10708.6,10883.631,11038.123,11173.585,11297.221,11408.537
2004,2,472,10708.6,10818.213,10935.104,11042.456,11154.692,11265.936
2004,2,483,10708.6,10816.715,10923.296,11030.928,11142.297,11260.192
2004,2,484,10708.6,10819.312,10928.544,11033.573,11128.875,11235.83
2004,2,497,10708.678,10824.071,10941.375,11058.362,11175.648,11291.511
2004,2,498,10708.6,10808.4,10904.6,10996.9,,
2004,2,504,10708.6,10840.019,10959.963,11120.788,11257.265,11395.417
2004,2,506,10708.6,10840.1,10967.3,11082.4,11171.5,11257.3
2004,2,507,10708.6,10790.818,10953.86,11068.896,11130.609,11206.665
2004,2,508,10708.6,10832.263,10935.05,11046.002,11150.736,11267.849
2004,2,510,10708.6,10833.032,10966.213,11102.871,11202.24,11274.691
2004,2,512,10708.6,10797.0,10893.0,10959.0,11020.0,11151.0
2004,2,518,10708.6,10838.235,10945.421,11024.823,11123.126,11208.916
2004,2,519,10708.6,10841.0,10967.0,11088.0,11191.0,11285.0
2004,2,520,10708.6,10821.906,10925.911,11030.915,11123.506,11225.001
2004,2,521,10708.6,10826.938,10932.839,11053.811,11148.67,11249.854
2004,2,524,10708.6,10842.4,10962.1,11093.4,11201.1,11339.9
2004,2,526,10708.6,10840.019,10952.089,11062.662,11174.352,11287.168
2004,3,20,10778.0,10851.1,10928.0,11182.0,11169.0,11219.0
2004,3,40,10778.0,10871.095,10978.212,11075.709,11176.768,11273.307
2004,3,65,10778.0,10871.095,10951.727,11024.914,11093.183,11148.237
2004,3,84,10757.0,10843.0,10941.0,11033.0,11129.0,11224.0
2004,3,420,10778.0,10880.0,10991.0,11093.0,11205.0,11305.0
2004,3,421,10778.0,10874.463,10956.565,11028.331,11116.006,11199.376
2004,3,429,10778.0,10870.4,10959.6,11045.8,11140.3,11228.1
2004,3,433,10778.0,10868.468,10970.278,11086.354,11190.205,11284.133
2004,3,446,10778.0,10884.2,10996.728,11097.065,11195.618,11292.319
2004,3,448,10763.5,10837.655,10929.114,10990.222,11046.114,11176.613
2004,3,456,10778.0,10871.095,10964.993,11032.891,11114.723,11197.161
2004,3,483,10778.0,10830.826,10901.879,10990.493,11075.149,11173.421
2004,3,484,10778.0,10856.584,10945.853,11042.175,11145.272,11243.94
2004,3,497,10778.0,10870.7,10987.4,11094.3,11203.6,11307.0
2004,3,498,,,,,,
2004,3,504,10778.0,10871.095,11030.615,11139.305,11289.408,11427.955
2004,3,506,10778.0,10868.5,10987.4,11088.1,11189.7,11268.0
2004,3,507,10765.637,10888.651,11037.355,11099.532,11181.011,11294.996
2004,3,508,10778.0,10864.797,10986.227,11110.779,11205.449,11289.957
2004,3,510,10778.0,10870.324,11006.378,11130.617,11215.969,11332.926
2004,3,512,10778.0,10855.0,10937.0,11065.0,11223.0,11361.0
2004,3,516,10778.0,10883.661,10985.923,11087.355,11185.587,11281.558
2004,3,518,10778.0,10851.418,10935.479,11034.035,11119.282,11206.812
2004,3,519,10778.0,10878.0,11010.0,11126.0,11252.0,11348.0
2004,3,520,10778.0,10873.72,10972.936,11062.363,11157.914,11248.85
2004,3,521,10778.0,10877.383,10984.774,11080.083,11182.567,11288.061
2004,3,523,10778.0,10863.7,10944.2,11029.8,11121.8,11214.4
2004,3,524,10778.0,10866.0,10980.0,11079.0,11166.0,11260.0
2004,3,526,10778.0,10896.217,11003.581,11114.674,11224.191,11332.063
2004,3,527,10778.0,10874.0,10995.0,11106.0,11217.0,11318.0
2004,4,20,10883.4,10961.0,11219.0,11269.0,11289.0,11369.0
2004,4,65,10883.4,10950.793,11018.603,11086.832,11155.484,11224.562
2004,4,84,10883.4,10997.0,11093.0,11178.0,11264.0,11352.0
2004,4,99,10883.4,10993.9,11099.3,11250.5,11352.0,11509.2
2004,4,405,10883.4,10980.056,11069.541,11148.937,11258.792,11356.039
2004,4,411,10883.4,10969.0,11065.7,11182.2,11300.7,11411.0
2004,4,420,10883.4,10992.0,11090.0,11187.0,11293.0,11397.0
2004,4,421,10883.4,10979.718,11071.398,11140.595,11229.72,11323.488
2004,4,423,10883.4,10991.0,11099.0,11181.0,11239.0,11316.0
2004,4,426,10883.4,10961.461,11056.14,11154.329,11231.603,11292.873
2004,4,428,10883.4,10999.1,11089.8,11165.0,11248.5,11326.7
2004,4,429,10883.4,10983.2,11077.2,11168.4,11262.4,11357.4
2004,4,433,10883.4,10985.352,11096.261,11200.205,11294.217,11380.747
2004,4,446,10883.4,10974.753,11072.22,11167.855,11261.596,11353.376
2004,4,448,10883.4,10984.973,11041.5,11097.313,11228.478,11339.547
2004,4,456,10883.4,10990.639,11045.185,11127.107,11209.638,11292.78
2004,4,472,10883.4,10993.912,11111.105,11191.834,11299.263,11408.78
2004,4,483,10883.4,10961.234,11050.1,11131.842,11229.041,11321.187
2004,4,484,10883.4,10982.704,11088.254,11192.124,11296.967,11397.295
2004,4,497,10883.4,10976.904,11074.07,11181.803,11294.389,11401.879
2004,4,498,,,,,,
2004,4,504,10883.4,10990.639,11072.157,11221.356,11386.017,11539.445
2004,4,506,10883.4,10980.6,11059.6,11149.4,11230.2,11307.9
2004,4,507,10883.4,10991.268,11060.751,11162.354,11275.683,11411.934
2004,4,508,10883.4,10981.281,11088.554,11206.791,11307.819,11420.59
2004,4,510,10883.4,11012.361,11103.307,11189.037,11304.292,11410.84
2004,4,516,10883.4,10964.227,11045.361,11138.155,11236.967,11328.555
2004,4,518,10883.4,10962.203,11039.67,11118.541,11219.924,11321.602
2004,4,520,10883.4,10977.405,11066.869,11157.063,11242.542,11336.909
2004,4,521,10883.4,10978.31,11059.546,11146.957,11242.771,11339.285
2004,4,523,10883.4,11004.8,11099.4,11190.6,11284.1,11387.2
2004,4,524,10883.4,10982.684,11075.867,11156.493,11286.422,11396.035
2004,4,526,10883.4,10985.351,11096.26,11210.979,11326.885,11438.493
2004,4,527,10883.4,10983.0,11074.0,11151.0,11240.0,11335.0
2005,1,20,,,,,,
2005,1,65,10975.7,11057.107,11130.999,11199.925,11261.022,11330.754
2005,1,99,10975.7,11144.0,11278.0,11371.0,11476.0,11540.0
2005,1,411,10975.7,11087.0,11197.8,11303.2,11411.7,11524.3
2005,1,420,10986.6,11085.0,11180.0,11275.0,11365.0,11447.0
2005,1,421,10975.7,11067.347,11136.518,11225.61,11319.344,11413.86
2005,1,426,10975.7,11080.643,11173.388,11262.654,11386.53,11497.994
2005,1,428,10975.7,11066.02,11163.46,11261.99,11353.39,11448.22
2005,1,429,10975.7,11076.9,11189.2,11279.3,11362.2,11468.7
2005,1,431,10975.7,11088.369,11189.908,11295.867,11401.341,11509.845
2005,1,433,10975.7,11086.512,11190.365,11289.747,11387.262,11474.505
2005,1,446,10975.7,11073.175,11171.516,11268.009,11365.336,11460.733
2005,1,448,10986.0,11066.492,11124.111,11222.648,11331.997,11464.006
2005,1,456,10975.7,11070.502,11166.123,11262.569,11346.104,11430.26
2005,1,463,10975.7,11091.833,11214.563,11338.652,11455.878,11571.537
2005,1,472,10975.7,11061.063,11142.742,11237.775,11342.133,11437.276
2005,1,483,10975.7,11101.953,11220.289,11336.376,11456.672,11571.42
2005,1,484,10975.7,11067.827,11163.425,11262.567,11357.103,11449.661
2005,1,497,10975.7,11088.2,11193.255,11294.501,11396.509,11501.54
2005,1,498,10975.7,11062.472,11144.522,11218.998,11288.469,
2005,1,502,10975.7,11049.048,11157.919,11254.295,11346.016,11421.838
2005,1,504,10975.7,11083.848,11219.872,11371.062,11510.609,11637.975
2005,1,506,10975.7,11074.0,11176.4,11267.9,11337.7,11420.2
2005,1,507,10975.7,11077.931,11190.859,11283.664,11411.478,11484.481
2005,1,508,10975.7,11111.504,11234.134,11324.215,11438.591,11534.251
2005,1,510,10975.7,11100.535,11202.618,11308.712,11437.335,11518.947
2005,1,512,10975.7,11065.0,11152.0,11248.0,11341.0,11427.0
2005,1,516,10975.7,11054.076,11148.124,11245.307,11332.924,11421.526
2005,1,518,10975.7,11050.438,11124.004,11222.143,11317.884,11420.091
2005,1,520,10975.7,11083.849,11187.677,11287.034,11392.766,11491.17
2005,1,521,10975.7,11076.288,11177.035,11267.224,11359.381,11451.646
2005,1,523,10975.7,11105.68,11240.08,11372.89,11507.47,11644.82
2005,1,524,10975.7,11045.3,11128.9,11230.2,11318.1,11385.3
2005,1,526,10975.7,11086.512,11193.06,11297.91,11403.744,11510.569
2005,1,527,10975.7,11074.0,11168.0,11261.0,11345.0,11375.0
2005,1,528,10975.5,11073.6,11175.7,11266.7,11337.4,11420.1
2005,2,20,11078.2,11127.7,11151.2,11223.0,11260.0,11310.0
2005,2,65,11078.2,11146.799,11202.119,11252.192,11308.036,11375.282
2005,2,84,11078.2,11168.0,11251.0,11336.0,11417.0,11490.0
2005,2,99,11078.2,11161.0,11255.0,11364.0,11435.0,11553.0
2005,2,411,11078.2,11159.0,11260.4,11366.4,11471.1,11575.8
2005,2,421,11078.2,11158.517,11250.575,11351.83,11431.293,11551.321
2005,2,423,11078.0,11159.0,11213.0,11289.0,11362.0,11446.0
2005,2,424,11078.2,11164.719,11267.321,11368.947,11472.373,11576.49
2005,2,428,11078.2,11162.7,11263.5,11362.7,11462.0,11557.2
2005,2,431,11078.2,11160.368,11256.766,11362.214,11474.17,11570.48
2005,2,433,11078.2,11154.946,11248.578,11345.737,11421.558,11517.427
2005,2,446,11078.2,11160.368,11256.766,11353.995,11449.298,11542.607
2005,2,448,11093.4,11130.268,11228.129,11338.168,11470.012,11560.534
2005,2,456,11078.2,11160.368,11256.765,11340.257,11424.368,11509.104
2005,2,463,11078.2,11173.888,11281.274,11389.694,11496.388,11604.081
2005,2,472,11078.2,11158.793,11257.784,11364.089,11455.169,11552.895
2005,2,483,11078.2,11140.604,11207.305,11283.841,11364.141,11455.828
2005,2,484,11078.2,11162.399,11245.392,11332.389,11420.542,11514.176
2005,2,504,11078.2,11173.888,11311.016,11436.172,11562.713,11683.656
2005,2,506,11078.2,11163.5,11265.6,11346.6,11410.8,11499.7
2005,2,508,11078.2,11150.636,11240.751,11352.559,11446.239,11538.324
2005,2,510,11078.2,11163.099,11261.872,11368.242,11431.997,11520.962
2005,2,512,11078.2,11151.0,11246.0,11339.0,11450.0,11535.0
2005,2,516,11078.2,11137.903,11233.921,11329.305,11419.357,11505.373
2005,2,518,11078.2,11159.938,11230.666,11311.582,11401.307,11494.625
2005,2,519,11078.2,11172.19,11294.97,11402.86,11492.01,11601.38
2005,2,521,11078.2,11167.294,11259.405,11342.563,11427.277,11518.424
2005,2,524,11078.2,11159.4,11256.8,11349.1,11414.6,11485.5
2005,2,526,11078.2,11214.693,11325.196,11431.285,11538.368,11649.259
2005,2,527,11078.2,11135.0,11229.0,11329.0,11413.0,11492.0
2005,2,528,11078.2,11163.076,11264.932,11348.484,11418.757,11509.03
2005,2,529,11078.2,11135.17,11219.88,11291.33,11363.03,11447.54
2005,2,530,11078.2,11148.3,11268.9,11375.0,11504.437,11573.095
2005,2,531,11078.2,11181.0,11282.0,11360.0,,
2005,2,532,11078.2,11154.4,11250.7,11340.1,11439.3,11534.4
2005,2,533,11078.2,11162.0,11244.0,11335.0,11423.0,11514.0
2005,2,534,11078.2,11171.188,11262.23,11359.508,11454.856,11553.797
2005,2,535,11078.2,11176.586,11297.551,11411.611,11524.055,11637.605
2005,2,536,11078.2,11154.499,11250.83,11343.111,11442.858,11547.474
2005,2,538,11078.2,11151.418,11235.814,11319.485,11404.722,11488.619
2005,2,539,11078.2,11180.897,11278.807,11381.188,11478.834,11576.144
2005,2,541,11078.2,11187.8,11291.8,11392.3,11496.6,11603.8
2005,2,542,11078.2,11160.368,11270.336,11367.683,11451.997,11536.938
2005,2,543,11078.2,11162.0,11259.1,11358.1,11459.8,11557.7
2005,2,544,11078.2,11158.517,11258.943,11360.274,11465.356,11574.277
2005,2,545,11078.2,11159.0,11260.4,11366.4,11471.1,11575.8
2005,3,20,11092.0,11151.0,11213.0,11290.0,11385.0,11450.0
2005,3,65,11092.0,11166.125,11216.037,11257.862,11313.734,11397.649
2005,3,84,11092.0,11218.0,11311.0,11396.0,11481.0,11566.0
2005,3,407,11092.0,11173.9,11256.78,11326.49,11404.95,11483.96
2005,3,411,11092.0,11216.8,11317.4,11407.1,11498.0,11589.7
2005,3,420,11092.0,11197.0,11289.0,11382.0,11479.0,11582.0
2005,3,421,11092.0,11169.644,11256.209,11323.746,11408.674,11508.5
2005,3,423,11092.0,11153.6,11237.0,11316.1,11398.9,11483.7
2005,3,424,11092.0,11194.035,11297.229,11394.741,11493.779,11590.627
2005,3,426,11092.0,11189.1,11269.899,11368.999,11474.349,11581.399
2005,3,428,11092.0,11208.71,11321.11,11431.65,11523.81,11609.88
2005,3,429,11092.0,11212.4,11312.1,11407.1,11509.8,11589.1
2005,3,431,11092.0,11224.218,11326.643,11430.272,11536.249,11638.777
2005,3,433,11092.0,11209.363,11311.642,11414.854,11513.448,11615.699
2005,3,446,11092.0,11206.676,11306.202,11403.858,11496.798,11587.688
2005,3,448,11092.0,11200.644,11297.271,11426.738,11514.762,11657.913
2005,3,456,11092.0,11228.124,11325.105,11422.926,11521.591,11607.047
2005,3,463,11092.0,11228.124,11344.206,11450.474,11563.3,11671.62
2005,3,472,11092.0,11201.063,11295.609,11380.654,11481.734,11583.943
2005,3,483,11092.0,11264.99,11390.273,11491.217,11591.997,11702.99
2005,3,484,11092.0,11195.905,11303.504,11379.042,11499.442,11587.545
2005,3,497,11092.0,11217.992,11324.776,11419.694,11517.818,11608.953
2005,3,504,11092.0,11228.124,11325.105,11450.418,11570.187,11684.192
2005,3,506,11092.0,11211.1,11302.3,11395.1,11473.5,11541.4
2005,3,507,11092.0,11227.18,11293.512,11357.144,11476.125,11589.012
2005,3,508,11092.0,11164.42,11259.521,11356.208,11439.163,11525.104
2005,3,510,11092.0,11189.0,11295.3,11362.5,11452.2,11511.3
2005,3,512,11092.0,11206.676,11306.202,11409.364,11519.015,11601.635
2005,3,516,11092.0,11188.06,11273.424,11362.039,11450.374,11538.187
2005,3,518,11092.0,11208.341,11286.575,11368.193,11440.087,11504.859
2005,3,519,11092.0,11222.95,11323.01,11429.85,11521.79,11597.14
2005,3,520,11092.0,11225.449,11327.874,11422.957,11513.264,11607.095
2005,3,521,11092.0,11201.593,11312.938,11395.301,11464.445,11533.541
2005,3,523,11092.0,11254.225,11373.161,11481.269,11584.782,11686.656
2005,3,524,11092.0,11195.662,11281.773,11379.967,11491.582,11606.188
2005,3,526,11092.0,11187.807,11278.985,11376.407,11469.123,11565.392
2005,3,527,11092.0,11187.0,11275.0,11364.0,11458.0,11552.0
2005,3,528,11092.0,11222.773,11319.71,11411.964,11496.607,11581.879
2005,3,529,11092.0,11175.88,11251.87,11326.09,11404.79,11478.93
2005,3,531,11092.0,11207.0,11317.0,11422.0,11488.0,11555.0
2005,3,532,11092.0,11218.6,11311.9,11394.8,11482.9,11572.1
2005,3,533,11092.0,11201.0,11272.0,11354.0,11441.0,11518.0
2005,3,535,11092.0,11241.467,11338.564,11450.288,11563.112,11674.24
2005,3,536,11092.0,11203.853,11287.477,11379.542,11479.499,11576.944
2005,3,537,11092.0,11187.0,11284.0,,11381.0,11430.0
2005,3,538,11092.0,11231.456,11342.493,11421.809,11491.62,11565.98
2005,3,539,11092.0,11213.582,11316.494,11418.65,11514.658,11612.967
2005,3,541,11092.0,11211.1,11310.6,11398.4,11498.3,11586.7
2005,3,542,11092.0,11201.294,11311.665,11409.369,11493.993,11579.245
2005,3,543,11092.0,11215.445,11325.607,11411.597,11507.681,11600.95
2005,3,544,11092.0,11202.92,11306.547,11402.652,11499.575,11597.321
2005,3,546,11092.0,11217.415,11319.767,11412.021,11505.026,11595.982
2005,3,548,11092.0,11206.027,11290.695,11378.555,11452.831,11517.996
2005,4,20,11193.2,11299.1,11408.0,11522.0,11637.0,11759.0
2005,4,65,11193.2,11270.743,11326.679,11368.917,11430.937,11501.72
2005,4,84,11193.2,11262.0,11364.0,11464.0,11551.0,11627.0
2005,4,99,11193.2,11262.0,11357.0,11452.0,11542.0,11632.0
2005,4,411,11193.2,11289.9,11406.1,11504.6,11596.6,11698.7
2005,4,420,11193.2,11277.0,11376.0,11470.0,11573.0,11660.0
2005,4,421,11193.2,11265.956,11344.817,11429.903,11529.915,11619.272
2005,4,422,11193.2,11284.1,11354.0,11410.3,11520.0,11627.9
2005,4,424,11193.2,11296.034,11399.333,11502.903,11600.133,11695.951
2005,4,426,11193.2,11273.483,11368.11,11469.07,11573.718,11676.504
2005,4,428,11193.2,11273.64,11390.2,11507.5,11614.04,11699.86
2005,4,429,11193.2,11278.2,11392.2,11492.8,11564.4,11629.4
2005,4,431,11193.2,11263.0,11374.1,11488.9,11583.3,11674.5
2005,4,433,11193.2,11281.69,11370.881,11469.097,11568.16,11673.712
2005,4,446,11193.2,11287.153,11392.887,11491.292,11585.785,11677.945
2005,4,448,11193.2,11263.135,11348.403,11432.396,11547.061,11684.039
2005,4,456,11193.2,11289.881,11387.396,11499.601,11598.928,11670.752
2005,4,463,11193.2,11292.606,11412.093,11532.843,11638.072,11744.262
2005,4,472,11193.2,11272.517,11340.357,11421.363,11488.051,11552.134
2005,4,483,11193.2,11271.358,11347.589,11418.17,11499.515,11576.822
2005,4,484,11193.2,11284.423,11387.386,11494.001,11588.42,11690.769
2005,4,497,11193.2,11293.313,11401.302,11505.077,11601.75,11703.785
2005,4,504,11193.2,11234.94,11338.818,11477.971,11591.068,11705.279
2005,4,506,11193.2,11277.38,11385.28,11481.39,11568.53,11652.5
2005,4,508,11193.2,11286.494,11398.545,11474.844,11545.676,11621.258
2005,4,510,11193.2,11254.9,11333.0,11419.5,11476.8,11579.2
2005,4,512,11193.2,11289.0,11385.0,11473.0,11552.0,11632.0
2005,4,516,11193.2,11277.746,11351.876,11428.224,11514.539,11598.382
2005,4,518,11193.2,11264.991,11344.749,11427.045,11506.693,11586.084
2005,4,519,11193.2,11290.19,11406.82,11516.54,11611.6,11702.82
2005,4,520,11193.2,11298.053,11401.141,11499.617,11596.142,11690.648
2005,4,521,11193.2,11301.031,11397.591,11465.631,11532.915,11601.484
2005,4,523,11193.2,11340.119,11438.883,11538.41,11638.149,11737.469
2005,4,526,11193.2,11292.606,11381.883,11463.52,11548.545,11639.845
2005,4,527,11193.2,11248.0,11330.0,11425.0,11499.0,11571.0
2005,4,528,11193.2,11281.69,11392.854,11485.703,11573.701,11659.544
2005,4,529,11193.2,11269.54,11338.51,11401.63,11489.6,11560.81
2005,4,531,11193.2,11272.0,11352.0,11430.0,11505.0,11568.0
2005,4,532,11193.2,11294.9,11381.5,11477.6,11565.9,11659.9
2005,4,533,11193.2,11278.0,11362.0,11453.0,11523.0,11593.0
2005,4,535,11193.2,11298.053,11423.065,11543.932,11657.679,11766.883
2005,4,536,11193.2,11289.409,11381.306,11466.059,11558.688,11651.726
2005,4,538,11193.2,11300.457,11391.161,11477.265,11563.397,11641.766
2005,4,539,11193.2,11306.445,11421.001,11525.799,11628.468,11737.521
2005,4,541,11193.2,11274.039,11355.176,11440.175,11526.155,11606.743
2005,4,542,11193.2,11303.491,11401.124,11485.687,11570.877,11670.819
2005,4,543,11193.2,11287.781,11397.326,11498.539,11600.147,11701.069
2005,4,544,11193.2,11285.544,11389.936,11475.359,11564.294,11653.917
2005,4,545,11193.2,11289.9,11406.1,11504.6,11596.6,11698.7
2005,4,546,11193.2,11276.221,11390.066,11488.447,11576.466,11670.813
2005,4,548,11193.2,11269.68,11385.512,11481.361,11568.122,11651.91
2006,1,20,11233.5,11342.0,11455.0,11572.0,11688.7,11755.7
2006,1,65,11233.5,11308.57,11361.907,11404.276,11458.064,11543.05
2006,1,99,11233.5,11346.0,11443.0,11513.0,11608.0,11683.0
2006,1,405,11233.5,11344.188,11406.073,11490.673,11589.923,11675.886
2006,1,407,11233.5,11365.9,11441.9,11509.9,11581.2,11655.8
2006,1,411,11233.5,11359.7,11478.5,11569.3,11657.6,11752.8
2006,1,420,11248.0,11355.0,11440.0,11510.0,11593.0,11670.0
2006,1,421,11233.5,11323.368,11396.97,11496.693,11585.793,11690.064
2006,1,422,11233.5,11310.8,11361.4,11431.7,11502.5,11579.394
2006,1,424,11233.5,11362.499,11465.24,11560.982,11655.254,
2006,1,426,11233.5,11357.799,11458.667,11563.22,11665.912,11738.15
2006,1,428,11233.5,11362.3,11472.7,11576.4,11669.4,11750.7
2006,1,429,11233.5,11352.7,11478.8,11586.1,11658.3,11734.8
2006,1,431,11233.5,11358.7,11466.0,11555.2,11653.7,11752.8
2006,1,433,11233.5,11368.651,11464.077,11554.709,11646.058,11743.812
2006,1,446,11233.5,11346.914,11447.686,11541.82,11633.631,11728.443
2006,1,448,11233.5,11372.37,11456.885,11569.398,11669.049,11755.514
2006,1,456,11233.5,11357.799,11469.712,11568.78,11640.417,11712.498
2006,1,463,11233.5,11371.36,11499.934,11610.454,11722.037,11828.993
2006,1,472,11233.5,11345.106,11430.195,11492.284,11562.218,11641.419
2006,1,483,11233.5,11317.813,11385.341,11470.993,11561.025,11654.913
2006,1,484,11233.5,11286.483,11361.908,11451.732,11547.855,11636.329
2006,1,497,11233.5,11356.846,11474.24,11570.226,11663.754,11759.768
2006,1,498,11233.5,11325.0,11380.0,11449.0,11532.0,
2006,1,504,11234.555,11373.39,11485.456,11591.65,11698.826,11806.993
2006,1,506,11233.5,11367.1,11453.9,11542.0,11613.7,11683.9
2006,1,507,11233.5,11371.783,11505.159,11598.929,11645.906,11767.257
2006,1,508,11233.5,11353.269,11460.588,11517.4,11587.028,11716.7
2006,1,510,11233.5,11288.116,11374.292,11426.047,11522.471,11595.063
2006,1,512,11233.5,11338.0,11426.0,11506.0,11577.0,11705.0
2006,1,516,11233.5,11331.25,11407.604,11517.971,11628.117,11720.588
2006,1,518,11233.5,11356.98,11434.171,11507.902,11580.01,11652.104
2006,1,519,11233.5,11380.0,11478.0,11572.0,11652.0,11726.0
2006,1,521,11233.5,11356.552,11444.982,11523.497,11595.713,11680.131
2006,1,524,11233.5,11332.223,11457.803,11581.104,11688.323,11780.372
2006,1,526,11233.5,11338.73,11436.668,11515.897,11601.312,11687.359
2006,1,527,11233.5,11312.0,11422.0,11521.0,11594.0,11661.0
2006,1,528,11233.5,11357.799,11469.712,11563.188,11648.953,11729.653
2006,1,531,11233.5,11334.0,11412.0,11489.0,11559.0,
2006,1,532,11233.5,11331.3,11419.5,11504.8,11597.8,
2006,1,533,11233.5,11345.0,11430.0,11510.0,11582.0,11643.0
2006,1,535,11233.5,11398.339,11518.943,11632.444,11738.583,11837.113
2006,1,536,11233.5,11357.141,11470.848,11560.535,11654.199,11744.8
2006,1,539,11233.5,11347.248,11449.521,11551.4,11656.499,
2006,1,541,11233.5,11348.308,11432.505,11516.165,11600.051,
2006,1,542,11233.5,11356.727,11441.348,11525.501,11626.327,11728.027
2006,1,543,11233.5,11356.444,11459.569,11551.864,11640.468,11731.165
2006,1,544,11233.5,11362.686,11481.993,11579.591,11672.228,11768.523
2006,1,545,11233.5,11360.1,11473.4,11566.2,11663.6,11769.1
2006,1,546,11233.5,11357.799,11455.901,11543.671,11637.75,11724.068
2006,1,548,11233.5,11365.003,11448.996,11533.948,11600.071,11664.774
2006,1,549,11233.5,11341.46,11420.03,11496.347,11567.535,11624.944
2006,1,550,11233.5,11306.5,11406.5,11464.9,11507.6,11455.8
2006,2,20,11381.4,11501.1,11640.0,11788.7,11810.0,11910.0
2006,2,65,11381.4,11454.6686,11500.2149,11557.2896,11620.3369,11695.1437
2006,2,84,11381.4,11480.0,11569.0,11651.0,11727.0,11800.0
2006,2,99,11381.4,11471.0,11557.0,11637.0,11719.0,11806.0
2006,2,405,11381.4,11443.4878,11528.365,11599.7514,11680.1108,11749.5694
2006,2,411,11381.4,11473.1,11563.8,11654.4,11737.2,11824.1
2006,2,421,11381.4,11442.196,11542.3152,11631.7681,11736.454,11821.5433
2006,2,422,11381.4,11465.0,11530.0,11575.0,11635.0,11710.0
2006,2,423,11381.4,11406.0,11490.0,11584.0,11675.0,11763.0
2006,2,424,11381.4,11485.6981,11582.7967,11677.3076,,
2006,2,426,11381.4,11465.8167,11545.2481,11625.2299,11714.2966,11786.8344
2006,2,428,11381.4,11484.17,11580.24,11670.36,11753.96,11831.71
2006,2,429,11381.4,11507.9,11615.6,11689.5,11762.4,11822.5
2006,2,431,11381.4,11480.9,11567.5,11656.6,11747.4,11837.9
2006,2,433,11381.4,11476.9323,11564.8629,11653.4671,11751.2831,11849.9201
2006,2,446,11381.4,11482.4781,11576.8987,11665.5951,11754.9711,11847.903
2006,2,448,11392.9,11478.5197,11566.6432,11666.4292,11752.9284,11874.5783
2006,2,456,11381.4,11465.8167,11564.852,11636.4644,11708.5203,11766.6289
2006,2,463,11381.4,11510.087,11620.7055,11729.563,11836.5878,11944.589
2006,2,472,11381.4,11473.671,11539.181,11599.5105,11690.8945,11756.4987
2006,2,483,11381.4,11475.1093,11556.3194,11638.6572,11721.2203,11806.357
2006,2,484,11381.4,11464.4567,11558.8129,11664.2557,11759.6976,11872.5912
2006,2,497,11381.4,11479.0127,11563.4238,11647.6641,11731.2197,11819.5801
2006,2,504,11382.2099,11480.5231,11586.6718,11707.8654,11830.3266,11946.8957
2006,2,506,11381.4,11472.61,11547.79,11627.25,11695.18,11774.85
2006,2,507,11381.4,11493.2315,11591.3802,11644.3971,11766.6794,11862.909
2006,2,508,11381.4,11487.8841,11558.1447,11615.0898,11698.4051,11812.5758
2006,2,510,11381.4,11424.7673,11482.0417,11542.5306,11628.2744,11692.8651
2006,2,512,11381.4,11476.9323,11556.4408,11616.6401,11742.3673,11855.2181
2006,2,516,11381.4,11458.552,11541.6161,11627.1705,11715.8676,11812.3884
2006,2,518,11381.4,11457.3803,11519.9493,11578.1005,11645.1263,11722.7587
2006,2,519,11381.4,11482.0,11569.0,11651.0,11724.0,11805.0
2006,2,520,11381.4,11482.4781,11567.6445,11653.4425,11745.5718,11847.0235
2006,2,521,11381.4,11487.6141,11579.3509,11660.9162,11742.2658,11822.7525
2006,2,524,11381.4,11472.6189,11568.8281,11670.3631,11758.827,11849.6752
2006,2,526,11381.4,11465.8167,11545.2481,11619.5715,11694.3733,11772.5234
2006,2,527,11381.4,11472.0,11580.0,11682.0,11759.0,11829.0
2006,2,528,11381.4,11488.0158,11570.4132,11647.735,11719.8606,11795.308
2006,2,531,11381.4,11458.3,11526.3,11600.3,11677.3,
2006,2,532,11381.4,11481.9,11572.5,11650.6,11737.3,11831.3
2006,2,535,11381.4,11490.7817,11601.2146,11704.2449,11796.7758,11887.1568
2006,2,536,11381.4,11467.2207,11546.5244,11621.5078,11694.6172,11776.3115
2006,2,538,11381.4,11498.1038,11595.9711,11674.252,11760.3262,11846.2808
2006,2,539,11381.4,11494.1664,11591.296,11688.0802,11783.9617,11879.133
2006,2,541,11381.4,11465.783,11555.8396,11641.7176,11728.4326,11810.0255
2006,2,542,11381.4,11465.8167,11564.852,11650.6294,11722.7729,11795.3632
2006,2,543,11381.4,11479.585,11566.291,11655.5313,11743.9316,11832.748
2006,2,544,11381.4,11478.1419,11567.0975,11656.7425,11747.0823,11838.1221
2006,2,545,11381.4,11485.38,11572.39,11656.79,11744.34,11822.64
2006,2,546,11381.4,11482.4781,11573.2557,11667.5758,11754.115,11844.1692
2006,2,548,11381.4,11448.9963,11533.9487,11600.071,11664.7743,11747.6299
2006,2,549,11381.4,11465.8167,11536.8158,11602.5879,11660.1708,11718.0394
2006,2,550,11381.4,11476.5,11527.5,11673.3,11726.7,11758.5
2006,3,20,11385.3,11501.1,11640.0,11810.0,11940.0,11790.0
2006,3,65,11385.3,11441.8045,11484.472,11498.8007,11541.6808,11613.1497
2006,3,84,11392.0,11472.0,11549.0,11625.0,11697.0,11765.0
2006,3,407,11385.3,11475.3,11546.4,11620.7,11704.0,11790.9
2006,3,420,11385.3,11460.0,11523.0,11632.0,11708.0,11808.0
2006,3,422,11385.3,11433.4,11481.7,11541.5,11607.3,11673.4
2006,3,423,11385.3,11486.0,11587.0,11683.0,11771.0,11843.0
2006,3,424,11385.3,11479.7002,11571.4593,11663.2211,11749.3711,11836.4711
2006,3,426,11385.3,11478.0882,11563.222,11631.9856,11692.5784,11796.4201
2006,3,428,11385.3,11465.5,11552.8,11634.1,11705.4,11785.3
2006,3,429,11385.3,11449.9,11506.1,11581.2,11639.4,11700.2
2006,3,433,11385.3,11447.4091,11518.2942,11592.4441,11678.4261,11767.9003
2006,3,446,11385.3,11461.3847,11549.1961,11634.8573,11723.9978,11810.9555
2006,3,448,11395.3,11445.6106,11514.0658,11590.8011,11704.0423,11830.9711
2006,3,463,11385.3,11469.7456,11560.4226,11651.8164,11743.9328,11839.6438
2006,3,472,11385.3,11419.26,11452.2601,11525.4897,11584.4207,11622.8764
2006,3,483,11385.3,11445.8675,11524.1597,11602.5299,11680.5619,11764.5917
2006,3,484,11385.3,11461.3847,11543.5911,11629.2107,11732.4896,11839.541
2006,3,497,11385.3,11467.0693,11552.3506,11635.624,11720.7773,11810.2637
2006,3,504,11385.3,11541.3899,11641.078,11748.7111,11857.3394,11959.7565
2006,3,506,11385.3,11451.4,11514.8,11575.0,11651.1,11732.6
2006,3,507,11385.3,11471.0292,11511.3804,11602.5156,11690.2558,11790.0085
2006,3,510,11385.3,11421.7017,11466.8174,11490.2383,11517.2908,11581.721
2006,3,512,11385.3,11469.7456,11571.6083,11660.2642,11769.4923,11891.1719
2006,3,516,11385.3,11471.3999,11556.7949,11642.3395,11732.4946,11816.1387
2006,3,518,11385.3,11443.5299,11496.765,11550.3975,11628.9754,11722.0513
2006,3,519,11385.3,11464.0,11538.0,11609.0,11691.0,11774.0
2006,3,520,11385.3,11460.2875,11540.4331,11622.9346,11710.9049,11807.4695
2006,3,521,11385.3,11456.7278,11528.6161,11600.2165,11679.5114,11766.2946
2006,3,523,11385.3,11508.0,11638.0,11778.0,11919.0,12063.0
2006,3,524,11385.3,11443.6169,11535.1612,11635.8703,11736.7674,11828.5366
2006,3,526,11385.3,11453.8442,11521.9573,11601.7777,11679.309,11760.2195
2006,3,527,11385.3,11429.0,11492.0,11558.0,11624.0,11708.0
2006,3,528,11385.3,11469.7456,11549.2043,11612.2075,11678.4094,11767.8836
2006,3,530,11385.3,11516.0,11596.0,,11616.0,11839.0
2006,3,531,11385.3,11436.4,11496.4,11574.4,11643.4,11714.4
2006,3,532,11385.3,11449.6,11527.9,11608.2,11685.5,11748.2
2006,3,533,11385.3,11457.0,11527.0,11590.0,11671.0,11743.0
2006,3,535,11385.3,11478.0882,11563.222,11643.3283,11718.2831,11805.1984
2006,3,536,11385.3,11458.4912,11529.5469,11599.8262,11684.4844,11775.4141
2006,3,539,11385.3,11481.3472,11575.017,11666.7871,11759.8025,11851.7491
2006,3,540,11385.3,11469.7,11549.5,11647.3,11715.4,11775.2
2006,3,541,11385.3,11468.0841,11549.6086,11637.7011,11723.5724,11815.1465
2006,3,543,11385.3,11465.291,11544.1133,11626.3945,11710.6377,11798.4238
2006,3,544,11385.3,11462.1508,11542.3858,11626.0681,11710.3571,11798.1848
2006,3,545,11385.3,11465.51,11552.91,11634.49,11706.48,11787.38
2006,3,546,11385.3,11472.5285,11554.8148,11646.1643,11735.3914,11828.1685
2006,3,548,11385.3,11539.3285,11612.902,11676.0022,11744.6214,11838.7103
2006,3,549,11385.3,11453.0055,11518.2997,11575.4643,11635.7627,
2006,3,550,11385.3,11458.4154,11673.3034,11726.7237,11756.8064,11717.5048
2006,3,551,11385.3,11455.108,11496.589,11534.464,11562.313,11587.586
2006,4,20,11432.9,11501.1,11579.2,11642.0,11720.0,11798.0
2006,4,65,11432.9,11517.6986,11603.1262,11680.6666,11752.9962,11831.5381
2006,4,84,11432.9,11489.0,11545.0,11605.0,11657.0,11707.0
2006,4,99,11432.9,11570.0,11590.0,11660.0,11735.0,11830.0
2006,4,405,11432.9,11503.6953,11583.3892,11652.2727,11724.4264,11788.3855
2006,4,407,11432.9,11503.7,11577.8,11660.8,11747.3,11834.4
2006,4,411,11432.9,11502.6,11584.3,11677.4,11767.5,11859.6
2006,4,420,11440.0,11500.0,11555.0,11624.0,11700.0,11785.0
2006,4,421,11432.9,11501.4974,11559.0049,11639.9179,11744.6772,11823.9537
2006,4,422,11432.9,11481.2,11541.0,11606.8,11673.0,11739.5
2006,4,424,11432.9,11502.4593,11592.9211,11678.0711,11763.5711,11851.6711
2006,4,426,11432.9,11512.1034,11603.1153,11663.5577,11732.9179,11819.9418
2006,4,428,11432.9,11497.3,11576.31,11663.93,11751.54,11843.52
2006,4,429,11432.9,11483.8,11566.8,11644.0,11712.3,11774.8
2006,4,431,11432.9,11516.1,11599.4,11683.0,11771.6,11854.6
2006,4,446,11432.9,11503.6953,11580.5712,11660.7977,11744.4343,11831.5437
2006,4,448,11432.9,11493.4511,11554.6393,11630.198,11706.558,11776.5462
2006,4,463,11432.9,11526.0,11626.0,11726.0,11824.0,11921.0
2006,4,472,11432.9,11508.1846,11589.0441,11674.2062,11747.8847,11833.0419
2006,4,483,11432.9,11501.339,11568.0941,11639.8646,11714.5477,11790.0463
2006,4,484,11432.9,11480.8411,11548.4583,11651.9455,11748.2035,11846.9545
2006,4,497,11432.9,11502.6572,11581.7676,11666.6162,11753.0313,11841.7158
2006,4,498,11432.9,11488.0,11546.3794,11590.5785,11643.5312,11716.7737
2006,4,504,11444.9916,11529.2275,11629.4512,11736.9768,11838.3543,11940.6075
2006,4,506,11432.9,11496.2,11575.36,11639.59,11713.2,11784.27
2006,4,507,11432.9,11469.224,11544.5966,11662.3736,11764.1915,11856.376
2006,4,510,11432.9,11468.4038,11492.1272,11519.6247,11584.5175,11656.9175
2006,4,512,11432.9,11537.2179,11625.6103,11720.357,11795.8076,11897.6933
2006,4,516,11432.9,11464.9251,11574.2399,11663.8273,11756.0579,11844.827
2006,4,520,11432.9,11507.7565,11594.6791,11690.6046,11784.8324,11881.632
2006,4,521,11432.9,11523.3767,11595.1699,11676.5799,11761.9967,11847.9188
2006,4,523,11432.9,11523.02,11616.9306,11712.5418,11809.8921,11909.0209
2006,4,524,11432.9,11509.9553,11589.7992,11661.8855,11773.6235,11878.3358
2006,4,526,11432.9,11489.6407,11546.663,11626.6546,11724.2455,11825.513
2006,4,527,11432.9,11479.0,11554.0,11623.0,11692.0,11722.0
2006,4,528,11432.9,11495.2687,11569.2703,11638.0698,11715.8437,11797.0073
2006,4,531,11432.9,11446.6,11526.6,11572.6,11634.6,11692.6
2006,4,532,11432.9,11518.0,11608.8,11701.1,11779.0,11861.4
2006,4,535,11432.9,11517.6986,11591.8446,11672.1492,11758.7224,11854.5539
2006,4,536,11432.9,11503.2393,11578.4668,11670.0019,11763.4844,11854.5449
2006,4,539,11432.9,11508.9396,11598.9336,11686.3341,11771.784,11858.1011
2006,4,540,11432.9,11484.3,11576.2,11647.0,11724.4,11797.7
2006,4,541,11432.9,11508.6404,11590.8291,11683.7518,11770.8117,11860.8999
2006,4,542,11432.9,11517.6986,11617.1821,11703.3476,11775.8176,11848.7364
2006,4,543,11432.9,11497.2734,11579.9814,11670.5703,11760.0078,11851.4238
2006,4,544,11432.9,11504.3556,11582.01,11663.0841,11741.8099,11821.0671
2006,4,546,11432.9,11489.6407,11588.8819,11683.3292,11775.6948,11863.0359
2006,4,548,11432.9,11519.3881,11583.1406,11647.5954,11723.7032,11803.0444
2006,4,549,11432.9,11503.6953,11563.6199,11618.16,11667.2255,11707.8481
2006,4,550,11432.9,11603.2636,11656.3634,11669.53,11682.38,11718.3929
2006,4,551,11432.9,11508.551,11580.331,11661.845,11743.866,11829.459
2007,1,20,11541.6,11619.9,11687.7,11760.0,11848.0,11950.0
2007,1,84,11541.6,11601.0,11672.0,11743.0,11814.0,
2007,1,405,11541.6,11621.5565,11690.6669,11763.0584,11827.2282,11909.1634
2007,1,407,11541.6,11618.729,11702.064,11788.859,11876.298,11971.639
2007,1,411,11541.6,11607.3,11697.2,11792.4,11885.3,11976.3
2007,1,420,11541.6,11614.0,11684.0,11769.0,11860.0,11950.0
2007,1,421,11541.6,11590.6518,11654.4004,11715.586,11803.4529,11874.2736
2007,1,424,11541.6,11612.8618,11676.7009,11775.7391,11872.7391,
2007,1,426,11541.6,11623.4746,11712.629,11774.5138,11871.2661,11971.9
2007,1,428,11541.6,11609.0,11684.4,11770.8,11865.5,11971.2
2007,1,431,11541.6,11619.3,11701.5,11790.0,11877.7,11969.0
2007,1,433,11541.6,11615.8999,11693.5256,11780.2573,11864.7508,11949.8503
2007,1,446,11541.6,11615.8999,11696.3711,11780.2629,11867.6379,11958.5618
2007,1,448,11541.6,11613.2409,11690.0243,11786.7022,11883.1014,11977.1819
2007,1,456,11541.6,11598.8802,11656.4446,11714.2948,11786.8326,11859.8195
2007,1,463,11541.6,11613.0684,11699.2034,11791.6944,11884.9166,11981.7767
2007,1,472,11541.6,11610.3106,11683.6677,11770.2184,11871.3303,11973.705
2007,1,483,11541.6,11629.4401,11725.4382,11826.7277,11933.2318,12022.338
2007,1,484,11541.6,11596.0363,11656.4418,11751.4398,11844.3438,11958.1746
2007,1,497,11541.6,11620.7266,11687.3848,11764.8662,11853.833,11942.9316
2007,1,504,11541.6,11640.7213,11728.3421,11836.782,11940.3191,12050.719
2007,1,507,11541.6,11635.4197,11710.5144,11809.2613,11924.3394,12030.0339
2007,1,508,11541.6,11605.2426,11679.5666,11793.4584,11910.9743,12016.6036
2007,1,510,11541.6,11556.7445,11574.5068,11637.981,11710.4663,11757.3675
2007,1,512,11541.6,11635.0,11718.0,11784.0,11887.0,11986.0
2007,1,516,11541.6,11601.7583,11681.6006,11776.676,11872.4273,11965.0518
2007,1,518,11541.6,11614.9439,11679.4453,11749.1955,11826.5588,11914.7887
2007,1,519,11541.6,11621.0,11718.0,11804.0,11890.0,11983.0
2007,1,520,11541.6,11619.8638,11704.558,11800.4233,11900.8413,11998.7931
2007,1,521,11541.6,11614.2105,11693.6065,11774.3113,11854.846,11936.0578
2007,1,524,11541.6,11638.1925,11719.549,11819.4961,11916.8912,12001.4779
2007,1,526,11541.6,11613.0684,11676.42,11740.1172,11809.9327,11906.1816
2007,1,527,11541.6,11601.0,11680.0,11792.0,11892.0,11998.0
2007,1,528,11541.6,11613.0684,11679.2752,11754.4614,11835.8925,11938.1244
2007,1,532,11541.6,11613.0,11699.1,11787.9,11880.5,
2007,1,533,11541.6,11623.0,11681.0,11759.0,11840.0,11917.0
2007,1,535,11541.6,11615.8999,11693.5256,11780.2573,11873.3891,11970.1552
2007,1,536,11541.6,11610.3809,11696.8867,11786.2422,11873.7305,11956.4043
2007,1,539,11541.6,11636.9338,11730.0408,11820.1615,11909.3675,
2007,1,540,11541.6,11625.1,11704.0,11787.0,11877.5,11946.0
2007,1,541,11541.6,11621.2405,11692.0377,11782.1452,11883.4653,
2007,1,542,11541.6,11627.2049,11727.6342,11814.6189,11873.2541,11932.1802
2007,1,543,11541.6,11609.2793,11694.7373,11786.2832,11878.6768,11971.917
2007,1,544,11541.6,11619.5058,11703.7472,11788.5994,11871.1196,11960.153
2007,1,546,11541.6,11618.7292,11707.7461,11800.3047,11890.7127,11975.9984
2007,1,548,11541.6,11567.158,11633.5203,11709.7437,11791.3484,11897.3736
2007,1,549,11541.6,11613.0684,11670.7033,11722.8706,11763.687,11813.3671
2007,1,551,11541.6,11635.3,11713.6,11765.7,11813.2,11881.4
2007,1,552,11541.6,11606.8,11685.1,11780.6,11887.0,11994.8
2007,2,20,11549.1,11617.7,11690.0,11778.0,11880.0,11985.0
2007,2,65,11549.1,11617.7795,11692.5698,11773.5722,11860.8976,11948.8707
2007,2,84,11553.0,11603.0,11659.0,11712.0,11761.0,11809.0
2007,2,99,11549.1,11660.0,11680.0,11780.0,11933.0,12033.0
2007,2,405,11549.1,11617.7795,11689.7197,11753.4894,11834.9138,11928.4777
2007,2,407,11549.1,11612.103,11698.23,11784.997,11879.605,11982.214
2007,2,411,11549.1,11620.8,11700.3,11784.9,11867.4,11947.6
2007,2,420,11549.1,11610.0,11665.0,11752.0,11843.0,11925.0
2007,2,421,11549.1,11612.62,11673.5863,11761.1382,11831.705,11917.4849
2007,2,422,11549.1,11601.0,11657.4,11710.3,11798.4,11891.6
2007,2,423,11549.1,11619.9805,11678.8532,11776.4071,11839.665,11930.2079
2007,2,424,11549.1,11611.6,11692.6,11772.4,11860.2391,11949.3391
2007,2,426,11549.1,11629.1084,11695.4067,11764.9563,11857.9671,11954.6075
2007,2,429,11549.1,11611.6,11676.4,11756.9,11840.9,11932.2
2007,2,431,11549.1,11620.0,11697.7,11779.8,11865.9,11951.9
2007,2,439,11549.1,11623.9034,11715.0056,11801.9999,11896.2466,11986.0315
2007,2,446,11549.1,11617.7795,11695.4178,11776.4399,11858.0233,11940.1719
2007,2,456,11549.1,11606.4174,11664.0192,11736.2457,11808.9194,11882.0432
2007,2,463,11549.1,11626.2793,11721.0315,11822.2713,11924.3855,12021.5672
2007,2,472,11549.1,11614.9974,11703.2679,11782.6016,11849.967,11918.2684
2007,2,483,11549.1,11625.8976,11720.1088,11818.2852,11912.18,12004.0369
2007,2,484,11549.1,11626.3683,11704.2252,11788.5641,11887.4308,12000.6643
2007,2,497,11549.1,11620.8994,11701.6143,11787.2373,11873.998,11962.5625
2007,2,498,11549.1,11611.0,11669.0,11727.0,,
2007,2,506,11549.1,11612.75,11681.88,11757.0,11833.74,11925.06
2007,2,507,11549.1,11637.2618,11709.4428,11861.3014,11961.8972,12061.2398
2007,2,508,11549.1,11610.9986,11709.4339,11813.6815,11885.8509,11988.2955
2007,2,510,11549.1,11589.7971,11617.9685,11679.2936,11744.9903,11831.4298
2007,2,512,11549.1,11637.5834,11721.0536,11813.7174,11924.3829,11998.2217
2007,2,516,11549.1,11603.7013,11698.7949,11797.6013,11894.6924,11982.2604
2007,2,518,11549.1,11597.201,11658.4457,11731.8561,11815.6878,11905.7337
2007,2,519,11549.1,11619.0,11702.0,11800.0,11889.0,11977.0
2007,2,520,11549.1,11620.1,11699.4,11786.9,11879.0,11881.0
2007,2,521,11549.1,11627.4893,11692.1314,11761.4647,11835.0609,11909.3413
2007,2,524,11549.1,11618.0542,11681.5315,11773.6931,11854.3582,11939.2429
2007,2,526,11549.1,11603.5716,11658.3002,11716.1595,11788.7089,11870.3773
2007,2,527,11549.1,11620.0,11689.0,11772.0,11865.0,11951.0
2007,2,528,11549.1,11614.9421,11689.7141,11770.6967,11858.0008,11945.9524
2007,2,531,11549.1,11592.5,11649.5,11684.5,,
2007,2,532,11549.1,11623.3,11712.5,11803.1,11885.6,
2007,2,535,11549.1,11620.6149,11706.8058,11799.3569,11895.5197,11992.4661
2007,2,539,11549.1,11626.0226,11708.5445,11795.9345,11876.8997,11956.1573
2007,2,540,11549.1,11612.4,11692.8,11775.4,11857.0,11952.0
2007,2,541,11549.1,11633.3341,11719.9551,11821.7505,11919.7951,12018.8701
2007,2,542,11549.1,11634.7605,11735.2551,11822.2963,11909.9832,11983.7327
2007,2,543,11549.1,11614.4756,11684.5205,11764.7451,11855.0166,11944.2021
2007,2,544,11549.1,11624.1691,11708.4444,11793.3306,11881.7806,11970.8939
2007,2,546,11549.1,11614.9421,11692.5615,11773.5638,11855.1272,11940.1577
2007,2,548,11549.1,11609.246,11675.2035,11746.7543,11822.0912,11914.3802
2007,2,549,11549.1,11606.4174,11658.2974,11701.7722,11748.301,11795.0149
2007,2,550,11549.1,11716.7767,11783.2841,11923.686,12073.3552,12087.201
2007,2,551,11549.1,11598.7006,11644.7429,11694.2892,11744.0481,11795.2719
2007,2,552,11549.1,11588.8384,11648.9416,11737.7109,11832.2966,11936.3004
2007,3,20,11507.9,11606.8,11700.6,11798.6,11898.6,11996.7
2007,3,65,11507.9,11581.9829,11645.1649,11702.9591,11772.5536,11854.11
2007,3,84,11507.9,11567.0,11628.0,11679.0,11733.0,11783.0
2007,3,411,11507.9,11575.5,11648.3,11728.4,11807.5,11881.8
2007,3,420,11507.9,11563.0,11658.0,11740.0,11819.0,11919.0
2007,3,422,11507.9,11565.0,11622.4,11691.5,11761.1,11839.7
2007,3,424,11507.9,11587.3,11667.1,11754.9391,11843.0391,11931.3391
2007,3,426,11507.9,11581.9829,11665.0543,11728.6894,11838.5585,11897.3125
2007,3,428,11507.9,11583.72,11659.5,11746.54,11839.48,11922.32
2007,3,429,11507.9,11558.9,11627.9,11721.8,11831.3,11943.7
2007,3,431,11507.9,11579.2,11655.5,11734.4,11819.1,11904.1
2007,3,433,11507.9,11576.3345,11656.5316,11740.1377,11827.2151,11917.8294
2007,3,446,11507.9,11587.623,11665.0598,11745.8716,11824.3659,11906.2812
2007,3,456,11507.9,11579.1597,11650.8608,11723.0058,11795.5975,11883.0863
2007,3,463,11507.9,11587.623,11684.8863,11777.2642,11873.2469,11970.0118
2007,3,472,11507.9,11580.7484,11659.8842,11738.0049,11799.822,11877.7661
2007,3,483,11507.9,11580.4196,11655.4741,11723.8542,11800.7523,11883.1898
2007,3,484,11507.9,11581.9829,11648.0125,11734.4066,11821.4416,11912.0116
2007,3,497,11508.0,11574.7,11642.8,11716.3,11791.7,11869.9
2007,3,504,11507.9,11579.1597,11579.1597,11579.1597,11579.1597,11579.1597
2007,3,506,11507.9,11574.5,11641.4,11707.1,11775.0,11855.0
2007,3,507,11507.9,11564.2201,11711.5574,11776.5153,11892.4303,11964.8088
2007,3,508,11507.9,11595.6114,11689.2896,11777.3851,11878.7349,11947.5837
2007,3,510,11507.9,11539.9569,11560.5662,11622.4254,11692.6032,11755.3987
2007,3,512,11507.9,11601.6874,11699.0688,11800.1189,11907.7874,12007.7381
2007,3,516,11507.9,11596.9025,11686.2042,11769.0167,11853.2222,11948.4246
2007,3,518,11507.9,11566.1214,11630.4509,11705.6301,11784.1812,11872.2802
2007,3,519,11507.9,11573.0,11647.0,11731.0,11808.0,11896.0
2007,3,521,11507.9,11566.2545,11630.0027,11694.552,11761.6221,11833.0705
2007,3,524,11507.9,11583.0,11679.2,11748.0,11823.9,11902.9
2007,3,526,11507.9,11587.623,11653.6848,11691.376,11708.8737,11781.378
2007,3,527,11507.9,11574.0,11654.0,11726.0,11802.0,11850.0
2007,3,528,11507.9,11579.1598,11656.54,11737.2927,11827.218,11923.6078
2007,3,531,11507.9,11576.4,11637.4,11702.4,11780.4,11872.4
2007,3,532,11507.9,11596.4127,11685.4913,11777.5398,11872.5061,
2007,3,533,11507.9,11564.0,11627.0,11696.0,11768.0,11842.0
2007,3,535,11507.9,11598.8786,11690.5765,11780.1439,11867.518,11955.5403
2007,3,538,11507.9,11616.8869,11690.5576,11754.9818,11817.541,11895.1682
2007,3,540,11507.9,11587.2,11666.4,11732.8,11806.7,11883.0
2007,3,541,11507.9,11594.7771,11684.4496,11780.6695,11880.7031,11979.3599
2007,3,542,11507.9,11592.4054,11679.2854,11779.6007,11867.475,11926.9563
2007,3,543,11507.9,11578.2353,11650.9482,11730.6201,11811.334,11891.1611
2007,3,544,11507.9,11576.9474,11649.3033,11725.0238,11801.2364,11880.8948
2007,3,546,11507.9,11573.5072,11639.4885,11708.7056,11789.8197,11871.4958
2007,3,548,11507.9,11675.2035,11746.7543,11822.0912,11914.3802,12016.41
2007,3,549,11507.9,11573.5072,11630.9458,11688.6694,11732.2574,11776.0081
2007,3,551,11507.9,11567.3399,11614.8403,11669.0138,11718.8543,11770.4113
2007,3,552,11507.9,11576.2,11655.9,11743.7,11843.3,11938.5
2007,3,554,11507.9,11594.101,11671.7539,11763.2641,11852.1812,11916.1442
2007,4,20,11630.7,11760.7,11830.0,11932.0,12020.0,12130.0
2007,4,84,11630.7,11672.0,11722.0,11779.0,11842.0,11905.0
2007,4,407,11630.7,11648.974,11729.674,11830.989,11918.74,11999.85
2007,4,411,11630.7,11667.3,11735.5,11821.9,11909.4,11992.7
2007,4,420,11630.7,11674.0,11760.0,11833.0,11870.0,11935.0
2007,4,421,11630.7,11677.2228,11709.3352,11776.6638,11853.2121,11956.9278
2007,4,422,11630.7,11688.4,11746.4,11816.3,11886.6,11966.0
2007,4,424,11630.7,11667.3,11736.2391,11808.7391,11886.7391,11970.7391
2007,4,428,11630.7,11677.99,11718.88,11772.39,11851.29,11942.75
2007,4,429,11630.7,11665.8,11714.1,11786.1,11880.4,11979.4
2007,4,431,11630.7,11674.7,11744.7,11824.1,11907.2,11988.5
2007,4,446,11630.7,11674.0719,11740.6265,11810.445,11883.5782,11960.0796
2007,4,448,11630.7,11674.8165,11723.874,11777.5019,11893.3851,11967.7406
2007,4,456,11630.7,11674.0719,11703.1483,11746.7904,11805.0889,11878.1889
2007,4,463,11630.7,11688.4224,11772.2572,11865.3257,11962.0261,12059.5145
2007,4,472,11630.7,11716.1311,11798.1029,11885.2796,11978.551,12069.7638
2007,4,483,11630.7,11697.8751,11775.06,11858.2723,11935.2115,12015.1897
2007,4,484,11630.7,11682.6885,11755.0306,11842.2185,11932.9477,12024.372
2007,4,498,11630.7,11656.7751,11669.5765,11685.2986,11756.2227,11841.9819
2007,4,504,11630.7,11660.129,11717.9975,11790.5582,11878.0096,11966.1097
2007,4,507,11630.7,11675.1696,11712.2613,11810.0252,11923.698,12012.4955
2007,4,508,11630.7,11679.5016,11742.6763,11834.2666,11931.5588,12027.4502
2007,4,510,11630.7,11662.1331,11700.8229,11770.1666,11839.9781,11935.7358
2007,4,512,11630.7,11719.8086,11792.3806,11879.8455,11953.4084,12030.3593
2007,4,516,11630.7,11661.3435,11699.0108,11763.5216,11847.8674,11922.844
2007,4,518,11630.7,11678.2369,11722.9313,11780.1404,11853.2343,11938.1888
2007,4,519,11630.7,11679.0,11726.0,11795.0,11884.0,11979.0
2007,4,520,11630.7,11691.4,11759.1,11833.3,11914.9,11998.8
2007,4,521,11630.7,11671.1434,11715.8195,11758.3188,11806.1741,11857.258
2007,4,524,11630.7,11733.2229,11802.6023,11881.2139,11957.6331,12027.9467
2007,4,526,11630.7,11676.9462,11711.8205,11723.5148,11738.1418,11781.9144
2007,4,527,11630.7,11711.0,11745.0,11800.0,11864.0,11938.0
2007,4,528,11630.7,11687.3914,11738.8476,11797.4145,11873.187,11955.0484
2007,4,532,11630.7,11672.2386,11730.0459,11793.7309,11862.9078,
2007,4,535,11630.7,11674.0719,11743.4946,11816.2132,11903.8549,12000.8693
2007,4,539,11630.7,11695.5,11763.7,11835.2,11908.3,11982.4
2007,4,540,11630.7,11677.7,11743.6,11787.4,11853.6,11934.2
2007,4,542,11630.7,11674.0719,11746.3606,11833.4842,11921.254,12009.6748
2007,4,543,11630.7,11670.1611,11734.0478,11799.8037,11872.2969,11951.292
2007,4,544,11630.7,11683.0381,11747.2949,11817.7786,11891.6397,11965.9625
2007,4,546,11630.7,11674.0719,11723.3735,11787.3269,11863.2086,11948.297
2007,4,548,11630.7,11650.5746,11724.066,11800.8046,11887.2123,11984.4366
2007,4,549,11630.7,11682.6885,11740.6689,11790.2518,11834.2187,11875.4227
2007,4,550,11630.7,11755.9757,11808.9262,11883.6632,11927.7337,11961.0304
2007,4,552,11630.7,11671.2,11720.8,11782.8,11863.9,11958.4
2007,4,553,11630.7,11687.1936,11744.9401,11805.4192,11874.7561,11946.0361
2007,4,554,11630.7,11665.4,11738.43,11811.46,11884.49,11957.52
2007,4,555,,,,,,
2008,1,99,11677.4,11720.0,11765.0,11820.0,11910.0,11990.0
2008,1,407,11677.4,11691.969,11735.57,11808.239,11888.597,11962.214
2008,1,411,11677.4,11698.5,11780.0,11925.3,12015.3,12087.5
2008,1,420,11677.4,11672.0,11684.0,11752.0,11825.0,11917.0
2008,1,421,11677.4,11703.6741,11759.2666,11832.762,11939.2569,12070.5887
2008,1,422,11677.4,11648.2,11619.0,11730.6,11777.3,11835.7
2008,1,423,11677.4,11744.0,11823.0,11926.0,12025.0,12139.0
2008,1,424,11677.4,11691.4259,11707.1968,11767.4539,11830.4527,
2008,1,426,11677.4,11659.8444,11720.5823,11804.6477,11915.2284,12032.634
2008,1,431,11677.4,11670.5,11728.7,11866.5,11913.9,11995.6
2008,1,446,11677.4,11686.1482,11715.2547,11787.7984,11869.4605,11954.5938
2008,1,448,11677.4,11712.4322,11755.8519,11829.8576,11903.2685,11982.1525
2008,1,463,11677.4,11706.4847,11787.5834,11889.398,11971.7639,12054.7005
2008,1,472,11677.4,11681.7712,11754.0316,11862.1008,11933.3157,
2008,1,483,11677.4,11654.3455,11630.4128,11620.4587,11671.3638,11742.4409
2008,1,484,11677.4,11685.3229,11715.1485,11761.8408,11824.5031,11877.8016
2008,1,498,11677.4,11660.0,11645.0,11642.0,11644.0,
2008,1,504,11677.4,11720.9461,11764.6545,11851.9138,11968.6955,12064.778
2008,1,507,11677.4,11638.7801,11704.7326,11815.6973,11889.3385,11960.2033
2008,1,508,11677.4,11722.8881,11802.5806,11900.8988,11997.7009,12122.0132
2008,1,510,11677.4,11726.6915,11759.9481,11820.1012,11901.2881,11989.8566
2008,1,512,11677.4,11721.4,11776.1,11867.9,11956.8,12044.1
2008,1,516,11677.4,11696.7316,11680.1999,11673.892,11768.1398,11862.8876
2008,1,518,11677.4,11678.003,11674.8767,11726.488,11783.9743,11850.9521
2008,1,519,11677.4,11697.0,11738.0,11865.0,11975.0,12006.0
2008,1,520,11677.4,11734.3221,11765.6077,11833.0056,11917.4431,
2008,1,521,11677.4,11692.9698,11693.4677,11767.2429,11812.3146,11783.0643
2008,1,523,11677.4,11789.9017,11861.6319,11947.6954,12030.8436,12117.8892
2008,1,524,11677.4,11728.6857,11764.3161,11831.4825,11898.1098,11961.7931
2008,1,526,11677.4,11689.0599,11674.4211,11674.4211,11709.2879,
2008,1,527,11677.4,11697.0,11688.0,11727.0,11797.0,11864.0
2008,1,528,11677.4,11711.4391,11767.1053,11842.5887,11918.1245,12006.6621
2008,1,531,11677.4,11710.0,11783.0,11879.0,11980.8,12062.8
2008,1,532,11677.4,11672.2,11694.9,11778.7,11854.4,
2008,1,535,11677.4,11689.0599,11706.5542,11784.7857,11872.1943,11948.6224
2008,1,539,11677.4,11705.1444,11753.1287,11833.1549,11896.2991,
2008,1,540,11677.4,11701.8,11767.8,11874.0,11945.1,12009.2
2008,1,541,11677.4,11711.093,11736.0079,11777.9275,11822.1798,
2008,1,542,11677.4,11707.6607,11780.5324,11868.4271,11957.5215,12046.6707
2008,1,543,11677.4,11669.0713,11715.5693,11794.1016,11892.1836,11983.4912
2008,1,546,11677.4,11665.705,11651.0955,11700.3001,11769.8788,11813.7697
2008,1,548,11677.4,11726.1537,11801.0971,11928.8616,12025.279,12127.0887
2008,1,549,11677.4,11706.4847,11729.8277,11744.4626,11782.4474,
2008,1,550,11677.4,11723.1333,11802.4011,11882.3045,12038.898,12209.4408
2008,1,551,11677.4,11683.2343,11712.3335,11756.0098,11799.8491,11858.4109
2008,1,552,11677.4,11654.5,11688.4,11720.7,11800.2,11903.0
2008,1,553,,,,,,
2008,1,554,11677.4,11687.1,11724.9,11801.0,11957.52,12030.6
2008,1,555,11677.4,11700.837,11731.1875,11819.5903,11907.4035,11995.4352
2008,1,557,11677.4,11690.894,11739.6216,11798.6919,11829.1757,11899.9987
2008,2,20,11693.1,11711.1,11731.1,11753.5,11777.6,11803.6
2008,2,84,11693.1,11712.0,11778.0,11843.0,11880.0,11935.0
2008,2,407,11693.1,11722.224,11812.034,11873.564,11947.088,12021.068
2008,2,411,11693.1,11758.3,11851.8,11859.0,11948.9,12054.1
2008,2,421,11693.1,11722.3327,11798.5279,11842.7724,11970.0822,12053.8728
2008,2,422,11693.1,11672.6,11695.9,11687.1,11713.3,11762.8
2008,2,424,11693.1,11688.6045,11733.484,11763.1045,,
2008,2,426,11693.1,11687.2491,11666.7425,11718.8921,11797.2061,11881.8211
2008,2,428,11693.1,11673.46,11741.61,11843.48,11925.49,12034.11
2008,2,429,11693.1,11681.5,11728.7,11790.2,11864.7,11947.3
2008,2,431,11693.1,11719.8,11821.8,11868.9,11948.7,12032.6
2008,2,446,11693.1,11672.5831,11744.8626,11803.1516,11847.1666,11923.4336
2008,2,463,11693.1,11693.3923,11745.6611,11795.265,11874.0894,11956.3493
2008,2,472,11693.1,11699.1097,11772.2495,11844.7183,11932.8509,12002.0149
2008,2,483,11693.1,11685.9133,11665.0168,11655.3812,11684.9987,11750.0035
2008,2,484,11693.1,11699.0738,11715.0835,11755.0483,11808.2841,11872.2458
2008,2,504,11693.1,11736.7046,11852.3511,11954.7252,12028.7518,12103.2368
2008,2,506,11693.1,11666.65,11732.67,11749.66,11756.15,11825.34
2008,2,507,11693.1,11712.1469,11795.7091,11853.4332,11912.04,11988.4404
2008,2,508,11693.1,11719.2965,11797.9115,11901.4556,12014.2946,12133.1506
2008,2,510,11693.1,11710.495,11769.2283,11831.0569,11890.6509,11943.3489
2008,2,512,11693.1,11742.482,11800.7591,11876.7273,11956.0961,12030.1312
2008,2,516,11693.1,11666.8088,11680.4997,11666.2301,11754.182,11856.3621
2008,2,519,11693.1,11720.0,11805.0,11875.0,11933.0,12025.0
2008,2,520,11693.1,11726.39,11796.0152,11864.4684,11937.7077,12016.0465
2008,2,521,11693.1,11681.1749,11723.7023,11710.4511,11694.7704,11723.8645
2008,2,523,11693.1,11821.4444,11905.8936,11989.3383,12079.283,12171.7556
2008,2,524,11693.1,11684.759,11694.8298,11733.6834,11798.1223,11869.9931
2008,2,526,11693.1,11634.1908,11590.315,11604.7758,11690.8493,11800.3639
2008,2,528,11693.1,11770.9522,11815.7553,11827.0476,11871.7363,11967.2516
2008,2,530,11693.1,11358.0,11892.0,11734.0,11525.0,11692.0
2008,2,531,11693.1,11731.0,11798.0,11871.0,,
2008,2,532,11693.1,11719.2529,11784.1567,11812.2154,11778.5252,
2008,2,535,11693.1,11704.7756,11751.3164,11800.9442,11865.3207,11932.9656
2008,2,540,11693.1,11673.9,11737.1,11788.1,11826.2,11889.1
2008,2,541,11693.1,11683.9737,11726.1425,11745.1093,11797.4577,11861.9689
2008,2,542,11693.1,11723.1504,11825.5645,11899.4679,11972.6491,12061.9971
2008,2,543,11693.1,11703.7441,11772.04,11828.4648,11903.7666,11981.2949
2008,2,544,11693.1,11675.5603,11728.1004,11786.7409,11872.1947,11958.2682
2008,2,546,11693.1,11657.8617,11678.2097,11704.3974,11733.5493,11783.1021
2008,2,548,11693.1,11686.6301,11767.4531,11829.104,11845.9243,11921.6435
2008,2,549,11693.1,11736.7046,11797.8429,11827.2276,11850.8114,
2008,2,550,11693.1,11692.4,11742.4,11793.4,11999.5,12015.6
2008,2,551,11693.1,11722.2238,11765.937,11818.53,11877.1846,11941.977
2008,2,552,11693.1,11685.4,11726.6,11783.1,11826.6,11898.8
2008,2,553,11693.1,11716.8167,11812.9786,11859.4449,11938.6116,12020.5312
2008,2,554,11693.1,11687.1,11724.9,11801.0,11957.52,12030.6
2008,2,555,11693.1,11709.9,11745.1,11779.8,11852.6,11927.5
2008,2,556,11693.1,11655.7244,11709.5763,11742.5042,11797.3064,11875.2558
2008,2,557,11693.1,11654.5389,11669.7172,11693.7032,11796.2878,11823.215
2008,3,20,11700.6,11720.6,11743.0,11767.8,11793.0,11833.0
2008,3,84,11700.6,11714.0,11755.0,11801.0,11837.0,11870.0
2008,3,99,11700.6,11780.0,11888.0,11927.0,11976.0,12101.0
2008,3,407,11700.6,11758.669,11773.34,11802.664,11875.749,11934.687
2008,3,411,11700.7,11733.5,11713.0,11783.0,11862.8,11948.2
2008,3,420,11700.6,11733.0,11745.0,11792.0,11860.0,11940.0
2008,3,421,11700.6,11791.2796,11800.1231,11876.8239,11986.6845,12061.6013
2008,3,424,11700.6,11723.1853,11736.9258,11786.9354,11842.4529,11910.1079
2008,3,426,11700.6,11668.2898,11720.4463,11798.7707,11883.397,11980.2446
2008,3,428,11700.6,11758.05,11791.76,11823.26,11896.65,11998.0
2008,3,431,11700.6,11715.2,11706.3,11752.4,11801.4,11878.1
2008,3,446,11700.6,11729.7424,11729.7424,11773.4837,11852.1625,11934.2705
2008,3,463,11700.6,11752.901,11779.2562,11805.6706,11864.2613,11946.4531
2008,3,472,11700.6,11752.8844,11809.87,11884.4407,11973.7027,12051.6454
2008,3,483,11700.6,11693.4397,11658.7029,11641.788,11662.5162,11708.8119
2008,3,484,11700.6,11757.0144,11813.8045,11849.153,11899.2605,11958.3157
2008,3,497,11700.6,11735.005,11747.5157,11793.9489,11852.8381,11923.5378
2008,3,504,11700.6,11758.6693,11831.4818,11890.2007,11978.3912,12081.8539
2008,3,510,11700.6,11779.712,11802.0719,11859.3453,11917.7807,11993.6862
2008,3,512,11700.6,11730.1,11780.2,11840.55,11913.4,11987.7
2008,3,516,11700.6,11716.5631,11700.2154,11753.8068,11821.3888,11903.3776
2008,3,518,11700.6,11716.3427,11701.384,11691.7773,11722.3073,11771.479
2008,3,519,11700.6,11758.6693,11770.7034,11807.6072,11895.4738,11986.3203
2008,3,520,11700.6,11721.0225,11712.2218,11709.2927,11752.9577,11814.1807
2008,3,521,11700.6,11734.1979,11720.2324,11719.5647,11755.5322,11806.3319
2008,3,523,11700.6,11826.7,11927.1,12043.0,12163.3,12290.0
2008,3,526,11700.6,11678.5994,11672.7557,11701.8288,11788.6221,11919.0631
2008,3,527,11700.6,11698.0,11692.0,11707.0,11729.0,11793.0
2008,3,528,11700.6,11754.6622,11778.6892,11827.0658,11887.4633,11945.1148
2008,3,532,11700.6,11772.3,11806.0,11810.8,11878.5,
2008,3,533,11700.6,11703.0,11689.0,11665.0,11701.0,11726.0
2008,3,535,11700.6,11758.6693,11770.4103,11805.5638,11875.7684,11958.0399
2008,3,540,11700.6,11718.6,11718.9,11717.8,11718.5,11766.6
2008,3,541,11700.6,11725.2202,11778.0296,11823.8138,11890.1457,11974.4898
2008,3,542,11700.6,11788.0013,11831.8439,11906.1902,11995.5231,12070.5679
2008,3,543,11700.6,11718.2295,11699.9775,11734.0566,11781.9502,11856.1357
2008,3,546,11700.6,11755.7862,11785.0661,11820.2633,11855.5656,11905.6337
2008,3,548,11700.6,11763.8996,11781.3946,11786.7193,11847.7212,11925.2528
2008,3,549,11700.6,11729.7424,11750.2158,11773.6461,11820.4607,11855.7636
2008,3,552,11700.6,11770.0,11810.0,11838.0,11906.0,11994.0
2008,3,553,11700.6,11761.4989,11783.4086,11847.2147,11912.5189,11988.0286
2008,3,554,11745.4,11794.3333,11887.2333,11970.9833,12057.8333,12135.3833
2008,3,555,11700.6,11763.7,11799.7,11832.8,11898.1,11970.5
2008,3,556,11700.6,11686.9365,11704.2671,11736.6599,11779.8061,11823.76
2008,3,557,11700.6,11715.769,11659.2894,11718.6916,11766.5601,11823.3649
2008,3,559,11700.6,11722.1137,11728.9346,11747.8013,11785.9512,11840.9859
2008,3,561,11700.7,11772.5,11751.4,11815.6,11898.2,11979.0
2008,4,84,11720.0,11629.0,11638.0,11664.0,11700.0,11732.0
2008,4,99,11720.0,11646.0531,11648.9635,11680.8669,11727.3126,11782.6248
2008,4,407,11720.0,11646.053,11631.468,11660.438,11718.308,11747.495
2008,4,411,11720.0,11608.4,11596.9,11639.8,11714.9,11802.3
2008,4,420,11713.0,11650.0,11600.0,11600.0,11632.0,11687.0
2008,4,421,11720.0,11620.38,11637.8106,11690.1807,11766.1669,11907.3609
2008,4,423,11720.0,11799.0,11895.0,11963.0,12028.0,12148.0
2008,4,426,11720.0,11600.9998,11589.3814,11658.3005,11747.6205,11843.3616
2008,4,428,11720.0,11655.34,11626.06,11625.2,11689.0,11786.46
2008,4,429,11720.0,11603.9,11550.6,11570.5,11596.4,11625.3
2008,4,431,11720.0,11593.0,11545.2,11567.1,11604.5,11661.1
2008,4,433,11720.0,11619.084,11575.2652,11598.3466,11650.1905,11719.4712
2008,4,446,11720.0,11631.0935,11587.2293,11630.4392,11711.0111,11800.735
2008,4,463,11720.0,11631.0934,11607.7611,11659.6471,11746.1276,11836.1206
2008,4,472,11720.0,11636.6809,11553.2329,11512.6457,11540.5375,11628.6938
2008,4,483,11720.0,11633.0286,11582.4955,11561.2518,11626.3438,11703.4285
2008,4,484,11720.0,11639.8683,11558.9589,11498.5178,11449.9291,11410.6204
2008,4,497,11720.0,11608.5852,11548.6986,11548.7611,11592.1126,11648.2111
2008,4,504,11720.0,11660.9553,11675.5042,11733.449,11820.4768,11908.1501
2008,4,506,11720.0,11622.15,11560.31,11546.01,11556.15,11589.95
2008,4,507,11720.0,11610.6448,11602.1901,11625.7541,11684.4578,11747.4372
2008,4,508,11720.0,11628.4931,11606.1412,11608.416,11645.9928,11715.8487
2008,4,510,11720.0,11763.5629,11803.6516,11837.4104,11891.4865,11996.225
2008,4,512,11720.0,11643.0658,11613.8483,11639.8917,11665.9936,11721.0165
2008,4,516,11720.0,11628.8335,11588.8421,11582.775,11626.4293,11680.2753
2008,4,518,11720.0,11669.6312,11646.5336,11638.625,11647.9138,11662.6895
2008,4,519,11720.0,11619.0,11601.0,11643.0,11708.0,11776.0
2008,4,520,11720.0,11649.2885,11597.7039,11592.9135,11635.2229,11687.3053
2008,4,524,11720.0,11660.5905,11634.1491,11624.099,11622.5641,11650.6935
2008,4,527,11720.0,11609.0,11551.0,11522.0,11536.0,11579.0
2008,4,528,11720.0,11684.814,11651.2741,11663.7554,11691.5138,11754.5292
2008,4,531,11720.0,11617.2,11638.4,11732.4,11901.5,12016.5
2008,4,532,11720.0,11680.5706,11643.1616,11630.4497,11647.8079,11701.2946
2008,4,535,11720.0,11610.0525,11536.7993,11556.9359,11617.1378,11697.6176
2008,4,538,11720.0,11674.7205,11590.2727,11577.371,11596.567,11645.3282
2008,4,540,11720.0,11606.0567,11523.289,11499.0501,11540.8311,11588.9958
2008,4,542,11720.0,11615.0767,11570.6747,11599.4735,11685.0488,11772.3685
2008,4,543,11720.0,11609.206,11550.2539,11529.6621,11588.7949,11654.8643
2008,4,544,11720.0,11623.31,11536.1352,11582.2797,11631.5044,11695.4777
2008,4,546,11720.0,11646.0531,11578.5028,11537.7636,11563.6364,11612.4716
2008,4,548,11720.0,11608.305,11504.1585,11479.3957,11471.639,11502.5517
2008,4,549,11720.0,11660.9553,11643.4244,11655.0504,11669.5919,11704.4443
2008,4,551,11720.0,11693.5405,11664.1964,11693.2482,11736.8533,11795.1025
2008,4,552,11720.0,11594.2,11531.6,11567.1,11638.7,11722.3
2008,4,553,11720.0,11661.9143,11607.8833,11612.6884,11643.7672,11692.7259
2008,4,554,11720.0,11687.6,11706.2,11716.5,11780.6,11824.0
2008,4,555,11720.0,11608.4,11534.9,11533.7,11563.0,11609.8
2008,4,556,11720.0,11636.8336,11634.0503,11707.0694,11769.5057,11854.3952
2008,4,557,11720.0,11683.9568,11666.0717,11662.6907,11668.1408,11677.4399
2008,4,560,11720.0,11676.1,11700.6,11796.2,11908.3,12024.4
2008,4,561,11720.0,11640.8,11602.1,11660.8,11734.6,11791.7
2009,1,411,11599.4,11445.9,11434.8,11492.9,11559.0,11654.7
2009,1,420,11599.4,11463.0,11410.0,11473.0,11555.0,11605.0
2009,1,421,11599.4,11506.6048,11520.9881,11569.9523,11708.7917,11787.826
2009,1,423,11599.4,11648.0,11679.0,11730.0,11836.0,11932.0
2009,1,424,11599.4,11468.1118,11438.6489,11490.8489,11581.0489,
2009,1,426,11599.4,11469.6456,11397.2783,11417.1714,11473.834,11536.4261
2009,1,428,11599.4,11451.98,11388.68,11375.54,11423.91,11482.91
2009,1,431,11599.4,11376.1,11354.3,11381.7,11427.3,11488.4
2009,1,446,11599.4,11445.5748,11402.4104,11430.8101,11493.1675,11578.4131
2009,1,463,11599.4,11466.645,11408.8767,11423.1111,11502.2468,11587.5598
2009,1,472,11599.4,11445.1156,11383.4955,11438.8487,11539.7122,11667.162
2009,1,483,11599.4,11385.5639,11289.2988,11224.3732,11228.6015,11313.9396
2009,1,484,11599.4,11468.8885,11371.3842,11293.8926,11236.905,11200.9684
2009,1,504,11599.4,11451.6068,11522.5179,11607.9813,11694.0785,11795.0855
2009,1,506,11599.4,11422.1,11324.1,11323.8,11372.8,11448.6
2009,1,507,11599.4,11444.3343,11425.3602,11503.6533,11603.629,11677.697
2009,1,508,11599.4,11447.2335,11384.6114,11382.4664,11450.1374,11496.7095
2009,1,510,11599.4,11540.2594,11549.8172,11581.2048,11654.2247,11688.5917
2009,1,512,11599.4,11461.5,11424.8,11424.5,11468.7,11550.5
2009,1,516,11599.4,11469.9645,11384.4432,11318.143,11278.1204,11341.0979
2009,1,518,11599.4,11436.1032,11312.016,11254.5105,11215.8457,11208.2826
2009,1,520,11599.4,11464.3934,11413.9547,11428.0762,11464.9594,11516.1174
2009,1,524,11599.4,11438.7,11389.9,11386.6,11382.1,11441.6
2009,1,526,11599.4,11466.645,11437.8703,11466.3583,11565.3984,11679.357
2009,1,528,11599.4,11493.2189,11490.3173,11552.569,11615.4037,11675.5097
2009,1,532,11599.4,11418.6264,11381.7663,11384.8091,11411.9402,
2009,1,535,11599.4,11439.5334,11402.1722,11424.9085,11495.6543,11586.5362
2009,1,538,11599.4,11419.2632,11346.2586,11395.1998,11473.4186,
2009,1,540,11599.4,11444.9,11368.2,11401.5,11455.5,11543.4
2009,1,541,11599.4,11400.4237,11336.3457,11396.4702,11447.5411,11502.4451
2009,1,542,11599.4,11437.9963,11395.4812,11451.2457,11535.3627,11620.0859
2009,1,543,11599.4,11427.6914,11377.7578,11362.2119,11396.3984,11481.4736
2009,1,544,11599.4,11431.2087,11374.0527,11371.2091,11433.7508,11513.787
2009,1,546,11599.4,11427.4216,11343.6563,11380.3448,11445.2248,11510.4748
2009,1,548,11599.4,11397.0427,11356.6873,11380.9558,11441.2164,11512.1216
2009,1,549,11599.4,11451.6068,11428.6345,11457.0996,11516.7814,11568.2607
2009,1,552,11599.4,11445.5748,11352.8905,11367.0551,11412.253,11474.5091
2009,1,553,11599.4,11473.3558,11421.7124,11442.7654,11480.1385,11542.1081
2009,1,555,11599.4,11400.3,11355.3,11343.4,11350.5,11391.2
2009,1,556,11599.4,11465.5302,11528.8484,11581.7943,11673.0346,11745.8181
2009,1,557,11599.4,11560.7919,11529.9454,11512.3552,11527.9195,11631.2168
2009,1,559,11599.4,11407.6,11325.5,11325.4,11354.4,11407.3
2009,1,560,11599.4,11512.4045,11489.3797,11518.1031,11575.6937,11650.5533
2009,2,20,11340.9,11300.9,11280.9,11311.0,11300.0,11350.0
2009,2,84,11340.9,11288.0,11257.0,11247.0,11260.0,11300.0
2009,2,407,11340.9,11326.697,11283.981,11312.086,11382.133,11466.555
2009,2,411,11340.9,11324.5,11375.2,11434.3,11497.3,11594.7
2009,2,420,11340.9,11280.0,11350.0,11430.0,11515.0,11595.0
2009,2,421,11394.6101,11451.5832,11591.8651,11644.0285,11708.0706,11778.319
2009,2,423,11340.9,11295.0,11291.0,11363.0,11437.0,11509.0
2009,2,424,11340.9,11370.1052,11334.4752,11389.9052,,
2009,2,426,11340.9,11286.6426,11226.9153,11263.2262,11291.2793,11338.9643
2009,2,428,11340.9,11271.62,11288.13,11295.06,11336.64,11403.12
2009,2,431,11340.9,11311.3,11335.1,11380.4,11438.2,11505.3
2009,2,433,11340.9,11286.6426,11255.4755,11272.3208,11308.7786,11362.1168
2009,2,446,11340.9,11306.7231,11320.8301,11365.8442,11427.8472,11512.6083
2009,2,463,11340.9,11254.8693,11282.9015,11338.8978,11409.111,11502.0933
2009,2,472,11340.9,11239.6557,11259.2967,11347.3917,11437.2067,11575.1176
2009,2,483,11340.9,11196.6142,11164.0721,11155.7428,11207.5291,11298.8517
2009,2,484,11340.9,11299.2628,11286.8221,11285.2351,11324.8105,11368.7547
2009,2,498,11340.9,11202.2886,11271.656,11346.9812,11431.1426,11496.3122
2009,2,504,11340.9,11383.1912,11481.5129,11580.6839,11680.7114,11795.8062
2009,2,506,11340.9,11269.2,11274.7,11294.7,11332.2,11412.5
2009,2,507,11340.9,11360.4353,11428.2289,11515.5763,11589.7884,11654.5147
2009,2,508,11340.9,11252.8657,11247.5696,11270.7702,11325.1208,11390.459
2009,2,510,11340.9,11440.1,11494.5,11561.1,11619.7,11702.7
2009,2,512,11340.9,11276.0,11296.8,11323.5,11360.4,11424.3
2009,2,516,11340.9,11320.2303,11307.2477,11349.1483,11393.9813,11455.8665
2009,2,518,11340.9,11196.0791,11148.2047,11120.5555,11115.534,11139.3623
2009,2,520,11340.9,11297.318,11309.9826,11359.3888,11414.434,11487.8808
2009,2,523,11340.9,11409.34,11484.28,11564.22,11650.1,11736.8
2009,2,524,11340.9,11288.3,11275.8,11266.9,11315.3,11371.8
2009,2,526,11340.9,11254.8693,11240.7742,11282.6921,11388.3832,11500.5976
2009,2,527,11340.9,11272.0,11250.0,11267.0,11328.0,11404.0
2009,2,528,11340.9,11291.9376,11313.1211,11358.4833,11411.5333,11494.2317
2009,2,531,11340.9,11348.1,11432.1,11541.1,11645.1,11746.1
2009,2,535,11340.9,11289.5178,11320.4367,11382.192,11463.8303,11565.6405
2009,2,538,11340.9,11333.2832,11332.0549,11362.3308,11405.9673,11470.9443
2009,2,540,11340.9,11326.3,11325.6,11378.7,11463.8,11551.2
2009,2,541,11340.9,11313.3796,11357.3676,11407.8125,11478.2624,11567.1454
2009,2,542,11340.9,11283.557,11338.6893,11422.0861,11506.7902,11604.8613
2009,2,543,11340.9,11288.1074,11271.8769,11324.2432,11379.5742,11440.1113
2009,2,544,11340.9,11289.8659,11292.6884,11343.5055,11400.223,11505.6751
2009,2,546,11340.9,11298.1303,11320.6591,11387.9801,11469.66,11565.9332
2009,2,548,11340.9,11267.0702,11270.9885,11291.809,11330.3397,11409.1896
2009,2,549,11340.9,11306.7231,11326.4582,11396.5944,11447.5365,11532.4437
2009,2,551,11340.9,11317.8812,11321.3954,11355.204,11427.9385,11535.1002
2009,2,553,11340.9,11285.0,11285.0,11321.0334,11377.0713,11466.0132
2009,2,555,11340.9,11298.0,11254.2,11302.1,11311.9,11370.9
2009,2,556,11340.9,11344.4226,11401.5124,11477.2338,11559.631,11643.9335
2009,2,557,11340.9,11367.6783,11436.5094,11508.4314,11526.0683,11536.4205
2009,2,558,11340.9,11353.7529,11368.1582,11425.3867,11481.7685,11591.6357
2009,2,560,11340.9,11289.0254,11317.9825,11395.7571,11477.4013,11517.3899
2009,2,561,11340.9,11330.9,11358.0,11404.8,11461.2,11555.4
2009,3,84,12892.4,12948.0,13009.0,13060.0,13092.0,13133.0
2009,3,407,12892.4,13003.757,13084.28,13165.301,13262.949,13345.076
2009,3,411,12892.4,12986.3,13079.9,13205.7,13323.2,13423.4
2009,3,420,12892.4,12973.0,13067.0,13168.0,13257.0,13343.0
2009,3,422,12892.4,13003.7,13116.0,13206.9,13308.0,13423.0
2009,3,423,12892.4,12890.0,12946.0,13039.0,13134.0,13278.0
2009,3,424,12892.4,12957.0,13037.8,13149.7578,13263.3658,13377.8767
2009,3,426,12892.4,12903.6287,12935.5409,12999.1471,13033.9864,13091.834
2009,3,433,12892.4,12934.0976,13001.4733,13065.9987,13137.2763,13218.6256
2009,3,446,12892.4,12940.4769,13020.6075,13117.1823,13220.8835,13331.856
2009,3,456,12892.4,12988.0,13084.4,13149.3,13214.6,13263.8
2009,3,463,12892.4,12950.0283,13014.2984,13085.2939,13159.894,13241.3833
2009,3,472,12892.4,12961.3544,13079.4924,13211.9346,13382.449,13532.9888
2009,3,483,12892.4,13001.9705,13108.2968,13246.4885,13416.176,13560.7985
2009,3,498,12892.4,12988.0239,13062.0694,13152.5592,13230.7741,13315.9481
2009,3,504,12892.4,13003.7574,13116.0767,13229.3661,13359.7204,13523.674
2009,3,510,12892.4,13029.7787,13152.0809,13233.2642,13338.8363,13454.7965
2009,3,512,12892.4,12946.1,12998.4,13051.8,13099.3,13126.4
2009,3,516,12892.4,12921.7769,12981.1055,13050.5447,13127.183,13215.4315
2009,3,518,12892.4,12898.8772,12859.1423,12867.2745,12908.7876,12953.4369
2009,3,520,12892.4,12940.8953,13028.7723,13116.0079,13212.3507,13305.0692
2009,3,523,12892.4,12927.43,12996.23,13082.21,13177.21,13277.14
2009,3,524,12892.4,12930.7,12949.2,12997.4,13064.2,13139.8
2009,3,527,12892.4,12964.0,12996.0,13039.0,13082.0,13185.0
2009,3,528,12892.4,12965.9004,13011.0447,13053.126,13149.942,13211.964
2009,3,531,12892.4,13016.0,13143.0,13247.0,13417.0,13523.0
2009,3,535,12892.4,12988.0239,13036.4574,13126.7697,13252.9254,13396.3621
2009,3,540,12892.4,12981.1,13079.4,13176.6,13262.6,13347.2
2009,3,543,12892.4,12968.3535,13042.6269,13116.1435,13201.582,13305.5137
2009,3,549,12892.4,12972.2329,13027.0169,13088.4592,13175.9256,13289.7319
2009,3,555,12892.4,12988.5,13053.3,13127.4,13187.5,13258.0
2009,3,556,12892.4,12997.8266,13043.9209,13126.3377,13213.7265,13260.9924
2009,3,557,12892.4,13012.4443,13065.4758,13060.5962,13095.3838,13134.1897
2009,3,560,12892.4,12972.9775,13151.3559,13278.0415,13384.2659,13484.6088
2009,4,84,12999.0,13068.0,13157.0,13224.0,13285.0,13353.0
2009,4,99,13014.0,13064.0,13140.0,13233.0,13320.0,13410.0
2009,4,407,13014.0,13078.588,13159.573,13257.179,13339.271,13389.014
2009,4,411,13014.0,13123.8,13240.2,13363.9,13496.3,13648.4
2009,4,421,13014.0,13127.8725,13173.82,13242.9826,13302.576,13385.7171
2009,4,422,13014.0,13142.2,13239.7,13354.1,13469.4,13585.8
2009,4,424,13014.0,13096.1566,13225.695,13357.2712,13455.7218,13554.6822
2009,4,426,13014.0,13038.9418,13040.8786,13103.0784,13220.869,13319.5253
2009,4,428,13014.0,13115.18,13162.34,13218.56,13299.85,13397.8
2009,4,446,13014.0,13107.3424,13204.5605,13312.1754,13427.1586,13546.4051
2009,4,456,13014.0,13110.5258,13175.5924,13240.982,13290.3588,13339.9197
2009,4,463,13014.0,13088.1936,13162.8102,13247.5467,13339.3214,13438.2601
2009,4,472,13014.0,13171.7973,13314.2455,13490.3465,13620.0149,13744.4351
2009,4,483,13014.0,13121.0034,13301.2095,13478.1928,13626.3518,13776.652
2009,4,484,13014.0,13104.1568,13143.2936,13185.8026,13241.4885,13290.8672
2009,4,498,13014.0,13123.2359,13236.5872,13344.4631,13453.2182,13553.0017
2009,4,504,13014.0,13126.4077,13239.7864,13370.2434,13534.3261,13700.4225
2009,4,506,13014.0,13100.94,13167.17,13244.67,13308.87,13387.06
2009,4,507,13014.0,13126.406,13228.9712,13352.2206,13458.0075,13541.2454
2009,4,508,13014.0,13081.1692,13171.9953,13241.3325,13325.2192,13404.3647
2009,4,510,13014.0,13168.8,13322.9,13437.8,13557.0,13720.1
2009,4,516,13014.0,13078.3545,13155.9783,13255.3328,13358.6534,13472.4663
2009,4,518,13014.0,13041.0365,13090.6015,13145.2885,13203.2606,13260.6569
2009,4,520,13014.0,13114.6808,13209.5887,13305.9371,13403.26,13521.6097
2009,4,524,13014.0,13079.3,13135.4,13199.3,13285.3,13384.0
2009,4,527,13014.0,13113.0,13200.0,13302.0,13397.0,13508.0
2009,4,528,13014.0,13100.6565,13181.8108,13263.805,13354.9281,13455.7886
2009,4,531,13014.0,13137.9,13262.9,13387.9,13509.9,13615.9
2009,4,532,13014.0,13063.227,13147.9793,13229.748,13301.8494,
2009,4,540,13014.0,13054.9,13147.6,13240.8,13334.1,13433.9
2009,4,541,13014.0,13094.6159,13181.6425,13290.313,13385.3347,13488.1941
2009,4,546,13014.0,13120.0619,13214.165,13315.4054,13417.4214,13516.9394
2009,4,548,13014.0,13080.6774,13128.7873,13199.9955,13259.3304,13337.4201
2009,4,549,13014.0,13104.1568,13178.8644,13263.7043,13381.4991,13519.8446
2009,4,553,13014.0,13113.206,13190.9398,13268.0788,13356.4807,13449.062
2009,4,555,13014.0,13079.8,13166.2,13253.5,13335.2,13407.5
2009,4,556,13014.0,13075.2773,13178.3694,13260.45,13327.3585,13388.5778
2009,4,557,13014.0,13053.4333,13094.5959,13163.9522,13198.5018,13233.6769
2009,4,558,13014.0,13001.4365,13020.2725,13075.6894,13187.8906,13313.9053
2009,4,560,13014.0,13082.3411,13146.037,13227.0435,13346.2379,13409.9775
2009,4,564,13014.0,13105.8279,13178.6231,13248.8297,13315.8691,13389.3231
2010,1,407,13155.0,13246.134,13344.381,13427.013,13477.083,13593.491
2010,1,411,13155.0,13261.8,13416.5,13534.8,13684.7,13829.7
2010,1,420,13155.0,13240.0,13352.0,13469.0,13583.0,13699.0
2010,1,421,13155.0,13240.5075,13286.8493,13346.6401,13430.0566,13493.8494
2010,1,422,13155.0,13278.2,13402.6,13528.2,13654.9,13772.8
2010,1,424,13155.0,13283.495,13412.7712,13511.2218,13611.9822,13705.0067
2010,1,426,13155.0,13221.7367,13280.1583,13361.5022,13472.1852,13552.6263
2010,1,428,13155.0,13240.6,13315.38,13379.51,13464.49,13582.25
2010,1,446,13155.0,13246.1336,13354.0873,13469.4325,13585.774,13706.4291
2010,1,456,13155.0,13236.459,13302.1506,13351.7555,13401.5454,13484.5311
2010,1,463,13155.0,13252.5716,13334.6348,13420.4774,13513.4501,13623.5824
2010,1,472,13155.0,13242.6367,13452.8322,13608.3354,13696.9042,13774.3597
2010,1,483,13155.0,13250.2796,13381.1451,13500.9402,13622.1906,13725.21
2010,1,484,13155.0,13253.7737,13323.4083,13390.0029,13457.2914,13505.1339
2010,1,498,13155.0,13220.2874,13340.914,13459.3945,13578.9273,13679.6431
2010,1,504,13155.0,13268.6256,13399.3668,13563.8069,13730.2651,13832.1035
2010,1,506,13155.0,13252.76,13332.25,13411.16,13502.75,13594.26
2010,1,507,13155.0,13232.6693,13314.3998,13405.0095,13511.2702,13610.4062
2010,1,508,13155.0,13233.0211,13311.6494,13404.0951,13490.032,13583.172
2010,1,510,13155.0,13281.9,13396.1,13555.8,13705.7,13819.1
2010,1,516,13155.0,13243.0096,13334.5331,13431.4126,13540.6986,13677.4673
2010,1,518,13155.0,13227.8058,13293.6419,13357.1072,13423.6593,13505.0743
2010,1,520,13155.0,13254.0392,13346.428,13438.949,13535.0324,13639.3608
2010,1,524,13155.0,13215.0,13287.1,13360.7,13442.5,13527.6
2010,1,527,13155.0,13257.0,13336.0,13416.0,13495.0,13583.0
2010,1,528,13155.0,13233.066,13323.0393,13413.2647,13502.3308,13561.3367
2010,1,532,13155.0,13231.1273,13315.3153,13398.914,13508.2696,
2010,1,535,13155.0,13281.427,13418.7379,13567.2161,13717.3372,13879.0626
2010,1,538,13155.0,13252.6266,13330.6878,13420.6857,13525.8007,
2010,1,540,13155.0,13201.8,13306.0,13398.5,13466.7,13561.7
2010,1,541,13155.0,13278.1266,13393.0689,13488.6365,13591.7044,13692.8883
2010,1,542,13155.0,13299.4084,13398.2591,13512.5007,13629.109,13713.3511
2010,1,546,13155.0,13242.9111,13337.8954,13449.85,13556.1812,13650.0941
2010,1,548,13155.0,13143.0972,13207.8915,13284.4061,13350.2224,13428.295
2010,1,549,13155.0,13246.1336,13324.905,13439.9981,13569.1641,13689.6717
2010,1,553,13155.0,13253.7233,13350.2608,13444.2683,13534.5871,13628.9784
2010,1,555,13155.0,13273.5,13332.1,13393.5,13740.8,13554.0
2010,1,556,13155.0,13219.8795,13322.2277,13427.9873,13491.3472,13574.4765
2010,1,557,13155.0,13141.3182,13212.3977,13265.1192,13304.9861,13371.4611
2010,1,558,13155.0,13183.799,13262.8784,13352.7434,13437.1817,13528.703
2010,1,560,13155.0,13219.5189,13301.7343,13423.2318,13487.7998,13547.4144
2010,1,564,13155.0,13227.2752,13292.083,13362.2771,13436.4544,13512.0993
2010,2,407,13254.7,13353.011,13435.696,13485.799,13602.282,13693.182
2010,2,411,13254.7,13374.265,13496.833,13632.012,13765.461,13901.775
2010,2,421,13254.7,13317.6598,13364.2716,13437.7751,13501.6046,13555.611
2010,2,422,13254.7,13420.6,13591.7,13761.8,13907.4,14054.6
2010,2,423,13254.7,13374.0,13530.0,13709.0,13904.0,14040.0
2010,2,424,13254.7,13393.9129,13492.6012,13591.3891,13685.1568,13779.4866
2010,2,426,13254.7,13304.5626,13394.327,13478.5146,13567.6083,13644.4036
2010,2,428,13254.7,13348.19,13433.85,13523.8,13652.29,13820.25
2010,2,431,13254.7,13384.2,13473.5,13567.1,13641.2,13736.2
2010,2,446,13254.7,13372.4149,13478.1339,13594.5505,13715.2836,13840.4267
2010,2,456,13254.7,13353.0111,13402.8056,13452.7859,13536.0888,13636.487
2010,2,463,13254.7,13359.4884,13474.8802,13601.1069,13735.1241,13870.4619
2010,2,472,13254.7,13372.8394,13480.7946,13587.371,13680.5314,13781.3215
2010,2,483,13254.7,13344.6074,13442.2344,13552.4843,13661.9015,13778.8356
2010,2,484,13254.7,13323.7458,13412.7846,13492.547,13549.5283,13583.2758
2010,2,498,13254.7,13353.0111,13471.599,13591.2402,13695.3695,13816.9979
2010,2,504,13254.7,13417.3648,13565.8278,13699.4974,13801.1076,13869.6015
2010,2,506,13254.7,13398.6,13500.0,13591.2,13674.5,13766.7
2010,2,507,13254.7,13375.7573,13453.7219,13549.484,13643.7041,13759.128
2010,2,510,13254.7,13398.7,13558.5,13708.7,13822.3,13912.6
2010,2,516,13254.7,13356.0781,13461.8676,13570.5601,13703.8017,13841.4981
2010,2,518,13254.7,13321.2536,13392.3222,13462.1024,13530.2045,13604.7557
2010,2,520,13254.7,13374.1004,13476.2906,13586.3326,13693.002,13792.613
2010,2,524,13254.7,13341.4,13414.1,13506.3,13609.4,13739.5
2010,2,527,13254.7,13358.0,13447.0,13538.0,13606.0,13677.0
2010,2,528,13254.7,13337.8773,13416.0992,13511.6373,13593.9116,13677.2863
2010,2,532,13254.7,13363.8699,13485.322,13596.1947,13709.8832,
2010,2,535,13254.7,13391.7346,13536.6736,13683.1813,13837.8941,13991.0103
2010,2,540,13254.7,13349.0,13424.0,13529.3,13615.1,13726.3
2010,2,541,13254.7,13404.9571,13563.2568,13678.2711,13772.8252,13857.7071
2010,2,542,13254.7,13385.0397,13500.1963,13616.5242,13700.1015,13800.3291
2010,2,546,13254.7,13346.5243,13429.1693,13518.9125,13619.1833,13726.8532
2010,2,548,13254.7,13326.8962,13402.4169,13488.2599,13582.2518,13681.3168
2010,2,549,13254.7,13356.2509,13468.3596,13581.4093,13682.1436,13780.2783
2010,2,551,13254.7,13369.1868,13491.172,13597.8299,13698.686,13800.2901
2010,2,553,13254.7,13362.705,13472.8376,13564.7013,13647.0358,13756.0209
2010,2,555,13254.7,13368.0481,13434.0578,13501.3733,13576.2505,13653.0323
2010,2,556,13254.7,13355.8514,13474.5509,13565.4365,13636.2717,13708.5248
2010,2,557,13254.7,13340.2921,13411.7212,13487.9084,13575.8581,13665.3888
2010,2,558,13254.7,13368.96,13447.57,13547.58,13636.13,13742.54
2010,2,559,13254.7,13386.8,13509.7,13636.3,13752.4,13865.1
2010,2,560,13254.7,13365.5725,13472.1497,13558.9835,13611.362,13696.1642
2010,2,563,13254.7,13394.9464,13513.9068,13627.3388,13731.7447,13840.3045
2010,2,564,13254.7,13333.7372,13410.1097,13489.3766,13575.3375,13673.8416
2010,3,407,13216.5,13314.528,13396.975,13446.933,13563.08,13653.718
2010,3,411,13216.5,13299.89,13403.23,13520.63,13645.22,13792.34
2010,3,420,13216.5,13315.0,13398.0,13478.0,13569.0,13664.0
2010,3,421,13216.5,13266.0619,13345.6582,13409.0501,13462.6863,13580.4848
2010,3,422,13216.5,13331.5,13446.4,13561.4,13676.4,13791.5
2010,3,423,13216.5,13371.0,13549.0,13720.0,13849.0,13960.0
2010,3,424,13216.5,13298.1012,13401.8891,13493.8568,13588.1866,13683.0783
2010,3,426,13216.5,13256.8954,13334.4929,13455.1788,13568.3623,13674.8601
2010,3,428,13216.5,13272.39,13342.18,13447.98,13587.5,13739.9
2010,3,446,13216.5,13298.3398,13400.2251,13506.164,13616.2369,13730.5278
2010,3,463,13216.5,13295.0951,13409.9308,13532.2878,13662.3407,13800.2767
2010,3,472,13216.5,13272.2599,13321.5711,13391.2727,13467.8142,13506.016
2010,3,483,13216.5,13229.7097,13307.4865,13400.084,13522.5404,13650.496
2010,3,484,13216.5,13265.6928,13362.0505,13429.8734,13489.7307,13548.3671
2010,3,498,13216.5,13311.2949,13396.9873,13473.3643,13553.4869,13647.3811
2010,3,504,13216.5,13330.6568,13462.0092,13578.2866,13662.3667,13730.172
2010,3,507,13216.5,13237.939,13304.0797,13377.4727,13472.4109,13568.5293
2010,3,510,13216.5,13331.5,13491.2,13572.5,13689.5,13780.7
2010,3,518,13216.5,13279.1604,13340.5126,13404.058,13473.6717,13546.8256
2010,3,520,13216.5,13293.8783,13384.5667,13475.96,13559.7604,13652.5813
2010,3,527,13216.5,13218.0,13262.0,13320.0,13393.0,13451.0
2010,3,528,13216.5,13271.9586,13346.4185,13430.8945,13531.7009,13631.9031
2010,3,532,13216.5,13328.0307,13448.6079,13557.7307,13668.2827,
2010,3,535,13216.5,13311.2949,13416.5307,13542.2107,13688.7783,13840.2446
2010,3,540,13216.5,13265.8,13373.6,13443.0,13530.0,13622.9
2010,3,546,13216.5,13272.3156,13338.1851,13407.6658,13497.2654,13587.4638
2010,3,548,13216.5,13438.7504,13514.1474,13589.0763,13676.9327,13784.2227
2010,3,549,13216.5,13288.5986,13387.1611,13466.7711,13550.1607,13660.5922
2010,3,551,13216.5,13304.8221,13380.6737,13447.0811,13530.3487,13604.1594
2010,3,555,13216.5,13266.2,13330.8,13397.5,13469.8,13541.4
2010,3,556,13216.5,13242.4038,13295.6258,13394.726,13506.9682,13604.1987
2010,3,558,13216.5,13370.1867,13503.9592,13587.645,13682.9411,13773.6442
2010,3,560,13216.5,13287.3547,13323.7296,13424.6673,13557.2005,13699.0205
2010,3,561,13216.6,13291.7,13388.0,13506.2,13630.7,13767.2
2010,3,563,13216.5,13327.4357,13429.5438,13529.1517,13629.4984,13733.9208
2010,3,566,13216.5,13282.5,13348.5,13448.5,13565.5,13682.5
2010,4,407,13260.7,13342.814,13392.57,13508.248,13598.519,13682.725
2010,4,411,13260.7,13316.376,13392.7,13498.752,13637.751,13787.544
2010,4,420,13260.7,13340.0,13413.0,13490.0,13568.0,13670.0
2010,4,421,13260.7,13340.2642,13406.9655,13490.7591,13629.0393,13789.1805
2010,4,422,13260.7,13375.1,13489.5,13603.8,13718.3,13832.7
2010,4,424,13260.7,13334.479,13427.1177,13520.7302,13614.2347,13709.0562
2010,4,426,13260.7,13302.0424,13374.7683,13461.7932,13580.3977,13686.3729
2010,4,428,13260.7,13330.31,13424.09,13522.44,13626.93,13766.7
2010,4,431,13260.7,13336.1,13424.6,13520.9,13620.6,13709.4
2010,4,446,13260.7,13326.5119,13409.033,13498.6417,13598.7621,13712.9064
2010,4,456,13260.7,13310.1503,13359.7851,13426.0888,13509.2264,13609.4253
2010,4,463,13260.7,13339.558,13435.2355,13548.0072,13674.9188,13809.6633
2010,4,472,13260.7,13362.6597,13458.5267,13549.2691,13625.7773,13711.7203
2010,4,483,13260.7,13314.6635,13406.9917,13534.8756,13666.9592,13803.9648
2010,4,484,13260.7,13335.0227,13421.025,13517.8516,13612.0791,13708.5514
2010,4,498,13260.7,13310.1503,13359.7851,13422.7968,13496.0209,13579.5916
2010,4,504,13260.7,13375.2386,13441.619,13508.3288,13625.0063,13759.259
2010,4,506,13260.7,13342.0,13413.0,13480.0,13563.0,13672.0
2010,4,507,13260.7,13351.6032,13452.5462,13561.3122,13664.1686,13780.8165
2010,4,508,13260.7,13330.1639,13415.633,13479.3921,13570.2841,13657.3896
2010,4,510,13260.7,13356.8,13432.0,13534.2,13628.9,13759.9
2010,4,516,13260.7,13335.066,13431.367,13536.7018,13648.4681,13762.5333
2010,4,518,13260.7,13320.8847,13386.8625,13456.6909,13538.9137,13619.6346
2010,4,520,13260.7,13320.8748,13392.2248,13482.0443,13586.1157,13690.7501
2010,4,523,13260.7,13317.0,13426.4,13530.7,13626.2,13734.0
2010,4,524,13260.7,13338.4,13445.7,13550.2,13653.3,13764.8
2010,4,526,13260.7,13342.8,13441.8,13557.9,13684.9,13819.7
2010,4,527,13260.7,13271.0,13334.0,13411.0,13491.0,13587.0
2010,4,528,13260.7,13316.0234,13394.4296,13471.8936,13561.9649,13692.3858
2010,4,532,13260.7,13349.0548,13458.0207,13580.2469,13699.4096,
2010,4,535,13260.7,13352.5659,13484.1341,13623.5407,13764.3885,13913.3608
2010,4,540,13260.7,13321.3,13411.2,13502.5,13580.5,13646.3
2010,4,541,13260.7,13334.0275,13401.8254,13477.6544,13575.4908,13678.2769
2010,4,542,13260.7,13360.2838,13442.1312,13541.2959,13657.6151,13775.4586
2010,4,546,13260.7,13297.0175,13359.7332,13445.7374,13552.0361,13669.0911
2010,4,548,13260.7,13286.2751,13357.1383,13420.4745,13503.9288,13623.1223
2010,4,549,13260.7,13342.8135,13412.3183,13501.949,13611.9875,13736.1882
2010,4,555,13260.7,13310.8,13375.0,13449.0,13524.5,13612.8
2010,4,556,13260.7,13308.4549,13340.1311,13422.2614,13540.841,13654.4407
2010,4,557,13260.7,13331.8028,13411.2573,13496.8041,13583.4601,13671.2497
2010,4,558,13260.7,13464.1032,13555.9628,13637.0436,13723.8429,13800.4727
2010,4,560,13260.7,13343.5794,13433.6485,13527.6841,13625.7598,13731.3594
2010,4,563,13260.7,13319.9745,13405.7228,13495.3094,13582.1864,13672.9522
2011,1,407,13382.6,13449.017,13565.182,13655.834,13740.395,13825.479
2011,1,411,13382.6,13513.163,13660.786,13815.31,13960.538,14086.678
2011,1,420,13382.6,13510.0,13618.0,13720.0,13826.0,13923.0
2011,1,422,13382.6,13524.2,13673.8,13815.2,13941.3,14071.9
2011,1,423,13382.6,13516.6445,13622.2064,13719.4935,13792.4046,13885.968
2011,1,424,13382.6,13497.369,13620.0817,13748.4177,13885.0977,
2011,1,426,13382.6,13507.5965,13652.7922,13780.4,13916.8,14047.71
2011,1,428,13382.6,13524.02,13665.03,13804.03,13958.2,14081.62
2011,1,431,13382.6,13475.5,13569.4,13674.7,13768.3,13848.6
2011,1,446,13382.6,13498.1915,13618.0688,13742.3249,13871.0568,13994.2455
2011,1,456,13382.6,13498.1915,13631.1946,13765.5084,13901.1455,14038.1191
2011,1,483,13382.6,13521.8313,13690.3921,13854.5072,14021.6216,14186.3479
2011,1,484,13382.6,13470.7926,13549.7791,13640.7823,13750.0256,13843.4321
2011,1,498,13382.6,13514.4642,13614.7019,13722.3364,13830.8218,13940.1649
2011,1,504,13382.6,13481.8597,13581.8556,13699.1682,13834.1516,13953.6434
2011,1,506,13382.6,13517.66,13627.23,13722.73,13841.26,13914.79
2011,1,507,13382.6,13511.3593,13633.9021,13755.9302,13876.5176,13958.8464
2011,1,508,13382.6,13507.4673,13614.5896,13679.5445,13788.1042,13922.5521
2011,1,510,13382.6,13478.2,13588.5,13684.8,13813.5,13873.3
2011,1,516,13382.6,13521.6113,13630.1697,13742.8552,13853.6141,13975.3558
2011,1,518,13382.6,13491.2525,13569.0214,13644.7743,13729.7547,13821.9137
2011,1,520,13382.6,13498.6645,13607.5627,13728.1208,13858.3299,13985.1778
2011,1,524,13382.6,13492.3,13587.5,13691.8,13802.0,13901.2
2011,1,526,13382.6,13501.5,13634.5,13775.4,13921.2,14041.5
2011,1,527,13382.6,13491.0,13569.0,13675.0,13777.0,13857.0
2011,1,528,13382.6,13505.5464,13625.5407,13766.289,13888.8369,13971.9907
2011,1,532,13382.6,13523.809,13674.1193,13806.6466,13905.7055,
2011,1,535,13382.6,13537.1477,13686.9361,13831.7559,13974.7564,14119.2353
2011,1,538,13382.6,13487.3304,13589.1437,13702.7357,13812.685,13927.0564
2011,1,540,13382.6,13467.7,13593.9,13706.2,13812.7,13957.7
2011,1,542,13382.6,13497.8755,13596.8355,13713.863,13832.3244,13953.0883
2011,1,548,13382.6,13508.61,13606.1553,13680.6063,13785.0015,13857.8594
2011,1,549,13382.6,13501.4507,13618.0688,13739.0107,13840.914,13923.2223
2011,1,553,13382.6,13489.0,13610.0,13719.0,13835.0,13956.0
2011,1,555,13382.6,13520.3,13622.2,13721.2,13822.8,13937.0
2011,1,556,13382.6,13464.0659,13561.788,13632.2843,13714.1758,13823.1258
2011,1,557,13382.6,13501.1324,13602.4426,13702.4524,13804.8196,13899.3635
2011,1,558,13382.6,13498.5146,13642.6247,13794.6631,13937.8982,14031.075
2011,1,560,13382.6,13479.6238,13580.721,13689.3668,13785.1924,13888.5813
2011,1,561,13390.1,13497.6,13618.1,13730.2,13857.3,13959.1
2011,1,563,13382.6,13491.6659,13608.1994,13719.1039,13827.5638,13933.5037
2011,1,564,13393.0,13506.8,13613.5,13718.0,13850.7,13896.6
2011,1,568,13382.6,13501.842,13623.9509,13757.5983,13880.7532,13997.1374
2011,2,407,13438.8,13538.477,13625.631,13716.688,13811.712,13897.238
2011,2,411,13438.8,13553.896,13667.831,13806.412,13927.87,14043.141
2011,2,420,13438.8,13563.0,13672.0,13775.0,13871.0,13962.0
2011,2,422,13438.8,13554.9,13665.3,13776.7,13878.9,13981.8
2011,2,423,13438.8,13521.72,13599.5837,13663.2636,13749.7966,13856.9018
2011,2,424,13438.8,13549.385,13676.4763,13812.0092,13948.977,14086.2386
2011,2,426,13438.8,13536.9,13685.8,13785.1048,13913.9172,14062.0465
2011,2,431,13438.8,13537.1,13630.1,13723.6,13792.8,13885.9
2011,2,446,13438.8,13548.3239,13662.0448,13783.3773,13902.4305,14019.1237
2011,2,463,13438.8,13538.5168,13655.455,13783.3732,13915.8392,14052.9576
2011,2,472,13438.8,13592.8819,13694.7876,13802.4954,13885.0968,13969.2482
2011,2,483,13438.8,13558.2642,13673.7761,13795.1567,13926.3356,14067.0388
2011,2,484,13438.8,13516.2096,13604.2761,13710.537,13787.9869,13886.9276
2011,2,498,13438.8,13531.8997,13628.9567,13730.0437,13835.2364,13941.2351
2011,2,504,13438.8,13554.8769,13680.205,13806.6918,13925.9464,14046.231
2011,2,506,13438.8,13547.95,13653.98,13782.07,13870.19,13948.75
2011,2,507,13438.8,13528.0239,13635.9578,13762.9245,13853.4689,13961.3522
2011,2,508,13438.8,13536.5696,13616.6633,13728.9922,13846.9799,13940.8453
2011,2,510,13438.8,13559.6,13696.5,13818.6,13891.5,13982.1
2011,2,516,13438.8,13573.4126,13717.9124,13847.8791,13946.1918,14048.6236
2011,2,518,13438.8,13503.2189,13572.5049,13640.8368,13729.469,13813.8596
2011,2,520,13438.8,13543.1748,13661.9867,13780.0485,13893.3435,14003.0181
2011,2,523,13438.8,13555.1819,13639.6462,13713.2457,13813.9839,13912.2023
2011,2,524,13438.8,13538.7,13651.8,13759.4,13848.6,13958.2
2011,2,526,13438.8,13619.9,13803.4,13989.4,14106.8,14245.8
2011,2,527,13438.8,13517.0,13621.0,13720.0,13791.0,13880.0
2011,2,532,13438.8,13562.7094,13696.1811,13811.8248,13931.3106,
2011,2,533,13438.8,13520.0,13600.0,13665.0,13706.0,13795.0
2011,2,535,13438.8,13571.218,13747.5693,13903.0101,14043.3759,14195.3677
2011,2,540,13438.8,13517.5,13621.2,13719.2,13825.5,13928.7
2011,2,542,13438.8,13554.4396,13670.5264,13787.8689,13907.3201,14026.6903
2011,2,546,13438.8,13531.8997,13642.1823,13763.3384,13882.2185,14005.5064
2011,2,548,13438.8,13553.6193,13661.2678,13787.7808,13874.6418,13950.4473
2011,2,549,13438.8,13548.3239,13665.3468,13766.7037,13848.5707,13958.0541
2011,2,553,13438.8,13543.3253,13664.0359,13783.3638,13892.9944,14015.2788
2011,2,555,13438.8,13504.5,13602.1,13701.9,13790.0,13876.7
2011,2,556,13438.8,13522.5938,13626.4276,13716.9161,13787.9545,13918.1327
2011,2,557,13438.8,13583.6763,13713.4172,13820.3902,13898.6927,13974.3041
2011,2,558,13438.8,13584.1435,13707.2059,13842.4382,13956.0895,14072.2683
2011,2,559,13438.8,13560.277,13696.6408,13840.4288,13958.9465,14094.6404
2011,2,561,13438.9,13517.2,13608.4,13724.2,13843.1,13940.4
2011,2,563,13438.8,13545.0438,13645.5084,13746.7181,13848.6785,13954.7802
2011,2,564,13438.84,13530.0,13625.1,13728.0,13835.5,13940.9
2011,2,568,13438.8,13566.9072,13695.2391,13807.5077,13913.0298,14042.0001
2011,3,407,13270.1,13365.279,13454.596,13547.805,13631.696,13716.107
2011,3,420,13270.1,13323.0,13390.0,13464.0,13545.0,13630.0
2011,3,422,13270.1,13378.2,13490.5,13587.3,13681.4,13806.3
2011,3,423,13270.1,13323.0,13385.0,13461.0,13542.0,13646.0
2011,3,426,13270.1,13274.84,13296.9,13359.31,13448.5,13543.1
2011,3,431,13270.1,13344.5,13457.3,13519.9,13601.0,13693.1
2011,3,433,13270.1,13345.7537,13434.9395,13514.8336,13601.8363,13702.7221
2011,3,446,13270.1,13352.2717,13444.772,13534.6195,13635.0068,13739.4714
2011,3,456,13270.1,13335.9586,13402.1441,13468.658,13552.0592,13635.9769
2011,3,463,13270.1,13345.7537,13428.3939,13521.4214,13625.0158,13736.0574
2011,3,472,13270.1,13381.6,13428.6,13478.8,13493.3,13544.8
2011,3,483,13270.1,13337.8514,13427.7751,13518.7688,13623.9551,13731.9293
2011,3,484,13270.1,13289.9605,13349.3658,13412.3285,13498.6713,13598.7919
2011,3,498,13270.1,13329.4166,13402.1312,13475.2425,13558.6845,13652.6147
2011,3,504,13270.1,13368.5253,13492.1303,13616.8783,13734.4933,13853.1243
2011,3,507,13270.1,13354.987,13438.1128,13510.1599,13601.2939,13713.5151
2011,3,510,13270.1,13362.2,13438.5,13489.6,13585.0,13663.1
2011,3,516,13270.1,13352.5187,13443.4614,13545.3456,13650.1769,13758.4339
2011,3,518,13270.1,13294.0769,13339.798,13399.1309,13467.9428,13540.0424
2011,3,520,13270.1,13320.8672,13390.7413,13474.8298,13564.5993,13659.4873
2011,3,523,13270.1,13355.6,13420.2,13489.3,13561.1,13635.2
2011,3,524,13270.1,13336.8,13416.6,13496.4,13588.8,13710.3
2011,3,527,13270.1,13283.0,13299.0,13305.0,13330.0,13367.0
2011,3,532,13270.1,13343.5415,13429.4465,13497.871,13591.6197,
2011,3,540,13270.1,13365.1,13438.9,13529.1,13613.4,13719.3
2011,3,542,13270.1,13335.9586,13418.5381,13501.629,13585.2344,13685.9971
2011,3,546,13270.1,13342.491,13428.3842,13531.2658,13638.2407,13752.7163
2011,3,548,13270.1,13589.786,13678.237,13746.3195,13807.1345,13880.7661
2011,3,549,13270.1,13339.226,13431.6359,13501.6034,13598.4431,13715.8989
2011,3,551,13270.1,13340.2143,13419.4364,13492.8039,13564.8244,13631.1164
2011,3,554,13270.1,13287.8,13361.5,13404.0,13448.5,13479.5
2011,3,555,13270.1,13344.4,13409.5,13466.8,13532.7,13604.0
2011,3,557,13270.1,13401.3032,13528.7982,13592.8737,13669.9624,13745.9831
2011,3,558,13270.1,13621.0464,13722.1356,13812.9584,13922.4552,14019.228
2011,3,561,13270.2,13344.9,13436.9,13508.6,13603.4,13716.9
2011,3,563,13270.1,13342.491,13421.8354,13508.2394,13605.1268,13706.037
2011,3,568,13270.1,13330.6868,13407.7592,13505.593,13612.3649,13727.838
2011,4,407,13352.8,13442.033,13535.155,13618.968,13703.3,13771.309
2011,4,411,13352.8,13450.119,13526.149,13598.741,13685.502,13773.915
2011,4,420,13352.8,13433.0,13514.0,13609.0,13711.0,13815.0
2011,4,421,13352.8,13471.3861,13564.7115,13671.9508,13756.6109,13898.8345
2011,4,422,13352.8,13461.6,13568.0,13665.4,13773.4,13875.6
2011,4,424,13352.8,13416.7134,13490.9273,13563.8923,13639.8414,13718.3745
2011,4,426,13352.8,13418.5,13499.71,13584.5,13698.3,13793.2
2011,4,428,13352.8,13443.19,13519.88,13622.99,13733.33,13853.55
2011,4,431,13352.8,13444.2,13507.7,13598.6,13690.9,13788.7
2011,4,433,13352.8,13438.8,13512.1681,13586.6876,13667.2598,13773.2326
2011,4,446,13352.8,13435.4838,13512.0803,13589.1135,13673.2607,13767.9846
2011,4,456,13352.8,13386.0575,13402.7588,13452.7389,13519.5039,13603.22
2011,4,463,13352.8,13435.4838,13521.9757,13615.6516,13716.6398,13828.4281
2011,4,472,13352.8,13461.6524,13529.9742,13563.6852,13610.0072,13665.1726
2011,4,483,13352.8,13433.9067,13536.5381,13644.3826,13748.2766,13850.0759
2011,4,498,13352.8,13451.8387,13518.5992,13585.6911,13636.3534,13670.3171
2011,4,504,13352.8,13484.3706,13567.8691,13651.8847,13753.1417,13855.1498
2011,4,506,13352.8,13420.36,13467.59,13504.39,13553.66,13623.34
2011,4,507,13352.8,13441.1525,13489.2052,13552.7428,13637.0884,13731.2099
2011,4,508,13352.8,13401.6596,13452.3401,13533.1244,13606.9375,13690.786
2011,4,510,13352.8,13469.2,13529.4,13624.9,13703.2,13767.7
2011,4,518,13352.8,13424.6579,13473.1623,13524.799,13580.7749,13640.3185
2011,4,520,13352.8,13438.5756,13520.1239,13604.2557,13691.5408,13781.6027
2011,4,523,13352.8,13447.7,13587.3,13696.6,13811.7,13924.9
2011,4,524,13352.8,13439.4,13508.3,13581.8,13674.9,13776.3
2011,4,526,13352.8,13442.0329,13541.7335,13650.444,13768.3489,13887.2723
2011,4,527,13352.8,13392.6,13436.0,13477.5,13525.0,13589.5
2011,4,532,,,,,,
2011,4,535,13352.8,13451.8387,13554.9,13662.0617,13776.7373,13909.1395
2011,4,540,13352.8,13458.7,13562.1,13656.0,13761.0,13856.2
2011,4,542,13352.8,13436.5868,13519.3863,13603.8643,13705.351,13807.0956
2011,4,546,13352.8,13428.9251,13508.7835,13599.0588,13693.2687,13794.8327
2011,4,548,13352.8,13422.2406,13468.3829,13502.6353,13551.1681,13622.9854
2011,4,549,13352.8,13419.069,13485.667,13579.0913,13679.8084,13791.2965
2011,4,553,13352.8,13452.5196,13552.9223,13631.2007,13717.3307,13796.3272
2011,4,554,13352.8,13425.8,13462.0,13508.0,13545.0,13599.0
2011,4,555,13352.8,13437.0,13495.8,13549.4,13610.1,13676.6
2011,4,556,13352.8,13417.8577,13521.4744,13634.565,13759.1863,13852.3271
2011,4,557,13352.8,13361.5141,13474.5507,13559.129,13646.1508,13732.2417
2011,4,558,13352.8,13457.4474,13564.313,13660.5678,13748.181,13860.5228
2011,4,559,13352.8,13450.4,13522.6,13590.8,13667.0,13752.0
2011,4,560,13335.0,13418.3438,13518.9813,13627.1332,13746.3706,13873.5245
2011,4,563,13352.8,13438.7596,13531.859,13612.3295,13699.9598,13791.5127
2011,4,564,13332.1,13368.0,13424.9,13485.3,13548.3,13604.1
2011,4,568,13352.8,13454.0895,13546.4441,13644.8264,13753.7103,13869.3123
2012,1,407,13422.4,13502.22,13579.197,13663.282,13731.092,13765.292
2012,1,420,13422.4,13503.0,13570.0,13668.0,13770.0,13863.0
2012,1,421,13422.4,13538.3353,13645.366,13743.2369,13888.6524,13984.8685
2012,1,422,13422.4,13551.4,13655.2,13763.2,13865.3,13968.1
2012,1,423,13422.4,13509.3523,13597.8949,13706.5494,13827.006,13960.8463
2012,1,424,13422.4,13495.8156,13568.4588,13644.856,13723.1072,
2012,1,426,13422.4,13494.11,13555.5,13656.5,13771.1,13875.4
2012,1,428,13422.4,13518.93,13603.65,13719.1,13848.73,13943.81
2012,1,431,13422.4,13482.0,13557.3,13644.9,13726.8,13809.2
2012,1,433,13422.4,13502.2196,13572.5547,13653.2672,13751.1948,13826.2103
2012,1,446,13422.4,13485.7071,13552.6357,13626.5681,13717.6305,13802.5735
2012,1,456,13422.4,13498.9219,13549.2606,13616.5047,13700.8214,13768.8177
2012,1,472,13422.4,13511.5264,13603.0075,13692.9807,13779.18,13884.4156
2012,1,483,13422.4,13484.2127,13590.6394,13697.301,13799.1557,13909.4347
2012,1,484,13422.4,13479.0851,13539.3358,13603.1944,13674.0556,13714.8944
2012,1,504,13422.4,13521.9549,13630.5066,13748.2394,13866.9891,14003.6262
2012,1,506,13422.4,13496.7,13572.1,13626.2,13694.1,13764.7
2012,1,507,13422.4,13475.1989,13527.5367,13615.5288,13709.8028,13800.6847
2012,1,508,13422.4,13488.974,13575.8052,13653.4316,13754.5181,13851.6216
2012,1,510,13422.4,13499.2,13602.6,13691.3,13776.5,13816.7
2012,1,518,13422.4,13470.9463,13527.5758,13593.5487,13664.3493,13753.2054
2012,1,520,13422.4,13489.9871,13568.0972,13651.9557,13745.5898,13833.8191
2012,1,523,13422.4,13512.4,13610.08,13707.18,13819.91,13922.28
2012,1,524,13422.4,13510.2,13590.5,13676.1,13768.2,13884.1
2012,1,527,13422.4,13484.0,13556.0,13651.0,13753.0,13867.0
2012,1,532,13422.4,13481.8803,13550.9998,13627.5811,13711.9944,
2012,1,535,13422.4,13482.3973,13572.4963,13669.8446,13791.2463,13930.4837
2012,1,540,13422.4,13480.5,13548.6,13626.8,13716.5,13813.7
2012,1,542,13422.4,13506.6926,13589.8095,13690.8732,13793.3657,13860.3358
2012,1,546,13422.4,13492.3194,13569.2399,13653.264,13741.1578,13846.4357
2012,1,548,13422.4,13477.1667,13518.2323,13561.9269,13619.8581,13688.7848
2012,1,549,13422.4,13489.0145,13572.5418,13663.2432,13751.2012,13819.4475
2012,1,551,13422.4,13505.5148,13592.4575,13679.9599,13768.0256,13856.6582
2012,1,553,13422.4,13496.5123,13573.0984,13651.468,13731.282,13814.0805
2012,1,554,13422.4,13498.0,13569.0,13659.0,13791.0,13910.0
2012,1,555,13422.4,13472.0,13524.1,13600.1,13682.6,13738.2
2012,1,556,13422.4,13502.544,13620.2394,13753.1899,13818.4218,13880.6047
2012,1,557,13422.4,13495.4452,13580.0837,13660.1121,13742.2003,13813.1505
2012,1,558,13422.4,13506.6334,13625.4808,13719.1999,13812.423,13938.0507
2012,1,559,13422.4,13487.8,13578.2,13680.2,13780.8,13873.1
2012,1,561,13422.5,13496.9,13591.1,13679.9,13767.4,13849.3
2012,1,563,13422.4,13512.098,13585.8092,13676.5993,13771.3464,13863.3763
2012,1,564,13433.9,13488.1,13553.3,13596.6,13635.1,13693.7
2012,1,568,13422.4,13483.6301,13565.823,13655.4583,13761.7085,13869.1923
2012,1,569,13422.4,13515.3861,13618.9342,13729.9262,13848.5177,13951.2331
2012,2,407,13502.4,13579.4,13663.5,13731.3,13765.5,13816.8
2012,2,420,13502.4,13570.0,13658.0,13757.0,13846.0,13950.0
2012,2,421,13502.4,13612.4422,13736.647,13881.9928,13978.1628,14068.1482
2012,2,422,13502.4,13592.6,13686.8,13778.3,13873.7,13966.4
2012,2,423,13502.4,13590.0,13698.0,13804.0,13940.0,14056.0
2012,2,424,13502.4,13587.2524,13666.0844,13747.0069,13828.5779,13916.4345
2012,2,426,13502.4,13565.6,13655.8,13744.16,13791.7,13892.24
2012,2,428,13502.4,13578.502,13673.313,13790.568,13847.341,13938.954
2012,2,431,13502.4,13581.5,13660.2,13730.7,13796.0,13867.0
2012,2,433,13502.4,13592.6327,13686.798,13788.314,13870.3096,13963.0009
2012,2,446,13502.4,13579.378,13663.4649,13758.1209,13843.3146,13939.2166
2012,2,463,13502.4,13586.0102,13673.4711,13764.847,13843.3212,13929.0424
2012,2,483,13502.4,13555.6938,13637.6716,13709.93,13820.9155,13937.0544
2012,2,484,13502.4,13566.0844,13643.4255,13724.5595,13792.6735,13874.695
2012,2,504,13502.4,13610.7947,13728.3573,13846.9352,13983.3747,14121.1586
2012,2,506,13502.4,13569.9,13639.45,13717.54,13791.42,13874.21
2012,2,507,13502.4,13557.9375,13645.5304,13734.5665,13805.2442,13899.213
2012,2,508,13502.4,13572.7161,13635.6095,13720.8845,13818.3639,13928.106
2012,2,510,,,,,,
2012,2,512,13502.4,13522.6082,13562.9947,13600.1401,13627.2591,13678.0764
2012,2,518,13502.4,13551.3473,13604.3558,13663.1975,13740.2077,13821.7398
2012,2,520,13502.4,13575.3957,13656.2326,13750.8617,13842.6018,13943.697
2012,2,524,13502.4,13587.8,13668.8,13739.8,13837.9,13951.4
2012,2,527,13502.4,13587.0,13660.0,13763.0,13869.0,13957.0
2012,2,532,13502.4,13596.7848,13699.0906,13790.8541,13876.2462,
2012,2,535,13502.4,13582.6953,13666.8027,13771.5109,13890.4616,14020.5812
2012,2,540,13502.4,13599.8,13688.6,13786.0,13860.0,13929.2
2012,2,542,13502.4,13585.2,13684.8,13785.9,13853.5,13938.6
2012,2,546,13502.4,13562.7549,13640.077,13724.5397,13826.3356,13932.2661
2012,2,548,13502.4,13559.5055,13626.5298,13699.9079,13770.0167,13855.1419
2012,2,549,13502.4,13579.378,13670.1251,13751.4178,13812.8858,13891.6339
2012,2,553,13502.4,13573.9235,13648.0982,13728.3966,13819.2292,13902.1236
2012,2,556,13502.4,13610.4039,13684.9141,13828.1636,13890.3903,13925.1163
2012,2,557,13502.4,13585.1813,13670.3715,13752.9102,13824.5551,13895.055
2012,2,558,13502.4,13650.71,13761.63,13873.13,13975.79,14077.15
2012,2,559,13502.4,13597.7,13705.7,13817.5,13906.3,14004.3
2012,2,563,13502.4,13605.8487,13693.4373,13784.9466,13873.6881,13963.0009
2012,2,568,13502.4,13569.1616,13647.2855,13752.8859,13857.2899,13970.9214
2012,2,569,13502.4,13600.0,13700.2,13805.0,13914.2,14035.0
2012,3,407,13558.0,13635.3,13709.7,13743.8,13795.1,13846.5
2012,3,411,13558.0,13613.1104,13685.3281,13757.6719,13854.1426,13971.1201
2012,3,420,13558.0,13612.0,13680.0,13762.0,13855.0,13938.0
2012,3,421,13558.0,13645.2806,13756.4873,13878.6585,13974.8054,14081.8733
2012,3,422,13558.0,13635.3,13709.7,13787.8,13863.1,13942.1
2012,3,423,13558.0,13649.4742,13741.8461,13870.7965,13972.8776,14084.1733
2012,3,424,13558.0,13607.2046,13680.6756,13760.9219,13849.8376,13953.933
2012,3,426,13558.0,13599.2,13649.1,13731.4,13819.3,13928.9
2012,3,428,13558.0,13610.6,13700.6,13744.5,13841.4,13964.4
2012,3,431,13558.0,13617.4,13673.0,13731.5,13803.1,13882.7
2012,3,433,13558.0,13611.9096,13686.1653,13747.3416,13822.3361,13914.7068
2012,3,446,13558.0,13628.6257,13709.6717,13784.4607,13869.8174,13972.6909
2012,3,456,13558.0,13625.2874,13692.9088,13743.9709,13812.1813,13897.7097
2012,3,463,13558.0,13549.5998,14006.0132,13580.4007,12829.9785,12544.3701
2012,3,472,13558.0,13634.681,13697.6151,13753.5342,13805.5517,13863.5436
2012,3,483,13558.0,13573.4317,13594.4583,13620.2798,13656.1309,13726.6924
2012,3,484,13558.0,13611.9096,13679.4646,13747.3548,13835.8544,13924.9237
2012,3,504,13558.0,13650.2651,13751.5101,13853.5061,13956.2585,14093.7752
2012,3,507,13558.0,13593.7693,13636.5117,13697.6375,13779.2147,13881.8252
2012,3,508,,,,,,
2012,3,510,13558.0,13609.4,13676.4,13731.0,13815.8,13888.3
2012,3,512,13558.0,13599.3,13616.9,13637.2,13629.3,13651.5
2012,3,518,13558.0,13601.8503,13635.7282,13686.577,13757.8725,13846.4398
2012,3,520,13558.0,13604.676,13670.9128,13745.6824,13827.9502,13918.3677
2012,3,523,13558.0,13651.6,13733.9,13823.9,13918.4,14015.8
2012,3,524,13558.0,13599.2,13641.4,13712.0,13792.2,13892.0
2012,3,526,13558.0,13607.254,13668.3188,13766.1743,13862.6776,13968.4973
2012,3,527,13558.0,13572.0,13604.0,13666.0,13747.0,13836.0
2012,3,532,13558.0,13610.6014,13690.8164,13758.066,13846.6331,
2012,3,533,13558.0,13593.0,13651.0,13710.0,13783.0,13848.0
2012,3,535,,,,,,
2012,3,540,13558.0,13635.1,13729.1,13803.1,13877.0,13932.5
2012,3,542,13558.0,13625.0446,13708.0692,13757.8123,13826.2368,13911.6291
2012,3,546,13558.0,13611.9096,13672.754,13750.7032,13842.5952,13948.6503
2012,3,548,13558.0,13628.2757,13707.5721,13777.1943,13843.6902,13913.877
2012,3,549,13558.0,13618.6034,13682.836,13737.2419,13815.5588,13907.8842
2012,3,553,13558.0,13636.2095,13711.8185,13783.7441,13867.0668,13936.667
2012,3,555,13558.0,13602.6,13641.0,13675.3,13734.6,13806.8
2012,3,556,13558.0,13643.9876,13720.8137,13734.083,13772.4442,13913.9525
2012,3,557,13558.0,13612.0422,13660.2666,13714.1604,13781.2282,13865.4083
2012,3,558,13558.0,13681.07,13809.84,13916.95,14026.39,14133.85
2012,3,559,13558.0,13648.5,13743.7,13813.7,13892.5,14002.4
2012,3,560,13558.0,13590.3487,13666.984,13759.415,13861.7417,13914.3101
2012,3,563,13558.0,13628.6257,13706.3234,13787.8314,13873.209,13962.5187
2012,3,568,13558.0,13616.1654,13716.0705,13818.8843,13924.1084,14032.9915
2012,3,569,,,,,,
2012,3,571,13558.0,13601.8359,13662.6967,13731.9143,13815.25,13898.3449
2012,3,572,13558.0,13619.011,13687.1061,13748.698,13810.5672,13886.5253
2012,4,407,13616.2,13656.866,13738.08,13789.31,13840.732,13875.205
2012,4,411,13616.2,13661.1104,13722.5977,13819.2178,13928.6397,14050.9385
2012,4,426,13616.2,13676.5,13738.7,13796.8,13866.37,13983.8
2012,4,428,13616.2,13677.56,13717.32,13801.75,13917.7,14042.29
2012,4,433,13616.2,13691.276,13779.356,13869.428,13973.476,14087.652
2012,4,446,13616.2,13683.7763,13758.424,13843.6195,13946.2987,14056.5547
2012,4,463,13616.2,13666.976,13741.5321,13829.9942,13932.5722,14049.5184
2012,4,472,13616.2,13686.345,13732.1776,13801.8108,13897.0414,13983.3129
2012,4,483,13616.2,13671.1086,13731.5547,13812.8657,13902.613,14005.1116
2012,4,484,13616.2,13676.0095,13738.4047,13813.4305,13893.3076,13977.6016
2012,4,504,13616.2,13733.8092,13801.9692,13904.3393,14041.3445,14179.6995
2012,4,506,13616.2,13650.1,13734.3,13800.8,13873.3,13962.9
2012,4,507,13616.2,13662.4794,13707.1531,13771.4917,13876.2357,14000.3483
2012,4,508,13616.2,13681.9435,13726.8105,13819.8217,13904.1159,13997.3657
2012,4,510,13616.2,13687.3,13754.1,13846.4,13926.5,14001.3
2012,4,512,13616.2,13680.4212,13711.0988,13745.2487,13796.506,13834.2909
2012,4,518,13616.2,13646.942,13682.212,13740.052,13815.872,13875.802
2012,4,520,13616.2,13682.1354,13756.1719,13840.2069,13930.0979,14027.078
2012,4,524,13616.2,13669.5,13717.8,13779.4,13858.5,13949.6
2012,4,526,13616.2,13682.9452,13742.4063,13801.9867,13892.6642,13982.0009
2012,4,527,13616.2,13680.0,13656.0,13729.0,13828.0,13939.0
2012,4,532,13616.2,13662.2542,13694.1136,13738.0768,13800.8353,
2012,4,535,13616.2,13673.7036,13778.4647,13884.0284,14010.7112,14145.3621
2012,4,540,13616.2,13652.0,13753.4,13831.5,13897.2,13982.0
2012,4,542,13616.2,13698.9648,13749.1994,13817.8059,13901.8431,13986.891
2012,4,546,13616.2,13677.0636,13721.299,13779.2464,13861.188,13947.0199
2012,4,548,13616.2,13674.61,13741.19,13806.48,13869.96,13954.5
2012,4,549,13616.2,13680.4212,13734.8176,13813.1206,13902.0435,13988.1284
2012,4,553,13616.2,13675.1019,13720.2109,13801.4759,13882.7354,13977.8134
2012,4,555,13616.2,13658.6132,13680.8694,13728.2832,13783.4052,13847.6011
2012,4,556,13616.2,13705.7121,13726.5376,13758.6851,13895.3589,14036.9263
2012,4,557,13616.2,13662.2138,13715.9112,13782.733,13866.7994,13946.0469
2012,4,559,13616.2,13665.6629,13715.8001,13783.9348,13893.8951,14018.6143
2012,4,560,13616.2,13765.496,13754.3458,13825.8204,13994.1997,14071.1675
2012,4,563,13616.2,13680.4212,13758.4141,13836.8516,13919.1359,14005.3266
2012,4,568,13616.2,13699.2442,13807.8715,13917.8473,14026.3253,14133.1085
2012,4,569,,,,,,
2012,4,570,13616.2,13683.7763,13748.3162,13826.6962,13915.7065,14005.2898
2012,4,571,13616.2,13658.2848,13710.8985,13790.2481,13887.096,13992.9201
2013,1,407,13647.6,13728.759,13779.955,13831.341,13916.988,14020.212
2013,1,411,13647.6,13718.9268,13798.8535,13897.4023,14000.8486,14098.1445
2013,1,420,13647.6,13720.0,13802.0,13862.0,13953.0,14067.0
2013,1,421,13647.6,13722.0504,13863.9167,13970.1351,14117.9514,14243.3328
2013,1,422,13647.6,13756.8,13857.3,13968.0,14071.5,14169.5
2013,1,423,13647.6,13741.0,13812.0,13906.0,13981.0,14080.0
2013,1,426,13647.6,13774.0,13854.0,13949.57,14058.85,14165.4
2013,1,428,13647.6,13753.0,13821.3,13925.98,14055.12,14201.64
2013,1,433,13647.6,13739.844,13837.784,13953.312,14078.76,14188.516
2013,1,446,13647.6,13716.3405,13797.908,13896.873,14006.7383,14120.8908
2013,1,456,13647.6,13733.8501,13785.0649,13853.4792,13939.2634,14042.6519
2013,1,463,13647.6,13691.7401,13742.7978,13804.2273,13889.7065,13985.9299
2013,1,472,13647.6,13752.7,13824.9,13887.1,13969.1,14050.6
2013,1,484,13647.6,13712.4024,13772.9596,13829.705,13895.9748,13969.4594
2013,1,504,13647.6,13765.4804,13816.8131,13952.9558,14090.4399,14229.2788
2013,1,506,13647.6,13716.07,13776.78,13896.45,13983.69,14070.53
2013,1,507,13647.6,13733.2455,13803.7616,13879.1207,13959.3003,14060.5717
2013,1,510,13647.6,13764.5,13867.8,13965.9,14054.3,14160.5
2013,1,512,13647.6,13724.7,,,,
2013,1,518,13647.6,13673.451,13717.361,13776.681,13821.191,13890.711
2013,1,520,13647.6,13717.8483,13801.0941,13891.6026,13976.0085,14066.2132
2013,1,524,13647.6,13690.6178,13755.7891,13828.5688,13906.0221,14000.8834
2013,1,526,13647.6,13758.8976,13869.2482,13991.6266,14126.5332,14225.4657
2013,1,527,13647.6,13693.0,13783.0,13859.0,13642.0,14053.0
2013,1,528,13647.6,13698.4082,13761.7549,13862.6953,13969.6826,14074.7725
2013,1,532,13647.6,13705.8925,13768.9176,13870.1854,13969.8946,
2013,1,535,13647.6,13748.8252,13800.0958,13875.3781,13954.4825,14040.8921
2013,1,540,13647.6,13722.4,13812.3,13899.8,13975.3,14064.6
2013,1,542,13647.6,13697.2519,13763.8287,13849.0231,13934.6794,14020.9752
2013,1,546,13647.6,13715.3321,13793.5241,13889.0811,13985.3002,14078.76
2013,1,548,13647.6,13709.16,13763.24,13880.23,13964.56,14048.58
2013,1,549,13647.6,13701.8659,13773.241,13861.9072,13944.3404,14030.6872
2013,1,551,13647.6,13695.1179,13766.4579,13848.3234,13937.473,14027.1964
2013,1,553,13647.6,13731.7486,13805.7286,13894.986,13987.0181,14101.8569
2013,1,555,13647.6,13715.0,13781.5,13846.3,13919.8,13991.2
2013,1,556,13647.6,13741.6472,13829.5192,13944.9875,14068.683,14177.9043
2013,1,557,13647.6,13715.6513,13781.2307,13867.5924,13947.3656,14021.0887
2013,1,559,13647.6,13697.1952,13763.5596,13848.3727,13951.958,14056.4907
2013,1,560,13647.6,13764.6627,13923.1217,14009.715,14175.4497,14120.4426
2013,1,563,13647.6,13762.1542,13843.9942,13929.7196,14019.3932,14113.0808
2013,1,564,13683.5,13737.5,13816.5,13897.7,13982.9,14076.8
2013,1,568,13647.6,13766.8796,13865.8511,13987.9744,14095.1723,14219.3614
2013,1,569,,,,,,
2013,1,570,13647.6,13715.3321,13800.2608,13895.8646,13995.5322,14113.0068
2013,1,571,13647.6,13686.96,13753.911,13829.8884,13918.2822,14001.9102
2013,1,572,13647.6,13719.2499,13787.8462,13867.1263,13957.2626,14041.0062
2013,2,407,13750.1,13811.562,13863.067,13948.91,14052.37,14156.598
2013,2,411,13750.1,13807.8916,13883.2813,13987.3057,14090.7305,14206.8193
2013,2,420,13750.1,13833.0,13923.0,14025.0,14137.0,14232.0
2013,2,421,13750.1,13848.7221,13937.8742,14085.3492,14210.441,14347.0114
2013,2,422,13750.1,13838.6172,13927.7043,14031.0071,14135.076,14239.9169
2013,2,426,13750.1,13795.9,13895.9,14003.1,14122.8,14211.6
2013,2,428,13750.1,13810.33,13881.66,13984.93,14105.9,14245.18
2013,2,433,13750.1,13808.824,13908.248,14020.516,14128.928,14240.968
2013,2,446,13750.1,13816.3082,13872.61,13935.9884,14035.9438,14146.9085
2013,2,463,13750.1,13825.1095,13910.718,14007.087,14110.9786,14222.5365
2013,2,484,,,,,,
2013,2,504,13750.1,13835.244,13954.7452,14092.247,14231.1036,14371.3284
2013,2,506,13750.1,13799.03,13861.15,13963.28,14070.59,14180.74
2013,2,507,13750.1,13817.5184,13890.6981,13967.7595,14047.2348,14160.6394
2013,2,508,13750.1,13816.2119,13920.0449,14002.9631,14126.2845,14211.0728
2013,2,510,13750.1,13811.8,13895.4,13968.2,14047.5,14132.7
2013,2,512,13750.1,13808.169,13880.0979,13935.2883,14004.4482,14080.8452
2013,2,518,13750.1,13773.2971,13816.943,13871.9025,13941.374,14029.9749
2013,2,520,13750.1,13812.6821,13895.3305,13990.9046,14090.4429,14188.727
2013,2,524,13750.1,13792.1,13860.3,13938.4,14030.1,14136.2
2013,2,526,13750.1,13840.0838,13963.0718,14098.8564,14199.6278,14307.7063
2013,2,527,13750.1,13820.0,13925.0,14062.0,14182.0,14307.0
2013,2,528,13750.1,13799.459,13867.7393,13953.5303,14051.251,14158.7783
2013,2,532,13750.1,13782.6453,13850.7316,13950.2652,14050.9619,
2013,2,535,13750.1,13821.7264,13900.5249,13983.1878,14069.7751,14163.7994
2013,2,540,13750.1,13821.7,13894.2,13985.9,14091.8,14202.9
2013,2,542,13750.1,13799.8257,13866.6283,13936.81,14022.7125,14109.6452
2013,2,546,13750.1,13801.3753,13880.0578,13966.0066,14052.4875,14146.3963
2013,2,548,13750.1,13796.91,13858.09,13956.69,14060.22,14168.94
2013,2,549,13750.1,13811.5621,13880.108,13962.6494,14038.8184,14122.3037
2013,2,551,13750.1,13818.3408,13900.5149,13979.7626,14062.8967,14146.5251
2013,2,553,13750.1,13828.9079,13904.9899,13985.9459,14070.1539,14171.2545
2013,2,555,13750.1,13782.9,13858.3,13921.2,13991.5,14075.7
2013,2,556,13750.1,13833.1134,13954.6511,14073.5022,14199.2786,14273.4938
2013,2,557,13750.1,13787.5225,13857.5392,13933.5886,14016.318,14107.4658
2013,2,559,13750.1,13828.9986,13931.3189,14053.1745,14165.3448,14275.9984
2013,2,563,13750.1,13831.8683,13900.5149,13986.5903,14069.765,14156.8885
2013,2,568,13750.1,13793.146,13885.995,13992.3905,14118.7893,14250.3849
2013,2,569,,,,,,
2013,2,570,13750.1,13814.9527,13920.796,14030.8504,14141.7748,14253.5762
2013,2,571,13750.1,13784.3662,13858.8228,13944.4286,14025.7159,14122.2979
2013,2,574,13750.1,13813.4132,13874.3782,14013.839,14110.4101,14219.4223
2013,3,411,15648.7,15739.143,15852.9679,15962.3259,16082.0698,16203.0541
2013,3,420,15648.7,15751.0,15869.0,15976.0,16152.0,16287.0
2013,3,421,15648.7,15741.7588,15915.9412,16057.2905,16211.6102,16323.919
2013,3,422,15674.7,15790.1168,15909.6671,16029.6649,16146.8742,16267.3969
2013,3,424,15648.7,15726.4481,15818.0107,15921.3478,16029.5964,16149.458
2013,3,426,15648.7,15721.2646,15822.7522,15896.5337,16004.7846,16076.8091
2013,3,428,15648.7,15749.0558,15859.7026,15986.2471,16141.4371,16309.4901
2013,3,433,15648.7,15757.1092,15885.5269,16014.9912,16145.5106,16273.153
2013,3,446,15648.7,15714.7871,15792.7786,15894.4457,16020.1032,16158.476
2013,3,456,15648.7,15725.2777,15822.6525,15940.0102,16077.6912,16216.5614
2013,3,463,15648.7,15726.3634,15819.8841,15925.6038,16043.7252,16170.5629
2013,3,484,15648.7,15725.5625,15814.0234,15908.042,16006.0458,16116.4699
2013,3,504,15648.7,15802.893,15939.3896,16096.4469,16255.0518,16415.2194
2013,3,506,15648.7,15736.1717,15840.1729,15965.5104,16107.0241,16244.5137
2013,3,507,15648.7,15750.1966,15860.535,15950.5042,16048.8279,16174.7564
2013,3,510,15648.7,15734.7,15823.4,15862.1,15910.1,15984.5
2013,3,512,15648.7,15687.6759,15722.8547,15789.255,15867.616,15938.5433
2013,3,518,15648.7,15708.3289,15763.9508,15851.6517,15950.6472,16053.7747
2013,3,520,15648.7,15733.3973,15837.2488,15946.6843,16054.7343,16173.4485
2013,3,524,15648.7,15740.8,15825.6,15921.3,16033.1,16146.0
2013,3,528,15648.7,15726.5874,15819.7123,15924.5054,16039.6323,16158.2381
2013,3,532,15648.7,15719.6145,15815.831,15921.0576,16026.9886,
2013,3,540,15648.7,15725.8,15827.5,15950.0,16046.7,16158.9
2013,3,542,15648.7,15725.3896,15802.5165,15899.3454,15996.1326,16093.6063
2013,3,546,15648.7,15726.3634,15816.0204,15921.7143,16032.0148,16143.0795
2013,3,548,15648.7,15703.6687,15781.4124,15905.9316,16038.088,16164.8768
2013,3,549,15648.7,15737.9142,15839.2281,15925.6342,16024.2497,16135.2605
2013,3,551,15648.7,15713.7695,15795.6394,15889.508,15985.1752,16093.3329
2013,3,553,15648.7,15751.4681,15853.3538,15964.3981,16081.4571,16206.2797
2013,3,555,15648.7,15717.1,15797.3,15881.8,15974.3,16070.9
2013,3,556,15648.7,15738.6001,15877.8044,15997.6429,16115.7716,16206.9225
2013,3,557,15648.7,15805.0021,15935.1074,15997.2515,16067.7772,16130.7096
2013,3,560,15648.7,15854.5433,15978.5759,16081.2953,16152.7334,16326.5527
2013,3,563,15648.7,15726.3634,15812.1539,15894.5218,15985.1375,16088.0429
2013,3,570,15648.7,15749.4396,15870.1039,15999.4426,16125.9302,16249.4791
2013,3,571,15648.7,15719.1316,15804.8595,15896.8429,16003.7256,16114.3103
2013,3,572,15648.7,15726.9244,15825.2177,15932.0379,16043.5622,16155.8671
2013,3,574,15648.7,15805.1851,15945.2344,16022.2996,16118.811,16235.5898
2013,3,575,15648.7,15745.4349,15842.3799,15943.0433,16047.4874,16154.5918
2013,3,576,15681.2994,15767.5465,15842.4424,15929.5758,16013.2061,16097.2754
2013,3,577,15648.7,15736.8,15819.5,15905.2,16001.1,16090.4
2013,4,407,15790.1,15880.12,15997.904,16104.814,16224.264,16320.746
2013,4,420,15790.1,15880.0,15998.0,16107.0,16232.0,16354.0
2013,4,421,15790.1,15864.5744,16032.4356,16174.8195,16330.2686,16443.3995
2013,4,422,15790.1,15893.5086,15997.6255,16114.3805,16228.4952,16346.0829
2013,4,426,15790.1,15865.726,15991.4309,16102.3859,16199.7035,16315.577
2013,4,428,15790.1,15841.43,15959.75,16111.43,16284.09,16465.98
2013,4,429,15790.1,15873.592,15981.395,16087.431,16210.312,16337.069
2013,4,433,15790.1,15856.324,15955.304,16074.248,16201.6,16328.36
2013,4,446,15790.1,15862.628,15955.0107,16073.3502,16206.3057,16348.2606
2013,4,463,15790.1,15848.9827,15931.5425,16026.2833,16137.3082,16253.0525
2013,4,504,15790.1,15907.2163,16044.614,16183.1985,16322.98,16463.9689
2013,4,506,15790.1,15858.5,15954.94,16057.26,16164.83,16287.36
2013,4,507,15790.1,15838.7655,15937.5504,16049.3452,16154.2312,16281.9307
2013,4,508,15790.1,15851.8859,15955.778,16048.4424,16149.2739,16256.3969
2013,4,510,15790.1,15844.1,15879.1,15935.6,16012.9,16109.3
2013,4,512,15790.1,15809.8007,15849.1779,15916.1117,15983.3281,16062.6523
2013,4,518,15790.1,15868.532,15941.572,16020.702,16104.732,16176.122
2013,4,520,15790.1,15878.5226,15979.4891,16083.6472,16199.204,16316.0362
2013,4,524,15790.1,15866.4,15966.2,16072.5,16189.1,16311.6
2013,4,526,15790.1,15916.8345,16014.4924,16146.0054,16274.9454,16399.7624
2013,4,527,15790.1,15864.0,15980.0,16098.0,16228.0,16368.0
2013,4,532,15790.1,15846.7837,15961.9049,16076.0719,16195.0519,
2013,4,535,15790.1,15805.8665,15907.6178,15990.4831,16081.6458,16177.2792
2013,4,540,15790.1,15823.1,15937.1,16019.9,16130.8,16253.9
2013,4,542,15790.1,15869.0378,15965.8417,16063.697,16161.346,16260.4167
2013,4,546,15790.1,15860.6808,15955.0002,16057.7116,16165.0207,16280.9637
2013,4,548,15790.1,15831.08,15920.83,16014.81,16119.51,16235.8
2013,4,549,15790.1,15876.2381,15970.6501,16069.5443,16180.8689,16300.8835
2013,4,553,15790.1,15862.5877,15939.6373,16063.1286,16178.6515,16297.3709
2013,4,555,15790.1,15858.8,15931.6,16026.9,16131.1,16238.9
2013,4,557,15790.1,15841.5017,15927.5104,16035.4224,16133.5125,16228.8773
2013,4,559,15790.1,15925.1,16052.4076,16180.168,16304.9846,16432.188
2013,4,563,15790.1,15880.1203,15966.7495,16053.8513,16157.1991,16261.2122
2013,4,568,15790.1,15862.4574,15979.4253,16114.1113,16258.4725,16404.0577
2013,4,569,,,,,,
2013,4,570,15790.1,15887.8762,16017.3596,16147.8984,16275.5597,16412.1723
2013,4,571,15790.1,15849.928,15931.9813,16017.6957,16107.9923,16198.7497
2013,4,572,15790.1,15841.4178,15940.4267,16052.0097,16164.3737,16281.5655
2013,4,574,15790.1,15868.0828,15988.5996,16096.811,16215.5898,16349.9921
2013,4,576,15777.6981,15836.8645,15931.8857,16018.9343,16075.0005,16149.5249
2013,4,577,15790.1,15880.0,15928.4,16101.3,16198.6,16322.1
2013,4,579,15790.1,15863.7204,15964.7857,16077.8643,16195.1493,16313.9458
2014,1,407,15965.6,16033.025,16148.022,16267.793,16364.533,16465.866
2014,1,411,15965.6,16040.6258,16164.8977,16284.7809,16417.6527,16539.2462
2014,1,420,15965.6,16037.0,16165.0,16306.0,16440.0,16580.0
2014,1,421,15965.6,16048.7673,16222.4635,16346.7519,16531.5811,16706.4998
2014,1,422,15965.6,16030.6,16159.9,16276.4,16397.1,16520.5
2014,1,424,15965.6,16066.9325,16177.5258,16301.9102,16426.7519,
2014,1,426,15965.6,16044.9653,16129.0026,16220.3,16303.3,16436.912
2014,1,428,15965.6,16065.11,16193.67,16335.17,16500.41,16664.72
2014,1,429,15965.6,16043.343,16132.825,16259.303,16383.902,16511.706
2014,1,433,15965.6,16054.468,16166.764,16289.168,16427.872,16569.668
2014,1,446,15965.6,16052.6955,16171.7595,16305.5291,16448.3531,16602.4339
2014,1,463,15965.6,16064.4629,16183.6142,16307.605,16432.5457,16554.4271
2014,1,484,15965.6,15937.5866,16028.4477,16123.7648,16219.6487,16324.0638
2014,1,504,15965.6,16103.502,16242.5951,16382.8897,16524.396,16677.1802
2014,1,506,15965.6,16041.24,16132.46,16240.25,16369.77,16512.53
2014,1,507,15965.6,16014.507,16121.4803,16238.0388,16359.6486,16453.7781
2014,1,508,15965.6,16035.3871,16122.6758,16204.9297,16303.0135,16445.517
2014,1,510,15965.6,16007.9,16069.6,16192.4,16332.2,16450.8
2014,1,512,15965.6,16033.0255,16080.9096,16124.9509,16193.0493,16277.4014
2014,1,520,15965.6,16045.435,16177.1365,16303.8207,16439.2078,16561.6628
2014,1,524,15965.6,16058.6,16165.7,16265.4,16385.6,16521.5
2014,1,527,15965.6,16034.0,16166.0,16308.0,16459.0,16613.0
2014,1,532,15965.6,16044.8943,16158.0782,16278.643,16400.9628,
2014,1,535,15965.6,15997.4359,16080.769,16176.3972,16276.5654,16381.3469
2014,1,542,15965.6,16063.553,16164.0128,16263.3422,16364.8145,16465.1276
2014,1,546,15965.6,16036.9653,16128.393,16232.2206,16352.6162,16473.9047
2014,1,548,15965.6,16036.55,16122.17,16221.32,16339.38,16468.11
2014,1,549,15965.6,16052.6955,16152.0978,16263.9943,16384.6255,16490.1027
2014,1,553,15965.6,16051.9263,16132.8469,16245.9973,16348.254,16462.7525
2014,1,555,15965.6,16040.4,16103.8,16215.2,16332.2,16452.9
2014,1,556,15965.6,16057.5183,16174.1945,16286.9401,16381.6721,
2014,1,557,15965.6,16030.0,16116.302,16205.434,16304.964,16429.547
2014,1,559,15965.6,16087.9927,16213.3989,16355.2785,16504.3657,16662.9556
2014,1,563,15965.6,16122.9155,16250.3793,16374.8816,16496.3353,16610.6166
2014,1,568,15965.6,16057.1233,16175.8652,16309.4585,16454.2405,16613.0168
2014,1,569,,,,,,
2014,1,570,15965.6,16091.8201,16215.1076,16351.9531,16493.1922,16636.1859
2014,1,571,15965.6,16023.4877,16109.4611,16200.0688,16291.2366,16383.7754
2014,1,572,15965.6,16049.4194,16165.7777,16291.0625,16425.4637,16548.6547
2014,1,574,15965.6,16075.3,16201.8,16331.7,16460.7,16587.8
2014,1,575,,,,,,
2014,1,576,15958.1,16057.8,16146.1,16259.1,16360.7,16487.5
2014,1,577,15965.6,16072.7,16169.4,16262.8,16354.3,16462.0
2014,1,578,15965.6,16005.426,16143.7598,16290.4784,16386.0747,16532.5946
2014,1,579,15965.6,16043.7657,16164.3276,16293.3346,16428.9319,16563.5385
2014,2,407,15946.6,16080.451,16191.852,16288.14,16389.001,16490.485
2014,2,420,15964.0,16112.0,16249.0,16387.0,16518.0,16646.0
2014,2,421,15946.6,16122.0126,16246.9582,16433.7982,16610.4616,16718.4296
2014,2,422,15946.6,16141.3315,16279.8627,16420.8614,16557.4917,16697.2432
2014,2,426,15946.6,16077.9026,16212.4,16383.4349,16579.65,16686.4276
2014,2,428,15946.6,16162.31,16314.55,16478.36,16648.39,16834.44
2014,2,429,15946.6,16075.0834,16210.2483,16347.5773,16479.3313,16610.8197
2014,2,433,15946.6,16091.0,16209.36,16334.2,16468.84,16601.16
2014,2,446,15946.6,16049.2573,16182.0136,16323.7557,16476.6693,16639.0206
2014,2,463,15946.6,16073.0,16204.0,16332.0,16457.0,16579.0
2014,2,484,15946.6,15990.2734,16089.2891,16192.865,16297.1077,16406.0166
2014,2,504,15946.6,16180.598,16340.032,16501.0369,16653.6051,16807.584
2014,2,506,15946.6,16084.99,16191.16,16310.24,16436.2,16570.3
2014,2,508,15946.6,16072.6699,16191.882,16308.0177,16384.9349,16494.4307
2014,2,510,15946.6,16031.4,16124.9,16234.7,16350.6,16414.1
2014,2,512,15946.6,16013.9452,16073.6627,16161.3477,16245.5347,16314.1423
2014,2,518,15946.6,16092.74,16176.56,16240.24,16325.9,16444.25
2014,2,520,15946.6,16078.2384,16208.4812,16346.9866,16462.3446,16582.4426
2014,2,524,15946.6,16053.7,16152.7,16253.9,16371.0,16505.8
2014,2,526,15946.6,16100.1284,16278.2487,16462.8719,16538.6458,16643.2926
2014,2,532,15946.6,16076.2872,16197.5351,16320.7169,16448.0704,
2014,2,533,15946.6,16078.0,16172.0,16215.0,16340.0,16426.0
2014,2,535,15946.6,16072.6699,16156.3949,16260.4028,16365.0803,16474.4434
2014,2,542,15946.6,16063.4103,16161.4755,16261.6661,16360.7176,16460.7627
2014,2,546,15946.6,16072.6699,16176.1388,16292.1616,16416.984,16538.75
2014,2,548,15946.6,16076.85,16172.61,16276.05,16381.98,16494.17
2014,2,549,15946.6,16064.8771,16176.1694,16292.1924,16397.0745,16534.707
2014,2,553,15946.6,16064.0681,16186.4911,16312.7906,16447.1513,16580.3265
2014,2,555,15946.6,16063.0,16168.8,16293.6,16419.4,16549.2
2014,2,556,15946.6,15839.3,15942.3,15946.6,16077.2583,16190.7114
2014,2,557,15946.6,16101.2139,16223.6043,16328.9366,16418.1828,16499.7391
2014,2,559,15946.6,16101.906,16241.366,16387.864,16539.882,16699.276
2014,2,563,15946.6,16064.8771,16152.5142,16248.569,16337.2082,16434.3614
2014,2,568,15946.6,16081.1521,16220.0574,16368.3459,16522.8897,16670.8027
2014,2,569,,,,,,
2014,2,570,15946.6,16084.3379,16227.1827,16371.2962,16516.6895,16651.2977
2014,2,572,15946.6,16090.1194,16222.8629,16360.7572,16487.5531,16615.3316
2014,2,574,15946.6,16053.278,16191.4898,16341.9709,16475.0998,16608.6063
2014,2,576,15934.3,16061.8,16150.1,16251.0,16364.8,16463.0
2014,2,577,15946.6,16081.6,16194.5,16321.4,16392.8,16478.1
2014,2,578,15946.6,16101.6583,16253.4314,16340.7472,16485.3988,16624.9452
2014,2,579,15946.6,16054.3659,16186.8085,16321.8909,16453.1706,16584.7715
2014,3,411,15985.7,16104.2412,16235.3379,16360.6934,16480.3496,16604.9688
2014,3,420,15985.7,16117.0,16250.0,16380.0,16507.0,16623.0
2014,3,421,15985.7,16108.1745,16290.3061,16458.7245,16564.6787,16699.678
2014,3,422,15985.7,16139.8569,16291.9923,16431.0361,16566.9549,16709.2934
2014,3,426,15985.7,16109.5592,16252.2837,16441.7772,16605.6734,16704.3597
2014,3,428,15985.7,16100.32,16242.54,16386.46,16553.57,16709.48
2014,3,433,15985.7,16102.4,16223.6,16351.6,16481.2,16614.4
2014,3,446,15985.7,16123.7756,16265.0076,16417.3709,16575.1511,16726.3887
2014,3,463,15985.7,16123.825,16263.0937,16375.7592,16489.2052,16603.4371
2014,3,484,15985.7,16083.2008,16187.6132,16292.569,16401.7144,16519.3949
2014,3,504,15985.7,16143.2136,16302.2793,16453.0097,16605.1339,16758.6645
2014,3,506,15985.7,16126.0,16226.26,16329.19,16432.67,16552.66
2014,3,507,15985.7,16098.0171,16226.2795,16343.8991,16444.0855,16541.2507
2014,3,508,15985.7,16092.5278,16200.0696,16300.3844,16409.3152,16522.9937
2014,3,510,15985.7,16051.3,16152.4,16266.9,16324.0,16385.4
2014,3,512,15985.7,16041.3586,16105.1426,16192.9993,16282.1318,16366.948
2014,3,518,15985.7,16068.4357,16144.6764,16222.0331,16315.1849,16427.8719
2014,3,520,15985.7,16117.2273,16243.3747,16367.9247,16486.2667,16606.5274
2014,3,524,15985.7,16084.9,16188.6,16304.5,16429.0,16568.0
2014,3,526,15985.7,16119.0513,16256.1116,16358.834,16475.9003,16585.3282
2014,3,527,15985.7,16104.2671,16223.7136,16344.046,16477.2472,16599.4601
2014,3,532,15985.7,16101.5029,16236.9241,16360.6774,16462.3531,
2014,3,535,15985.7,16065.0359,16168.4557,16268.5748,16373.3049,16482.723
2014,3,542,15985.7,16082.8933,16182.1922,16281.396,16380.4613,16501.6075
2014,3,546,15985.7,16084.6874,16200.0542,16324.171,16457.2102,16595.3475
2014,3,548,15985.7,16172.61,16276.05,16381.98,16494.17,16617.23
2014,3,549,15985.7,16096.4438,16215.8323,16316.2447,16445.2369,16551.1042
2014,3,553,15985.7,16085.7895,16202.3176,16319.8649,16439.56,16558.6877
2014,3,555,15985.7,16052.8,16171.9,16286.1,16412.1,16533.3
2014,3,556,15985.7,16091.4308,16221.6226,16360.6819,16500.3081,16643.4307
2014,3,557,15985.7,16094.4513,16210.1887,16338.7979,16380.4196,16458.6565
2014,3,559,15985.7,16122.4,16267.6,16391.0,16526.5,16656.3
2014,3,563,15985.7,16080.7629,16176.391,16256.6734,16349.3537,16450.5929
2014,3,568,15985.7,16105.9548,16225.5062,16354.5513,16496.467,16626.7148
2014,3,569,,,,,,
2014,3,570,15985.7,16123.7756,16263.0439,16415.3887,16561.1736,16692.1022
2014,3,572,15985.7,16105.5928,16226.3847,16348.0826,16470.6932,16590.1057
2014,3,574,15985.7,16125.9016,16262.7677,16402.1884,16544.9872,16692.308
2014,3,575,,,,,,
2014,3,577,15985.7,16127.4,16242.7,16362.2,16582.5,16681.8
2014,3,578,15985.7,16119.4454,16210.0579,16337.7954,16485.8551,16622.8228
2014,3,579,15985.7,16111.7703,16235.16,16359.6001,16481.1805,16596.4133
2014,3,580,15985.7,16100.3569,16223.7098,16336.1024,16441.2672,16543.0756
2014,4,411,16150.6,16237.7,16330.8,16427.9,16541.5,16670.1
2014,4,421,16150.6,16328.1464,16499.5919,16606.8393,16743.8457,16865.2386
2014,4,422,16150.6,16279.2664,16398.2147,16518.4495,16649.3426,16781.5654
2014,4,423,16150.6,16308.1,16442.6,16572.4,16680.3,16788.6
2014,4,426,16150.6,16257.95,16348.4,16482.7709,16674.5823,16873.8959
2014,4,428,16137.89,16262.75,16401.02,16549.68,16710.67,16858.17
2014,4,429,16150.6,16252.788,16373.2964,16497.8202,16628.7312,16764.3337
2014,4,433,16150.6,16247.32,16367.56,16486.2,16607.0,16728.44
2014,4,446,16150.6,16270.3902,16414.8873,16560.6678,16703.7097,16847.987
2014,4,484,16150.6,16250.8983,16338.4798,16430.257,16550.3043,16671.9537
2014,4,504,16150.6,16299.9281,16440.7178,16582.7236,16725.956,16870.4255
2014,4,506,16150.6,16229.28,16321.49,16410.16,16523.14,16614.79
2014,4,507,16150.6,16249.1852,16350.774,16445.6781,16562.3531,16680.0785
2014,4,510,16150.6,16258.4,16368.7,16426.5,16488.6,16556.5
2014,4,512,16150.6,16202.8355,16263.2573,16375.9239,16469.2841,16555.0751
2014,4,518,16150.6,16240.747,16325.647,16424.237,16524.887,16636.957
2014,4,520,16150.6,16285.59,16403.2696,16528.3034,16652.5354,16774.8366
2014,4,524,16150.6,16274.7,16387.1,16507.1,16639.0,16778.2
2014,4,526,16150.6,16260.9112,16376.4045,16493.5604,16603.1666,16705.4469
2014,4,527,16150.6,16262.4862,16375.1474,16496.6031,16610.8862,16725.9611
2014,4,533,16150.6,16221.0,16320.0,16410.0,16475.0,16645.0
2014,4,535,16150.6,16214.8184,16323.1773,16428.2589,16534.017,16644.5091
2014,4,542,16150.6,16252.1893,16353.375,16453.0672,16575.6604,16697.9976
2014,4,546,16150.6,16246.6435,16355.2151,16472.5223,16594.7002,16713.7251
2014,4,548,16150.6,16231.06,16314.31,16390.94,16483.27,16581.55
2014,4,549,16150.6,16270.3902,16371.1404,16496.5679,16598.7188,16697.4271
2014,4,553,16150.6,16259.0045,16361.7354,16472.931,16587.2864,16704.3081
2014,4,555,16150.6,16241.5,16340.3,16448.3,16564.2,16686.6
2014,4,556,16150.6,16286.2475,16410.8299,16535.5473,16671.9122,16796.1782
2014,4,557,16150.6,16133.7746,16287.2024,16393.6477,16493.5946,16580.7151
2014,4,559,16150.6,16269.9889,16398.5054,16532.3279,16661.8786,16787.5783
2014,4,560,16150.6,16353.7668,16330.2705,16578.6397,16788.4181,17065.0233
2014,4,563,16150.6,16290.0999,16386.973,16488.4452,16590.5457,16697.3485
2014,4,568,16150.6,16252.0704,16355.484,16476.0855,16602.1098,16735.2103
2014,4,569,,,,,,
2014,4,570,16150.6,16280.254,16401.0058,16526.6621,16653.2812,16772.7262
2014,4,572,16150.6,16259.6166,16381.5637,16504.4254,16624.0825,16744.6071
2014,4,574,16150.6,16287.3608,16413.1155,16561.5361,16713.73,16866.0271
2014,4,575,,,,,,
2014,4,577,16150.6,16254.2,16361.9,16500.2,16640.6,16753.6
2014,4,578,16150.6,16248.6776,16382.0895,16507.6591,16634.0132,16753.2624
2014,4,579,16150.6,16274.5728,16399.72,16522.1319,16638.208,16750.0275
2015,1,411,16311.6,16410.1,16518.7,16652.3,16797.6,16919.0
2015,1,421,16311.6,16470.6381,16585.9326,16722.7665,16844.0066,16953.4926
2015,1,422,16311.6,16465.5,16608.5,16753.5872,16906.7877,17058.3662
2015,1,423,16311.6,16432.0,16552.0,16657.0,16763.0,16926.0
2015,1,426,16311.6,16396.9,16549.6705,16708.118,16839.8745,16980.8491
2015,1,428,16328.91,16454.52,16603.77,16760.04,16923.02,17086.4
2015,1,429,16311.6,16433.6533,16553.7877,16686.5148,16819.6028,16952.1198
2015,1,433,16311.6,16406.84,16524.08,16636.96,16763.24,16874.04
2015,1,456,16311.6,16442.0465,16563.9984,16686.8547,16810.6223,16935.3079
2015,1,504,16311.6,16442.5465,16594.5739,16737.9086,16882.4814,17018.0108
2015,1,506,16311.6,16409.86,16525.99,16628.58,16727.3,16831.65
2015,1,507,16311.6,16388.9697,16491.2797,16614.5643,16718.2727,16814.1669
2015,1,508,16311.6,16408.6009,16510.207,16616.4926,16719.386,16847.4816
2015,1,510,16311.6,16398.1,16497.7,16586.9,16650.0,16660.7
2015,1,512,16311.6,16396.5697,16473.9045,16547.5419,16617.425,16728.4745
2015,1,518,16311.6,16413.9593,16520.9495,16621.5384,16715.7862,16809.944
2015,1,520,16311.6,16431.2993,16556.3877,16683.027,16810.8603,16933.5245
2015,1,524,16311.6,16427.9742,16541.6789,16666.989,16792.7129,16942.4289
2015,1,527,16311.6,16408.0,16508.0,16604.0,16706.0,16809.0
2015,1,542,16311.6,16410.9835,16513.0643,16633.9726,16755.5298,16878.3335
2015,1,546,16311.6,16400.583,16506.1629,16628.5903,16760.0518,16892.5527
2015,1,548,16311.6,16299.39,16376.52,16475.18,16552.23,16638.62
2015,1,549,16311.6,16420.6057,16530.3399,16632.6999,16731.6103,16822.8845
2015,1,553,16311.6,16416.6844,16534.1629,16647.027,16768.2941,16885.5332
2015,1,555,16311.6,16372.5853,16468.8873,16586.9068,16707.0216,16826.0195
2015,1,556,16311.6,16475.5935,16600.5791,16754.4291,16897.6537,16988.0468
2015,1,557,16311.6,16414.8924,16473.4479,16601.7212,16725.1311,16831.1826
2015,1,559,16311.6,16435.261,16568.0528,16697.0171,16825.9206,16949.2345
2015,1,563,16311.6,16464.3997,16586.5174,16705.4836,16821.2138,16929.5015
2015,1,568,16311.6,16390.7616,16495.6117,16617.5783,16745.2789,16877.8469
2015,1,569,,,,,,
2015,1,570,16335.2448,16472.3769,16594.1721,16706.6637,16822.4021,16967.7047
2015,1,572,16311.6,16409.4696,16520.2335,16640.0052,16764.8053,16869.5853
2015,1,574,16311.6,16433.1561,16596.1074,16763.1542,16914.4845,17052.6206
2015,1,575,,,,,,
2015,1,577,16311.6,16434.0,16584.6,16733.7,16846.6,16935.1
2015,1,578,16311.6,16422.6601,16553.788,16686.1534,16794.3934,16907.0935
2015,1,579,16311.6,16418.6994,16542.286,16659.3583,16770.9483,16875.5939
2015,1,580,16311.6,16472.1335,16574.0779,16674.5728,16770.6865,16873.7703
2015,2,411,16304.8,16397.3,16530.3,16663.7,16796.4,16917.1
2015,2,422,16304.8,16448.6184,16594.084,16725.3854,16856.9919,16996.6093
2015,2,424,16304.8,16433.4917,16561.2684,16689.2141,16804.164,16918.8897
2015,2,426,16304.8,16325.53,16481.8758,16650.008,16742.0259,16819.55
2015,2,428,16304.8,16408.22,16570.86,16735.81,16882.26,17016.68
2015,2,429,16304.8,16414.0,16542.5225,16677.987,16810.3277,16939.12
2015,2,433,16304.8,16384.248,16513.144,16639.04,16748.748,16873.496
2015,2,456,16304.8,16422.7158,16544.5243,16667.2362,16780.6604,16894.8564
2015,2,463,16304.8,16405.7633,16547.4672,16670.201,16781.6032,16893.7498
2015,2,484,16304.8,16373.658,16487.0894,16605.3425,16708.1668,16828.0056
2015,2,504,16304.8,16504.8963,16687.5229,16831.6604,16966.7819,17102.988
2015,2,506,16304.8,16391.34,16507.04,16612.55,16734.02,16855.02
2015,2,507,16304.8,16412.2704,16543.1013,16650.0508,16743.46,16846.6657
2015,2,510,16304.8,16390.7,16482.7,16560.3,16598.8,16622.2
2015,2,512,16304.8,16355.5154,16473.2249,16566.33,16685.9621,16727.5215
2015,2,518,16304.8,16437.7192,16557.3292,16659.0192,16780.6692,16899.1492
2015,2,520,16304.8,16403.1183,16519.6534,16642.2221,16764.1284,16895.0324
2015,2,523,16304.8,16356.821,16424.1458,16514.6739,16616.5705,16726.1303
2015,2,527,16304.8,16448.0,16571.0,16687.0,16792.0,16888.0
2015,2,532,16304.8,16368.6439,16488.6453,16597.2711,16698.788,
2015,2,533,16304.8,16390.0,16515.0,16625.0,16730.0,16840.0
2015,2,535,16304.8,16465.4578,16575.4918,16698.4334,16814.1147,16934.7134
2015,2,542,16304.8,16427.3049,16530.3173,16633.9724,16738.3175,16840.0583
2015,2,546,16304.8,16413.7603,16531.4874,16658.1434,16789.8386,16922.5749
2015,2,548,16304.8,16383.68,16495.44,16597.8,16715.84,16833.6
2015,2,549,16304.8,16425.7339,16535.5023,16629.7723,16720.491,16819.9234
2015,2,555,16304.8,16370.6,16486.9,16631.5,16751.1,16869.8
2015,2,556,16304.8,16403.939,16563.8609,16695.0316,16762.7646,16917.5339
2015,2,557,16304.8,16449.0623,16651.9738,16809.9142,16886.1314,16973.062
2015,2,559,16304.8,16407.6,16536.2,16663.6,16779.6,16900.4
2015,2,560,16304.8,16500.4576,16648.9617,16757.18,16773.9372,16975.2244
2015,2,563,16304.8,16381.702,16454.9272,16544.6921,16626.8023,16725.6777
2015,2,568,16304.8,16407.2738,16532.7763,16658.5076,16788.8778,16922.8812
2015,2,569,,,,,,
2015,2,570,16304.8,16354.8689,16480.1717,16594.3411,16680.7836,16796.3427
2015,2,572,16304.8,16376.0462,16498.8665,16618.4833,16730.6581,16847.7727
2015,2,574,16304.8,16422.0277,16556.565,16709.1251,16858.4639,17005.383
2015,2,575,,,,,,
2015,2,576,16306.921,16355.8418,16408.9983,16519.759,16602.3578,16706.1225
2015,2,577,16304.8,16442.04,16583.28,16655.33,16737.52,16874.85
2015,2,578,16304.8,16396.8259,16531.3895,16642.1301,16747.9506,16875.5983
2015,2,579,16304.8,16377.0348,16488.8526,16598.3683,16702.3795,16802.738
2015,2,580,16267.3,16326.1,16427.1952,16553.0522,16671.7784,16775.0141
2015,2,581,16304.8,16465.4826,16597.2441,16713.142,16828.5604,16950.4861
2015,3,411,16270.4,16359.3,16469.2,16577.3,16685.4,16790.6
2015,3,421,16270.4,16437.1716,16580.9969,16688.7733,16868.1776,17003.1231
2015,3,422,16270.4,16397.372,16524.6989,16651.4389,16784.291,16915.1976
2015,3,424,16270.4,16395.5308,16525.2876,16638.6456,16752.7656,16867.2305
2015,3,426,16270.4,16416.7006,16540.5666,16722.9693,16876.1345,17060.8048
2015,3,428,16270.4,16390.42,16546.48,16699.03,16838.4,16980.67
2015,3,433,16270.4,16367.16,16485.84,16593.36,16721.8,16842.3
2015,3,456,16270.4,16366.5711,16477.9491,16579.9847,16682.652,16775.7104
2015,3,463,16270.4,16391.0787,16528.6609,16594.3826,16713.4052,16833.2815
2015,3,484,16270.4,16380.109,16499.2057,16585.1526,16707.6331,16831.4543
2015,3,504,16270.4,16450.4318,16592.5215,16725.7232,16859.9942,16995.3431
2015,3,506,16270.4,16382.7339,16499.4864,16635.8699,16769.046,16901.0704
2015,3,508,16270.4,16379.1304,16480.554,16582.6057,16689.3573,16800.8875
2015,3,510,16270.4,16374.6,16449.1,16479.8,16504.0,16571.0
2015,3,512,16270.4,16379.1304,16468.4818,16610.7274,16680.8774,16792.3509
2015,3,518,16270.4,16344.8608,16444.4308,16555.8108,16665.1008,16780.5108
2015,3,520,16270.4,16380.8223,16504.2128,16624.4754,16751.0314,16869.7477
2015,3,527,16270.4,16397.0,16504.0,16607.0,16701.0,16803.0
2015,3,528,16270.4,16355.155,16480.4601,16598.6656,16701.4486,16800.7679
2015,3,533,16270.4,16395.0,16504.4,16610.4,16721.3,16837.0
2015,3,535,16270.4,16351.1489,16456.4105,16554.2726,16673.0075,16788.5127
2015,3,542,16270.4,16370.8362,16474.0756,16576.6979,16678.2836,16780.8077
2015,3,546,16270.4,16375.1418,16488.5835,16602.8111,16730.0136,16854.1013
2015,3,548,16270.4,16495.44,16597.8,16715.84,16833.6,16953.48
2015,3,549,16270.4,16375.1418,16468.4975,16558.3364,16660.8697,16739.4512
2015,3,553,16270.4,16398.8096,16523.1386,16639.7344,16753.2674,16880.0083
2015,3,555,16270.4,16344.4,16445.0,16570.3,16687.7,16806.5
2015,3,557,16270.4,16414.877,16549.946,16654.893,16758.164,16851.246
2015,3,559,16270.4,16389.2336,16509.2455,16620.2631,16738.3557,16864.0972
2015,3,560,16270.4,16358.0384,16474.428,16646.4417,16742.2416,16816.0635
2015,3,563,16270.4,16359.1583,16448.4007,16534.083,16632.407,16739.4792
2015,3,568,16270.4,16361.1236,16474.251,16591.9149,16704.2582,16821.6376
2015,3,569,,,,,,
2015,3,570,16270.4,16385.9043,16503.4316,16609.6736,16724.7401,16869.1991
2015,3,572,16270.4,16388.3987,16507.2146,16618.6383,16734.9687,16847.9298
2015,3,574,16270.4,16363.6353,16488.6785,16610.7508,16755.4673,16905.8041
2015,3,575,,,,,,
2015,3,576,16270.4,16346.4499,16484.8048,16587.9958,16689.9618,16802.7199
2015,3,577,16270.4,16422.3,16506.2,16646.8,16783.8,16889.6
2015,3,578,16270.4,16367.6893,16456.5755,16558.3178,16670.0397,16808.2685
2015,3,579,16270.4,16369.799,16480.4994,16584.6994,16684.71,16775.613
2015,3,581,16270.4,16399.5137,16526.2665,16639.7305,16759.6063,16884.46
2015,4,411,16394.2,16498.6,16614.1,16720.9,16823.8,16921.4
2015,4,421,16394.2,16537.6493,16645.144,16819.918,16954.4773,17047.727
2015,4,422,16394.2,16533.1877,16649.0377,16766.1228,16890.9232,17016.9032
2015,4,424,16394.2,16517.2577,16628.1759,16737.9695,16850.1955,16963.4783
2015,4,426,16394.2,16517.763,16647.6604,16784.5395,16933.8851,17094.6952
2015,4,428,16394.2,16531.0,16671.59,16815.46,16956.84,17085.44
2015,4,429,16394.2,16500.5428,16601.5438,16710.9817,16831.1268,16958.2687
2015,4,433,16394.2,16484.82,16599.5,16735.54,16851.8,16963.91
2015,4,456,16394.2,16494.6403,16586.6499,16679.1728,16772.2117,16865.7697
2015,4,463,16394.2,16495.7169,16593.8127,16708.7693,16820.4292,16932.8353
2015,4,472,16394.2,16501.9,16594.3,16713.1,16833.5,16927.1
2015,4,484,16394.2,16527.8099,16646.355,16769.8222,16894.2052,17031.8901
2015,4,504,16394.2,16595.3935,16738.7353,16873.1107,17008.5649,17145.1065
2015,4,506,16394.2,16490.09,16628.7,16752.88,16879.68,17002.84
2015,4,507,16394.2,16502.0081,16593.7572,16695.6994,16793.2336,16901.4263
2015,4,508,16394.2,16482.028,16560.9321,16657.7913,16757.1782,16853.1552
2015,4,510,16394.2,16485.8,16533.5,16565.8,16633.2,16718.1
2015,4,518,16394.2,16502.9633,16612.6233,16723.4333,16836.7133,16949.2833
2015,4,520,16394.2,16512.4551,16621.7848,16734.3507,16843.4625,16947.5642
2015,4,523,16394.2,16516.88,16622.56,16725.87,16841.29,16944.5
2015,4,524,16394.2,16539.9076,16649.819,16775.7431,16908.9994,17042.4196
2015,4,528,16394.2,16481.0003,16557.5798,16632.2863,16704.8581,16783.8637
2015,4,532,16394.2,16498.0486,16603.6225,16700.2946,16789.2083,
2015,4,533,16394.2,16461.0,16530.0,16623.0,16706.0,16794.0
2015,4,535,16394.2,16515.797,16609.9545,16729.0888,16844.9826,16965.8026
2015,4,540,16394.2,16519.558,16657.763,16796.339,16941.443,17086.537
2015,4,542,16394.2,16496.7109,16599.4127,16702.2741,16804.0114,16906.5324
2015,4,546,16394.2,16499.7388,16610.0018,16708.7772,16804.035,16899.8358
2015,4,548,16394.2,16478.46,16603.27,16721.92,16842.98,16960.22
2015,4,549,16394.2,16483.6336,16577.6078,16663.9632,16746.6653,16850.3647
2015,4,553,16394.2,16533.8844,16641.7245,16759.7013,16863.8764,16975.4993
2015,4,555,16394.2,16501.3,16603.2,16709.7,16871.6,16923.3
2015,4,556,16394.2,16469.4258,16619.4952,16769.3192,16874.7522,16988.1872
2015,4,557,16394.2,16504.3061,16595.2103,16704.5232,16803.0342,16915.0977
2015,4,559,16394.2,16487.9812,16587.5825,16698.2294,16811.5046,16931.9809
2015,4,563,16394.2,16507.7737,16593.7653,16696.518,16795.8079,16903.9321
2015,4,568,16394.2,16475.6164,16575.7521,16679.9667,16778.2104,16886.1771
2015,4,569,,,,,,
2015,4,570,16394.2,16495.7169,16572.6831,16660.0852,16799.568,16928.0061
2015,4,572,16394.2,16496.6638,16595.6437,16691.0687,16795.3879,16900.359
2015,4,574,16394.2,16522.0048,16643.0885,16772.5721,16905.5179,17035.5879
2015,4,575,,,,,,
2015,4,576,16394.2,16491.6665,16581.1268,16666.7771,16813.5481,16911.3866
2015,4,578,16394.2,16501.3442,16605.8098,16707.0946,16817.1542,16926.7491
2015,4,579,16394.2,16484.2585,16575.7359,16669.7785,16757.4481,16841.8752
2016,1,421,16442.3,16573.8384,16685.7118,16860.9118,16995.7991,17089.276
2016,1,422,16442.3,16556.2148,16651.5764,16738.9019,16847.2097,16956.3016
2016,1,424,16442.3,16524.7779,16615.1588,16709.7922,16811.2583,16911.7006
2016,1,426,16442.3,16494.1,16577.1,16719.4203,16848.384,16962.9539
2016,1,433,16442.3,16512.56,16621.912,16710.088,16812.392,16923.452
2016,1,456,16442.3,16513.6031,16605.7185,16698.3477,16791.4937,16885.1592
2016,1,472,16442.3,16523.07,16651.56,16774.6,16862.7,16921.79
2016,1,484,16442.3,16529.2378,16655.9599,16780.6626,16900.0862,16994.6494
2016,1,504,16442.3,16483.2525,16665.6395,16799.4282,16934.2908,17070.2362
2016,1,506,16442.3,16538.06,16659.65,16789.69,16921.55,17024.95
2016,1,507,16442.3,16527.2299,16620.4034,16715.621,16817.517,16902.958
2016,1,508,16442.3,16527.9505,16622.1774,16715.7157,16815.1198,16923.3683
2016,1,510,16442.3,16492.5,16524.8,16592.3,16677.0,16746.5
2016,1,512,16442.3,16505.1,16531.9,16581.44,16619.0,16669.7
2016,1,518,16442.3,16551.5569,16674.321,16777.5725,16889.7471,16985.3301
2016,1,520,16442.3,16520.596,16606.7819,16709.046,16813.8588,16909.0551
2016,1,524,16442.3,16520.6653,16647.4164,16781.7068,16916.7588,17006.8421
2016,1,527,16442.3,16536.0386,16658.6875,16761.8422,16865.6357,16961.7877
2016,1,528,16442.3,16487.331,16560.6416,16634.3943,16712.787,16788.3953
2016,1,532,16442.3,16527.1601,16625.9093,16710.6537,16795.5612,
2016,1,533,16442.3,16483.2525,16544.72,16626.8303,16709.3482,16784.0379
2016,1,535,16442.3,16536.0386,16646.5442,16757.7882,16869.7757,16965.9514
2016,1,542,16442.3,16545.1878,16649.0941,16751.0844,16853.7047,16956.3555
2016,1,546,16442.3,16531.996,16630.3076,16733.2865,16832.7951,16928.7599
2016,1,548,16442.3,16603.27,16721.92,16842.98,16960.22,17076.9
2016,1,549,16442.3,16527.9505,16614.0472,16696.5015,16799.8904,16874.9849
2016,1,553,16442.3,16552.3002,16654.0117,16758.1551,16868.6137,16975.2987
2016,1,555,16442.3,16506.3,16607.9,16712.9,16815.9,16906.2
2016,1,556,16442.3,16520.0231,16654.301,16800.8516,16922.3988,16986.3106
2016,1,557,16442.3,16555.2916,16691.1096,16809.3057,16919.5103,17010.6038
2016,1,563,16442.3,16519.8505,16601.8374,16696.4855,16791.6732,16895.6514
2016,1,568,16442.3,16515.8934,16614.3188,16717.2914,16815.6039,16908.149
2016,1,569,,,,,,
2016,1,570,16442.3,16533.7467,16641.7122,16744.7618,16836.1078,16927.9521
2016,1,572,16442.3,16536.8151,16627.7676,16731.6911,16823.7154,16920.4518
2016,1,574,16442.3,16550.7558,16657.7926,16766.2104,16873.4301,16993.992
2016,1,576,16442.3,16502.7766,16575.8388,16665.5956,16805.9305,16908.1945
2016,1,577,16442.3,16484.8182,16565.2191,16681.7438,16798.8934,16893.388
2016,1,578,16442.3,16523.7287,16585.094,16680.6875,16796.2421,16895.0897
2016,1,579,16442.3,16496.7554,16575.347,16669.1733,16763.8104,16851.811
2016,2,421,16492.7,16649.3807,16778.4134,16887.473,16980.3541,17090.7264
2016,2,422,16492.7,16617.8041,16736.7578,16852.9736,16962.1011,17071.9524
2016,2,424,16492.7,16571.3688,16667.5876,16773.7046,16879.1459,16975.1443
2016,2,426,16492.7,16577.9,16710.8,16852.9,16979.6073,17107.3899
2016,2,429,16492.7,16594.7864,16706.8638,16813.6778,16918.3699,17026.0798
2016,2,433,16492.7,16580.3,16686.33,16787.32,16879.0,16970.66
2016,2,446,16492.7,16566.4214,16648.6394,16739.461,16843.1159,16947.4126
2016,2,456,16492.7,16586.4,16678.9,16772.0,16855.2,16938.9
2016,2,463,16492.7,16574.5521,16677.1859,16780.4551,16863.7353,16959.8765
2016,2,472,16492.7,16546.6,16657.2,16752.4,16806.4,16873.5
2016,2,484,16492.7,16606.4937,16708.1183,16823.6317,16922.889,17034.2624
2016,2,504,16492.7,16675.1916,16788.6699,16902.9204,16945.0202,17128.4165
2016,2,506,16492.7,16563.5,16652.13,16781.11,16903.13,17023.97
2016,2,507,16492.7,16597.0788,16679.8957,16773.4944,16884.1954,16972.9627
2016,2,508,16492.7,16558.2786,16624.118,16694.3245,16773.0637,16852.1743
2016,2,510,16492.7,16528.6,16586.5,16670.9,16740.2,16833.3
2016,2,518,16492.7,16573.1337,16659.0811,16764.7307,16865.4547,16993.1695
2016,2,520,16492.7,16590.9917,16676.0843,16763.4508,16849.1365,16938.3209
2016,2,523,16492.7,16601.6,16685.5,16776.7,16872.2,16970.4
2016,2,524,16492.7,16586.2734,16702.8633,16813.5948,16924.7581,17023.9018
2016,2,532,16492.7,16570.07,16648.9946,16728.8755,16811.7586,
2016,2,533,16492.7,16562.3515,16644.5493,16731.2534,16801.9123,16864.5682
2016,2,535,16492.7,16582.671,16685.3549,16792.7681,16888.5047,16997.2256
2016,2,542,16492.7,16573.0791,16676.256,16779.1134,16881.3917,16986.1183
2016,2,546,16492.7,16566.4214,16656.7945,16751.7559,16855.4869,16947.4369
2016,2,548,16492.7,16555.65,16638.31,16763.16,16881.27,17001.88
2016,2,549,16492.7,16582.671,16669.0527,16772.2715,16847.2426,16910.0675
2016,2,553,16492.7,16602.4246,16707.6921,16813.6749,16911.9928,17009.5358
2016,2,555,16492.7,16551.8,16658.7,16762.1,16853.5,16939.1
2016,2,556,16492.7,16577.1036,16704.8459,16850.8587,16895.0207,17035.3953
2016,2,557,16492.7,16652.9175,16757.2352,16873.4228,16948.9231,17016.0842
2016,2,559,16492.7,16532.8,16583.8,16683.7,16763.6,16871.3
2016,2,563,16492.7,16606.9561,16701.6334,16796.8504,16892.6103,17001.3576
2016,2,568,16492.7,16583.0028,16686.76,16778.988,16871.899,16972.6416
2016,2,569,,,,,,
2016,2,570,16492.7,16577.2251,16659.4967,16766.3677,16865.1375,16961.9149
2016,2,572,16492.7,16579.2867,16678.7624,16770.4956,16862.7333,16959.694
2016,2,574,16492.7,16612.0374,16703.405,16798.28,16898.9293,17013.6421
2016,2,576,16492.7,16549.9712,16621.4545,16699.1337,16780.3621,16863.1721
2016,2,577,16492.7,16570.6057,16696.64,16825.2085,16916.6645,16987.9134
2016,2,578,16492.748,16531.1294,16635.499,16747.4923,16847.5699,16937.6299
2016,2,579,16492.7,16561.8274,16656.1899,16751.113,16839.58,16924.2672
2016,3,411,16575.1,16692.0,16790.3,16889.1,16989.7,17081.4
2016,3,421,16575.1,16707.7008,16828.8316,16925.5974,17035.6138,17112.2741
2016,3,422,16575.1,16705.1502,16818.757,16933.5409,17035.3895,17150.9022
2016,3,424,16575.1,16680.2192,16775.8814,16875.4407,16969.3391,17059.2437
2016,3,426,16575.1,16670.8,16800.9882,16875.7929,16998.5268,17108.4999
2016,3,433,16575.08,16694.36,16792.24,16864.28,16973.64,17078.0
2016,3,446,16575.1,16677.7371,16776.9153,16880.8021,16985.3322,17090.5096
2016,3,456,16575.1,16679.8,16772.8,16856.0,16939.7,17023.8
2016,3,463,16575.1,16733.2097,16832.7178,16916.2574,17012.698,17113.8682
2016,3,472,16575.1,16713.8,16824.8,16875.6,16937.5,17034.3
2016,3,484,16575.1,16720.9911,16829.5486,16932.9061,17036.7049,17147.6933
2016,3,504,16575.1,16937.6465,17114.81,17210.279,17365.2179,17491.8935
2016,3,506,16575.1,16673.9069,16776.1176,16882.0313,16982.076,17080.0544
2016,3,507,16575.1,16699.6206,16787.756,16870.3946,16964.7636,17029.8431
2016,3,508,16575.1,16665.5205,16764.626,16851.8369,16939.6208,17033.5944
2016,3,510,16575.1,16701.9,16791.4,16884.9,16972.4,17068.4
2016,3,512,16575.1,16718.2665,16825.8915,16896.9502,16972.4785,17060.8908
2016,3,518,16575.1,16643.9624,16719.497,16829.1889,16932.0095,17030.9065
2016,3,520,16575.1,16686.3496,16770.8055,16856.7886,16952.0925,17039.5911
2016,3,523,16575.1,16706.7,16807.8,16891.5,16973.8,17050.3
2016,3,527,16575.1,16669.5957,16764.63,16847.8318,16943.8823,17027.9736
2016,3,528,16575.1,16680.1533,16742.249,16801.6577,16856.3511,16915.4628
2016,3,535,16575.1,16734.3961,16838.0196,16934.0142,17043.0281,17156.9217
2016,3,542,16575.1,16657.2118,16739.3485,16841.7302,16944.8205,17048.6172
2016,3,546,16575.1,16693.9843,16797.3576,16888.9905,16985.2757,17082.1098
2016,3,548,16575.1,16638.31,16763.16,16881.27,17001.88,17113.47
2016,3,549,16575.1,16673.6679,16768.7255,16851.9475,16931.4302,17002.9345
2016,3,553,16575.1,16678.7574,16778.8117,16866.8655,16952.396,17034.943
2016,3,555,16575.1,16655.7,16743.6,16819.3,16909.6,16994.2
2016,3,557,16575.1,16663.6419,16745.8304,16856.1471,16951.756,17082.0887
2016,3,559,16575.1,16625.9077,16698.2146,16763.3495,16840.1204,16925.1978
2016,3,563,16575.1,16649.1897,16719.5021,16810.7103,16910.6793,17019.543
2016,3,568,16575.1,16683.9908,16766.0978,16854.9103,16942.6133,17030.3727
2016,3,569,,,,,,
2016,3,570,16575.1,16678.4053,16780.0688,16858.8573,16946.2077,17053.7428
2016,3,572,16575.1,16682.8382,16774.5938,16866.854,16955.405,17040.182
2016,3,574,16575.1,16688.2161,16814.9128,16915.6181,17028.5863,17146.5059
2016,3,575,,,,,,
2016,3,576,16575.1,16654.2949,16692.1525,16725.9844,16779.2299,16857.4434
2016,3,578,16575.1,16703.3208,16793.0929,16893.714,16996.6995,17098.6911
2016,4,411,16702.1,16763.9,16852.9,16937.1,17032.0,17114.0
2016,4,421,16702.1,16814.8392,16911.5245,17021.4494,17098.0459,17226.2813
2016,4,422,16702.1,16821.0,16963.7,17127.3,17295.9,17419.0
2016,4,424,16702.1,16798.964,16897.6035,16991.1617,17080.7296,17171.3686
2016,4,426,16702.1,16817.6456,16939.4152,17122.5079,17230.8871,17353.2877
2016,4,429,16702.1,16799.998,16892.9336,16993.6113,17092.9512,17187.6719
2016,4,433,16702.1,16787.752,16858.792,16959.756,17035.036,17122.024
2016,4,446,16702.1,16776.7574,16880.6432,16985.1723,17090.3487,17191.9806
2016,4,456,16702.1,16798.7,16882.0,16965.8,17050.0,17134.6
2016,4,463,16702.1,16784.9914,16860.0193,16951.994,17048.6384,17141.6421
2016,4,472,16702.1,16800.04,16873.72,16972.74,17067.77,17118.63
2016,4,484,16702.1,16817.8068,16934.3151,17035.0191,17132.1368,17242.4262
2016,4,504,16702.1,16866.6726,16950.3807,17092.6576,17240.2945,17389.2066
2016,4,506,16702.1,16787.55,16881.49,16971.38,17062.69,17148.06
2016,4,507,16702.1,16783.2269,16864.7143,16963.5391,17060.8287,17126.9909
2016,4,508,16702.1,16764.3836,16851.7119,16968.4551,17086.0071,17195.9995
2016,4,510,16702.1,16814.8,16913.5,17010.0,17102.7,17227.9
2016,4,512,16702.1,16793.2133,16913.662,17014.2432,17119.5996,17208.7782
2016,4,518,16702.1,16783.8695,16894.3595,16997.6695,17094.9695,17187.3295
2016,4,527,16702.1,16805.5235,16888.9282,16993.5086,17077.8462,17162.6024
2016,4,532,16702.1,16796.2073,16881.4325,16968.506,17049.3349,
2016,4,535,16702.1,16801.4231,16897.2091,17010.1283,17119.6321,17229.841
2016,4,546,16702.1,16772.6358,16872.3784,16968.5689,17065.3077,17162.5981
2016,4,548,16702.1,16788.5,16893.69,16978.93,17056.26,17139.22
2016,4,549,16702.1,16789.1038,16872.427,16947.8457,17019.4194,17103.8856
2016,4,553,16702.1,16829.7635,16923.6287,17009.2752,17094.7099,17188.9398
2016,4,555,16702.1,16778.8,16854.0,16950.6,17042.1,17131.2
2016,4,556,16702.1,16808.2505,16922.8485,17053.6481,17123.3991,17189.4077
2016,4,557,16702.1,16800.6988,16865.8882,16946.5011,17046.4451,17142.4143
2016,4,559,16702.1,16744.7147,16804.2369,16878.193,16956.9511,17045.3233
2016,4,560,16681.0,16755.824,16824.2582,16928.7154,17009.2574,17096.7345
2016,4,563,16702.1,16789.1038,16884.8195,16981.0809,17086.232,17192.0341
2016,4,568,16702.1,16790.3096,16885.0873,16978.3464,17067.6628,17158.9815
2016,4,569,,,,,,
2016,4,570,16702.1,16801.4231,16888.9443,16972.763,17061.1768,17150.0511
2016,4,572,16702.1,16770.9962,16859.0439,16947.5539,17032.2916,17108.937
2016,4,574,16702.1,16819.9878,16936.8644,17060.941,17184.9201,17303.78
2016,4,575,,,,,,
2016,4,576,16702.1,16741.529,16775.8463,16836.901,16953.0861,16995.4037
2016,4,577,16702.1,16796.1623,16886.6671,16965.7638,17065.8817,17166.844
2016,4,578,16702.1,16782.9812,16893.9993,16992.566,17091.9027,17183.7261
2016,4,583,16702.1,16753.8751,16852.4039,16946.2359,17038.647,17128.2864
2017,1,411,16804.8,16889.5,16994.5,17097.9,17193.3,17283.2
2017,1,421,16804.8,16909.83,17023.9714,17155.9071,17284.5764,17396.9262
2017,1,422,16804.8,16933.2841,17051.0345,17156.5452,17294.6942,17440.2756
2017,1,424,16804.8,16903.1996,16986.1083,17083.4643,17184.057,17281.5267
2017,1,426,16804.8,16944.8197,17078.0828,17241.5802,17389.6721,17517.0137
2017,1,429,16804.8,16902.3093,16994.6843,17096.9709,17186.0847,17271.1525
2017,1,433,16804.8,16893.736,16986.548,17073.436,17199.88,17328.22
2017,1,446,16804.8,16908.8595,17013.5633,17118.9155,17230.7987,17340.0665
2017,1,456,16804.8,16882.9835,16977.1593,17071.8605,17167.09,17262.8506
2017,1,463,16804.8,16888.2011,16996.92,17106.3389,17216.4621,17323.0707
2017,1,472,16804.8,16891.99,17003.85,17123.43,17213.14,17293.43
2017,1,484,16804.8,16894.3213,16998.3037,17128.4929,17268.4559,17393.7758
2017,1,504,,,,,,
2017,1,506,16804.8,16890.41,16982.0,17098.63,17204.64,17323.64
2017,1,508,16804.8,16888.2011,16969.7203,17052.3166,17128.2654,17224.1759
2017,1,510,16804.8,16910.6,17031.4,17135.5,17237.7,17387.9
2017,1,512,16804.8,16917.1017,16992.7201,17089.5966,17161.7689,17280.6601
2017,1,518,16804.8,16929.4424,17034.2737,17085.1481,17123.4607,17208.4432
2017,1,523,16804.8,16948.0328,17020.5968,17115.1489,17222.43,17335.7224
2017,1,527,16804.8,16900.6052,17005.2579,17123.0649,17241.6879,17361.1328
2017,1,532,16804.8,16886.7032,16967.4802,17046.0081,17123.4081,
2017,1,535,16804.8,16896.4735,17001.1006,17127.199,17258.4191,17377.9799
2017,1,542,16804.8,16888.3605,16953.1217,17056.5133,17163.6477,17289.6117
2017,1,546,16804.8,16896.4735,16992.8014,17085.5005,17195.4896,17314.6144
2017,1,548,16804.8,16943.61,17060.4,17177.12,17283.23,17398.12
2017,1,549,16804.8,16900.6052,16976.1499,17056.2183,17145.0668,17204.7621
2017,1,553,16804.8,16913.0255,17021.1117,17118.4123,17204.3399,17314.4395
2017,1,555,16804.8,16876.6,16978.4,17082.2,17175.6,17278.6
2017,1,556,16804.8,16938.6162,17075.74,17142.0405,17185.3378,17245.4865
2017,1,557,16804.8,16891.416,16975.647,17089.928,17201.142,17287.413
2017,1,560,16804.8,16873.4342,16978.1968,17058.9742,17146.707,17231.3402
2017,1,563,16804.8,16917.1017,17021.8565,17139.7785,17254.3187,17369.6243
2017,1,568,16804.8,16867.8415,16938.8394,17003.3983,17083.8434,17165.7973
2017,1,569,,,,,,
2017,1,570,16804.8,16897.4219,16984.8619,17086.0114,17184.6189,17283.1422
2017,1,572,16804.8,16893.0252,16981.7136,17075.113,17169.0261,17263.4558
2017,1,574,16804.8,16914.9062,17038.106,17154.0984,17260.8765,17380.2433
2017,1,576,16804.8,16840.8399,16902.4445,17042.683,17122.0805,17159.8184
2017,1,577,16804.8,16892.4741,16957.9234,17026.0836,17106.1327,17240.3673
2017,1,578,16804.8,16918.9808,17033.4955,17134.0701,17234.0502,17359.1467
2017,1,579,16804.8,16890.5273,16974.4567,17057.6011,17144.6925,17226.33
2017,1,583,16804.8,16885.0509,16978.8708,17067.3523,17166.0587,17279.4318
2017,2,411,16842.4,16996.7,17101.3,17192.0,17278.6,17373.8
2017,2,421,16842.4,16968.718,17079.0147,17194.298,17297.4638,17435.8435
2017,2,422,16842.4,16971.6974,17080.0986,17202.4068,17326.5809,17471.9747
2017,2,424,16842.4,16971.0751,17068.7708,17169.5557,17267.101,17353.3714
2017,2,426,16842.4,16971.7,17093.4802,17213.3832,17328.7526,17474.7007
2017,2,429,16842.4,16976.0879,17092.6582,17199.002,17300.86,17396.21
2017,2,433,16842.4,16974.16,17070.6,17179.32,17316.32,17437.0
2017,2,446,16842.4,16934.2786,17026.6585,17119.5423,17221.3478,17321.2206
2017,2,456,16842.4,16957.6403,17062.6462,17157.8242,17253.5332,17339.1613
2017,2,463,16842.4,16975.5519,17109.7564,17224.096,17318.0569,17442.27
2017,2,484,16842.4,16975.6238,17105.9497,17246.0368,17371.4637,17508.912
2017,2,504,16842.4,16987.8753,17188.1599,17336.6217,17486.3658,17637.4034
2017,2,507,16842.4,16979.5666,17079.5957,17166.0092,17263.4003,17355.0217
2017,2,508,16842.4,16967.3213,17064.053,17131.9035,17225.3614,17323.5643
2017,2,510,16842.4,16957.9,17062.1,17174.4,17324.9,17469.8
2017,2,512,16842.4,16990.1,17086.5,17160.2,17279.65,17365.44
2017,2,518,16842.4,16974.9036,17029.7636,17072.1236,17177.4936,17302.0136
2017,2,527,16842.4,16959.0787,17076.5658,17194.8667,17280.2036,17399.9153
2017,2,532,16842.4,16961.1786,17036.0584,17107.2249,17159.1414,
2017,2,535,16842.4,17004.265,17138.6965,17274.1908,17398.0893,17531.3848
2017,2,546,16842.4,16971.4381,17076.5294,17178.0791,17271.789,17361.7604
2017,2,548,16842.4,17048.19,17189.51,17338.75,17485.94,17641.64
2017,2,549,16842.4,16954.9529,17059.9422,17140.4058,17204.3239,17276.9808
2017,2,555,16842.4,16965.6,17074.6,17182.5,17296.1,17413.5
2017,2,556,16842.4,17012.9675,17125.7107,17276.4106,17329.1102,17490.8303
2017,2,557,16842.4,16998.4753,17113.026,17205.419,17302.6043,17402.555
2017,2,559,16842.4,16981.2229,17109.2165,17226.7774,17337.5667,17439.2522
2017,2,563,16842.4,16967.3213,17059.8814,17161.3321,17259.1699,17361.8058
2017,2,568,16842.4,16949.6058,17015.6048,17106.5858,17197.8707,17286.3231
2017,2,569,,,,,,
2017,2,570,16842.4,16909.3691,17005.7705,17101.4311,17144.0253,17231.5756
2017,2,572,16842.4,16964.5074,17057.8122,17151.6302,17250.252,17349.441
2017,2,574,16842.4,17005.505,17115.5509,17216.2747,17327.1886,17437.2774
2017,2,576,16842.4,16903.7853,17044.0249,17131.4224,17162.8174,17227.3173
2017,2,578,16842.4,16968.8181,17076.3725,17179.6957,17285.5781,17406.8202
2017,2,579,16842.4,16975.5519,17055.6175,17140.2634,17216.8793,17289.5892
2017,2,583,16842.4,16980.2196,17102.0954,17204.862,17301.0749,17402.3125
2017,3,411,17010.7,17133.8,17242.1,17338.1,17430.6,17529.7
2017,3,421,17010.7,17117.0169,17219.719,17335.9521,17465.9717,17535.8356
2017,3,422,17010.7,17129.9189,17227.9057,17300.3131,17409.8513,17523.7458
2017,3,426,17010.7,17128.9676,17231.3124,17311.5754,17436.897,17544.5818
2017,3,433,17010.68,17115.24,17206.64,17324.96,17424.12,17508.8
2017,3,456,17010.7,17121.4708,17216.977,17313.0159,17398.9392,17485.2889
2017,3,463,17010.7,17149.3343,17255.5272,17353.902,17465.619,17582.3367
2017,3,472,17010.7,17117.83,17210.79,17296.02,17382.51,17489.71
2017,3,484,17010.7,17133.9127,17253.9575,17362.5542,17472.4093,17591.9098
2017,3,504,17010.7,17198.9,17368.4,17428.9,17600.6,17816.6
2017,3,506,17010.7,17140.6164,17251.162,17370.5917,17487.5775,17600.3065
2017,3,507,17010.7,17125.3501,17216.9553,17318.7495,17413.7066,17503.074
2017,3,508,17010.7,17108.3841,17176.3152,17268.3717,17365.5391,17466.1457
2017,3,510,17010.7,17102.2,17170.2,17259.6,17337.0,17398.2
2017,3,512,17010.7,17095.11,17167.04,17278.8,17350.33,17425.26
2017,3,518,17010.7,17117.8957,17204.0857,17306.7957,17410.1257,17505.9657
2017,3,524,17010.7,17146.1651,17242.7638,17373.5293,17501.8313,17639.1285
2017,3,527,17010.7,17116.0344,17222.0211,17299.0025,17397.6252,17496.8101
2017,3,532,17010.7,17087.0868,17159.6497,17232.2297,17299.1645,
2017,3,535,17010.7,17136.8696,17268.1637,17396.2429,17521.0169,17646.6857
2017,3,542,17010.7,17115.8084,17202.6649,17286.3791,17391.3085,17518.1834
2017,3,546,17010.7,17128.5446,17230.4037,17324.399,17410.3788,17483.9058
2017,3,548,17010.7,17174.12,17327.84,17482.39,17630.74,17780.06
2017,3,549,17010.7,17099.3114,17171.5247,17239.8025,17312.6091,17389.9955
2017,3,553,17010.7,17132.3529,17250.7377,17348.6104,17455.6962,17577.3927
2017,3,555,17010.7,17108.1,17229.4,17332.3,17440.7,17552.9
2017,3,556,17010.7,17154.0175,17273.2061,17361.9563,17511.5691,17626.5614
2017,3,557,17010.7,17116.8147,17217.4624,17300.4722,17386.3781,17488.0255
2017,3,563,17010.7,17132.7086,17243.0016,17341.305,17448.6867,17561.0138
2017,3,568,17010.7,17110.6732,17194.0717,17264.1896,17320.3359,17389.1619
2017,3,569,,,,,,
2017,3,570,17010.7,17103.4967,17188.3802,17261.905,17351.8249,17446.4825
2017,3,572,17010.7,17121.3,17211.2,17297.2,17388.0,17477.6
2017,3,574,17010.7,17128.9427,17238.0691,17362.6735,17483.0796,17599.07
2017,3,576,17010.7,17068.9001,17163.9095,17236.2418,17309.6626,17383.5681
2017,3,577,17010.7,17086.6,17167.6,17293.7,17436.9,17585.6
2017,3,579,17010.7,17117.6234,17210.6752,17299.6922,17382.7209,17454.1559
2017,3,583,17010.7,17140.4906,17243.4919,17345.9477,17448.4451,17549.2899
2017,3,584,17010.7,17189.0051,17333.2196,17464.3576,17588.5351,17704.4703
2017,4,411,17156.9,17267.2,17371.2,17471.2,17562.4,17653.1
2017,4,421,17156.9,17255.5522,17372.0272,17502.3174,17594.2045,17642.5886
2017,4,422,17156.9,17263.6497,17378.4881,17493.0876,17605.1182,17715.8269
2017,4,424,17156.9,17269.5108,17376.9805,17478.1064,17563.5135,17649.4013
2017,4,428,17156.9,17270.29,17395.43,17535.29,17641.74,17748.1
2017,4,429,17156.9,17270.7532,17369.1006,17467.9421,17565.3989,17654.7307
2017,4,433,17156.9,17276.76,17396.104,17489.94,17579.156,17672.84
2017,4,446,17156.9,17271.5,17376.0,17473.0,17562.9,17650.3
2017,4,456,17156.9,17257.2484,17357.7533,17465.2368,17551.9155,17636.8625
2017,4,472,17156.9,17291.83,17381.74,17464.02,17554.49,17628.16
2017,4,484,17156.9,17275.7575,17391.2064,17507.4268,17628.7127,17750.8387
2017,4,504,17156.9,17315.5,17452.4,17603.2,17776.6,17908.5
2017,4,507,17156.9,17265.857,17381.9137,17483.4665,17582.3662,17676.4563
2017,4,508,17156.9,17258.9277,17348.8321,17443.4735,17538.6311,17625.6741
2017,4,510,17156.9,17254.8,17341.5,17437.2,17520.5,17575.9
2017,4,512,17156.9,17250.4943,17302.0145,17392.1434,17478.4594,17560.897
2017,4,518,17156.9,17304.1692,17404.769,17493.1287,17587.2585,17690.3382
2017,4,524,17156.9,17262.5929,17377.5349,17517.9512,17668.9297,17812.7528
2017,4,527,17156.9,17284.154,17361.4131,17460.3916,17547.0463,17634.1311
2017,4,532,17156.9,17253.6255,17341.6471,17414.3677,17491.0762,
2017,4,535,17156.9,17296.7258,17420.7859,17554.2553,17684.4565,17811.2976
2017,4,542,17156.9,17264.1319,17351.1066,17437.4942,17524.5865,17612.1013
2017,4,546,17156.9,17271.5546,17391.2064,17503.1635,17611.5474,17711.9519
2017,4,548,17156.9,17303.23,17454.13,17604.13,17756.04,17913.71
2017,4,549,17156.9,17263.1398,17344.5618,17439.1798,17525.7293,17599.7435
2017,4,553,17156.9,17259.9193,17377.8992,17486.3478,17605.8527,17718.8013
2017,4,555,17156.9,17261.9,17361.6,17470.5,17582.0,17694.0
2017,4,556,17156.9,17288.9982,17368.0132,17516.6209,17632.3209,17753.1438
2017,4,557,17156.9,17252.3705,17346.9622,17447.9682,17560.3219,17667.791
2017,4,559,17156.9,17265.9933,17354.2606,17458.2449,17555.4441,17651.6617
2017,4,563,17156.9,17242.0485,17327.6196,17426.4054,17530.0358,17638.5861
2017,4,568,17156.9,17260.0299,17311.2968,17384.2516,17464.2103,17549.0336
2017,4,569,,,,,,
2017,4,570,17156.9,17267.3487,17353.0454,17430.6125,17512.8244,17584.1442
2017,4,572,17156.9,17281.3,17376.3,17467.6,17557.5,17654.0847
2017,4,574,17156.9,17275.7677,17394.633,17506.3728,17607.3778,17703.497
2017,4,576,17156.9,17232.5738,17285.8547,17413.7297,17538.9867,17616.6281
2017,4,578,17156.9,17265.0802,17364.2611,17477.9727,17580.4321,17692.4504
2017,4,579,17156.9,17272.2333,17369.1725,17475.9349,17571.8796,17666.6372
2017,4,583,17156.9,17254.5031,17355.5381,17461.1433,17560.7608,17667.7799
2017,4,584,17156.9,17307.5372,17462.8724,17611.8929,17752.6266,17882.4067
2018,1,411,17272.5,17373.1,17498.7,17619.0,17742.2,17868.1
2018,1,421,17272.5,17393.4075,17536.9031,17672.8141,17787.6874,17929.9889
2018,1,422,17272.5,17409.1928,17547.9909,17688.2762,17810.7317,17941.3687
2018,1,424,17272.5,17410.6928,17524.5799,17608.6721,17696.2709,17796.8346
2018,1,428,17272.5,17382.16,17514.73,17664.51,17802.61,17923.6
2018,1,433,17272.5,17408.2086,17524.9692,17636.0681,17735.3119,17817.6494
2018,1,446,17272.5,17372.7,17494.2,17608.6,17726.9,17847.3
2018,1,456,17272.5,17384.5198,17522.8079,17651.3108,17759.9874,17842.0489
2018,1,472,17272.5,17401.1,17478.22,17565.09,17662.91,17816.85
2018,1,484,17272.5,17457.224,17614.0206,17765.616,17912.0523,18062.778
2018,1,504,17272.5,17409.1,17559.4,17732.4,17864.0,17996.5
2018,1,508,17272.5,17377.9902,17489.8622,17610.6944,17723.5135,17832.8598
2018,1,510,17272.5,17398.3,17512.6,17609.6,17671.0,17716.1
2018,1,518,17272.5,17420.9329,17566.8561,17701.3006,17805.8386,17909.8066
2018,1,532,17272.5,17411.148,17511.4983,17600.0515,17685.3674,
2018,1,533,17272.5,17354.0,17433.0,17504.0,17569.0,17640.0
2018,1,535,17272.5,17430.1005,17580.652,17719.6403,17859.7274,17974.7007
2018,1,546,17272.5,17387.9272,17512.6414,17629.6734,17734.5126,17835.6181
2018,1,548,17272.5,17469.99,17621.11,17781.68,17943.15,18079.49
2018,1,549,17272.5,17379.4556,17495.5975,17599.6393,17695.6489,17800.8803
2018,1,553,17272.5,17393.8501,17536.1478,17666.0436,17772.697,17894.2071
2018,1,555,17272.5,17405.5,17525.8,17652.6,17771.2,17892.7
2018,1,556,17272.5,17408.1195,17539.9319,17675.0378,17780.6932,17895.0236
2018,1,557,17272.5,17397.9367,17504.464,17596.364,17685.1552,17807.4124
2018,1,559,17272.5,17401.4217,17498.6508,17615.7989,17726.2048,17825.915
2018,1,563,17272.5,17446.8844,17580.5537,17693.7298,17811.9719,17926.6377
2018,1,568,17272.5,17455.9694,17547.5406,17645.1586,17754.6541,17865.9097
2018,1,569,,,,,,
2018,1,570,17272.5,17356.5633,17446.7213,17538.9165,17637.2185,17736.1539
2018,1,572,17272.5,17376.135,17476.0478,17572.166,17673.206,17765.9903
2018,1,574,17272.5,17403.4901,17529.5686,17651.6564,17782.2419,17896.1105
2018,1,576,17272.5,17434.1779,17554.4244,17671.3515,17784.2744,17902.9408
2018,1,578,17272.5,17399.221,17549.1349,17657.0631,17783.457,17854.2927
2018,1,579,17272.5,17389.409,17498.0452,17600.9367,17701.0085,17795.7915
2018,1,583,17272.5,17386.1432,17495.2715,17603.9855,17721.1292,17841.3505
2018,1,584,17272.5,17425.7934,17552.0578,17673.5026,17787.2357,17893.7636
2018,2,411,17385.8,17513.3,17645.4,17782.7,17917.5,18029.4
2018,2,421,17385.8,17529.2329,17665.0844,17779.9075,17922.1467,18038.6407
2018,2,422,17385.8,17533.4314,17675.3444,17810.5251,17942.0167,18060.3207
2018,2,424,17385.8,17512.1529,17642.319,17747.1195,17850.4204,17941.7715
2018,2,426,17385.8,17491.7688,17617.1259,17711.4365,17894.4944,17997.9372
2018,2,428,17385.8,17534.6024,17686.7861,17824.9705,17943.1428,18043.6088
2018,2,429,17385.8,17508.0393,17623.5314,17738.2288,17859.3661,17976.2705
2018,2,433,17385.8,17532.44,17659.12,17778.2,17872.96,17977.2
2018,2,446,17385.8,17505.0723,17635.5977,17771.9551,17896.0527,18012.3477
2018,2,472,17385.8,17505.9,17668.66,17760.68,17898.98,18003.45
2018,2,484,17385.8,17501.9843,17623.2324,17745.3205,17868.2544,17987.6628
2018,2,504,17385.8,17573.9669,17747.1303,17878.7621,18011.3701,18166.9424
2018,2,508,17385.8,17514.7517,17644.6599,17766.8964,17876.5104,
2018,2,510,17385.8,17498.9,17595.4,17657.0,17701.9,17789.1
2018,2,518,17385.8,17548.8475,17678.4973,17782.6771,17879.317,17972.2068
2018,2,523,17385.8,17578.0,17684.0,17792.0,17902.0,18014.0
2018,2,532,17385.8,17487.0468,17600.991,17693.9453,17782.053,
2018,2,535,17385.8,17535.9689,17648.8579,17762.4737,17868.1026,17983.1297
2018,2,546,17385.8,17514.7517,17627.5042,17740.9824,17850.839,17961.3758
2018,2,548,17385.8,17562.34,17724.04,17881.49,18046.83,18205.84
2018,2,549,17385.8,17514.7517,17636.0883,17740.9656,17855.1743,17974.4953
2018,2,553,17385.8,17523.5528,17649.8361,17777.0921,17892.2491,18027.4462
2018,2,555,17385.8,17525.8,17662.8,17798.6,17897.0,18024.6
2018,2,556,17385.8,17508.917,17589.2157,17722.2153,17822.9778,17891.5858
2018,2,557,17385.8,17510.165,17639.1427,17745.1911,17868.5807,17983.4947
2018,2,563,17385.8,17523.2478,17623.149,17732.2758,17833.3686,17939.4191
2018,2,568,17385.8,17492.604,17598.4252,17691.6757,17789.3542,17902.8087
2018,2,569,,,,,,
2018,2,570,17385.8,17515.7121,17635.9459,17770.1582,17861.5102,17938.194
2018,2,572,17385.8,17516.1935,17630.0488,17744.6441,17846.6758,17944.8325
2018,2,574,17385.8,17512.245,17635.763,17759.3211,17862.8929,17965.1242
2018,2,576,17385.8,17516.1402,17648.8101,17771.2946,17871.0643,18003.5946
2018,2,578,17385.8,17556.7964,17696.8388,17815.5556,17920.9119,18033.0089
2018,2,579,17385.8,17518.8347,17667.9688,17814.5414,17918.3695,18011.2685
2018,2,583,17385.8,17505.6216,17626.8189,17747.3116,17864.6693,17984.0968
2018,2,584,17385.8,17548.4565,17689.7662,17819.0224,17935.9361,18044.2788
2018,3,411,18507.2,18653.5134,18800.9834,18917.4038,19034.545,19138.3822
2018,3,421,18507.2,18650.6308,18771.8599,18922.0348,19045.028,19149.7757
2018,3,422,18507.2,18675.0987,18826.2386,18973.8692,19103.1,19218.0751
2018,3,424,18507.2,18631.3275,18779.974,18875.3358,18969.2029,19060.4133
2018,3,426,18507.2,18601.8262,18762.2112,18855.2009,19001.0913,19099.6587
2018,3,428,18507.2,18676.1659,18834.8065,18956.4779,19060.5551,19141.6438
2018,3,433,18507.2,18643.052,18754.4336,18833.044,18924.3613,19015.468
2018,3,456,18507.2,18656.1033,18794.477,18910.857,19014.0195,19099.011
2018,3,472,18507.2,18646.69,18797.34,18905.58,19030.11,19167.97
2018,3,484,18507.2,18648.9929,18791.8722,18917.4529,19067.0096,19213.0916
2018,3,504,18507.2,18694.1,18841.8,18981.6,19145.5,19334.2
2018,3,507,18507.2,18639.9422,18764.5076,18876.0953,18988.3466,19091.9318
2018,3,508,18507.2,18612.7107,18723.3957,18857.6886,18974.46,19066.7046
2018,3,510,18507.2,18611.1,18688.3,18757.8,18824.8,18870.0
2018,3,518,18507.2,18643.9701,18753.8715,18855.8188,18953.8102,19058.0466
2018,3,524,18507.2,18643.9216,18750.9869,18885.251,19035.9485,19204.8548
2018,3,528,18507.2,18659.3712,18770.087,18868.4295,18963.1745,19052.2174
2018,3,532,18507.2,18625.977,18743.7256,18841.6893,18927.9644,
2018,3,535,18507.2,18658.0305,18832.8105,18967.8882,19113.2107,19254.9747
2018,3,546,18507.2,18653.5134,18791.8678,18922.0518,19043.8638,19157.1128
2018,3,549,18507.2,18630.8783,18746.2453,18862.3267,18974.4961,19068.6652
2018,3,553,18507.2,18660.884,18770.9455,18906.824,19040.9342,19171.1908
2018,3,555,18507.2,18651.4,18803.1,18932.8,19068.0,19197.1
2018,3,557,18507.2,18637.9,18779.5,18918.5,19027.7,19141.4
2018,3,559,18507.2,18651.0767,18779.1799,18896.6478,19015.5509,19129.312
2018,3,560,,,,,,
2018,3,563,18507.2,18621.8011,18750.807,18862.3132,18979.1133,19101.2927
2018,3,568,18507.2,18646.5039,18740.9471,18847.322,18951.5624,19062.5246
2018,3,569,,,,,,
2018,3,570,18507.2,18644.4692,18771.5587,18871.6527,18952.0985,19063.4763
2018,3,572,18507.2,18646.004,18771.8645,18875.1098,18974.2041,19069.0751
2018,3,574,18507.2,18647.1952,18790.8782,18924.2907,19057.5479,19173.4568
2018,3,576,18507.2,18634.5435,18739.5311,18840.2673,19020.9532,19149.5604
2018,3,577,18507.2,18621.8233,18746.8986,18872.9855,19005.7956,19148.8815
2018,3,578,18507.2,18652.9653,18778.2101,18886.1412,19027.4128,19164.994
2018,3,579,18507.2,18654.796,18796.2874,18898.8865,18988.4132,19077.6811
2018,3,583,18507.2,18646.3324,18786.3236,18908.2192,19035.6787,19158.3075
2018,3,584,18507.2,18678.3916,18820.1659,18954.6661,19081.0598,19199.4589
2018,4,411,18671.5,18791.8,18909.5,19028.8,19141.3,19248.8
2018,4,421,18671.5,18792.8648,18938.5095,19061.6098,19161.6832,19214.3778
2018,4,426,18671.5,18783.3967,18911.9075,19018.5243,19221.4044,19351.6654
2018,4,428,18671.5,18790.1634,18931.3277,19080.7565,19175.7495,19231.118
2018,4,429,18671.5,18815.7578,18926.6368,19034.0098,19146.211,19241.6622
2018,4,433,18671.5,18771.6816,18877.424,18986.8184,19086.36,19162.9258
2018,4,463,18671.5,18809.9848,18940.2944,19080.7759,19208.2872,19322.514
2018,4,472,18671.5,18837.86,18881.38,19058.18,19172.9,19268.16
2018,4,484,18671.5,18768.7627,18898.7867,19043.5798,19184.8274,19327.1226
2018,4,504,18671.5,18837.3214,18977.0392,19140.9523,19329.5559,19472.9246
2018,4,507,18671.5,18773.3727,18897.5745,19034.0325,19097.1373,19182.5914
2018,4,508,18671.5,18810.5272,18927.0066,19047.2077,19159.7183,19264.2896
2018,4,510,18671.5,18700.6,18801.4,18885.2,18937.3,19020.7
2018,4,518,18671.5,18804.9489,18923.9389,19039.0289,19139.6289,19227.2789
2018,4,523,18671.5,18805.0,18903.0,19019.0,19142.0,19271.0
2018,4,528,18671.5,18800.4603,18898.9619,18993.8603,19083.0473,19168.2597
2018,4,532,18671.5,18792.895,18872.5126,18964.4036,19053.8996,
2018,4,535,18671.5,18828.2234,18963.2682,19108.5553,19250.2848,19383.6446
2018,4,542,18671.5,18810.2575,18926.2617,19042.2537,19134.8687,19206.9233
2018,4,546,18671.5,18787.1185,18903.453,19015.867,19124.2776,19228.6043
2018,4,549,18671.5,18782.5346,18898.8407,19006.5842,19096.2292,19200.4029
2018,4,555,18671.5,18785.0,18894.1,19017.4,19136.3,19247.7
2018,4,556,18671.5,18792.1962,18849.8579,19008.9573,19169.8455,19313.8879
2018,4,557,18671.5,18752.4,18888.3,19016.0,19139.6,19259.2
2018,4,563,18671.5,18809.9879,18931.0785,19048.3044,19170.9291,19294.3433
2018,4,568,18671.5,18766.7471,18858.5589,18942.8109,19038.079,19133.5964
2018,4,569,,,,,,
2018,4,570,18671.5,18797.4375,18887.2513,18967.6186,19068.9314,19175.6971
2018,4,572,18671.5,18783.529,18886.8384,18985.9943,19078.0764,19163.9277
2018,4,574,18671.5,18774.5636,18908.5302,19038.624,19146.7411,19259.5383
2018,4,576,18671.5,18789.5101,18887.2475,19023.523,19128.3465,19223.7134
2018,4,577,,,,,,
2018,4,578,18671.5,18790.221,18908.057,19009.8356,19121.0546,19219.9632
2018,4,583,18671.5,18756.8995,18889.6555,19018.2395,19136.699,19253.9857
2018,4,584,18671.5,18802.2005,18925.7876,19048.7684,19165.9536,19281.9445
2018,4,585,18671.5,18843.1029,18959.6954,19053.1099,19140.2257,19218.2477
2018,4,586,18671.5,18792.6,18901.7,19028.4,19137.9,19254.6
2019,1,411,18784.6,18844.1,18962.0,19067.3,19176.0,19277.2
2019,1,421,18784.6,18869.1307,18991.7801,19091.4869,19163.08,19177.4523
2019,1,422,18784.6,18873.6668,18999.6363,19119.3503,19239.8688,19362.6077
2019,1,423,18784.6,18965.9,19097.5,19233.5,19375.3,19517.9
2019,1,424,18784.6,18840.633,18945.6643,19055.4089,19173.6076,19274.8974
2019,1,428,18784.6,18901.4264,19044.9127,19140.5869,19204.6594,19226.5316
2019,1,433,18784.6,18803.524,18938.2266,19057.7852,19156.204,19210.959
2019,1,463,18784.6,18868.5982,19017.7687,19149.5176,19268.0962,19382.6786
2019,1,472,18784.6,18849.51,18955.8,19038.67,19141.5,19232.3
2019,1,484,18784.6,18789.2944,18919.4606,19059.7876,19201.1554,19329.4712
2019,1,504,18784.6,18923.9267,19087.3811,19228.9536,19348.024,19467.8318
2019,1,508,18784.6,18860.708,18963.5969,19073.1886,19184.0761,19276.6507
2019,1,510,18784.6,18817.2,18889.5,18948.4,19037.3,19121.9
2019,1,518,18784.6,18864.3662,18980.8753,19067.4909,19162.7729,19246.8025
2019,1,528,18784.6,18809.1768,18921.5105,19013.5398,19116.7352,19215.4708
2019,1,535,18784.6,18873.1981,19054.5802,19191.2485,19324.1993,19448.6001
2019,1,542,18784.6,18880.0032,19019.8589,19136.17,19229.1073,19323.1163
2019,1,546,18784.6,18836.0459,18924.8866,19009.4797,19085.0656,19151.5155
2019,1,548,18784.6,18917.98,19076.65,19219.2,19353.66,19497.9
2019,1,549,18784.6,18831.3864,18947.995,19037.3637,19131.8449,19217.3631
2019,1,553,18784.6,18830.4355,18937.2612,19040.3127,19145.1888,19249.9436
2019,1,555,18784.6,18844.4,18969.1,19076.6,19193.3,19302.1
2019,1,557,18784.6,18866.2,18989.3,19095.9,19168.8,19267.8
2019,1,559,18784.6,18852.3546,18978.1204,19088.2224,19209.1603,19306.9377
2019,1,563,18784.6,18919.3319,19036.485,19159.0337,19277.6712,19397.0433
2019,1,568,18784.6,18817.5922,18885.6157,18995.7,19093.9142,19199.0311
2019,1,569,,,,,,
2019,1,570,18784.6,18856.4635,18954.7085,19042.432,19145.383,19223.3257
2019,1,572,18784.6,18845.65,18939.8782,19025.1077,19105.9644,19153.7293
2019,1,574,18784.6,18826.9088,18951.0786,19055.501,19158.9597,19248.0764
2019,1,575,,,,,,
2019,1,576,18784.6,18899.4,19008.85,19115.79,19221.22,19324.55
2019,1,577,18784.6,18887.9,19001.2,19124.8,19239.5,19326.1
2019,1,579,18784.6,18831.2932,18933.2502,19019.4411,19107.8785,19184.907
2019,1,583,18784.6,18852.8487,18957.6593,19077.9835,19182.6403,19285.915
2019,1,584,18784.6,18818.1739,18925.8142,19045.5645,19171.6408,19301.4463
2019,1,585,18784.6,18831.739,18943.5596,19062.7809,19153.1306,19228.8508
2019,1,586,18784.6,18885.15,18972.39,19062.99,19157.44,19242.19
2019,2,411,18912.3,19007.8,19112.7,19214.4,19318.0,19429.3
2019,2,421,18912.3,19002.1334,19101.8946,19173.5267,19187.9069,19163.922
2019,2,422,18912.3,19057.5831,19208.5456,19342.919,19474.0772,19583.6583
2019,2,424,18912.3,19013.7005,19093.9562,19210.6746,19321.3628,19417.0539
2019,2,426,18912.3,18970.039,19081.1246,19207.5617,19300.9735,19407.0733
2019,2,428,18912.3,18990.87,19107.85,19214.82,19306.65,19383.7
2019,2,429,18912.3,18999.9171,19112.0419,19197.8465,19294.9933,19380.7173
2019,2,433,18912.3,18991.328,19107.452,19188.127,19246.296,19338.768
2019,2,463,18912.3,19015.4965,19128.5768,19237.63,19347.3049,19462.3583
2019,2,472,18912.3,19016.49,19123.96,19238.43,19338.88,19463.21
2019,2,484,18912.3,18959.4045,19053.4987,19157.4393,19252.5164,19381.1754
2019,2,504,18912.3,19075.654,19217.1395,19336.1367,19455.8709,19623.9199
2019,2,508,18912.3,18968.7834,19039.5196,19086.941,19125.0009,19196.3197
2019,2,510,18912.3,18927.3,18982.8,19055.2,19135.5,19225.0
2019,2,518,18912.3,19004.8402,19081.8401,19167.42,19259.1399,19358.1297
2019,2,524,18912.3,19002.8865,19086.8431,19205.9205,19317.6197,19434.8065
2019,2,532,18912.3,18998.217,19081.6075,19155.5888,19239.525,
2019,2,535,18912.3,19052.5739,19189.2278,19326.8618,19451.2798,19581.2672
2019,2,546,18912.3,18996.8368,19077.0638,19157.6295,19229.07,19286.4994
2019,2,548,18912.3,19076.65,19219.2,19353.66,19497.9,19639.98
2019,2,549,18912.3,19020.1202,19109.8291,19209.3752,19299.9767,19376.7177
2019,2,555,18912.3,19029.1,19131.2,19248.3,19348.7,19451.2
2019,2,557,18912.3,18969.9,19070.4,19182.9,19278.1,19378.1
2019,2,563,18912.3,18992.1699,19105.1115,19223.415,19342.4511,19471.7112
2019,2,568,18912.3,19020.3285,19121.9796,19209.75,19317.4682,19421.4092
2019,2,569,,,,,,
2019,2,570,18912.3,18988.4485,19071.3296,19169.4941,19243.9635,19300.3403
2019,2,572,18912.3,18992.6773,19063.8998,19135.3894,19183.2279,19212.0028
2019,2,574,18912.3,18958.9836,19059.4219,19157.6433,19233.7677,19305.4552
2019,2,576,18912.3,19047.8842,19161.543,19249.8948,19341.2565,19456.3944
2019,2,577,18912.3,19030.2,19188.2,19293.3,19405.2,19502.0
2019,2,578,18912.3,18958.4083,19055.4605,19163.083,19271.6836,19366.6795
2019,2,579,18912.3,19006.3453,19092.8006,19181.5755,19258.9352,19337.7066
2019,2,580,18912.3,18965.0297,19057.2706,19160.7034,19259.666,19372.5913
2019,2,583,18912.3,18964.085,19073.2557,19158.8839,19262.1452,19357.152
2019,2,584,18912.3,19041.2447,19182.7401,19329.4168,19474.3788,19613.8466
2019,2,585,18912.3,18927.0804,19024.8846,19120.1483,19246.5266,19307.8255
2019,2,586,18912.3,19014.14,19114.43,19216.02,19304.94,19387.08
2019,2,587,18912.3,18927.3955,19012.489,19099.3402,19204.2376,19306.1161
2019,2,588,18912.3,19029.3442,19130.7864,19226.8179,19328.198,19424.9735
2019,3,411,19023.8,19112.8,19219.1,19340.4,19459.9,19573.1
2019,3,421,19023.8,19104.1408,19208.3577,19284.7343,19327.9793,19255.0881
2019,3,422,19023.8,19129.3364,19237.1746,19346.2399,19454.1448,19555.5359
2019,3,424,19023.8,19103.5494,19208.634,19330.3158,19426.9621,19518.5023
2019,3,426,19023.8,19092.5799,19172.676,19300.355,19426.1216,19563.184
2019,3,428,19023.8,19102.06,19202.29,19292.29,19374.37,19409.75
2019,3,433,19023.8,19109.8,19204.236,19270.78,19374.7656,19458.0547
2019,3,456,19023.8,19107.7556,19202.5861,19309.701,19429.2715,19537.6509
2019,3,484,19023.8,19136.9297,19236.6169,19332.0869,19423.2672,19548.3058
2019,3,504,19023.8,19164.9009,19330.4367,19450.1355,19618.135,19763.6441
2019,3,508,19023.8,19105.0799,19173.0174,19220.7712,19297.1973,19369.1582
2019,3,510,19023.8,19050.3,19121.1,19201.9,19292.0,19411.3
2019,3,518,19023.8,19108.1354,19189.2853,19265.2052,19346.6451,19430.025
2019,3,527,19023.8,19108.8352,19180.0938,19251.6181,19323.4091,19409.7835
2019,3,528,19023.8,19105.8628,19198.1971,19312.8442,19420.6732,19520.1384
2019,3,535,19023.8,19132.2558,19260.1112,19369.9143,19508.8443,19615.2689
2019,3,546,19023.8,19108.8352,19203.6711,19294.2457,19375.7286,19443.1905
2019,3,549,19023.8,19094.7414,19189.5073,19275.2833,19342.3955,19400.1633
2019,3,555,19023.8,19122.1,19231.1,19352.1,19465.3,19562.5
2019,3,557,19023.8,19112.8314,19197.5012,19295.4085,19399.6037,19489.2299
2019,3,563,19023.8,19127.5786,19246.0213,19365.1974,19494.6094,19629.6618
2019,3,568,19023.8,19161.3822,19241.3123,19344.715,19440.0141,19549.196
2019,3,570,19023.8,19104.0477,19185.3204,19271.0155,19353.7817,19433.6665
2019,3,572,19023.8,19104.6512,19166.7413,19214.6581,19243.4801,19267.5345
2019,3,574,19023.8,19090.379,19191.8584,19284.3994,19359.2278,19416.3513
2019,3,576,19023.8,19123.4037,19208.5613,19297.7858,19405.8847,19508.3737
2019,3,577,19023.8,19103.72,19176.3142,19254.9371,19318.4784,19366.7746
2019,3,578,19023.8,19100.6494,19196.0035,19274.3573,19361.9171,19445.0736
2019,3,579,19023.8,19102.7703,19171.4342,19235.1266,19304.2137,19373.4069
2019,3,583,19023.8,19117.5964,19234.775,19342.0883,19443.5345,19550.8164
2019,3,584,19023.8,19087.5297,19218.531,19368.6744,19525.593,19679.3955
2019,3,585,19023.8,19092.7144,19159.5668,19211.4796,19298.5132,19382.2787
2019,3,586,19023.8,19122.61,19221.84,19309.58,19390.05,19484.23
2019,3,587,19023.82,19086.6898,19160.71,19264.3422,19366.4178,19474.0886
2019,3,588,19023.8,19120.1392,19214.4241,19310.1324,19400.6016,19493.7727
2019,4,411,19112.5,19184.1,19287.4,19408.4,19516.4,19621.9
2019,4,421,19112.5,19212.8406,19289.692,19333.0938,19284.7611,19260.6551
2019,4,422,19112.5,19228.7096,19354.6061,19456.3868,19566.2881,19673.6749
2019,4,423,19112.5,19190.6639,19267.3767,19350.5932,19434.2532,19525.5518
2019,4,424,19112.5,19191.1432,19280.29,19361.0766,19456.4856,19550.9174
2019,4,426,19112.5,19218.3678,19304.8576,19376.7574,19441.8351,19526.1821
2019,4,428,19112.5,19205.6747,19296.0356,19377.1817,19419.4053,19457.223
2019,4,433,19112.5,19185.328,19247.728,19334.14,19412.42,19497.192
2019,4,456,19112.5,19216.6827,19316.7854,19424.5373,19532.8904,19641.8478
2019,4,463,19112.5,19216.8047,19331.0821,19450.785,19561.6751,19668.3879
2019,4,472,19112.5,19145.77,19252.07,19411.59,19456.43,19531.11
2019,4,504,19112.5,19277.5832,19420.5664,19588.3105,19733.5984,19879.9639
2019,4,507,19112.5,19179.812,19285.9513,19366.9879,19431.3905,19504.0297
2019,4,508,19112.5,19183.7722,19207.7071,19284.0812,19360.759,19408.9804
2019,4,510,19112.5,19136.5,19197.0,19283.6,19405.5,19550.7
2019,4,518,19112.5,19189.0207,19251.3906,19313.5504,19387.5303,19479.2001
2019,4,528,19112.5,19188.3916,19272.7781,19358.1903,19440.7518,19521.7615
2019,4,535,19112.5,19226.1571,19345.2102,19493.4236,19594.9679,19716.3047
2019,4,546,19112.5,19198.6099,19284.6967,19362.1707,19418.8106,19438.4766
2019,4,549,19112.5,19193.2154,19288.47,19365.1652,19446.9476,19519.467
2019,4,553,19112.5,19193.3866,19273.7748,19371.3067,19484.0313,19587.3473
2019,4,555,19112.5,19169.9,19252.9,19346.0,19453.7,19547.2
2019,4,557,19112.5,19173.5,19273.7,19363.7,19453.0,19540.6
2019,4,559,19112.5,19173.2155,19243.644,19323.526,19419.0044,19525.5378
2019,4,563,19112.5,19221.4615,19326.3184,19445.9917,19571.1767,19697.1675
2019,4,568,19112.5,19189.314,19268.6774,19356.7278,19441.4513,19537.0632
2019,4,569,,,,,,
2019,4,570,19112.5,19182.1978,19270.3425,19371.147,19475.1561,19577.5935
2019,4,572,19112.5,19184.1719,19246.5204,19294.6367,19313.9314,19333.2453
2019,4,574,19112.5,19172.8048,19264.7627,19336.6677,19386.8417,19428.3995
2019,4,576,19112.5,19196.1613,19282.3499,19389.9408,19492.393,19580.5844
2019,4,577,19112.5,19196.595,19273.3814,19346.6202,19412.3987,19470.6359
2019,4,578,19112.5,19185.1527,19257.8513,19340.0268,19415.4629,19496.4796
2019,4,579,19112.5,19180.5,19284.7706,19359.8455,19427.3931,19502.8605
2019,4,583,19112.5,19192.326,19296.601,19410.8674,19515.9805,19627.9758
2019,4,584,19112.5,19207.7975,19315.0762,19449.298,19592.9514,19739.7762
2019,4,586,19112.5,19208.69,19293.65,19372.8,19467.1,19559.4
2019,4,587,19112.542,19166.2955,19250.217,19335.4655,19427.5711,19528.2108
2019,4,588,19112.5,19199.6122,19299.1822,19398.4514,19478.2694,19557.2884
2020,1,411,19219.8,19314.9,19421.7,19537.2,19653.0,19750.6
2020,1,421,19219.8,19296.6792,19397.9868,19485.2777,19563.2188,19680.5981
2020,1,422,19219.8,19322.358,19444.2399,19549.9397,19641.6526,19732.8057
2020,1,423,19219.8,19346.2,19464.4,19593.8,19747.3,
2020,1,426,19219.8,19318.8332,19483.2335,19594.8965,19664.4514,19810.4024
2020,1,428,19219.767,19276.2589,19364.2463,19452.7115,19522.3502,19592.9561
2020,1,429,19219.8,19323.6342,19431.9957,19533.4275,19630.0956,19719.2286
2020,1,433,19219.8,19250.424,19327.228,19406.404,19495.256,19586.576
2020,1,463,19219.8,19315.1534,19434.7576,19578.9066,19700.144,19817.2957
2020,1,484,19219.8,19283.1782,19382.0387,19493.3045,19595.2003,19696.336
2020,1,504,19219.8,19291.4723,19434.5586,19578.7061,19723.9228,19870.2165
2020,1,507,19219.8,19330.232,19401.7024,19475.0078,19597.0511,19708.0449
2020,1,508,19219.8,19252.0707,19330.9846,19428.911,19525.7087,19653.447
2020,1,510,19219.8,19278.3,19377.8,19509.2,19655.4,19774.7
2020,1,518,19219.8,19295.6931,19372.2233,19451.2334,19553.8136,19663.2338
2020,1,528,19219.8,19274.9345,19360.3191,19443.5083,19526.1973,19620.5723
2020,1,535,19219.8,19329.3733,19472.7406,19578.9683,19714.6051,19826.9992
2020,1,546,19219.8,19296.2222,19382.4751,19459.5442,19522.4817,19546.8392
2020,1,549,19219.8,19286.719,19368.1701,19445.1823,19517.6951,19600.1217
2020,1,553,19219.8,19306.1043,19395.5583,19488.045,19584.3288,19684.0396
2020,1,555,19219.8,19290.9,19403.6,19518.0,19629.4,19737.2
2020,1,557,19219.8,19279.1,19376.1,19455.3,19548.8,19637.8
2020,1,563,19219.8,19338.8137,19463.3087,19598.1442,19733.9139,19870.6241
2020,1,568,19219.8,19308.5296,19416.3349,19501.2267,19603.4951,19711.2702
2020,1,569,,,,,,
2020,1,570,19219.8,19290.349,19383.6453,19492.5142,19593.0673,19668.5882
2020,1,572,19219.8,19301.4842,19378.6901,19436.8262,19490.2774,19553.6208
2020,1,574,19219.8,19351.4619,19473.3226,19568.9096,19659.3862,19740.6848
2020,1,576,19219.8,19313.6,19423.3,19527.0,19617.0,19706.5
2020,1,577,19219.8,19312.1,19412.5,19521.2,19638.3,19750.3
2020,1,578,19219.8,19286.6092,19362.7189,19478.8773,19593.5935,19666.9759
2020,1,579,19219.8,19272.1067,19348.5512,19424.1264,19511.5219,19613.3629
2020,1,584,19219.8,19327.4309,19455.5382,19604.0469,19755.119,19904.5623
2020,1,585,19219.8,19229.8957,19281.8981,19347.8837,19431.8942,19537.3454
2020,1,586,19219.8,19306.6,19387.3,19482.1,19574.7,19654.0
2020,1,587,19219.767,19281.8881,19403.6619,19505.1261,19611.1462,19717.75
2020,1,588,19219.8,19313.6485,19427.18,19531.37,19639.8099,19736.4656
2020,2,411,18987.9,16947.1,17199.7,17589.4,18101.8,18512.8
2020,2,421,18987.9,17943.5655,18212.719,18413.0589,18574.1732,18680.9747
2020,2,422,18987.9,15952.7083,16709.2857,17118.6929,17384.0694,17727.277
2020,2,424,18987.9,17600.4302,18433.1156,18742.7695,18893.187,19000.3141
2020,2,426,18987.9,17576.0326,17221.1461,17173.1573,17234.5194,17429.0596
2020,2,428,18987.9,17201.0144,17858.3461,17886.0168,17931.5673,18026.2248
2020,2,429,18987.9,17373.9156,18354.0823,18517.6525,18701.3227,18876.8706
2020,2,433,18987.9,16936.824,17168.58,17858.352,18655.608,19186.28
2020,2,463,18987.9,17242.6351,18195.2932,18634.0489,18996.0441,19274.7891
2020,2,472,,,,,,
2020,2,484,18987.9,17325.1472,17169.5051,17203.3199,17291.86,17493.7162
2020,2,504,18987.9,17368.0654,18178.0276,18616.3669,18867.2257,19030.1903
2020,2,508,18987.9,17368.0654,17664.339,18049.0361,18337.5195,18493.503
2020,2,510,18987.9,18457.7,18512.7,18688.8,18799.7,18879.2
2020,2,518,18987.9,17301.2753,17190.4511,17143.7674,17494.6663,17772.0581
2020,2,524,18987.9,18047.3907,18002.8292,18199.1742,18337.0771,18529.9221
2020,2,527,18987.9,17336.9676,18156.8098,18500.9587,18772.4389,18948.2907
2020,2,528,18987.9,16857.0539,17670.315,18335.1531,18590.0053,18844.9501
2020,2,535,18987.9,17587.1873,18430.3345,18709.5932,18889.403,19057.1596
2020,2,546,18987.9,16823.577,16739.9215,17260.4185,17757.0422,18103.7494
2020,2,548,18987.9,17624.55,17657.64,17924.67,18548.38,19119.85
2020,2,549,18987.9,17204.4942,17734.3549,17998.8286,18171.8075,18261.993
2020,2,553,18987.9,17605.8019,17819.1653,18408.7947,18801.9642,19003.5857
2020,2,555,18987.9,17685.7,17974.0,18167.0,18258.3,18363.5
2020,2,557,18987.9,17191.0,18059.9,18626.3,18726.2,18835.3
2020,2,559,18987.9,16803.5008,17400.9676,17676.4773,17930.7625,18100.133
2020,2,560,18987.9,17482.6,18025.4,18121.8,18234.5,18358.0
2020,2,563,18987.9,17575.2273,16880.4236,16432.454,16286.7434,16258.1664
2020,2,568,18987.9,17420.8524,17813.5828,18139.4242,18348.8114,18559.8532
2020,2,569,,,,,,
2020,2,570,18987.9,16970.2495,18361.476,18648.4878,18781.3962,18893.4692
2020,2,572,18987.9,17212.5314,17431.9911,17662.965,17870.5049,18049.2099
2020,2,574,18987.9,17654.4398,17668.5643,17961.1229,18254.9171,18585.4701
2020,2,576,18987.9,17209.0225,17885.9745,17936.6311,18032.7549,18152.8532
2020,2,577,18987.877,17210.8513,17401.2892,17759.8323,18041.6504,18263.0617
2020,2,578,18987.9,16875.6749,17139.2054,17535.7324,17927.0498,18220.8338
2020,2,579,18987.9,16031.2357,17117.1371,17335.0703,17607.9045,17908.9429
2020,2,584,18987.9,17214.6528,16995.166,17192.0127,17463.8163,17717.0417
2020,2,585,18987.9,16826.8819,18157.1023,18669.7874,18633.448,18707.6266
2020,2,586,18987.9,16988.5781,17366.102,17554.864,17668.1212,17790.8165
2020,2,587,18987.877,17073.7551,17508.5601,17838.9736,18038.8595,18200.6676
2020,2,588,18987.9,17212.5217,17242.6621,17391.2876,17645.1572,17905.0866
2020,3,411,17205.8,18053.5,18229.5,18467.0,18673.4,18859.4
2020,3,421,17205.8,17786.4958,17933.2343,18049.8004,18153.5867,18248.8931
2020,3,422,17205.8,17864.6061,17976.689,18273.4962,18520.1452,18876.6473
2020,3,423,17205.8,17501.2,17458.6,17617.2,17712.8,17847.1
2020,3,426,17205.8,17906.0327,17932.8315,17977.4965,18071.144,18191.9083
2020,3,433,17205.8,18350.448,18713.556,18883.852,19035.664,19165.776
2020,3,456,17205.8,18212.1089,18633.5015,19091.3864,19480.1997,19682.3903
2020,3,484,17205.8,17680.4611,17910.2101,18016.7175,18119.4319,18253.825
2020,3,504,17205.8,18549.7776,19052.9619,19377.9773,19699.321,19945.8218
2020,3,507,17205.8,18063.7511,18399.8135,18695.36,18871.5715,19052.1482
2020,3,508,17205.8,17974.0746,18387.5073,18763.683,19012.409,19124.4154
2020,3,510,17205.8,17962.7,18116.4,18211.4,18302.4,18448.8
2020,3,518,17205.8,17684.1329,17527.855,17659.722,17800.8557,17946.5215
2020,3,528,,,,,,
2020,3,535,17205.8,18491.146,18915.4796,19170.369,19391.7562,19601.6336
2020,3,546,17205.8,17897.1815,18457.5915,18873.8029,19180.799,19393.4145
2020,3,549,17205.8,17833.0786,18069.0981,18277.7674,18413.3349,18576.8635
2020,3,555,17205.8,18076.4,18369.7,18634.5,18780.0,18927.6
2020,3,557,17205.8,17907.4,18345.2,18555.2,18723.1,18801.7
2020,3,559,17205.8,18014.6873,18196.1029,18397.9429,18546.7307,18747.4343
2020,3,560,17205.8,17838.2,17961.4,18091.7,18236.2,18596.8
2020,3,563,17205.8,17739.6269,17650.2556,17694.2168,17782.032,17870.283
2020,3,568,17205.8,18039.8346,18353.2891,18563.3643,18745.0358,18920.9723
2020,3,569,,,,,,
2020,3,570,17205.8,18088.9204,18423.5133,18684.5632,18825.2917,18965.7956
2020,3,572,17205.8,18053.1857,18274.3372,18493.6292,18687.8123,18841.9868
2020,3,574,17205.8,17751.0481,18135.9432,18463.506,18738.3175,18914.5372
2020,3,576,17205.8,18108.335,18133.5801,18158.8252,18184.0704,18209.3155
2020,3,577,17205.8,17979.9909,18178.9393,18335.9589,18483.1566,18611.2019
2020,3,579,17205.8,18046.991,18127.2286,18206.8153,18286.0667,18664.6965
2020,3,584,17205.8,17937.3994,18254.781,18462.2624,18595.8334,18681.4056
2020,3,585,17205.8,18136.3507,18366.5868,18638.7218,18802.6687,18829.0327
2020,3,586,17205.8,17677.708,17951.052,18077.169,18201.517,18321.368
2020,3,587,17205.822,17886.5542,18265.951,18471.3265,18638.1687,18775.9425
2020,3,588,17205.8,18297.5452,18689.4252,18894.4985,19065.6803,19205.73
2020,4,411,18584.0,18791.0,18910.4,18953.8,19033.4,19112.0
2020,4,421,18584.0,18949.7261,19106.0614,19220.6977,19321.6064,19432.7056
2020,4,422,18584.0,18632.9964,18558.2495,18799.1474,19011.2971,19317.9782
2020,4,424,18584.0,18744.7736,18878.7091,19078.4574,19289.8484,19460.2113
2020,4,426,18584.0,18627.216,18856.5162,19027.7164,19093.851,19152.1719
2020,4,429,18584.0,18708.8243,18887.3147,19107.7915,19294.4062,19428.7722
2020,4,433,18584.0,18732.072,18861.372,18994.916,19146.248,19296.748
2020,4,456,18584.0,18794.6958,18947.9814,19264.2298,19547.5138,19762.1072
2020,4,472,18584.0,18926.1,19207.6,19416.4,19555.2,19805.8
2020,4,504,18584.0,19032.1288,19446.6139,19731.9706,19866.2509,20013.6003
2020,4,507,18584.0,18838.5919,19056.7218,19248.7175,19324.7485,19499.9678
2020,4,508,18584.0,18767.1157,18961.1407,19157.1717,19345.9351,19513.0345
2020,4,510,18584.0,18735.6,18814.9,18900.7,19046.0,19193.1
2020,4,518,18584.0,18744.5183,18823.6796,18893.8748,19020.1371,19239.2578
2020,4,528,18584.0,18864.4994,19122.8529,19419.797,19671.087,19957.0987
2020,4,535,18584.0,18975.6466,19240.4546,19458.0023,19678.0098,19867.1266
2020,4,546,18584.0,18793.3093,18970.4226,19123.7769,19270.1593,19399.0637
2020,4,548,18584.0,19067.12,19304.42,19386.36,19480.06,19576.11
2020,4,549,18584.0,18735.4564,18796.052,18893.9636,19015.5948,19095.9009
2020,4,553,18584.0,18722.6308,18923.5762,19091.5561,19267.7229,19408.8526
2020,4,555,18584.0,18790.9,18976.5,19122.8,19261.7,19395.1
2020,4,557,18584.0,18827.7429,18957.2902,19029.6658,19194.1832,19276.2426
2020,4,563,18584.0,18721.8389,18791.6543,18884.916,18978.6405,19082.1728
2020,4,568,18584.0,18859.0827,18982.5896,19130.4983,19308.5168,19458.7125
2020,4,569,,,,,,
2020,4,570,18584.0,18722.9881,18865.7382,18996.3446,19122.3838,19272.6461
2020,4,572,18584.0,18769.84,18858.9967,18991.0097,19128.6945,19272.1598
2020,4,574,18584.0,18727.3248,18862.4713,19030.3164,19166.5131,19307.0297
2020,4,577,18584.0,18767.1157,18910.9,19041.9086,19164.4922,19278.4586
2020,4,578,18584.0,18627.644,18758.7085,18951.5459,19204.1098,19508.3451
2020,4,579,18584.0,18723.1711,18917.9524,19139.8624,19327.5888,19490.3871
2020,4,586,18584.0,18798.7854,18924.4522,19053.7478,19143.1457,19251.8114
2020,4,587,18583.984,18755.6972,18974.6323,19146.4995,19288.3066,19403.632
2020,4,588,18584.0,18790.4895,18913.4454,19076.7254,19223.5348,19367.4963
2020,4,589,18584.0,18752.5,18897.1738,18995.3203,19116.3691,19235.7402
2020,4,590,18584.0,18691.1203,18819.0374,18954.9628,19146.1305,19406.2412
2020,4,591,18584.0,18985.363,19103.9182,19282.7569,19437.4591,19644.1483
2021,1,411,18780.3,18996.0,19293.0,19657.7,19917.0,20091.9
2021,1,421,18780.3,18930.5424,19044.1257,19144.1073,19254.1859,19374.5246
2021,1,422,18780.3,18838.0256,18926.0471,19228.4813,19523.2412,19828.682
2021,1,424,18780.3,18943.4288,19270.3681,19669.2008,20011.1839,
2021,1,426,18780.3,18924.5261,19132.2995,19343.3453,19519.9194,19634.8076
2021,1,429,18780.3,18930.3975,19163.2194,19401.0726,19618.7559,19804.9217
2021,1,433,18780.3,18981.66,19426.368,19740.004,19917.932,19923.708
2021,1,456,18780.3,19013.2755,19510.1488,19936.6022,20231.2421,20383.27
2021,1,463,18780.3,18928.7976,19188.4108,19451.5846,19671.5195,19874.8948
2021,1,484,18780.3,18747.3478,18826.5211,18924.5914,19018.5128,19094.1347
2021,1,504,18780.3,19010.7762,19557.0955,20028.6892,20286.5434,20437.0101
2021,1,507,18780.3,18877.5713,19117.6751,19338.4333,19543.813,19694.4082
2021,1,508,18780.3,18895.3582,19086.8921,19327.981,19561.1656,19769.224
2021,1,510,18780.3,18819.0,19009.4,19262.9,19428.5,19582.4
2021,1,518,18780.3,18850.3334,19036.0734,19096.006,19193.1877,19429.3349
2021,1,524,18780.3,18856.5081,19038.6676,19245.2107,19456.1671,19626.5635
2021,1,528,18780.3,18971.2738,19358.8296,19947.5975,20210.2842,20379.1727
2021,1,535,18780.3,18910.4039,19348.7736,19706.3645,19914.8751,20077.1779
2021,1,546,18780.3,18852.5743,19142.0943,19385.8431,19595.5723,19783.015
2021,1,549,18780.3,18919.5948,19188.1564,19428.2609,19539.0226,19645.6119
2021,1,553,18780.3,18996.7281,19346.7576,19653.1229,19951.9173,20147.9228
2021,1,555,18780.3,18912.7,19172.5,19573.1,19929.6,20173.0
2021,1,557,18780.3,18981.6,19446.5,19664.6,19886.8,20035.0
2021,1,563,18780.3,19042.382,19253.0857,19466.121,19634.2585,19803.8484
2021,1,568,18780.3,18846.5495,,,,
2021,1,570,18780.3,18950.3203,19195.1476,19435.9258,19612.6206,19763.9785
2021,1,572,18780.3,18939.9326,19162.4768,19483.4482,19702.637,19899.6634
2021,1,574,18780.3,18875.1515,19153.6833,19420.3755,19640.8301,19838.7597
2021,1,576,18780.3,18960.9288,19152.1256,19337.5699,19490.7297,19651.8126
2021,1,577,18780.3,18928.7724,19078.4186,19238.5576,19400.0408,19543.9323
2021,1,578,18780.3,18902.1111,19198.0741,19534.8483,19782.067,20032.6902
2021,1,579,18780.3,18895.8873,19219.6436,19547.9893,19856.3785,20145.7365
2021,1,584,18780.3,18991.2986,19147.6279,19332.107,19520.595,19706.0407
2021,1,585,18780.3,18936.29,19430.5246,19645.3132,19936.9885,20106.3132
2021,1,586,18780.3,18943.719,19104.8361,19248.702,19403.0471,19535.4427
2021,1,587,18780.325,18907.8296,19106.9584,19356.3874,19535.1229,19714.6775
2021,1,588,18780.3,18949.7915,19202.8851,19357.676,19506.6508,19645.3951
2021,1,589,18780.3,18883.6,19066.4,19273.0,19480.5,19653.5
2021,1,591,18780.3,18756.3467,18882.2087,19120.6414,19350.3031,19567.7075
2021,2,411,19087.6,19503.9,19845.7,20216.0,20426.9,20561.6
2021,2,421,19087.6,19421.633,19678.9696,19900.3581,20064.536,20189.9394
2021,2,422,19087.6,19361.1726,19690.8894,20016.4416,20311.7905,20576.8398
2021,2,423,19087.6,19258.7,19458.2,19609.0,19531.0,19828.5
2021,2,424,19087.6,19435.4541,19981.4511,20253.9304,,
2021,2,426,19087.6,19448.2405,19891.293,20271.4954,20556.0441,20845.6924
2021,2,429,19087.6,19432.1963,19766.1656,19983.4882,20153.3234,20310.4237
2021,2,433,19087.6,19690.52,20222.56,20391.96,20479.16,20707.84
2021,2,456,19087.6,19572.552,19944.0214,20286.2073,20538.2955,20705.01
2021,2,484,19087.6,19331.5359,19454.1592,19582.58,19717.8773,19826.9839
2021,2,504,19087.6,19503.2932,19835.9906,20127.0609,20276.3448,20376.9749
2021,2,508,19087.6,19480.8885,19766.748,19985.4669,20173.7672,20306.9509
2021,2,510,19087.6,19303.5,19549.4,19720.3,19861.3,19992.2
2021,2,518,19087.6,19723.3106,19979.391,20101.6412,20247.8514,20379.4617
2021,2,528,19087.6,19528.0749,19879.3432,20159.3936,20310.6305,20470.1551
2021,2,535,19087.6,19701.5453,20074.9735,20292.2454,20462.5729,20639.3173
2021,2,546,19087.6,19489.8596,19840.8275,20141.4583,20369.1934,20560.0028
2021,2,549,19087.6,19512.2335,19831.1587,19944.2173,20067.7168,20162.3668
2021,2,553,19087.6,19387.9818,19903.4973,20248.7661,20541.071,20795.3113
2021,2,555,19087.6,19538.8,19937.9,20306.7,20603.7,20769.9
2021,2,557,19087.6,19665.6654,19942.6186,20187.8676,20416.3892,20619.2851
2021,2,563,19087.6,19344.8087,19591.531,19827.2393,20017.7902,20176.046
2021,2,568,19087.6,19486.9374,19785.9014,19979.155,20153.9005,20308.7413
2021,2,570,19087.6,19437.4946,19774.7988,20074.8908,20237.3274,20463.4442
2021,2,572,19087.6,19489.8596,19835.2831,20097.8016,20320.1836,20500.647
2021,2,574,19087.6,19441.2069,19721.8762,19951.2438,20145.6959,20323.4068
2021,2,576,19087.6,19458.7911,19853.8451,20171.634,20451.974,20601.756
2021,2,577,19087.6,19303.387,19549.581,19761.1665,19931.8525,20079.6885
2021,2,578,19087.6,19484.0,19978.9,20225.6,20541.5,20812.4
2021,2,579,19087.6,19459.0491,19742.2862,20024.4934,20267.0812,20464.2561
2021,2,584,19087.6,19427.3593,19666.844,19906.0193,20130.8474,20335.1355
2021,2,586,19087.6,19071.2,19177.6,19221.6,19317.2,19372.8
2021,2,587,19087.568,19437.3212,19661.5822,19881.6738,20069.7422,20180.9816
2021,2,588,19087.6,19412.3095,19599.7576,19732.9247,19850.269,19996.5175
2021,2,589,19087.6,19421.63,19722.67,19919.9,20094.2,20254.95
2021,2,590,19087.6,19581.3296,19958.9227,20244.2268,20446.1564,20594.0655
2021,3,411,19358.2,19646.8,19927.9,20161.3,20294.5,20412.1
2021,3,421,19358.2,19614.6962,19835.3615,19999.0032,20123.997,20229.648
2021,3,422,19358.2,19748.7134,20100.1431,20426.1975,20753.6601,21008.0015
2021,3,424,19358.2,19767.3834,20032.0357,20209.9207,20382.5131,20543.706
2021,3,426,19358.2,19604.4595,19931.7547,20257.2103,20546.2097,20788.7615
2021,3,428,19358.176,19741.5984,20050.5961,20274.4667,20395.4863,20495.5135
2021,3,433,19358.2,19667.0098,19925.166,20138.9863,20412.9746,20566.1465
2021,3,456,19358.2,19795.0707,20036.2677,20222.5223,20362.3168,20462.2971
2021,3,463,19358.2,19688.3979,19953.7025,20169.6619,20353.6971,20514.6084
2021,3,484,19358.2,19584.2071,19743.3863,19893.1071,20044.4851,20188.9724
2021,3,504,19358.2,19745.6734,20082.5054,20328.9627,20578.4444,20830.9879
2021,3,508,19358.2,19702.2081,20038.2988,20196.7166,20346.5171,20446.7994
2021,3,510,19358.2,19559.0,19735.2,19863.5,19990.5,20125.8
2021,3,518,19358.2,19510.5538,19637.3539,19747.714,19973.9543,20171.9146
2021,3,528,19358.2,19750.9644,20071.8641,20231.5818,20387.681,20529.6864
2021,3,535,19358.2,19838.5009,20181.629,20409.8183,20605.9682,20783.9512
2021,3,546,19358.2,19619.0551,19836.1398,20031.5933,20214.3688,20388.9693
2021,3,549,19358.2,19651.5179,19787.6573,19929.5836,20052.9925,20206.6285
2021,3,553,19358.2,19754.1868,20152.2843,20420.3777,20636.7878,20824.7094
2021,3,555,19358.2,19680.0,19972.4,20156.3,20316.1,20464.6
2021,3,557,19358.2,19686.7,19901.2,20020.6,20198.4,20392.5
2021,3,563,19358.2,19572.3983,19774.7488,19955.1807,20132.4024,20306.295
2021,3,568,19358.2,19700.9525,19994.8903,20185.2771,20376.5536,20538.8621
2021,3,570,19358.2,19701.8481,19927.3576,20115.7385,20297.6819,20456.12
2021,3,572,19358.2,19674.6075,19930.2694,20131.4869,20275.8793,20416.344
2021,3,574,19358.2,19700.4767,19999.3275,20238.9615,20452.3278,20638.3063
2021,3,576,19358.2,19780.3257,20087.2184,20378.6949,20504.0045,20623.6646
2021,3,577,19358.2,19595.7441,19595.7441,19798.3359,19969.343,20117.457
2021,3,578,19358.2,19873.8795,20162.5911,20413.8769,20666.17,20871.3338
2021,3,579,19358.2,19652.519,19889.253,20123.9598,20317.2054,20422.1719
2021,3,584,19358.2,19590.8388,19804.3335,20013.1727,20209.8219,20384.6902
2021,3,586,19358.2,19535.0873,19689.3075,19812.4587,19894.1671,19971.9627
2021,3,587,19358.176,19635.5412,19909.1934,20135.8055,20275.365,20380.9151
2021,3,588,19358.2,19615.527,19844.169,19957.6495,20094.7399,20225.7294
2021,3,589,19358.2,19679.2,19915.963,20107.36,20281.036,20441.4
2021,3,591,19358.2,19763.2335,20049.7753,20250.3895,20475.6504,20704.8838
2021,4,411,19465.2,19677.0,19918.3,20150.2,20350.7,20491.3
2021,4,421,19465.2,19684.1835,19846.578,19970.6191,20075.4649,20190.8988
2021,4,422,19465.2,19851.6636,20179.0153,20453.2804,20681.091,20929.8285
2021,4,424,19465.2,19726.1728,19903.6463,20071.9438,20222.3504,20373.9526
2021,4,426,19465.2,19658.9089,19798.94,19970.3767,20137.5509,20300.4523
2021,4,428,19465.195,19777.6293,20071.3533,20248.1898,20401.9988,20527.2236
2021,4,429,19465.2,19638.4891,19804.1083,20074.999,20308.0596,20466.0791
2021,4,433,19465.2,19712.42,19993.0215,20220.3692,20396.572,20494.632
2021,4,456,19465.2,19682.1719,19933.9884,20132.8695,20278.5228,20378.4583
2021,4,463,19465.2,19680.5772,19931.5818,20161.7598,20360.4218,20521.3863
2021,4,484,19465.2,19401.1489,19571.8336,19789.2008,19953.7564,20109.69
2021,4,504,19465.2,19774.5402,20047.1506,20272.4494,20501.6294,20732.0259
2021,4,508,19465.2,19685.2888,19879.256,20070.3069,20238.7715,20378.9792
2021,4,510,19465.2,19576.3,19717.5,19845.6,19979.6,20113.3
2021,4,518,19465.2,19589.2101,19742.3101,19937.8502,20137.8302,20324.7703
2021,4,524,19465.2,19610.7746,19795.5202,19923.7007,20094.1595,20271.3418
2021,4,528,19465.2,19781.4568,19938.8637,20092.7044,20232.6552,20418.9601
2021,4,535,19465.2,19861.6896,20110.2222,20332.7417,20518.2649,20690.4895
2021,4,546,19465.2,19694.6919,19874.3933,20050.8976,20219.1993,20374.1088
2021,4,549,19465.2,19685.2888,19802.3522,19924.9732,20058.1261,20157.6732
2021,4,553,19465.2,19617.1405,19816.2616,20007.7211,20183.4362,20330.4727
2021,4,555,19465.2,19730.0,19943.4,20107.7,20286.5,20459.4
2021,4,563,19465.2,19633.3296,19793.3379,19949.8191,20102.6647,20251.7676
2021,4,568,19465.2,19688.9502,19973.7512,20209.3765,20367.5808,20500.3661
2021,4,570,19465.2,19656.5354,19848.9833,20036.3341,20214.5909,20341.2084
2021,4,572,19465.2,19689.9921,19869.6506,20007.3011,20141.0042,20270.6633
2021,4,574,19465.2,19696.0927,19961.6058,20240.0916,20449.4561,20617.2969
2021,4,576,19465.2,19766.9055,19984.3415,20184.1849,20365.8426,20488.0376
2021,4,577,19465.2,19619.082,19764.5982,19920.8522,20088.0624,20246.8737
2021,4,579,19465.2,19704.537,19975.4769,20199.0661,20333.5293,20406.7715
2021,4,584,19465.2,19686.5986,19832.7022,19986.5877,20135.9727,20278.8621
2021,4,587,19465.195,19635.0108,19872.8704,20036.2358,20166.9994,20297.5395
2021,4,588,19465.2,19581.2443,19755.2774,19891.3657,20027.5043,20163.6048
2021,4,589,19465.2,20000.9824,20205.5098,20369.1191,20513.2715,20648.0879
2021,4,591,19465.2,19686.1503,19905.6097,20127.2995,20358.3915,20577.3307
2021,4,593,19465.2,19896.9592,19844.6306,20015.3359,20212.607,20219.6856
2021,4,594,19465.2,19714.7662,19865.7193,19953.4878,20217.3806,20435.9997
2022,1,411,19806.0,19888.2,20096.7,20242.8,20380.3,20499.4
2022,1,421,19806.0,19880.2725,20054.2249,20169.5367,20270.3844,20361.6011
2022,1,422,19806.0,20037.9056,20363.3075,20598.4175,20799.2241,20974.2053
2022,1,424,19806.0,19840.3644,19983.2932,20133.478,20284.8589,
2022,1,426,19806.0,19890.9443,20079.5797,20233.811,20387.464,20612.3614
2022,1,428,19805.962,19829.2139,20123.2937,20266.2572,20389.5962,20536.8876
2022,1,429,19806.0,19912.0803,20116.8736,20305.7646,20465.5657,20589.7007
2022,1,433,19806.0,19757.0625,20036.918,20230.552,20335.2344,20445.756
2022,1,456,19806.0,19830.3922,20003.5667,20151.7712,20255.5834,20349.96
2022,1,463,19806.0,19928.6054,20124.9701,20313.4917,20479.0432,20625.9284
2022,1,484,19806.0,19625.7981,19759.475,19821.742,20022.683,20111.5492
2022,1,504,19806.0,20044.698,20300.991,20625.7698,20836.8282,21044.4412
2022,1,508,19806.0,19894.5316,20066.3696,20225.0093,20355.2092,20500.4124
2022,1,510,19806.0,19715.8,19812.3,19927.7,20080.8,20182.0
2022,1,518,19806.0,19866.4602,20079.3507,20216.141,20321.2913,20426.9016
2022,1,528,19806.0,19905.7091,20163.8353,20405.2912,20635.6332,20776.0238
2022,1,535,19806.0,19845.4937,20155.6735,20349.3809,20520.188,20682.4156
2022,1,546,19806.0,19929.6455,20150.2512,20324.4295,20484.9698,20624.0543
2022,1,549,19806.0,19899.4155,20017.7522,20151.5251,20251.5358,20362.0119
2022,1,553,19806.0,19724.6949,19897.7586,20037.4701,20181.2948,20328.3969
2022,1,555,19806.0,19838.2,19989.5,20165.9,20343.2,20473.6
2022,1,563,19806.0,20001.1566,20173.9155,,,
2022,1,568,19806.0,19871.0765,20071.1799,20239.0499,20382.5143,20508.5039
2022,1,570,19806.0,19902.8538,20145.293,20321.9972,20481.1993,20663.1478
2022,1,572,19806.0,19904.2958,20051.9274,20176.0939,20296.076,20416.7715
2022,1,574,19806.0,19886.5407,20121.4325,20290.0003,20478.501,20677.6812
2022,1,576,19806.0,19903.4186,20096.3176,20265.3175,20412.6183,20545.5117
2022,1,577,19806.0,20149.5855,20313.8011,20469.4354,20621.2586,20764.1161
2022,1,579,19806.0,19929.6293,20150.4278,20339.4283,20441.2154,20539.6092
2022,1,584,19806.0,20063.478,20207.9375,20343.9741,20472.1867,20591.5244
2022,1,585,19806.0,19822.8872,20070.5237,20243.6042,20490.2372,20495.5627
2022,1,586,19806.0,19852.7,19936.0,20017.6,20099.8,20182.1
2022,1,587,19805.962,19936.0453,20112.1923,20273.8765,20408.1624,20529.1214
2022,1,588,19806.0,19722.9419,19910.3312,20047.7925,20189.1244,20327.4706
2022,1,589,19806.0,19953.5566,20126.2051,20301.7656,20463.7773,20873.0529
2022,1,594,19806.0,20063.3693,20338.5434,20656.4294,20884.9926,21080.6338
2022,2,411,19735.9,19829.0,19941.2,20059.7,20170.5,20296.9
2022,2,422,19735.9,20051.69,20274.01,20425.81,20641.64,20779.4
2022,2,424,19735.9,19904.0985,20038.9393,20145.6296,20246.1455,20358.2845
2022,2,428,19735.895,19912.8474,20055.5564,20188.4173,20328.6814,20445.2027
2022,2,429,19735.9,19925.3055,20078.0134,20189.8556,20275.8318,20357.9821
2022,2,433,19735.9,19825.9,19971.56,20090.94,20178.12,20248.4
2022,2,456,19735.9,19879.37,20001.32,20102.17,20206.36,20299.0
2022,2,463,19735.9,19920.772,20097.6882,20276.1755,20436.474,20593.048
2022,2,484,19735.9,19666.4587,19778.5784,19925.2775,20077.9351,20231.7622
2022,2,504,19735.9,19865.4795,20183.2908,20389.8215,20572.4901,20754.042
2022,2,508,19735.9,19884.695,20014.1669,20135.1519,20160.2738,20220.4843
2022,2,510,19735.9,19644.8,19733.5,19835.8,19885.5,20016.4
2022,2,518,19735.9,19818.7438,19874.9538,19945.6838,20025.7638,20127.0738
2022,2,535,19735.9,19906.3678,20145.8639,20334.5813,20480.4303,20632.3351
2022,2,546,19735.9,19789.2731,19859.928,19928.6492,19984.3384,20022.6485
2022,2,549,19735.9,19858.1096,20010.2525,20124.3322,20214.2867,20314.6088
2022,2,553,19735.9,19764.4142,19931.6288,20060.5147,20269.7594,20361.6641
2022,2,555,19735.9,19848.9,19946.9,20052.1,20165.8,20272.1
2022,2,563,19735.9,19843.5633,19951.8138,20055.7459,20160.2194,20260.2732
2022,2,568,19735.9,19879.8921,20090.8832,20249.306,20390.8873,20515.0601
2022,2,570,19735.9,19880.8209,20025.4904,20123.5621,20233.8604,20334.3344
2022,2,572,19735.9,19833.8479,19927.3948,20016.4691,20096.059,20170.999
2022,2,574,19735.9,19822.43,19949.11,20078.98,20216.91,20366.2
2022,2,576,19735.9,20012.54,20096.32,20215.32,20361.62,20545.5
2022,2,577,19735.9,19872.6189,20010.29,20129.2861,20229.1864,20319.6096
2022,2,579,19735.9,19864.1421,19993.3602,20084.8504,20136.26,20165.3587
2022,2,584,19735.9,19852.02,19931.81,19980.46,20028.07,20080.4
2022,2,586,19735.9,19835.3,19911.8,19989.5,20070.4,20151.3
2022,2,587,19735.895,19831.8425,19972.8467,20091.3171,20178.7617,20297.8774
2022,2,588,19735.9,19758.8091,19858.3192,19965.1972,20066.5217,20170.75
2022,2,589,19735.9,19867.8,20010.3,20153.8,20283.5,20429.0
2022,2,591,19735.9,19612.8841,19728.6673,20013.5261,20215.5438,20380.2139
2022,2,593,19735.9,19786.33,19916.13,20031.38,20105.49,20328.1
2022,2,594,19735.9,19785.0558,19922.1203,20035.6975,20149.9223,20269.7487
2022,3,411,19681.7,19712.3,19759.8,19818.8,19886.9,19962.2
2022,3,422,19681.7,19853.5389,20022.0106,20062.3451,20145.0625,20271.3434
2022,3,424,19681.7,19719.7166,19788.4564,19834.0883,19879.9183,19912.0907
2022,3,426,19681.7,19727.218,19815.4181,19909.4182,20045.9252,20137.2926
2022,3,428,19681.682,19764.1785,19811.028,19888.3547,19977.1842,20092.5314
2022,3,433,19681.7,19773.152,19835.328,19884.012,19901.912,19946.716
2022,3,456,19681.7,19724.0672,19774.604,19837.1966,19911.1762,19985.9201
2022,3,463,19681.7,,,,,
2022,3,484,,,,,,
2022,3,504,19681.7,19799.8829,19982.5873,20141.5263,20299.0366,20457.7786
2022,3,508,19681.7,19755.0948,19823.8776,19744.1018,19644.6321,19535.6837
2022,3,510,19681.7,19507.5,19534.2,19523.8,19624.9,19730.3
2022,3,518,19681.7,19752.0807,19745.3007,19764.1407,19761.6807,19800.7807
2022,3,528,19681.7,19818.0485,19931.0324,20015.2046,20065.056,20105.0663
2022,3,535,19681.7,19822.8663,19955.3368,20083.8007,20208.1645,20328.3373
2022,3,546,19681.7,19716.0529,19745.5607,19735.6805,19691.1246,19646.6692
2022,3,549,19681.7,19740.4812,19809.2131,19863.4652,19937.5378,19982.2467
2022,3,553,19681.7,19586.078,19654.6994,19714.1455,19803.1093,19904.4646
2022,3,555,19681.7,19797.1781,19798.172,19756.1645,19641.8291,19569.2712
2022,3,563,19681.7,19706.2561,19755.3381,19829.0075,19917.642,20011.5841
2022,3,568,19681.7,19786.0206,19886.6966,19987.9078,20075.9043,20180.3825
2022,3,570,19681.7,19739.4353,19781.7524,19788.0079,19880.0007,19970.0799
2022,3,572,19681.7,19730.7208,19750.422,19775.0639,19799.7365,19839.2177
2022,3,574,19681.7,19788.4714,19877.0555,19977.4869,20058.2126,20150.6795
2022,3,576,19681.7,19770.21,19891.1401,20003.3587,20107.7284,20207.2142
2022,3,577,19681.682,19740.4632,19809.195,19887.9608,19967.0397,20066.1348
2022,3,584,19681.7,19734.6577,19763.7468,19803.9212,19864.627,19940.5071
2022,3,587,19681.682,19792.2728,19907.6815,20014.3941,20116.8719,20223.0189
2022,3,588,19681.7,19727.3993,19823.3118,19911.6624,19998.1598,20090.2736
2022,3,589,19681.7,19774.5293,19877.5379,19971.2908,20065.4859,20160.1253
2022,3,591,19681.7,19814.5013,19992.6449,20175.9453,20349.544,20495.7669
2022,3,593,19681.7,19730.3835,19737.0521,19716.0719,19842.595,20004.3379
2022,3,594,19681.7,19750.2272,19853.1092,19961.4119,20085.0179,20224.1604
2022,3,595,19681.7,19755.0948,19816.5422,19865.8988,19939.9805,20026.6512
2022,3,596,19681.7,19633.0,19643.0,19701.0,19760.0,19819.0
2022,4,411,20021.7,20000.0,19901.1,19880.1,19927.7,20005.1
2022,4,422,20021.7,20145.3238,20127.1854,20071.0443,20027.1183,20098.432
2022,4,426,20021.7,19986.5641,19920.4851,19909.5227,19977.6923,20043.9495
2022,4,428,20021.721,20018.3348,20022.6049,20043.9051,20139.4918,20238.1609
2022,4,429,20021.7,20077.2,20110.2,20106.4,20060.7,20025.4
2022,4,433,20021.7,20049.112,19915.384,19839.684,19888.308,19961.776
2022,4,456,20021.7,20061.6954,20080.9492,20119.1131,20175.4823,20238.4575
2022,4,463,20021.7,20056.6674,20066.6882,20106.7018,20176.7088,20271.8727
2022,4,484,20021.7,19971.4569,19946.4457,19946.4457,19991.1745,20090.3893
2022,4,504,20021.7,20218.0532,20378.8651,20538.2314,20698.8441,20860.7127
2022,4,508,20021.7,19996.6258,19961.1482,19884.2411,19850.6372,19837.1865
2022,4,510,20021.7,19922.0,19949.2,20064.4,20154.0,20300.9
2022,4,518,20021.7,20038.7451,19975.8751,19937.6352,19946.3952,19920.4352
2022,4,524,20021.7,20082.9819,20057.748,19972.922,19990.4466,20079.7921
2022,4,528,20021.7,20056.6464,20086.6639,20106.7205,20131.8069,20166.9455
2022,4,530,20021.7,20207.5156,20658.0149,20854.4141,19953.3287,20757.0628
2022,4,535,20021.7,20121.0663,20220.9258,20311.3121,20397.0903,20478.1936
2022,4,546,20021.7,20022.4417,19987.9221,19931.438,19867.4727,19854.7961
2022,4,549,20021.7,20121.0663,20166.1867,20221.4164,20246.646,20266.8623
2022,4,555,20021.7,20068.9305,20080.8671,20077.4242,19988.1666,19844.0847
2022,4,563,20021.7,20121.0663,20225.8801,20316.2886,20392.0498,20493.2542
2022,4,568,20021.7,20095.9345,20165.4818,20162.5517,20258.4062,20379.1495
2022,4,570,20021.7,20108.5619,20045.0033,20023.4078,20122.212,20222.1712
2022,4,572,20021.7,20031.7034,20016.6626,19941.1742,19931.1961,19961.0259
2022,4,574,20021.7,20114.3096,20177.0424,20247.1072,20344.2179,20439.6245
2022,4,576,20021.7,19995.433,20006.7914,20025.202,20139.7057,20259.7057
2022,4,577,20021.721,20140.785,20200.9374,20175.6387,20150.3718,20200.5599
2022,4,579,20021.7,19968.3271,19883.9928,19762.7279,19670.5252,19640.7363
2022,4,584,20021.7,20171.2833,20246.7081,20288.4004,20325.7829,20363.9791
2022,4,585,20021.7,19968.4855,19956.7599,19986.3325,20068.2275,20175.6382
2022,4,586,20021.7,20098.6,20182.1,20267.2,20347.8,20433.6
2022,4,587,20021.721,20089.3869,20164.2048,20251.7541,20360.7389,20488.8501
2022,4,588,20021.7,20072.031,20055.041,20006.077,20030.7853,20101.6519
2022,4,589,20021.7,20013.6913,19993.6776,19973.684,20073.5524,20254.2143
2022,4,591,20021.7,20202.9634,20366.6833,20547.9942,20713.1591,20826.5908
2022,4,594,20021.7,20170.2024,20329.663,20500.3046,20677.3749,20861.0105
2022,4,595,20021.7,20096.3627,20158.8716,20196.5636,20246.8668,20309.8438
2022,4,596,20021.7,20071.0145,20120.4505,20170.0083,20219.6881,20269.4903
2023,1,411,20198.1,20132.5,20121.9,20156.3,20247.7,20342.9
2023,1,422,20198.1,20396.6582,20526.8722,20604.7422,20684.9255,20809.573
2023,1,428,20198.091,20178.2303,20227.4167,20316.0931,20419.9298,20537.6911
2023,1,429,20198.1,20250.1059,20267.352,20261.5063,20246.4145,20274.4582
2023,1,433,20198.1,20227.32,19986.924,19894.18,19944.632,20019.156
2023,1,456,20198.1,20216.1769,20287.5782,20359.0687,20427.6032,20520.5454
2023,1,463,20198.1,20198.091,20218.2589,20253.5483,20329.0756,20429.9674
2023,1,484,20198.1,20167.7344,20167.7344,20202.9357,20218.0709,20253.36
2023,1,504,20198.1,20304.4793,20393.9368,20483.7885,20574.036,20685.3252
2023,1,508,20198.1,20121.2131,20035.1474,19949.4497,19904.4112,19880.5592
2023,1,510,20198.1,20162.9,20205.6,20309.9,20440.5,20584.0
2023,1,518,20198.1,20174.4609,20153.0409,20161.8709,20127.1209,20178.4509
2023,1,524,20198.1,20242.5149,20302.2776,20240.6367,20218.0969,20310.3364
2023,1,528,20198.1,20198.1,20208.1915,20218.288,20253.5775,20298.9951
2023,1,535,20198.1,20218.2679,20288.6633,20374.3458,20455.3587,20516.4506
2023,1,548,20198.1,19913.65,19836.29,19859.41,19918.79,19995.33
2023,1,549,20198.1,20263.4262,20343.9981,20384.5646,20394.7492,20399.846
2023,1,555,20198.1,20156.041,20192.5819,20082.3718,20012.4154,20021.0785
2023,1,563,20198.1,20308.2846,20414.0737,,,
2023,1,568,20198.1,20218.4771,20213.7933,20277.3453,20387.168,20513.2106
2023,1,570,20198.1,20200.1843,20157.003,20085.1671,20159.1697,20253.4054
2023,1,572,20198.1,20157.582,20030.3985,20040.4062,20110.1824,20200.0737
2023,1,574,20198.1,20233.9843,20326.7932,20434.0245,20529.152,20635.4464
2023,1,576,20198.1,20251.1833,20319.235,20386.0488,20452.965,20519.8727
2023,1,577,20198.1,20298.3327,20323.6582,20323.6582,20333.8124,20384.4575
2023,1,584,20198.1,20296.5657,20341.2719,20414.5816,20511.1485,20620.8891
2023,1,586,20198.1,20272.1,20357.5,20440.1,20525.6,20609.9
2023,1,587,20198.091,20223.7076,20314.4224,20436.4938,20571.2205,20699.1501
2023,1,588,20198.1,20224.0307,20166.055,20152.8348,20269.657,20390.2435
2023,1,589,20198.1,20238.37,20177.87,20268.06,20328.59,20374.17
2023,1,591,20198.1,20335.8919,20505.9929,20745.4024,20923.1807,21066.1103
2023,1,593,20198.1,20289.8555,20278.5648,20098.1577,20192.2687,20355.0676
2023,1,594,20198.1,20342.9701,20503.7967,20675.8999,20869.5824,21054.925
2023,1,595,20198.1,20248.407,20286.2664,20260.8609,20311.3242,20361.9132
2023,1,596,20198.1,20273.7425,20349.769,20426.0807,20502.6785,20579.5635
2023,1,598,20198.1,20258.6943,20284.0177,20309.3727,20410.9196,20538.4878
2023,1,601,20198.1,20159.6685,20097.0067,20029.787,20015.0668,20032.2435
2023,2,411,20235.9,20230.5,20256.9,20283.3,20345.5,20401.2
2023,2,422,20235.9,20284.7426,20324.9626,20352.1432,20426.1505,20548.8525
2023,2,426,20235.9,20340.7964,20368.003,20430.5131,20517.2771,20604.4096
2023,2,428,20235.878,20317.8792,20361.1992,20419.2875,20506.3974,20613.7483
2023,2,429,20235.9,20294.6401,20319.0601,20286.0474,20285.72,20321.8267
2023,2,433,20235.9,20264.556,20000.096,19968.684,20040.44,20135.008
2023,2,456,20235.9,20323.9854,20368.6499,20420.8684,20520.1547,20613.4165
2023,2,463,20235.9,20286.2791,20316.6403,20362.1992,20443.1639,20544.6219
2023,2,504,20235.9,20409.3702,20499.2898,20589.6056,20700.979,20812.9549
2023,2,508,20235.9,20261.1476,20205.1981,20118.7731,20023.423,19997.7527
2023,2,510,20235.9,20260.6,20329.4,20406.4,20559.0,20637.6
2023,2,518,20235.9,20183.0973,20142.5472,20133.8672,20140.0372,20191.8573
2023,2,524,20235.9,20285.1205,20224.1168,20159.2449,20240.5647,20320.6518
2023,2,528,20235.9,20241.6489,20244.6449,20274.989,20304.1173,20354.9881
2023,2,535,20235.9,20336.3294,20412.1654,20468.0687,20524.1252,20570.1495
2023,2,548,20235.9,20069.11,20067.88,20111.83,20168.75,20240.75
2023,2,549,20235.9,20311.3615,20351.8629,20362.0312,20362.0312,20367.1198
2023,2,555,20235.9,20331.6266,20323.1037,20222.1035,20162.4843,20334.8436
2023,2,563,20235.9,20346.2909,20452.2778,,,
2023,2,568,20235.9,20264.8704,20308.7461,20356.7705,20473.6752,20584.2511
2023,2,570,20235.9,20195.8535,20171.3251,20241.4344,20315.1797,20411.2936
2023,2,572,20235.9,20190.2148,20114.0718,20154.1798,20219.364,20284.759
2023,2,574,20235.9,20367.9524,20483.8713,20603.1635,20713.6195,20821.1867
2023,2,576,20235.9,20304.047,20370.7844,20437.643,20504.4914,20571.3406
2023,2,577,20235.878,20286.2791,20311.5895,20311.5895,20286.1523,20346.7388
2023,2,584,20235.9,20233.9393,20287.5981,20382.0446,20500.406,20634.0435
2023,2,585,20235.9,20196.2425,20104.5855,20110.6456,20243.6334,20390.4527
2023,2,586,20235.9,20324.5,20409.0,20493.1,20575.3,20662.6
2023,2,587,20235.878,20343.4294,20451.1528,20583.8384,20713.805,20834.9425
2023,2,588,20235.9,20320.7118,20226.5932,20220.7006,20356.8473,20486.4874
2023,2,589,20235.9,20225.8,20226.3,20251.5,20306.9,20397.7
2023,2,591,20235.9,20327.9746,20469.7359,20588.6109,20701.9832,20831.2877
2023,2,594,20235.9,20381.0413,20542.1688,20724.6035,20918.7423,21124.8632
2023,2,596,20235.9,20235.9,20235.9,20235.9,20296.0066,20397.4867
2023,2,598,20235.9,20299.1372,20349.885,20400.7597,20502.7635,20605.2774
2023,2,599,20235.9,20237.33,20139.51,20231.92,20428.89,20547.48
2023,2,600,20235.9,20256.1,20195.3,20195.3,20205.4,20245.8
2023,2,601,20235.9,20209.1792,20134.7012,20105.8011,20129.3423,20213.4929
2023,3,411,20404.1,20516.3,20600.4,20654.3,20707.8,20764.4
2023,3,421,20404.1,20485.7164,20475.4735,20347.5018,20454.3262,20638.4152
2023,3,422,20404.1,20494.7448,20584.0998,20680.0412,20783.6737,20903.7854
2023,3,426,20404.1,20391.6262,20410.0591,20457.6056,20515.5747,20573.708
2023,3,428,20404.088,20485.8887,20503.2998,20548.1246,20622.5428,20713.2837
2023,3,429,20404.1,20507.6665,20538.0766,20585.52,20624.0786,20697.5045
2023,3,433,20404.1,20511.072,20430.316,20334.512,20382.484,20451.98
2023,3,456,20404.1,20479.8951,20536.0487,20627.0173,20722.5558,20827.0692
2023,3,463,20404.1,20505.3521,20566.5933,20612.7127,20684.4815,20776.9399
2023,3,484,20404.1,20404.3269,20480.1703,20548.5275,20632.9113,20737.5142
2023,3,504,20404.1,20530.4351,20606.995,20632.7055,20658.4482,20709.9018
2023,3,508,20404.1,20433.4205,20395.7036,20390.2706,20393.898,20428.3122
2023,3,510,20404.1,20479.5,20588.5,20719.4,20802.6,20841.8
2023,3,518,20404.1,20495.0029,20500.8229,20490.8829,20512.2129,20558.4429
2023,3,535,20404.1,20540.4547,20637.3343,20693.8544,20745.3962,20791.9166
2023,3,549,20404.1,20500.3365,20541.2147,20556.6033,20566.8739,20623.201
2023,3,555,20404.1,20514.8396,20541.6004,20489.8594,20424.8751,20516.8311
2023,3,563,20404.1,20520.425,20632.368,,,
2023,3,568,20404.1,20513.6329,20592.7984,20696.3462,20799.8759,20912.6152
2023,3,570,20404.1,20502.9249,20541.5013,20534.5596,20593.4195,20650.1452
2023,3,572,20404.1,20495.3051,20515.7697,20531.1393,20582.2758,20643.7467
2023,3,574,20404.1,20544.3914,20666.6964,20795.4476,20926.1185,21038.1146
2023,3,576,20404.1,20461.9311,20530.0074,20597.1317,20664.3445,20731.5491
2023,3,577,20404.088,20515.3964,20591.9001,20668.6891,20745.7645,20848.7243
2023,3,584,20404.1,20487.8738,20620.1674,20740.511,20857.8093,20970.5894
2023,3,586,20404.1,20482.4,20569.0,20654.0,20740.3,20826.1
2023,3,587,20404.088,20526.0153,20639.4081,20758.2497,20879.659,21001.7798
2023,3,588,20404.1,20513.5933,20428.8049,20419.972,20563.4957,20704.9651
2023,3,589,20404.1,20388.78,20378.5979,20414.1673,20475.1361,20561.6061
2023,3,591,20404.1,20498.1666,20686.1673,20719.4383,20728.4627,20836.8578
2023,3,593,20404.1,20578.242,20567.1157,20386.4141,20480.8472,20644.8831
2023,3,594,20404.1,20555.4387,20727.9754,20922.1457,21153.6491,21403.0475
2023,3,595,20404.1,20480.1887,20556.5612,20620.5015,20671.8605,20723.3475
2023,3,596,20404.1,20506.1205,20608.6511,20711.6944,20815.2528,20919.3291
2023,3,598,20404.1,20485.23,20561.62,20668.73,20776.4,20884.63
2023,3,599,20404.1,20405.26,20376.62,20296.8,20277.39,20260.22
2023,3,603,20404.1,20568.44,20619.89,20696.78,20786.74,20889.91
2023,4,411,22491.6,22553.2,22604.0,22608.5,22669.1,22740.5
2023,4,421,22491.6,22581.5664,22496.8855,22614.9942,22818.5291,22944.031
2023,4,422,22491.6,22589.9213,22698.4509,22805.6442,22941.9599,23090.3696
2023,4,426,22491.6,22582.2603,22604.6249,22651.924,22758.1012,22904.7058
2023,4,428,22491.567,22538.033,22599.3329,22664.3406,22747.4581,22831.7681
2023,4,429,22491.6,22577.688,22634.1538,22685.9558,22748.1277,22854.0641
2023,4,463,22491.6,22569.8775,22603.6565,22659.9549,22733.2435,22823.6359
2023,4,484,22491.6,22463.4326,22513.8057,22569.8803,22631.6931,22699.2848
2023,4,508,22491.6,22549.1432,22559.0311,22580.9887,22642.6835,22720.4608
2023,4,510,22491.6,22487.5,22583.1,22597.4,22602.1,22675.0
2023,4,518,22491.6,22501.1487,22490.4228,22512.3577,22560.2825,22643.9572
2023,4,549,22491.6,22603.2243,22681.9236,22715.8702,22766.8093,22834.8045
2023,4,555,22491.6,22531.7739,22579.9871,22562.4737,22474.7788,22490.8548
2023,4,563,22491.6,22614.2961,22726.5294,,,
2023,4,568,22491.6,22576.6639,22674.0188,22779.8988,22891.6002,23023.032
2023,4,570,22491.6,22565.4747,22614.4243,22684.6828,22751.004,22831.4462
2023,4,572,22491.6,22539.2686,22548.7013,22594.1726,22665.8403,22751.8563
2023,4,574,22491.6,22566.6933,22702.7691,22834.0847,22951.1201,23074.4127
2023,4,576,22491.6,22558.1112,22651.4206,22713.8768,22788.0079,22862.179
2023,4,577,22491.6,22625.3186,22737.6065,22794.2386,22879.2403,22992.7884
2023,4,584,22491.6,22564.6977,22657.4105,22749.7708,22849.6392,22953.8329
2023,4,586,22491.6,22563.8,22659.1,22764.2,22864.5,22961.8
2023,4,587,22491.567,22570.0357,22679.5583,22812.2698,22945.7592,23080.0311
2023,4,588,22491.6,22495.8048,22401.8921,22391.2466,22553.1993,22698.2008
2023,4,589,22491.6,22493.8836,22494.0181,22494.8322,22497.4861,22501.3131
2023,4,591,22491.6,22572.106,22685.7284,22806.1266,22917.4149,23027.7845
2023,4,594,22491.6,22756.7727,23014.0787,23268.7292,23514.9328,23775.1254
2023,4,596,22491.6,22604.058,22717.0783,22830.6637,22944.817,23059.5411
2023,4,598,22491.6,22575.4718,22693.0724,22811.2879,22930.1181,23044.7687
2023,4,599,22491.6,22532.03,22518.31,22616.51,23002.11,23068.9
2023,4,600,22491.6,22491.6,22581.5664,22717.0558,23035.0946,23495.7965
2023,4,602,22491.6,22530.8311,22560.4007,22620.0018,22686.8878,22729.4977
2023,4,603,22491.6,22571.3141,22642.8595,22749.6552,22862.5601,22976.0255
2023,4,604,22491.6,22326.0,22272.7,22250.9,22266.9,22358.8
2024,1,411,22672.9,22791.8,22879.6,22964.5,23052.3,23139.9
2024,1,421,22672.9,22701.2411,22820.4226,23025.8064,23152.4484,23326.0917
2024,1,422,22672.9,22843.2978,22996.204,23128.864,23266.0605,23426.1743
2024,1,428,22672.859,22761.9743,22846.625,22940.1553,23024.495,23113.0538
2024,1,429,22672.9,22794.757,22877.1087,22971.1323,23083.2607,23203.789
2024,1,433,22672.9,22802.16,22875.908,22921.524,22984.3,23055.792
2024,1,463,22672.9,22829.9293,22931.9777,23034.4822,23131.7608,23229.4502
2024,1,508,22672.9,22717.5807,22766.128,22833.0332,22916.7499,23045.5967
2024,1,510,22672.9,22767.0,22839.8,22951.7,23003.5,23139.2
2024,1,518,22672.9,22801.3844,22884.5246,22953.7747,23013.2248,23089.6749
2024,1,535,22672.9,22763.0525,22847.9379,22899.1732,22961.8878,23036.1529
2024,1,548,22672.9,22734.9949,22769.0209,22853.9287,22950.4447,23036.029
2024,1,549,22672.9,22807.7299,22875.8473,22932.8237,23006.9948,23047.1518
2024,1,555,22672.9,22811.6221,22882.8682,22938.0176,23000.4791,23105.3457
2024,1,563,22672.9,22846.6085,23016.0634,,,
2024,1,568,22672.9,22884.4401,23004.4575,23135.4237,23282.9079,23427.1353
2024,1,570,22672.9,22795.3148,22875.3688,22964.2978,23071.3937,23166.4786
2024,1,572,22672.859,22786.3371,22830.1174,22903.8866,22988.7243,23103.4991
2024,1,574,22672.9,22826.1602,22966.9141,23111.0212,23255.8922,23404.3865
2024,1,576,22672.9,22724.84,22796.82,22871.05,22945.53,23020.03
2024,1,577,22672.859,22796.544,22920.9036,23034.6585,23148.9779,23263.8647
2024,1,584,22672.9,22768.7439,22878.1747,23020.1598,23176.0715,23338.9391
2024,1,586,22672.9,22755.7,22858.9,22962.0,23062.9,23167.8
2024,1,587,22672.859,22785.6662,22907.8147,23036.7861,23171.5876,23307.1793
2024,1,588,22672.9,22808.9659,22900.797,23018.5202,23173.6725,23331.8367
2024,1,589,22672.9,22734.9949,22774.6722,22814.4215,22888.2081,22984.8708
2024,1,593,22672.9,22979.1365,23062.2854,23035.3883,23146.8242,23215.267
2024,1,594,22672.9,22901.8072,23155.2155,23433.799,23732.6719,24023.9248
2024,1,596,22672.9,22720.7862,22768.7736,22816.8623,22865.0525,22913.3446
2024,1,598,22672.9,22791.0067,22915.3361,23040.3438,23171.6983,23292.4032
2024,1,599,22672.9,22834.88,22889.86,22985.38,23100.18,23204.31
2024,1,602,22672.9,22729.0437,22788.2945,22895.6237,23009.3416,23105.6424
2024,1,603,22672.9,22850.3742,22922.7584,23036.5225,23150.8511,23260.0427
2024,1,604,22672.9,22627.8328,22582.2971,22585.9955,22614.0267,22737.0827
2024,2,411,22768.9,22889.4,22998.5,23083.0,23171.3,23257.9
2024,2,421,22768.9,22888.4367,23094.4327,23221.452,23395.6129,23582.7778
2024,2,422,22768.9,22934.9702,23090.8751,23236.5621,23387.3144,23518.5349
2024,2,428,22768.866,22898.1954,23007.3575,23093.5676,23191.5394,23289.8136
2024,2,429,22768.9,22907.5994,23012.8613,23130.4318,23246.807,23375.4557
2024,2,433,22768.9,22909.892,23012.296,23109.48,23212.776,23319.4
2024,2,463,22768.9,22948.871,23079.704,23199.9297,23315.0694,23425.0355
2024,2,484,22768.9,22841.272,22935.5033,23029.4798,23114.381,23191.11
2024,2,508,22768.9,22893.1089,23006.7258,23120.9066,23249.3137,23378.4818
2024,2,510,22768.9,22860.1,22958.6,23034.6,23163.4,23290.2
2024,2,518,22768.9,22875.2365,22950.6466,23000.0967,23056.4268,23129.1069
2024,2,535,22768.9,22937.7786,23023.3156,23086.3702,23161.0379,23247.4074
2024,2,548,22768.9,22804.8043,22889.0513,22985.069,23069.0037,23139.4232
2024,2,549,22768.9,22893.1089,22961.4813,23041.428,23081.6451,23127.6705
2024,2,555,22768.9,22919.5957,23026.7164,23112.3663,23216.9639,23332.6626
2024,2,563,22768.9,22893.1089,23017.9953,,,
2024,2,568,22768.9,22913.6516,23036.0305,23166.9946,23309.3426,23453.4085
2024,2,570,22768.9,22862.3633,22940.9056,23038.0729,23143.5693,23259.0297
2024,2,572,22768.9,22865.057,22944.6679,23035.901,23150.2266,23259.4153
2024,2,574,22768.9,22928.1033,23051.0108,23171.4986,23287.1111,23412.4957
2024,2,576,22768.9,22835.77,22909.61,22984.18,23058.83,23133.49
2024,2,577,22768.866,22870.6415,22984.1469,23098.2156,23201.4633,
2024,2,584,22768.9,22940.8052,23085.6519,23223.947,23356.1662,23482.2489
2024,2,587,22768.866,22920.9825,23058.363,23193.0316,23326.6466,23466.0842
2024,2,588,22768.9,22867.8195,22967.6473,23090.2593,23227.3595,23373.4056
2024,2,589,22768.9,22843.5962,22925.3928,23011.4503,23109.0997,23221.6119
2024,2,594,22768.9,22909.8906,23079.8149,23279.1656,23508.5447,23768.6665
2024,2,596,22768.9,22893.1089,23017.9953,23143.5631,23269.8158,23396.7573
2024,2,598,22768.9,22881.9005,22984.1812,23086.9191,23195.8092,23310.9284
2024,2,599,22768.9,22807.65,23059.71,23216.75,23338.08,23391.52
2024,2,600,22768.9,22837.2067,22905.7183,22951.5298,23043.3359,23135.5092
2024,2,602,22768.866,22854.1596,22938.7679,23035.012,23133.7585,23239.006
2024,2,603,22768.9,22869.7286,22972.7797,23076.2951,23184.9322,23310.3556
2024,2,604,22768.9,22800.0952,22817.5293,22871.9177,23034.5158,23196.0479
2024,3,411,22918.7,23019.1,23100.4,23178.9,23281.9,23373.5
2024,3,421,22918.7,23054.3879,23198.4778,23372.4664,23559.4461,23700.8028
2024,3,422,22918.7,23018.8355,23156.5519,23304.8328,23440.2154,23571.6632
2024,3,426,22918.7,22999.1889,23111.0993,23218.234,23311.266,23518.5223
2024,3,428,22918.739,23019.7904,23106.507,23198.7868,23298.6885,23395.3562
2024,3,429,22918.7,23043.0943,23111.1414,23198.5628,23311.1388,23443.4472
2024,3,433,22918.7,23026.796,23124.044,23227.408,23339.82,23455.656
2024,3,463,22918.7,23043.7653,23169.4736,23290.167,23405.7545,23521.9157
2024,3,508,22918.7,23005.2651,23107.0591,23204.6441,23316.1786,23425.8209
2024,3,510,22918.7,22979.2,23037.7,23161.8,23280.3,23367.5
2024,3,518,22918.7,22998.3313,23038.2612,23066.4512,23118.1111,23203.7109
2024,3,528,22918.7,23045.565,23169.4795,23288.6383,23408.88,23528.8539
2024,3,535,22918.7,23049.3609,23112.4869,23187.239,23273.7063,23377.7383
2024,3,549,22918.7,22998.4977,23061.4844,23101.7365,23147.802,23222.6683
2024,3,555,22918.7,23039.9551,23132.1377,23207.4463,23328.3653,23492.2965
2024,3,563,22918.7,23043.7261,23169.4342,,,
2024,3,568,22918.7,23025.5946,23145.2524,23281.8522,23425.7808,23561.2208
2024,3,570,22918.7,23072.6593,23205.3568,23350.8076,23456.4897,23566.8209
2024,3,574,22918.739,23036.985,23131.0989,23250.0916,23370.6803,23476.4634
2024,3,576,22918.7,22980.41,23054.14,23128.96,23203.87,23278.79
2024,3,577,22918.739,23021.1844,23112.7217,23193.195,23296.8672,23412.4879
2024,3,584,22918.7,22930.1594,23011.991,23136.2817,23280.1397,23436.1946
2024,3,586,22918.7,23014.4,23118.1,23222.7,23328.0,23433.3
2024,3,587,22918.739,22997.1408,23120.9743,23246.6604,23385.7268,23524.6768
2024,3,588,22918.7,22976.2316,23087.2865,23221.6921,23365.0096,23510.8943
2024,3,589,22918.7,23026.4952,23123.7401,23227.1018,23336.6531,23446.721
2024,3,591,22918.7,23088.3,23202.3,23331.4,23521.3,23710.3
2024,3,593,22918.7,23145.0928,23155.6141,23084.6406,23144.447,23259.6061
2024,3,594,22918.7,23088.6896,23288.117,23517.5842,23777.8061,24069.6129
2024,3,595,22918.7,23032.4439,23135.3976,23238.8114,23354.1441,23470.0491
2024,3,596,22918.7,23061.9419,23206.079,23351.117,23497.0615,23643.9181
2024,3,598,22918.7,23021.1844,23124.0877,23233.1531,23348.4576,23464.3344
2024,3,599,22918.7,23166.3,23310.87,23365.27,23189.14,23391.01
2024,3,602,22918.7,22923.7627,23011.1806,23102.4108,23197.6547,23294.8493
2024,3,603,22918.7,23035.146,23138.9424,23259.4752,23385.3019,23511.8092
2024,3,604,22918.7,22875.1988,22897.7014,23049.117,23236.8317,23415.8551
2024,4,411,23386.2,23471.6,23585.7,23689.8,23810.4,23945.2
2024,4,426,23386.2,23528.0763,23674.7237,23708.5386,24017.3884,24171.15
2024,4,428,23386.248,23500.5596,23602.9211,23724.9801,23859.1886,23983.8696
2024,4,429,23386.2,23519.5103,23622.2698,23727.9532,23848.6834,23970.0875
2024,4,433,23386.2,23530.728,23671.292,23819.208,23971.728,24137.856
2024,4,463,23386.2,23520.7239,23657.1289,23788.5104,23919.4515,24049.9368
2024,4,508,23386.2,23516.1227,23652.1528,23779.7257,23916.058,24056.9486
2024,4,510,23386.2,23498.8,23617.7,23751.4,23856.7,23958.3
2024,4,518,23386.2,23493.5301,23578.0299,23653.7598,23769.7195,23891.8693
2024,4,535,23386.2,23502.2641,23607.3178,23712.8411,23830.5263,23960.5266
2024,4,549,23386.2,23519.5262,23636.252,23724.3936,23783.4835,23824.9958
2024,4,555,23386.2,23488.942,23578.0608,23708.9229,23858.7206,23999.624
2024,4,563,23386.2,23513.7764,23642.0487,,,
2024,4,568,23386.2,23510.7152,23657.3749,23801.2272,23916.8713,24046.3946
2024,4,570,23386.2,23520.6224,23635.2497,23748.5113,23862.862,23977.2201
2024,4,572,23386.2,23502.2641,23595.7143,23707.0041,23818.8189,23937.03
2024,4,574,23386.248,23526.207,23651.6269,23777.5283,23895.6696,23993.0091
2024,4,576,23386.2,23054.14,23128.96,23203.87,23278.79,23353.71
2024,4,577,23386.248,23513.8246,23630.5221,23736.1492,23830.5293,23913.5019
2024,4,584,23386.2,23527.9514,23680.3778,23826.2545,23967.9488,24104.3591
2024,4,587,23386.248,23464.4921,23560.0433,23645.6368,23749.1092,23857.9639
2024,4,588,23386.2,23489.6147,23613.8537,23739.694,23872.4577,24013.8018
2024,4,589,,,,,,
2024,4,590,23386.2,23517.9002,23627.6679,23761.1583,23892.2951,24031.8536
2024,4,594,23386.2,23588.197,23849.2002,24130.3788,24426.5125,24755.664
2024,4,595,23386.2,23502.2641,23607.3178,23712.8411,23830.5263,23960.5266
2024,4,596,23386.2,23503.131,23620.6467,23738.7499,23857.4436,23976.7309
2024,4,598,23386.2,23519.6,23653.7,23788.5,23918.3,24042.9
2024,4,599,23386.2,23552.98,23659.85,23580.09,23987.27,24155.93
2024,4,600,23386.2,23526.5172,23644.1498,23762.3705,23881.1824,24000.5883
2024,4,603,23386.2,23494.2812,23613.5069,23724.6641,23836.3444,23951.7414
2024,4,604,23386.2,23480.2875,23567.9364,23688.2354,23805.672,23921.8005
2024,4,605,23386.2,23497.0296,23607.5481,23714.8792,23817.4807,23926.3535
2025,1,411,23530.9,23675.5,23794.4,23888.1,24010.1,24148.9
2025,1,421,23530.9,23666.2027,23778.6171,23933.1782,24052.844,24137.029
2025,1,422,23530.9,23647.2139,23773.7555,23882.7221,24004.0548,24055.4478
2025,1,428,23530.909,23673.9657,23781.7579,23879.2436,23972.9299,24064.5811
2025,1,429,23530.9,23669.4234,23783.8917,23906.7046,24038.5365,24179.0463
2025,1,433,23530.9,23676.552,23807.98,23929.936,24060.76,24210.872
2025,1,463,23530.9,23682.3909,23823.224,23964.8946,24103.8755,24241.2932
2025,1,508,23530.9,23655.9627,23805.1681,23963.6055,24128.4344,24303.2084
2025,1,510,23530.9,23694.9,23800.8,23907.4,24010.0,24101.7
2025,1,518,23530.9,23699.158,23787.688,23860.948,23936.418,24019.7179
2025,1,535,23530.9,23682.3818,23799.9158,23918.0332,24042.6259,24179.6944
2025,1,548,23530.9,23706.4402,23838.7259,23990.6426,24145.3927,24295.2378
2025,1,549,23530.9,23688.1503,23811.5455,23917.9817,24007.174,24049.0767
2025,1,555,23530.9,23687.9595,23827.2321,23897.4227,23972.4808,24139.1638
2025,1,563,23530.9,23699.6745,23869.6596,,,
2025,1,568,23530.9,23698.3544,23764.0922,23853.8676,23967.2098,24098.0206
2025,1,570,23530.9,23671.2398,23783.466,23892.742,24010.9369,24128.1413
2025,1,572,23530.9,23665.0511,23794.1487,23923.9505,24048.574,24167.9255
2025,1,574,23530.909,23706.5845,23888.3877,24040.1504,24167.2468,24284.1245
2025,1,576,23530.9,23598.15,23674.51,23751.19,23827.88,23904.58
2025,1,577,23530.909,23636.0908,23730.0731,23824.4291,23907.3804,
2025,1,584,23530.9,23729.6139,23867.0698,24007.4818,24151.3771,24296.7349
2025,1,586,23530.9,23641.2,23756.4,23871.4,23987.1,24103.5
2025,1,587,23530.909,23661.4191,23743.5977,23848.3486,23953.5666,24066.2831
2025,1,588,23530.9,23715.6485,23825.5113,23950.4946,24085.9166,24226.2491
2025,1,589,23530.9,23653.4761,23776.6908,23894.6928,24013.2806,24132.4568
2025,1,591,23530.9,23680.193,23865.5125,23994.8354,24167.6729,24323.6266
2025,1,593,23530.9,23828.8428,23865.767,23794.1948,23843.6064,23980.3823
2025,1,594,23530.9,23791.2692,24071.7648,24396.136,24748.2809,25123.27
2025,1,595,23530.9,23676.6091,23823.2205,23959.0382,24095.6301,24227.0766
2025,1,596,23530.9,23648.5545,23766.7973,23885.6313,24005.0594,24125.0847
2025,1,598,23530.9,23665.0602,23799.9761,23929.8097,24060.3516,24191.6056
2025,1,599,23530.9,23636.8,23539.75,23957.22,24126.23,24272.63
2025,1,600,23530.9,23672.0854,23790.4458,23909.3981,24028.9451,24149.0898
2025,1,602,23530.909,23691.0123,23849.3252,24005.953,24157.8133,24323.787
2025,1,603,23530.9,23663.235,23761.1548,23929.4177,24114.134,24278.4773
2025,1,604,23530.9,23650.0813,23753.6954,23911.0557,24068.4353,24241.9016
2025,1,605,23530.9,23696.0681,23850.2652,23980.3289,24084.8029,24193.9062
2025,1,606,23530.9,23754.9734,23854.5047,24122.6178,24353.2488,24519.2093
2025,1,607,23530.9,23659.2657,23779.5983,23897.6148,24016.2171,24135.4079
2025,2,411,23526.1,23587.3,23638.8,23719.8,23836.8,23952.1
2025,2,422,23526.1,23700.4758,23688.2061,23644.6225,23593.0821,23544.0964
2025,2,428,23526.085,23548.9849,23622.7909,23715.5412,23796.099,23895.3722
2025,2,429,23526.1,23600.311,23641.0161,23719.1587,23825.5416,23940.9143
2025,2,433,23526.1,23612.664,23631.64,23684.584,23778.788,23927.724
2025,2,463,23526.1,23642.8132,23760.1509,23878.0709,23996.5761,24121.578
2025,2,484,23526.1,23588.4746,23724.0662,24011.5614,24195.7771,24355.0957
2025,2,508,23526.1,23653.5633,23740.9146,23744.8283,23919.9832,24087.5617
2025,2,510,23526.1,23371.6,23374.3,23375.8,23417.2,23506.3
2025,2,518,23526.1,23713.7213,23765.6913,23809.6013,23892.4014,23976.8014
2025,2,535,23526.1,23780.7235,23834.0505,23946.4644,24077.0971,24220.2775
2025,2,549,23526.1,23631.2603,23660.7441,23654.8267,23678.4461,23731.5438
2025,2,555,23526.1,23619.5186,23529.3896,23549.2449,23596.6662,23759.6973
2025,2,563,23526.1,23654.4395,23783.4792,,,
2025,2,568,23526.1,23716.0538,23643.0075,23610.44,23652.5679,23744.2048
2025,2,570,23526.1,23568.3411,23629.2393,23726.1262,23834.2216,23939.5834
2025,2,572,23526.1,23537.8542,23573.0819,23637.6421,23731.6306,23825.9929
2025,2,574,23526.085,23614.13,23743.5321,23859.4374,23969.5267,24109.9288
2025,2,576,23526.1,23612.66,23689.56,23766.05,23842.51,23918.98
2025,2,577,23526.085,23590.5166,23637.5567,23667.0484,23725.9954,23796.8554
2025,2,584,23526.1,23599.7278,23715.7292,23851.1955,23990.605,24134.3027
2025,2,586,23526.1,23655.5,23769.5,23882.5,23995.7,24107.9
2025,2,587,23526.085,23427.7777,23481.4458,23560.5202,23671.7164,23782.3684
2025,2,588,23526.1,23534.6619,23620.8409,23773.6101,23900.606,24039.1884
2025,2,589,23526.1,23619.645,23731.0477,23842.9758,23949.5525,24068.4125
2025,2,590,23526.1,23630.6444,23636.7632,23667.1442,23690.007,23808.0424
2025,2,594,23526.1,23631.2603,23754.3592,23878.0993,24008.3591,24145.2322
2025,2,595,23526.1,23570.0879,23540.5699,23584.5849,23628.6821,23672.8619
2025,2,596,23526.1,23643.7305,23761.9492,23880.7589,24000.1627,24120.1635
2025,2,598,23526.1,23584.6809,23666.7975,23760.9019,23867.1117,23979.6816
2025,2,600,23526.1,23428.345,23775.7547,23841.5433,23924.0194,24006.8225
2025,2,603,23526.1,23817.4017,23973.9067,24085.1547,24205.7793,24331.8637
2025,2,604,23526.1,23344.9,23225.6,23240.1,23415.5,23569.1
2025,2,605,23526.1,23601.9166,23569.9317,23583.6963,23628.6122,23712.8714
2025,2,606,23526.1,23764.7834,24126.2889,24415.6783,24730.6872,25011.6884
2025,2,607,23526.1,23613.8309,23663.8512,23752.0958,23858.2662,23964.9112
2025,3,411,23685.3,23752.7,23863.3,24035.1,24215.7,24361.0
2025,3,421,23685.3,23720.828,23608.154,23655.3703,23785.4749,23963.8659
2025,3,422,23685.3,23760.5695,23742.2952,23711.2961,23742.6126,23829.5743
2025,3,428,23685.287,23748.4403,23804.9231,23883.3154,23969.6178,24059.967
2025,3,429,23685.3,23783.3645,23821.533,23904.6966,23987.5931,24095.6908
2025,3,433,23685.3,23758.748,23838.468,23948.928,24083.532,24230.508
2025,3,463,23685.3,23802.8355,23915.1022,24033.7912,24153.0692,24272.9393
2025,3,484,23685.3,23721.0704,23839.4334,24005.4372,24188.7366,24330.7234
2025,3,508,23685.3,23744.2925,23832.8371,23974.5648,24117.1354,24254.6287
2025,3,510,23685.3,23831.1,23888.5,23954.1,24042.5,24090.3
2025,3,518,23685.3,23756.1839,23814.9139,23901.4139,24003.544,24115.0741
2025,3,549,23685.3,23767.7669,23743.9634,23773.5878,23820.993,23909.8236
2025,3,563,23685.3,23814.508,23944.4209,,,
2025,3,568,23685.3,23717.5255,23751.0157,23808.3686,23926.6323,24043.1337
2025,3,570,23685.3,23766.2406,23811.4436,23916.1233,24019.1288,24122.965
2025,3,572,23685.3,23750.1676,23809.3217,23903.9928,23999.0404,24106.3146
2025,3,574,23685.287,23825.0803,23941.307,24047.1469,24123.5268,24202.8379
2025,3,576,23685.3,23751.42,23827.73,23904.41,23981.11,24057.8
2025,3,577,23685.287,23802.8355,23891.5984,23951.1047,24022.6369,24106.2783
2025,3,584,23685.3,23733.7294,23880.5681,24041.9523,24206.753,24373.8159
2025,3,586,23685.3,23793.9,23907.1,24021.0,24134.0,24247.2
2025,3,587,23685.287,23798.3808,23933.1777,24076.125,24188.6471,24296.1248
2025,3,588,23685.3,23776.7088,23865.4755,23975.0722,24091.4138,24209.2944
2025,3,589,23685.3,23743.5995,23797.1887,23873.08,23983.4838,24109.5765
2025,3,590,23685.3,23752.0032,23829.304,23928.3368,24035.7577,24165.7084
2025,3,591,23685.3,23756.3,23827.6,23899.1,23970.8,24042.7
2025,3,594,23685.3,23826.1504,23956.1268,24075.0194,24188.5699,24296.6913
2025,3,595,23685.3,23714.8513,23744.4394,23774.0645,23803.7265,23863.0139
2025,3,596,23685.3,23803.7265,23922.7451,24042.3589,24162.5707,24283.3835
2025,3,598,23685.3,23779.5,23868.1,23951.2,24028.7,24100.5
2025,3,603,23685.3,23888.3611,24000.8092,24129.0457,24266.8396,24412.7259
2025,3,604,23685.3,23650.845,23707.3361,23857.936,24005.3419,24153.4184
2025,3,606,,,,,,
2025,3,607,23685.3,23737.029,23808.6137,23904.589,24000.3122,24096.0979
2025,3,608,,,,,,
2025,3,609,23685.3,23819.6124,23935.5463,24003.3664,24066.6209,24206.5492
2025,4,411,23960.1,24006.4,24143.4,24286.1,24435.6,24558.0
2025,4,421,23943.3398,23895.4531,23817.7929,23924.9729,24104.4102,24261.0889
2025,4,428,23944.5132,23972.1896,24106.8553,24245.1701,24364.17,24471.3516
2025,4,429,23955.7461,24052.4082,24215.5469,24335.668,24459.4062,24574.7422
2025,4,463,23947.287,24089.6954,24221.1095,24347.281,24474.1098,24601.5992
2025,4,484,23865.5188,23960.4134,24085.2269,24192.8864,24342.6947,24469.4996
2025,4,508,23947.6335,24057.8342,24186.677,24318.7204,24440.4651,24564.4194
2025,4,510,23960.9,23998.9,24078.7,24162.3,24225.1,24323.6
2025,4,518,23952.3421,24011.4319,24086.5916,24177.6113,24282.611,24391.8806
2025,4,535,23929.8548,24030.9147,24173.8204,24323.5106,24480.0949,24637.6872
2025,4,549,23947.3,24012.8852,24126.1426,24257.7555,24318.1738,24348.5146
2025,4,563,23900.6755,24031.0585,,,,
2025,4,568,23904.2915,23971.2879,24063.4772,24169.5406,24298.2658,24423.7144
2025,4,570,23919.5446,23983.8251,24047.6135,24129.0045,24243.4095,24359.8186
2025,4,571,23943.67,24014.9453,24100.8703,24190.5876,24299.7651,24403.4201
2025,4,572,23935.6537,23995.2697,24090.6802,24186.4701,24294.5822,24397.1824
2025,4,574,23937.6033,24047.3914,24176.4632,24294.2237,24391.6392,24492.7969
2025,4,576,23815.7115,23887.9796,23956.2818,24047.5186,24132.4108,24216.0415
2025,4,577,23888.9497,23948.4494,23978.329,24049.9426,24133.679,24223.6757
2025,4,586,23875.0,23989.2,24105.2,24219.3,24335.1,24450.2
2025,4,587,23898.0744,24002.0451,24135.7935,24253.5894,24366.541,24477.8262
2025,4,588,23930.2571,24034.3009,24237.4295,24383.9045,24505.0702,24636.7928
2025,4,589,23767.1602,23826.8086,23913.9356,24030.3262,24146.9727,24265.0313
2025,4,591,23998.1174,24128.453,24308.152,24500.3749,24631.0094,24803.7913
2025,4,594,23847.882,23925.0126,24037.8555,24115.6006,24211.4896,24331.6495
2025,4,595,23900.2561,23989.3823,24078.8408,24168.633,24258.76,24379.1545
2025,4,598,23895.0,23925.0,23966.0,24020.0,24086.0,24164.0
2025,4,600,23887.587,23948.9141,24039.9165,24131.3911,24223.3375,24345.4769
2025,4,602,23915.0264,23933.5515,24028.4579,24174.7823,24304.0459,24406.0919
2025,4,603,23982.0201,24056.338,24278.221,24442.8262,24589.7706,24737.5983
2025,4,607,23871.389,23957.4562,24076.3554,24166.1383,24265.2127,24369.1862
2025,4,608,,,,,,
2025,4,609,23963.9164,24116.3801,24243.4273,24361.7141,24559.9089,24716.0786
2026,1,411,24111.8,24248.8,24393.1,24539.5,24679.6,24809.5
2026,1,421,24111.8,24063.5764,23985.3698,24093.3039,24274.0037,24431.7847
2026,1,422,24111.8,24274.6654,24390.8959,24487.5094,24590.9065,24697.9827
2026,1,428,24111.8,24383.3554,24536.7644,24656.8312,24762.2784,24862.0313
2026,1,429,24111.8,24273.7452,24416.995,24543.8015,24668.3912,24795.5591
2026,1,433,24111.8,24335.936,24486.588,24642.416,24785.508,24929.464
2026,1,508,24111.8,24267.0214,24417.2888,24574.4767,24732.6766,24883.0357
2026,1,510,24111.8,24285.2,24358.2,24425.0,24521.2,24565.3
2026,1,518,24111.8,24192.3114,24263.2113,24367.8212,24495.411,24633.3608
2026,1,535,24111.8,24331.8047,24506.3237,24682.0944,24853.084,25019.17
2026,1,549,24111.8,24261.1062,24357.5737,24460.44,24527.4305,24570.2413
2026,1,563,24111.8,24255.1867,24399.4261,,,
2026,1,568,24111.8,24282.4636,24400.2523,24517.0399,24639.5925,24763.6995
2026,1,570,24111.8,24249.2141,24370.421,24479.2863,24589.4106,24712.5236
2026,1,571,24111.8,24331.8292,24493.0893,24626.1198,24746.887,24864.9252
2026,1,572,24111.8,24272.9322,24393.3971,24520.4661,24642.1595,24764.4569
2026,1,574,24111.83,24279.2613,24436.4973,24596.1131,24726.2003,24851.1491
2026,1,576,24111.8,24255.7353,24348.1126,24434.066,24518.742,24603.7115
2026,1,577,24111.8,24207.704,24315.911,24448.5591,24593.9484,24740.2023
2026,1,584,24111.8,24258.8098,24428.6215,24599.0111,24765.6694,24929.1228
2026,1,586,24111.8,24230.5,24349.6,24469.1,24588.4,24707.7
2026,1,587,24111.83,24294.2542,24423.8766,24542.2842,24663.2146,24790.0426
2026,1,588,24248.2656,24454.3186,24626.6132,24801.1938,24956.7251,25101.26
2026,1,589,24111.8,24710.3796,24812.0718,24917.7432,25027.175,25128.914
2026,1,590,24111.8,24276.8039,24436.7729,24566.3555,24681.1406,24812.253
2026,1,591,24111.8,24356.989,24509.0089,24620.9806,24743.1729,24834.2189
2026,1,594,24111.8,24261.1062,24387.4861,24508.5195,24624.1146,24734.1829
2026,1,595,24111.8,24261.1062,24381.5124,24487.4886,24593.9254,24700.8248
2026,1,598,24111.8,24148.0,24196.0,24262.0,24341.0,24432.0
2026,1,599,24111.8,23772.6914,23869.7201,24336.3636,24599.7012,24551.4136
2026,1,600,24111.8,24324.0615,24427.3572,24533.2435,24656.3609,24798.4504
2026,1,603,24111.8,24305.3119,24479.8566,24645.0551,24808.0705,24972.1643
2026,1,604,24111.8,24162.9221,24276.9971,24390.8812,24510.813,24656.5662
2026,1,605,24111.8,24277.1232,24437.7856,24577.3863,24704.7164,24819.6551
2026,1,608,,,,,,
2026,1,609,24111.8,24240.3525,24360.3901,24552.0267,24706.8755,24837.4154
2026,1,612,24111.8,24231.4652,24357.6907,24490.5667,24618.1419,24746.3816
2026,2,411,24174.5,24285.5,24362.6,24439.7,24552.1,24672.5
2026,2,421,24174.5,24156.3691,24077.8609,24186.2113,24367.6079,24525.9973
2026,2,428,24174.5,24328.4962,24434.5517,24530.809,24624.3879,24735.227
2026,2,429,24174.5,24332.4425,24448.3323,24575.9663,24700.5756,24831.9446
2026,2,433,24174.5,24294.476,24438.948,24607.656,24774.816,24936.736
2026,2,508,24174.5,24353.804,24522.5193,24692.4034,24830.694,24977.4624
2026,2,510,24174.5,24350.3,24414.6,24498.0,24548.8,24667.8
2026,2,518,24174.5,24233.8475,24294.2658,24371.7548,24467.8256,24600.5896
2026,2,535,24174.5,24341.9731,24546.293,24734.3544,24899.647,25059.9402
2026,2,549,24174.5,24264.6489,24379.0937,24451.9042,24512.806,24567.7747
2026,2,563,24174.5,24341.9731,24498.6763,,,
2026,2,568,24174.5,24282.2476,24362.5223,24492.2245,24622.8421,24753.3219
2026,2,570,24174.5,24300.5975,24396.6077,24514.815,24624.5168,24745.4593
2026,2,571,24174.5,24373.347,24492.142,24612.351,24755.9892,24910.4965
2026,2,572,24174.5,24276.5931,24385.108,24506.1296,24627.7519,24737.8364
2026,2,574,24174.527,24327.0024,24484.5816,24647.8325,24803.8061,24920.4296
2026,2,577,24174.5,24282.5857,24379.1386,24464.0213,24585.4345,24707.4504
2026,2,584,24174.5,24348.4425,24527.4594,24669.7824,24790.4229,24907.1774
2026,2,587,24174.527,24302.859,24391.3516,24495.4672,24608.0746,24728.2183
2026,2,588,24174.5,24313.7073,24449.6136,24607.6408,24736.6898,24864.7485
2026,2,589,24174.5,24314.767,24448.7958,24583.0797,24711.5719,24839.1477
2026,2,590,24174.5,24344.9807,24487.1208,24608.7698,24737.913,24888.5249
2026,2,591,24174.5,24350.8479,24521.3314,24755.208,24890.8614,24991.6775
2026,2,594,24174.5,24395.0768,24516.1479,24631.7789,24741.8815,24852.4762
2026,2,595,24174.5,24294.4764,24400.0742,24506.1311,24612.6489,24719.6297
2026,2,596,24174.5,24283.2853,24392.56,24502.3266,24612.587,24723.3437
2026,2,598,24174.5,24223.0,24211.0,24205.0,24235.0,24295.0
2026,2,602,24174.5,24296.0929,24402.6478,24529.9512,24668.3455,24776.7395
2026,2,603,24174.5,24396.6952,24571.1354,24736.1299,24902.2323,25069.45
2026,2,604,24174.5,24214.4675,24439.4649,24680.0832,24806.0182,24909.0196
2026,2,605,24174.5,24248.4639,24362.5668,24470.2825,24571.9909,24666.5136
2026,2,609,24174.5,24297.1871,24489.216,24642.0038,24774.2557,24896.7268
2026,2,612,24174.5,24258.7,24349.1,24446.0,24543.2,24640.7
2026,3,411,24270.6,24410.6,24527.2,24673.3,24842.4,25000.7
2026,3,428,24270.599,24468.2101,24585.7242,24701.3527,24826.4342,24951.3684
2026,3,429,24270.6,24422.7031,24543.8027,24676.4258,24814.7,24949.31
2026,3,433,24270.6,24418.648,24598.132,24772.188,24943.876,25114.128
2026,3,508,24270.6,24539.154,24751.1096,24926.3714,25117.6755,25325.0256
2026,3,510,24270.6,24464.9,24615.1,24719.9,24878.5,24991.3
2026,3,518,24270.6,24372.2116,24430.8116,24517.3116,24615.4216,24730.2616
2026,3,535,24270.6,24545.0225,24757.0288,24934.5977,25107.3365,25275.1217
2026,3,549,24270.6,24385.0729,24506.0944,24597.4798,24677.0348,24750.7351
2026,3,563,24270.6,24403.0009,24542.1239,,,
2026,3,568,24270.6,24578.6093,24704.8257,24846.3791,24953.1398,25090.4213
2026,3,570,24270.6,24387.0697,24495.7272,24599.4278,24724.0076,24843.3881
2026,3,571,24270.6,24464.5351,24626.1966,24773.608,24932.298,25077.7004
2026,3,572,24270.6,24403.0,24524.1,24645.8,24768.1,24878.9
2026,3,574,24270.599,24457.1847,24596.1823,24753.5704,24918.7776,25056.0914
2026,3,577,24270.599,24355.1037,24439.9027,24549.1476,24670.9833,24805.5684
2026,3,584,24270.6,24491.0173,24651.259,24778.2326,24890.6556,25003.11
2026,3,586,24270.6,24391.6,24509.3,24626.0,24743.6,24860.6
2026,3,587,24270.599,24409.703,24526.5016,24648.8617,24769.3651,24897.4772
2026,3,588,24270.6,24476.2778,24603.9787,24728.2971,24847.2975,24970.1558
2026,3,589,24270.6,24396.1279,24513.9641,24628.8044,24753.073,24881.5741
2026,3,591,24270.6,24468.4012,24619.9156,24754.2221,24949.9229,25141.0768
2026,3,594,24270.6,24361.1072,24494.0019,24591.3955,24707.3815,24823.9145
2026,3,595,24270.6,24391.0533,24512.1045,24633.7564,24756.012,24878.8744
2026,3,598,24270.6,24258.0,24252.0,24283.0,24343.0,24434.0
2026,3,602,24270.6,24425.1524,24569.0483,24692.531,24815.2584,24922.3467
2026,3,603,24270.6,24542.4531,24747.4122,24913.5888,25080.8814,25250.9786
2026,3,604,24270.6,24540.6189,24678.244,24808.152,24938.2876,25072.9699
2026,3,605,24270.6,24406.6,24546.0,24673.9,24810.7,24954.6
2026,3,608,,,,,,
2026,3,609,24270.6,24421.4,24556.1,24682.8,24808.8,24962.5
2026,3,612,24270.6,24403.0,24560.1,24688.0,24810.6,24933.7
