YEAR,QUARTER,ID,UNEMP1,UNEMP2,UNEMP3,UNEMP4,UNEMP5,UNEMP6
2000,1,20,4.1,4.0,4.0,4.0,4.0,4.0
2000,1,40,4.1,4.1,4.1,4.2,4.2,4.3
2000,1,65,4.1,4.3,4.5,4.7,4.6,4.5
2000,1,84,4.1,4.0,3.9,3.9,4.0,
2000,1,94,4.1,3.9,4.0,4.1,4.2,4.3
2000,1,407,4.1,4.0,4.0,4.0,4.1,4.1
2000,1,411,4.1,4.1,4.1,4.1,4.2,4.3
2000,1,414,4.1,3.9,3.9,4.0,3.9,4.0
2000,1,420,4.1,4.1,4.2,4.4,4.4,4.5
2000,1,421,4.1,4.0,3.9,4.0,4.3,4.5
2000,1,426,4.1,4.1,4.2,4.2,4.3,4.4
2000,1,428,4.1,4.0,4.0,4.1,4.2,4.4
2000,1,429,4.1,4.0,4.1,4.2,4.3,4.3
2000,1,431,4.1,4.0,4.1,4.2,4.3,4.4
2000,1,433,4.1,4.1,4.2,4.4,4.5,4.6
2000,1,456,4.1,4.0,3.9,3.8,3.7,3.7
2000,1,463,4.1,3.9,3.7,3.8,3.9,3.9
2000,1,464,4.1,4.0,4.0,4.0,4.0,4.0
2000,1,465,4.1,4.0,3.9,4.0,4.2,4.3
2000,1,469,4.1,4.0,4.1,4.1,4.2,4.2
2000,1,470,4.1,4.0,4.0,4.1,4.2,4.2
2000,1,472,4.1,4.0,3.9,3.9,3.8,
2000,1,481,4.1,4.0,3.9,4.0,4.1,4.3
2000,1,484,4.1,4.2,4.2,4.2,4.3,4.3
2000,1,486,4.1,4.0,3.9,4.0,4.0,
2000,1,498,4.1,4.0,3.9,3.8,3.9,4.0
2000,1,499,4.1,3.9,4.0,4.0,4.0,4.0
2000,1,500,4.1,4.3,4.4,4.5,4.5,4.6
2000,1,501,4.1,4.0,4.0,4.1,4.2,4.4
2000,1,504,4.1,3.9,3.9,3.9,3.9,
2000,1,506,4.1,4.1,4.3,4.3,4.3,4.2
2000,1,507,4.1,4.0,3.9,3.9,4.0,4.1
2000,1,508,4.1,4.1,4.1,4.0,3.9,3.8
2000,1,510,4.1,3.9,3.8,3.9,3.8,4.0
2000,1,512,4.1,4.0,4.0,4.0,4.2,4.2
2000,1,513,4.1,4.0,3.9,3.9,3.6,3.6
2000,2,20,4.1,4.0,4.0,4.0,4.0,4.0
2000,2,65,4.1,4.0,4.1,4.1,4.1,4.2
2000,2,84,4.1,3.9,3.8,3.8,3.9,
2000,2,407,4.1,4.0,3.9,4.0,4.0,4.0
2000,2,420,4.1,4.0,4.1,4.3,4.4,4.4
2000,2,421,4.1,3.9,4.0,4.1,4.3,4.4
2000,2,423,4.1,4.1,4.1,4.1,4.1,4.1
2000,2,426,4.1,4.0,4.0,4.1,4.2,4.2
2000,2,428,4.1,3.9,4.0,4.1,4.3,4.5
2000,2,431,4.1,3.9,4.0,3.9,3.9,3.8
2000,2,433,4.1,4.0,4.1,4.3,4.5,4.6
2000,2,439,3.9,3.9,4.0,4.3,4.3,4.3
2000,2,446,4.1,4.0,3.9,3.9,4.1,4.3
2000,2,456,4.1,3.9,3.9,3.8,3.8,3.7
2000,2,458,4.1,3.9,3.8,3.7,3.6,3.5
2000,2,463,4.1,3.8,3.9,4.0,4.0,4.0
2000,2,465,4.1,3.9,4.0,4.1,4.2,4.3
2000,2,469,4.1,4.0,4.0,4.1,4.2,4.2
2000,2,472,4.1,3.9,3.9,3.9,4.0,4.2
2000,2,475,4.1,3.9,4.0,4.1,4.1,4.2
2000,2,483,4.1,3.9,3.9,3.8,3.9,4.0
2000,2,484,4.1,3.9,4.0,4.0,4.1,4.2
2000,2,486,4.1,3.9,3.8,3.9,4.0,4.2
2000,2,497,4.1,4.0,3.9,4.0,4.0,4.1
2000,2,498,4.1,3.9,3.9,4.0,4.0,
2000,2,500,4.1,4.0,4.0,4.1,4.2,4.3
2000,2,501,4.1,4.0,4.0,4.0,3.9,3.9
2000,2,502,4.1,4.0,4.0,4.0,4.1,4.2
2000,2,506,4.1,3.9,4.2,4.2,4.2,4.1
2000,2,507,4.1,3.9,3.8,3.9,4.0,4.1
2000,2,508,4.1,3.9,3.8,3.8,3.8,3.6
2000,2,510,4.1,3.9,4.0,3.9,4.0,4.1
2000,2,512,4.1,4.0,3.9,4.0,4.0,4.2
2000,2,513,4.1,4.0,3.8,3.8,3.9,3.7
2000,3,20,4.0,4.0,4.0,4.0,4.0,4.0
2000,3,40,4.0,4.2,4.3,4.3,4.4,4.4
2000,3,65,4.0,4.0,4.2,4.3,4.2,4.2
2000,3,84,4.0,4.0,4.0,4.1,4.1,4.1
2000,3,407,4.0,3.9,4.0,4.0,4.0,4.1
2000,3,420,4.0,4.1,4.3,4.4,4.4,4.5
2000,3,421,4.0,3.9,4.0,4.1,4.3,4.4
2000,3,423,4.0,4.0,4.0,4.0,3.9,3.9
2000,3,426,4.0,4.0,4.1,4.2,4.2,4.2
2000,3,428,4.0,4.0,4.0,4.1,4.3,4.5
2000,3,431,4.0,4.1,4.1,4.0,3.9,3.9
2000,3,433,4.0,4.1,4.2,4.4,4.5,4.6
2000,3,446,4.0,4.0,4.0,4.1,4.1,4.1
2000,3,456,4.0,4.0,3.9,3.8,3.8,3.9
2000,3,463,4.0,4.1,4.2,4.2,4.2,4.2
2000,3,464,4.0,3.9,4.0,4.2,4.3,4.5
2000,3,472,4.0,4.1,4.2,4.3,4.3,4.3
2000,3,475,4.0,4.0,4.1,4.2,4.3,4.3
2000,3,484,,,,,,
2000,3,485,4.0,4.0,4.0,4.3,4.8,5.2
2000,3,497,4.0,4.1,4.1,4.1,4.1,
2000,3,498,4.0,4.0,4.0,4.1,4.1,4.1
2000,3,499,4.0,4.0,3.9,3.8,3.7,3.7
2000,3,500,4.0,4.0,4.1,4.2,4.3,4.4
2000,3,501,4.0,3.9,4.1,4.2,4.3,4.5
2000,3,502,4.0,3.9,4.0,4.0,4.0,4.2
2000,3,504,4.0,3.9,3.94,3.98,4.05,4.09
2000,3,506,4.0,4.1,4.3,4.3,4.3,4.3
2000,3,507,4.0,4.0,3.9,4.0,4.1,4.1
2000,3,508,4.0,4.0,4.0,4.3,4.4,4.3
2000,3,510,4.0,4.0,4.0,4.0,4.2,4.3
2000,3,512,4.0,3.9,4.0,4.0,4.0,4.2
2000,4,20,4.0,4.0,4.0,4.0,4.0,4.0
2000,4,40,4.0,4.3,4.3,4.3,4.4,4.4
2000,4,65,4.0,4.2,4.3,4.3,4.2,4.1
2000,4,84,4.0,3.9,4.1,4.3,4.1,4.0
2000,4,99,4.0,4.0,4.1,4.2,4.2,4.3
2000,4,407,4.0,4.0,4.1,4.2,4.2,4.3
2000,4,411,4.0,4.0,3.9,3.9,4.0,4.1
2000,4,420,4.0,4.1,4.3,4.4,4.4,4.5
2000,4,421,4.0,3.9,4.0,4.2,4.4,4.3
2000,4,423,4.0,3.9,3.9,3.9,3.9,3.8
2000,4,426,4.0,4.1,4.2,4.2,4.2,4.3
2000,4,428,4.0,4.0,4.1,4.2,4.3,4.5
2000,4,431,4.0,4.1,4.0,4.1,4.1,4.2
2000,4,433,4.0,4.0,4.1,4.1,4.2,4.3
2000,4,439,4.0,4.0,4.3,4.3,4.1,4.1
2000,4,446,4.0,4.0,4.1,4.2,4.2,4.3
2000,4,456,4.0,4.0,4.0,4.1,4.2,4.3
2000,4,463,4.0,4.0,4.1,4.1,4.1,4.1
2000,4,465,4.0,4.0,4.1,4.2,4.3,4.4
2000,4,475,4.0,4.0,4.1,4.2,4.2,4.3
2000,4,483,4.0,4.0,4.1,4.1,4.2,4.2
2000,4,485,4.0,3.9,4.2,4.8,5.3,5.7
2000,4,488,4.0,3.9,3.9,4.0,4.0,4.1
2000,4,497,4.0,4.0,4.2,4.1,4.1,4.2
2000,4,498,4.0,4.0,4.1,4.1,4.2,4.2
2000,4,499,4.0,4.0,4.1,4.0,3.9,4.0
2000,4,500,4.0,4.1,4.2,4.3,4.4,4.5
2000,4,501,4.0,3.9,3.9,4.0,4.1,4.2
2000,4,502,4.0,4.0,4.0,4.1,4.1,4.1
2000,4,504,4.02,4.13,4.17,4.23,4.27,4.29
2000,4,506,4.0,4.1,4.2,4.3,4.5,4.6
2000,4,508,4.0,4.1,4.2,4.2,4.2,4.1
2000,4,510,4.0,4.0,4.0,4.1,4.2,4.1
2000,4,512,4.0,4.0,4.0,4.2,4.2,4.4
2001,1,20,4.0,4.05,4.05,4.05,4.05,4.05
2001,1,40,4.0,4.1,4.3,4.3,4.3,4.2
2001,1,65,4.0,4.2,4.4,4.5,4.5,4.5
2001,1,84,4.0,4.4,4.8,4.9,4.8,
2001,1,94,4.0,4.4,4.8,5.1,5.3,5.4
2001,1,99,4.0,4.3,4.6,4.4,4.4,4.4
2001,1,411,4.0,4.1,4.3,4.3,4.4,4.5
2001,1,421,4.0,4.2,4.4,4.5,4.3,4.2
2001,1,423,4.0,4.2,4.2,4.3,4.3,4.3
2001,1,428,4.0,4.2,4.3,4.4,4.6,4.7
2001,1,429,4.0,4.4,4.7,4.9,4.9,4.9
2001,1,431,4.0,4.1,4.4,4.6,4.7,4.8
2001,1,433,4.0,4.2,4.3,4.4,4.4,4.3
2001,1,439,4.0,4.3,4.3,4.2,4.2,4.2
2001,1,446,4.0,4.3,4.5,4.7,4.8,4.9
2001,1,456,4.0,4.3,4.5,4.7,4.9,5.0
2001,1,463,4.0,4.1,4.1,4.1,4.2,4.2
2001,1,465,4.0,4.3,4.6,4.7,4.7,4.6
2001,1,472,4.0,4.2,4.1,4.0,4.0,4.0
2001,1,475,4.0,4.3,4.6,4.8,5.0,5.2
2001,1,483,4.0,4.3,4.6,4.8,5.0,5.2
2001,1,484,4.0,4.2,4.2,4.2,4.1,4.1
2001,1,485,4.0,4.5,5.5,5.0,4.5,4.2
2001,1,497,4.0,4.1,4.3,4.4,4.5,4.5
2001,1,498,4.0,4.2,4.4,4.5,4.5,4.4
2001,1,499,4.0,4.2,4.2,4.4,4.5,4.7
2001,1,500,4.0,4.2,4.3,4.4,4.5,4.6
2001,1,502,4.0,4.3,4.4,4.6,4.6,4.5
2001,1,504,4.0,4.2,4.5,4.7,4.8,4.9
2001,1,506,4.0,4.3,4.6,4.9,5.0,5.1
2001,1,507,4.0,4.3,4.3,4.2,4.1,4.1
2001,1,508,4.0,4.4,4.5,4.5,4.6,4.7
2001,1,510,4.0,4.3,4.4,4.6,4.7,4.7
2001,1,512,4.0,4.3,4.4,4.5,4.5,4.5
2001,1,516,4.0,4.2,4.3,4.2,4.1,4.0
2001,2,20,4.2,4.4,4.5,4.5,4.5,4.5
2001,2,40,4.2,4.5,4.7,4.8,4.9,4.9
2001,2,65,4.2,4.5,4.7,4.8,4.8,4.7
2001,2,84,4.2,4.6,4.8,4.9,4.9,4.9
2001,2,94,4.2,4.7,4.9,5.1,5.4,5.6
2001,2,407,4.2,4.3,4.5,4.7,5.0,5.1
2001,2,411,4.2,4.3,4.4,4.4,4.5,4.6
2001,2,421,4.2,4.5,4.6,4.5,4.3,4.0
2001,2,423,4.2,4.3,4.4,4.5,4.5,4.5
2001,2,428,4.2,4.4,4.6,4.7,4.8,4.8
2001,2,429,4.2,4.7,5.2,5.4,5.4,5.5
2001,2,431,4.2,4.6,4.9,5.2,5.4,5.6
2001,2,433,4.2,4.6,4.7,4.7,4.7,4.7
2001,2,446,4.2,4.5,4.7,4.8,5.0,5.0
2001,2,456,4.2,4.6,4.8,4.9,5.0,5.0
2001,2,463,4.2,4.6,4.8,4.9,4.8,4.6
2001,2,465,4.2,4.5,4.8,4.8,4.6,4.6
2001,2,472,4.2,4.5,4.6,4.5,4.4,4.3
2001,2,484,4.2,4.4,4.4,4.3,4.3,4.2
2001,2,485,4.2,4.8,5.5,5.5,5.5,5.2
2001,2,497,4.2,4.5,4.6,4.8,4.8,4.9
2001,2,498,4.2,4.5,4.7,4.8,4.8,4.7
2001,2,499,4.2,4.4,4.5,4.7,5.0,5.2
2001,2,500,4.2,4.3,4.4,4.5,4.7,4.7
2001,2,502,4.2,4.3,4.7,4.9,5.0,4.8
2001,2,504,4.2,4.5,4.8,5.0,5.0,5.1
2001,2,506,4.2,4.6,4.9,5.0,5.1,5.2
2001,2,507,4.2,4.6,4.6,4.4,4.3,4.1
2001,2,508,4.2,4.5,4.5,4.6,4.6,4.7
2001,2,510,4.2,4.4,4.6,4.6,4.8,5.0
2001,2,512,4.2,4.4,4.5,4.6,4.6,4.7
2001,2,516,4.2,4.4,4.5,4.6,4.6,4.5
2001,2,518,4.2,4.6,4.9,5.1,5.0,5.0
2001,3,20,4.5,4.5,4.5,4.5,4.5,4.5
2001,3,40,4.5,4.8,5.0,5.1,5.2,5.3
2001,3,65,4.5,4.7,4.9,4.9,4.9,4.8
2001,3,84,4.5,4.6,4.8,4.8,4.8,4.8
2001,3,99,4.5,4.7,4.8,4.8,4.8,4.7
2001,3,407,4.5,4.7,4.9,5.0,5.0,5.0
2001,3,411,4.5,4.6,4.7,4.8,4.8,4.7
2001,3,420,4.5,4.6,4.8,5.0,4.9,5.1
2001,3,421,4.5,4.6,4.5,4.3,4.2,4.1
2001,3,426,4.5,4.6,4.8,5.2,5.7,5.7
2001,3,428,4.5,4.7,4.9,5.0,5.1,5.1
2001,3,429,4.5,4.7,4.9,4.9,5.0,5.0
2001,3,431,4.5,4.7,5.0,5.4,5.6,5.8
2001,3,433,4.5,4.6,4.7,4.7,4.7,4.7
2001,3,439,4.5,4.6,4.9,5.0,5.0,4.9
2001,3,456,4.5,4.6,4.8,4.9,5.0,5.1
2001,3,463,4.5,4.6,4.8,4.7,4.5,4.5
2001,3,465,4.5,4.7,4.8,4.6,4.6,4.5
2001,3,483,4.5,4.8,5.0,5.2,5.1,5.0
2001,3,484,4.5,4.4,4.4,4.3,4.3,4.2
2001,3,485,4.5,4.5,4.8,4.8,5.0,5.2
2001,3,488,4.5,4.7,4.9,5.0,4.9,4.7
2001,3,498,4.5,4.6,5.0,5.1,5.0,4.9
2001,3,499,4.5,4.6,4.9,5.0,5.1,5.2
2001,3,500,4.5,4.6,4.7,4.8,4.8,4.7
2001,3,502,4.5,4.7,5.0,5.0,4.9,4.8
2001,3,504,4.5,4.7,4.9,5.1,5.1,5.2
2001,3,507,4.5,4.7,5.0,4.7,4.5,4.4
2001,3,508,4.5,4.8,4.9,5.0,4.9,5.0
2001,3,510,4.5,4.9,5.2,5.5,5.6,5.5
2001,3,512,4.5,4.7,4.9,4.9,4.9,4.9
2001,3,516,4.5,4.7,4.9,5.1,5.0,4.9
2001,3,518,4.5,4.8,5.0,5.0,4.9,4.9
2001,4,20,4.8,5.2,5.2,5.2,5.2,5.1
2001,4,40,4.8,5.6,5.8,5.8,5.8,5.5
2001,4,65,4.8,5.5,5.9,5.9,5.7,5.5
2001,4,84,4.8,5.7,6.0,6.1,6.2,6.3
2001,4,407,4.8,5.4,5.8,6.0,6.0,5.8
2001,4,411,4.8,5.6,5.8,5.8,5.7,5.6
2001,4,420,4.8,5.5,5.9,6.1,6.1,6.0
2001,4,423,4.8,5.0,5.1,5.2,5.2,5.2
2001,4,426,4.8,5.3,5.7,5.7,5.6,5.5
2001,4,428,4.8,5.5,5.8,6.1,6.3,6.2
2001,4,429,4.8,5.7,6.0,6.3,6.3,6.2
2001,4,433,4.8,5.6,5.8,5.9,5.9,5.9
2001,4,446,4.8,5.5,5.7,5.9,6.0,5.9
2001,4,456,4.8,5.6,6.2,6.6,6.8,6.8
2001,4,463,4.8,5.7,6.3,6.5,6.4,6.3
2001,4,472,4.8,5.5,5.8,6.0,6.1,5.9
2001,4,485,4.8,5.7,6.3,6.2,6.0,5.5
2001,4,488,4.8,5.6,5.9,6.0,5.9,5.8
2001,4,497,4.8,5.6,5.9,5.9,,
2001,4,498,4.8,5.7,6.5,6.4,6.3,6.0
2001,4,499,4.8,5.5,6.0,6.1,6.2,6.4
2001,4,504,4.8,5.0,5.4,5.7,5.8,5.9
2001,4,506,4.8,5.7,6.0,6.3,6.4,6.2
2001,4,507,4.8,5.6,5.8,5.7,5.6,5.5
2001,4,508,4.8,5.7,6.4,6.4,6.1,5.7
2001,4,512,4.8,5.8,6.0,5.8,5.6,5.4
2001,4,516,4.8,5.6,5.8,6.2,6.4,6.2
2001,4,518,4.8,5.7,6.3,6.5,6.5,6.2
2001,4,519,4.8,5.7,5.8,6.1,6.1,6.1
2002,1,20,5.6,5.7,5.7,5.6,5.5,5.5
2002,1,40,5.6,6.0,6.2,6.1,6.0,5.9
2002,1,65,5.6,6.0,6.0,6.1,6.0,5.9
2002,1,84,5.6,5.9,6.0,6.0,5.9,
2002,1,99,5.6,5.7,5.8,5.6,5.5,5.3
2002,1,407,5.6,5.9,6.1,6.0,5.9,5.8
2002,1,411,5.6,5.8,5.8,5.7,5.7,5.6
2002,1,421,5.6,5.8,5.7,5.4,4.8,4.5
2002,1,423,5.6,5.6,5.6,5.5,5.5,5.5
2002,1,426,5.6,5.7,5.9,6.1,6.0,6.0
2002,1,428,5.6,5.8,6.1,6.3,6.2,6.1
2002,1,429,5.6,5.8,6.1,6.1,6.0,5.9
2002,1,431,5.6,5.9,6.1,6.0,5.9,5.7
2002,1,433,5.6,5.8,6.0,6.1,6.0,5.8
2002,1,439,5.6,5.7,6.1,6.1,6.2,6.1
2002,1,446,5.6,5.9,6.1,6.0,5.8,5.6
2002,1,463,5.6,5.9,6.3,6.3,6.1,5.9
2002,1,465,5.6,5.7,5.9,6.1,5.5,5.4
2002,1,483,5.6,5.8,5.8,5.6,5.5,5.3
2002,1,484,5.6,5.8,5.7,5.5,5.3,5.2
2002,1,485,5.6,5.7,6.0,6.0,5.7,5.5
2002,1,498,5.6,6.3,6.5,6.4,6.2,6.0
2002,1,499,5.6,5.9,6.1,6.4,6.3,6.4
2002,1,500,5.6,6.0,6.1,6.0,6.0,6.0
2002,1,502,5.6,5.7,6.0,6.2,6.2,6.1
2002,1,507,5.6,5.7,5.9,5.7,5.6,5.5
2002,1,508,5.6,5.9,5.9,5.8,5.5,5.3
2002,1,510,5.6,5.7,5.7,5.7,5.7,5.4
2002,1,512,5.6,5.6,5.5,5.1,5.0,5.0
2002,1,516,5.6,5.8,6.2,6.4,6.5,6.3
2002,1,517,,,,,,
2002,1,518,5.6,5.9,6.2,6.3,6.1,5.9
2002,1,519,5.6,5.7,5.8,5.8,5.7,5.6
2002,1,520,5.6,5.9,6.2,5.9,5.6,5.5
2002,1,521,5.6,6.1,6.3,6.2,6.1,6.1
2002,2,20,5.6,5.7,5.7,5.6,5.5,5.5
2002,2,40,5.6,5.9,6.0,6.0,6.0,6.0
2002,2,65,5.6,6.0,6.1,6.0,6.0,5.9
2002,2,84,5.6,5.9,5.8,5.7,,
2002,2,99,5.6,5.9,5.8,5.7,5.6,5.5
2002,2,405,5.6,5.8,5.5,5.4,5.3,5.2
2002,2,407,5.6,5.6,5.4,5.3,5.3,5.2
2002,2,420,5.6,5.8,5.8,5.7,5.6,5.6
2002,2,421,5.6,6.1,6.0,5.7,5.4,5.1
2002,2,423,5.6,5.8,5.9,5.9,5.9,5.9
2002,2,426,5.6,5.8,6.0,6.0,5.9,5.7
2002,2,428,5.6,5.9,6.0,5.9,5.8,5.7
2002,2,429,5.6,6.0,5.9,5.6,5.6,5.5
2002,2,431,5.6,5.6,5.9,5.8,5.6,5.4
2002,2,433,5.6,5.9,5.9,5.9,5.8,5.6
2002,2,439,5.6,6.1,6.1,5.9,5.8,5.6
2002,2,446,5.6,6.0,5.9,5.6,5.4,5.4
2002,2,456,5.6,5.7,5.8,6.0,6.0,5.9
2002,2,463,5.6,6.1,6.1,6.0,5.8,5.6
2002,2,465,5.6,5.8,5.9,5.5,5.4,5.0
2002,2,472,5.6,6.1,6.2,6.1,6.0,5.9
2002,2,483,5.6,5.8,5.6,5.5,5.3,5.2
2002,2,484,5.6,5.9,5.9,5.8,5.8,5.7
2002,2,485,5.6,6.0,6.2,6.2,6.2,6.0
2002,2,497,,,,,,
2002,2,500,5.6,5.8,5.7,5.6,5.4,5.1
2002,2,502,5.6,6.0,5.9,5.8,5.7,5.6
2002,2,504,5.6,5.7,5.7,5.6,5.5,5.5
2002,2,507,5.6,5.8,5.5,5.4,5.2,5.1
2002,2,508,5.6,5.6,5.4,5.2,5.0,4.8
2002,2,510,5.6,5.5,5.3,5.4,5.2,5.0
2002,2,512,5.6,6.1,5.6,5.2,5.0,4.8
2002,2,516,5.6,5.8,5.9,6.0,5.9,5.8
2002,2,518,5.6,6.05,5.95,5.9,5.66,5.56
2002,2,519,5.6,6.1,6.1,6.0,5.9,5.8
2002,2,520,5.6,6.1,5.9,5.7,5.5,5.4
2002,2,521,5.6,6.0,6.0,5.9,5.9,5.8
2002,3,20,5.9,5.9,5.8,5.8,5.8,5.8
2002,3,40,5.9,6.1,6.1,6.1,6.0,5.8
2002,3,84,5.9,5.9,6.0,6.0,6.0,6.0
2002,3,99,5.9,6.0,6.0,5.8,5.7,5.6
2002,3,405,5.9,5.8,5.6,5.4,5.3,5.2
2002,3,407,5.9,5.9,5.9,5.8,5.7,5.6
2002,3,411,5.9,6.0,6.0,5.8,5.6,5.5
2002,3,420,5.9,5.9,5.8,5.7,5.6,5.5
2002,3,421,5.9,5.8,5.5,5.2,4.9,4.6
2002,3,426,5.9,5.9,6.0,6.0,5.9,5.9
2002,3,428,5.9,6.1,6.3,6.3,6.2,6.1
2002,3,429,5.9,5.9,5.9,5.9,5.8,5.7
2002,3,433,5.9,6.0,5.9,5.8,5.6,5.4
2002,3,439,5.9,5.8,5.7,5.5,5.4,5.2
2002,3,446,5.9,6.1,6.2,6.0,5.9,5.8
2002,3,448,5.9,5.9,6.0,5.9,5.7,5.5
2002,3,456,5.9,6.0,6.2,6.4,6.4,6.3
2002,3,463,5.9,6.0,6.3,6.2,6.1,5.9
2002,3,465,5.9,5.9,5.9,5.6,5.2,5.0
2002,3,483,5.9,6.0,6.2,6.2,6.0,5.8
2002,3,484,5.9,6.0,6.1,5.8,5.7,5.6
2002,3,497,5.9,6.0,5.9,5.8,5.6,
2002,3,498,5.9,6.0,5.9,5.8,5.7,5.6
2002,3,500,5.9,6.0,6.0,5.8,5.6,5.5
2002,3,502,5.9,6.0,6.1,6.0,5.8,5.7
2002,3,504,5.9,6.2,6.0,6.1,6.0,5.9
2002,3,507,5.9,5.8,5.7,5.6,5.5,5.4
2002,3,508,5.9,6.0,5.9,5.7,5.5,5.5
2002,3,510,5.9,5.9,5.9,5.8,5.5,5.4
2002,3,512,5.9,5.9,5.8,5.7,5.6,5.5
2002,3,516,5.9,5.9,6.0,5.9,5.8,5.7
2002,3,518,5.9,6.0,6.2,6.1,6.1,6.0
2002,3,519,5.9,6.0,6.0,5.9,5.8,5.7
2002,3,520,5.9,5.9,5.9,5.7,5.5,5.4
2002,3,521,5.9,6.1,6.1,6.0,6.0,6.0
2002,4,20,5.7,5.7,5.7,5.6,5.6,5.6
2002,4,40,5.7,5.8,5.7,5.6,5.6,5.5
2002,4,65,5.7,6.0,6.1,5.9,5.7,5.5
2002,4,84,5.7,5.8,5.9,5.9,5.9,5.8
2002,4,99,5.7,5.8,5.8,5.7,5.6,5.6
2002,4,405,5.7,5.8,5.8,5.7,5.5,5.3
2002,4,407,5.7,5.7,5.6,5.6,5.5,5.4
2002,4,421,5.7,5.7,5.5,5.1,4.7,4.3
2002,4,423,5.7,5.6,5.5,5.5,5.4,5.4
2002,4,426,5.7,5.8,6.0,6.0,5.9,5.7
2002,4,428,5.7,6.0,6.2,6.3,6.2,6.2
2002,4,429,5.7,5.9,6.1,6.1,5.9,5.8
2002,4,431,5.7,5.9,6.0,5.9,5.8,5.7
2002,4,433,5.7,5.8,5.9,5.8,5.6,5.4
2002,4,439,5.7,5.7,5.5,5.4,5.2,5.0
2002,4,446,5.7,5.9,6.0,5.9,5.8,5.6
2002,4,448,5.7,5.8,6.0,5.8,5.6,5.4
2002,4,463,5.7,5.8,5.9,5.7,5.7,5.6
2002,4,465,5.7,5.8,6.0,6.0,5.6,5.3
2002,4,472,5.7,5.8,5.7,5.6,5.5,5.4
2002,4,485,5.7,5.8,6.0,6.0,6.0,6.0
2002,4,497,5.7,5.8,5.9,5.7,5.6,5.6
2002,4,498,5.7,5.8,6.2,6.0,5.8,5.7
2002,4,500,5.7,5.9,6.0,5.8,5.7,5.6
2002,4,504,5.7,5.9,6.2,6.1,6.0,5.8
2002,4,506,5.7,5.9,6.0,6.2,6.0,5.7
2002,4,507,5.7,5.8,5.9,5.7,5.5,5.5
2002,4,508,5.7,5.9,6.1,6.1,6.0,5.8
2002,4,510,5.7,5.7,5.4,5.3,5.2,5.0
2002,4,512,5.7,5.8,6.0,5.8,5.5,5.3
2002,4,516,5.7,5.8,5.7,5.6,5.6,5.5
2002,4,518,,,,,,
2002,4,519,5.7,5.9,5.9,6.1,5.9,5.5
2002,4,520,5.7,5.8,5.9,5.6,5.4,5.4
2002,4,521,5.7,6.0,6.2,6.2,6.2,6.1
2003,1,20,5.9,5.7,5.7,5.7,5.6,5.6
2003,1,40,5.9,6.0,5.9,5.9,5.8,5.7
2003,1,65,5.9,6.2,6.1,6.0,5.9,6.0
2003,1,99,5.9,5.9,5.8,5.8,5.7,5.6
2003,1,405,5.9,5.9,5.8,5.6,5.4,5.3
2003,1,407,5.9,5.7,5.8,5.7,5.5,5.5
2003,1,411,5.9,6.2,6.3,6.1,5.8,5.6
2003,1,420,5.9,5.8,5.8,5.7,5.5,5.6
2003,1,421,5.9,5.8,5.6,5.3,4.9,4.5
2003,1,426,5.9,6.2,6.3,6.3,6.0,5.8
2003,1,428,5.9,6.1,6.2,6.2,6.2,6.0
2003,1,429,5.9,5.9,5.9,5.8,5.7,5.6
2003,1,431,5.9,5.9,6.0,5.9,5.8,5.7
2003,1,433,5.9,6.0,6.0,5.8,5.6,5.4
2003,1,439,5.9,5.8,5.8,5.7,5.6,5.4
2003,1,446,5.9,6.0,5.9,5.8,5.6,5.5
2003,1,456,5.9,5.9,6.2,6.4,6.3,6.3
2003,1,463,5.9,6.2,6.2,6.1,5.9,5.8
2003,1,465,5.9,6.0,6.2,6.0,5.8,5.5
2003,1,483,5.9,6.1,6.2,6.2,6.1,6.0
2003,1,484,5.9,6.0,6.1,6.1,6.0,5.9
2003,1,485,5.9,5.8,6.2,6.0,6.0,6.0
2003,1,497,5.9,5.8,5.7,5.6,5.5,5.4
2003,1,498,5.9,6.1,6.3,6.4,6.3,6.2
2003,1,500,5.9,6.1,6.0,5.8,5.7,5.6
2003,1,502,5.9,5.9,6.0,6.0,5.9,5.8
2003,1,504,5.9,5.8,5.7,5.5,5.4,5.4
2003,1,506,5.9,6.1,6.3,6.2,5.7,5.5
2003,1,507,5.9,5.8,5.7,5.7,5.5,5.5
2003,1,510,5.9,5.8,5.7,5.5,5.4,5.4
2003,1,512,5.9,5.9,6.0,6.2,6.2,6.0
2003,1,516,5.9,6.0,6.0,5.9,5.8,5.7
2003,1,519,5.9,6.0,6.1,5.9,5.7,5.6
2003,1,520,5.9,5.8,5.8,5.6,5.5,5.5
2003,1,521,5.9,6.2,6.4,6.4,6.2,6.1
2003,1,523,5.9,6.2,6.3,6.0,5.8,5.5
2003,1,524,5.9,6.0,6.0,5.8,5.7,5.4
2003,2,20,5.8,5.8,5.7,5.7,5.6,5.6
2003,2,40,5.8,6.0,5.8,5.8,5.8,5.9
2003,2,65,5.8,6.0,6.1,6.0,5.9,5.8
2003,2,84,5.8,6.0,6.2,6.1,6.1,6.0
2003,2,99,5.8,6.0,5.9,5.8,5.6,5.4
2003,2,407,5.8,6.0,5.9,5.7,5.7,5.7
2003,2,420,5.8,5.9,5.8,5.6,5.7,5.7
2003,2,421,5.8,6.0,5.9,5.7,5.4,5.1
2003,2,426,5.8,6.0,6.2,6.3,6.2,6.0
2003,2,428,5.8,6.0,6.2,6.2,6.1,6.0
2003,2,429,5.8,6.1,6.0,5.9,5.8,5.7
2003,2,431,5.8,6.1,6.1,6.0,6.0,5.9
2003,2,433,5.8,6.0,5.9,5.6,5.4,5.2
2003,2,439,5.8,6.1,6.0,5.8,5.6,5.5
2003,2,446,5.8,6.1,6.0,5.9,5.7,5.6
2003,2,448,5.8,6.0,6.2,6.0,5.8,5.6
2003,2,456,5.8,6.0,6.1,6.1,6.2,6.3
2003,2,463,5.8,6.1,6.0,5.9,5.8,5.8
2003,2,483,5.8,6.2,6.2,6.1,6.0,5.9
2003,2,484,5.8,5.9,5.9,5.8,5.8,
2003,2,485,5.8,6.0,6.0,6.2,6.0,6.0
2003,2,500,5.8,6.0,6.0,5.9,5.7,5.6
2003,2,504,5.8,6.1,6.0,5.8,5.7,5.6
2003,2,506,5.8,6.1,6.2,6.1,6.0,5.9
2003,2,507,5.8,6.0,5.9,5.7,5.6,5.4
2003,2,508,5.8,6.0,6.0,6.0,5.9,5.7
2003,2,510,5.8,5.9,5.7,5.6,5.6,5.5
2003,2,512,5.8,6.0,6.3,6.3,6.3,6.0
2003,2,516,5.8,5.8,5.8,5.8,5.7,5.6
2003,2,518,5.8,6.1,6.1,5.9,5.9,5.7
2003,2,519,5.8,6.1,6.0,6.0,5.8,5.7
2003,2,520,5.8,6.0,5.9,5.8,5.7,5.6
2003,2,521,5.8,6.0,6.1,6.1,6.0,6.0
2003,2,523,5.8,5.7,5.6,5.4,5.2,5.0
2003,2,525,,,,,,
2003,3,20,6.2,6.1,6.1,6.1,6.1,6.0
2003,3,40,6.2,6.1,5.9,5.9,6.0,6.0
2003,3,65,6.2,6.3,6.4,6.5,6.4,6.3
2003,3,84,6.2,6.2,6.2,6.2,6.2,6.2
2003,3,405,6.2,6.0,5.8,5.6,5.6,5.4
2003,3,407,6.2,6.3,6.3,6.1,6.0,5.8
2003,3,411,6.2,6.2,6.1,5.9,5.7,5.6
2003,3,420,6.2,6.2,6.1,6.1,5.9,5.8
2003,3,421,6.2,6.2,6.0,5.7,5.4,5.1
2003,3,426,6.2,6.3,6.0,5.8,5.5,5.4
2003,3,428,6.2,6.3,6.4,6.5,6.5,6.4
2003,3,429,6.2,6.2,6.1,6.0,5.8,5.7
2003,3,433,6.2,6.3,6.2,6.0,5.6,5.4
2003,3,446,6.2,6.2,6.0,5.9,5.8,5.7
2003,3,448,6.2,6.2,6.1,6.0,5.9,5.8
2003,3,483,6.2,6.2,6.1,6.0,5.9,5.8
2003,3,484,6.2,6.2,6.1,6.1,6.0,6.0
2003,3,485,6.2,6.2,5.8,5.8,6.0,6.0
2003,3,498,6.2,6.4,6.5,6.5,6.5,6.3
2003,3,502,6.2,6.2,6.4,6.3,6.2,6.1
2003,3,504,6.168,6.061,5.8,5.7,5.6,5.6
2003,3,506,6.2,6.2,6.2,6.1,6.0,6.0
2003,3,507,6.2,6.1,5.9,5.7,5.6,5.5
2003,3,510,6.2,6.2,6.1,5.7,5.9,5.7
2003,3,512,6.2,6.7,6.7,6.6,6.5,6.5
2003,3,518,6.2,6.2,6.3,6.2,6.2,6.1
2003,3,519,6.2,6.2,6.1,6.0,5.9,5.8
2003,3,520,6.2,6.2,6.1,6.0,5.9,5.8
2003,3,524,6.2,6.2,6.1,6.0,5.8,5.7
2003,3,526,6.2,6.2,6.0,5.8,5.6,5.5
2003,4,20,6.1,5.9,5.9,5.8,5.8,5.8
2003,4,40,6.1,6.0,5.9,5.8,5.6,5.4
2003,4,65,6.1,6.3,6.4,6.3,6.2,6.0
2003,4,84,6.1,6.1,6.0,6.0,5.9,5.9
2003,4,99,6.1,5.9,5.8,5.7,5.6,5.6
2003,4,405,6.1,6.0,5.8,5.6,5.5,5.4
2003,4,420,6.1,6.0,5.9,5.8,5.7,5.5
2003,4,421,6.1,6.0,5.8,5.6,5.4,5.1
2003,4,426,6.1,6.0,5.8,5.5,5.3,5.2
2003,4,428,6.2,6.2,6.3,6.3,6.2,6.1
2003,4,429,6.1,5.9,5.8,5.6,5.3,5.1
2003,4,431,6.1,6.0,5.9,5.8,5.8,5.6
2003,4,433,6.1,6.2,6.0,5.6,5.4,5.2
2003,4,448,6.1,6.0,5.9,5.8,5.7,5.6
2003,4,456,6.1,6.0,5.9,5.9,6.0,6.1
2003,4,463,6.1,6.1,6.1,6.1,6.0,5.9
2003,4,472,6.1,5.9,5.9,5.8,5.8,5.7
2003,4,484,6.1,6.1,6.1,6.0,5.9,5.9
2003,4,485,6.1,5.9,6.2,6.3,6.0,5.5
2003,4,497,6.1,6.1,6.0,5.9,5.8,5.6
2003,4,498,6.1,6.1,6.0,6.0,5.9,5.9
2003,4,504,6.1,5.9,5.9,5.7,5.7,5.7
2003,4,506,6.1,6.1,6.1,6.0,5.9,5.8
2003,4,507,6.1,6.0,5.9,5.8,5.7,5.6
2003,4,508,6.1,6.1,5.9,5.8,5.6,5.4
2003,4,510,6.1,6.1,5.8,5.9,5.8,5.7
2003,4,512,6.1,6.0,6.0,6.1,5.8,5.8
2003,4,516,6.1,6.1,6.0,5.9,5.8,5.7
2003,4,518,6.1,5.9,5.9,5.8,5.7,5.7
2003,4,519,6.1,6.1,6.0,5.9,5.7,5.6
2003,4,521,6.1,6.2,6.2,6.2,6.1,6.0
2003,4,523,6.1,5.79,5.51,5.27,5.06,4.88
2003,4,524,6.1,6.0,5.9,5.7,5.6,5.4
2003,4,526,6.1,6.1,5.9,5.6,5.4,5.2
2004,1,20,5.9,5.7,5.7,5.6,5.6,5.5
2004,1,40,5.9,5.8,5.7,5.6,5.6,5.5
2004,1,99,5.9,5.6,5.5,5.4,5.1,5.2
2004,1,411,5.87,5.74,5.66,5.6,5.45,5.28
2004,1,421,5.9,5.6,5.5,5.3,5.1,4.9
2004,1,423,5.9,6.0,6.08,6.14,6.2,6.24
2004,1,426,5.9,5.6,5.5,5.3,5.1,5.0
2004,1,428,5.9,5.9,5.9,5.8,5.7,5.7
2004,1,429,5.9,5.6,5.5,5.3,5.1,5.0
2004,1,431,5.9,5.6,5.5,5.5,5.4,5.3
2004,1,433,5.9,5.8,5.7,5.6,5.5,5.4
2004,1,446,5.9,5.8,5.7,5.7,5.6,5.5
2004,1,448,5.9,5.7,5.6,5.5,5.5,5.4
2004,1,456,5.9,5.8,5.7,5.7,5.7,5.7
2004,1,463,5.9,5.7,5.8,5.6,5.5,5.4
2004,1,483,5.9,5.8,5.7,5.6,5.5,5.4
2004,1,484,5.9,5.7,5.8,5.8,5.7,5.7
2004,1,485,5.9,5.5,5.2,4.8,4.5,4.2
2004,1,497,5.9,5.7,5.7,5.6,5.4,5.3
2004,1,502,5.9,5.7,5.6,5.5,5.4,5.3
2004,1,504,5.9,5.9,5.7,5.7,5.7,
2004,1,506,5.9,5.7,5.6,5.5,5.4,5.4
2004,1,507,5.9,5.6,5.5,5.4,5.4,5.3
2004,1,510,5.9,5.6,5.5,5.4,5.3,5.3
2004,1,512,5.9,5.6,5.5,5.5,5.7,5.7
2004,1,516,5.9,5.8,5.7,5.6,5.5,5.4
2004,1,518,5.9,5.9,5.8,5.8,5.7,5.6
2004,1,519,5.9,5.7,5.5,5.5,5.3,5.3
2004,1,520,5.9,5.7,5.6,5.5,5.4,5.4
2004,1,521,5.9,5.7,5.7,5.6,5.6,5.5
2004,1,523,5.9,5.5,5.3,5.31,5.31,5.3
2004,1,524,5.9,5.6,5.5,5.4,5.2,5.2
2004,2,20,5.6,5.6,5.5,5.5,5.5,5.4
2004,2,65,5.6,5.8,5.7,5.7,5.6,5.5
2004,2,84,5.6,5.5,5.4,5.4,5.4,5.4
2004,2,99,5.6,5.6,5.5,5.4,5.3,5.3
2004,2,411,5.6,5.624,5.514,5.419,5.287,5.206
2004,2,420,5.6,5.6,5.5,5.4,5.4,5.2
2004,2,421,5.6,5.5,5.3,5.1,4.8,4.5
2004,2,426,5.6,5.5,5.3,5.1,5.0,5.0
2004,2,428,5.6,5.71,5.81,5.71,5.71,5.71
2004,2,429,5.6,5.7,5.6,5.5,5.4,5.3
2004,2,433,5.6,5.7,5.6,5.5,5.4,5.3
2004,2,446,5.6,5.6,5.5,5.4,5.3,5.2
2004,2,448,5.6,5.5,5.4,5.3,5.2,5.1
2004,2,456,5.6,5.6,5.5,5.4,5.5,5.5
2004,2,463,5.6,5.6,5.6,5.5,5.4,5.4
2004,2,472,5.6,5.6,5.5,5.5,5.5,5.4
2004,2,483,5.6,5.4,5.2,5.0,4.9,4.8
2004,2,484,5.6,5.6,5.6,5.5,5.4,5.4
2004,2,497,5.633,5.62,5.511,5.409,5.264,5.167
2004,2,498,5.6,5.6,5.5,5.4,,
2004,2,504,5.641,5.667,5.7,5.5,5.4,5.2
2004,2,506,5.6,5.6,5.5,5.5,5.5,5.5
2004,2,507,5.6,5.567,5.433,5.367,5.3,5.2
2004,2,508,5.6,5.646,5.515,5.438,5.203,5.157
2004,2,510,5.6,5.7,5.5,5.4,5.2,5.2
2004,2,512,5.6,5.6,5.6,5.5,5.5,5.7
2004,2,518,5.6,5.637,5.571,5.629,5.627,5.648
2004,2,519,5.6,5.6,5.5,5.4,5.4,5.3
2004,2,520,5.6,5.6,5.5,5.4,5.4,5.4
2004,2,521,5.6,5.636,5.4,5.2,5.1,5.1
2004,2,524,5.6,5.5,5.5,5.5,5.4,
2004,2,526,5.6,5.6,5.4,5.2,5.1,5.1
2004,3,20,5.6,5.5,5.5,5.5,5.5,5.4
2004,3,40,5.6,5.5,5.5,5.4,5.4,5.3
2004,3,65,5.6,5.7,5.6,5.7,5.5,5.4
2004,3,84,5.6,5.5,5.5,5.4,5.4,5.4
2004,3,420,5.6,5.5,5.4,5.4,5.2,5.1
2004,3,421,5.6,5.4,5.2,5.0,4.8,4.6
2004,3,429,5.6,5.5,5.5,5.4,5.4,5.4
2004,3,433,5.6,5.6,5.5,5.4,5.3,5.2
2004,3,446,5.6,5.5,5.4,5.3,5.3,5.2
2004,3,448,5.6,5.5,5.5,5.4,5.3,5.2
2004,3,456,5.6,5.5,5.35,5.2,5.2,5.2
2004,3,483,5.6,5.5,5.4,5.3,5.2,5.1
2004,3,484,5.6,5.6,5.6,5.5,5.5,5.5
2004,3,497,5.6,5.5,5.4,5.3,5.2,5.2
2004,3,498,5.6,5.6,5.5,5.7,5.6,5.6
2004,3,504,5.6,5.648,5.5,5.4,5.367,5.3
2004,3,506,5.6,5.6,5.5,5.4,5.4,5.4
2004,3,507,5.6,5.5,5.433,5.367,5.267,5.167
2004,3,508,5.6,5.483,5.461,5.261,5.185,5.339
2004,3,510,5.6,5.3,5.0,5.0,4.6,4.5
2004,3,512,5.6,5.5,5.5,5.3,5.2,5.0
2004,3,516,5.6,5.533,5.433,5.333,5.233,5.133
2004,3,518,5.6,5.602,5.613,5.592,5.599,5.631
2004,3,519,5.6,5.5,5.4,5.3,5.2,5.1
2004,3,520,5.6,5.5,5.3,5.2,5.2,5.2
2004,3,521,5.6,5.4,5.2,5.1,5.1,5.0
2004,3,523,5.6,5.25,5.0,5.0,5.0,5.0
2004,3,524,5.6,5.6,5.6,5.6,5.5,5.5
2004,3,526,5.6,5.4,5.2,5.1,5.1,5.1
2004,3,527,5.6,5.5,5.5,5.4,5.3,5.2
2004,4,20,5.5,5.5,5.4,5.4,5.4,5.3
2004,4,65,5.4,5.6,5.7,5.7,5.6,5.5
2004,4,84,5.4,5.4,5.3,5.2,5.2,5.2
2004,4,99,5.4,5.4,5.3,5.2,5.2,5.1
2004,4,405,5.4,5.4,5.3,5.2,5.1,5.0
2004,4,411,5.4,5.4,5.3,5.2,5.2,5.2
2004,4,420,5.4,5.4,5.4,5.2,5.1,5.1
2004,4,421,5.4,5.3,5.1,4.9,4.7,4.5
2004,4,423,5.4,5.5,5.44,5.44,5.44,5.43
2004,4,426,5.4,5.3,5.2,5.2,5.1,5.0
2004,4,428,5.4,5.4,5.5,5.5,5.4,5.3
2004,4,429,5.4,5.4,5.4,5.3,5.3,5.3
2004,4,433,5.4,5.5,5.4,5.3,5.2,5.2
2004,4,446,5.4,5.4,5.3,5.3,5.2,5.2
2004,4,448,5.4,5.4,5.4,5.3,5.2,5.1
2004,4,456,5.433,5.4,5.3,5.2,5.2,5.2
2004,4,472,5.4,5.433,5.4,5.3,5.3,5.3
2004,4,483,5.4,5.4,5.3,5.2,5.1,5.0
2004,4,484,5.4,5.6,5.6,5.5,5.5,5.4
2004,4,497,5.4,5.422,5.317,5.227,5.2,5.16
2004,4,498,5.4,5.6,5.7,5.6,5.6,5.6
2004,4,504,5.4,5.5,5.4,5.367,5.3,5.3
2004,4,506,5.4,5.4,5.3,5.3,5.4,5.4
2004,4,507,5.4,5.433,5.333,5.267,5.167,5.1
2004,4,508,5.4,5.369,5.275,5.126,5.198,4.999
2004,4,510,5.4,5.4,5.3,5.0,5.0,4.7
2004,4,516,5.4,5.34,5.25,5.16,5.07,4.98
2004,4,518,5.4,5.471,5.568,5.581,5.506,5.515
2004,4,520,5.4,5.4,5.3,5.3,5.3,5.3
2004,4,521,5.4,5.2,5.2,5.2,5.2,5.2
2004,4,523,5.4,5.34,5.17,4.95,4.81,4.74
2004,4,524,5.4,5.4,5.4,5.5,5.5,5.5
2004,4,526,5.4,5.2,5.1,5.1,5.1,5.1
2004,4,527,5.4,5.4,5.4,5.3,5.2,5.2
2005,1,20,5.4,5.4,5.4,5.3,5.3,5.2
2005,1,65,5.4,5.4,5.3,5.4,5.3,5.4
2005,1,99,5.4,5.2,5.1,5.1,5.0,5.0
2005,1,411,5.4,5.3,5.2,5.2,5.2,5.1
2005,1,420,5.4,5.4,5.2,5.1,5.1,5.0
2005,1,421,5.4,5.3,5.2,5.0,4.8,4.7
2005,1,426,5.4,5.2,5.2,5.1,5.0,5.0
2005,1,428,5.43,5.25,5.27,5.34,5.31,5.29
2005,1,429,5.4,5.3,5.2,5.2,5.1,5.1
2005,1,431,5.4,5.2,5.2,5.1,5.1,5.0
2005,1,433,5.4,5.3,5.3,5.2,5.2,5.1
2005,1,446,5.4,5.3,5.3,5.2,5.2,5.2
2005,1,448,5.4,5.2,5.1,5.0,4.8,4.7
2005,1,456,5.4,5.3,5.2,5.1,5.1,5.0
2005,1,463,5.4,5.3,5.3,5.2,5.1,5.1
2005,1,472,5.4,5.262,5.225,5.119,4.997,5.001
2005,1,483,5.4,5.3,5.2,5.1,5.0,5.0
2005,1,484,5.4,5.4,5.5,5.5,5.4,5.4
2005,1,497,5.4,5.189,5.072,5.095,5.126,5.054
2005,1,498,5.4,5.5,5.4,5.4,5.5,
2005,1,502,5.4,5.3,5.2,5.2,5.1,5.1
2005,1,504,5.4,5.369,5.423,5.39,5.36,5.32
2005,1,506,5.4,5.2,5.2,5.1,5.2,5.2
2005,1,507,5.4,5.3,5.3,5.2,5.1,4.9
2005,1,508,5.4,5.237,5.193,5.334,5.216,5.207
2005,1,510,5.4,5.2,5.1,5.1,5.1,4.9
2005,1,512,5.4,5.2,5.1,5.0,5.0,4.9
2005,1,516,5.4,5.27,5.18,5.09,5.0,4.91
2005,1,518,5.4,5.3,5.31,5.34,5.29,5.23
2005,1,520,5.4,5.3,5.3,5.3,5.2,5.2
2005,1,521,5.4,5.3,5.2,5.2,5.2,5.1
2005,1,523,5.4,5.3,5.0,4.79,4.63,4.51
2005,1,524,5.4,5.3,5.3,5.3,5.3,5.3
2005,1,526,5.4,5.1,5.1,5.1,5.1,5.1
2005,1,527,5.4,5.4,5.3,5.3,5.2,5.1
2005,1,528,5.4,5.3,5.3,5.3,5.3,5.4
2005,2,20,5.3,5.3,5.2,5.1,5.1,5.0
2005,2,65,5.3,5.3,5.3,5.2,5.3,5.2
2005,2,84,5.3,5.2,5.1,5.0,4.9,5.0
2005,2,99,5.3,5.2,5.2,5.1,5.1,5.0
2005,2,411,5.3,5.2,5.2,5.2,5.2,5.2
2005,2,421,5.3,5.1,4.9,4.8,4.6,4.5
2005,2,423,5.3,5.15,5.08,5.02,4.99,4.97
2005,2,424,5.3,5.224,5.2,5.1,,
2005,2,428,5.3,5.3,5.3,5.3,5.2,5.1
2005,2,431,5.3,5.2,5.1,5.1,5.1,5.1
2005,2,433,5.3,5.1,5.1,5.1,5.1,5.0
2005,2,446,5.3,5.2,5.2,5.2,5.1,5.1
2005,2,448,5.3,5.1,5.0,4.9,4.8,4.7
2005,2,456,5.3,5.2,5.1,5.0,5.0,5.0
2005,2,463,5.3,5.2,5.2,5.1,5.0,5.0
2005,2,472,5.3,5.209,5.227,5.147,5.075,5.077
2005,2,483,5.3,5.2,5.1,5.0,5.0,4.9
2005,2,484,5.3,5.3,5.2,5.2,5.3,5.3
2005,2,504,5.3,5.327,5.39,5.36,5.32,5.233
2005,2,506,5.3,5.2,5.2,5.1,5.2,5.2
2005,2,508,5.3,5.128,5.232,5.098,5.072,5.131
2005,2,510,5.3,5.0,5.0,4.9,4.9,4.8
2005,2,512,5.3,5.3,5.4,5.5,5.5,5.5
2005,2,516,5.3,5.08,4.99,4.9,4.81,4.72
2005,2,518,5.3,5.175,5.232,5.24,5.244,5.238
2005,2,519,5.3,5.149,5.083,4.965,4.898,4.825
2005,2,521,5.3,5.1,5.0,5.0,5.0,5.0
2005,2,524,5.3,5.1,5.0,5.0,5.0,5.1
2005,2,526,5.3,5.1,5.1,5.1,5.1,5.1
2005,2,527,5.3,5.2,5.2,5.2,5.1,5.1
2005,2,528,5.3,5.2,5.2,5.2,5.2,5.2
2005,2,529,5.3,5.29,5.32,5.39,5.44,5.48
2005,2,530,5.3,5.3,5.3,5.3,5.2,5.2
2005,2,531,5.3,5.2,5.1,5.1,,
2005,2,532,5.3,5.2,5.2,5.1,5.0,5.0
2005,2,533,5.3,5.2,5.2,5.2,5.2,5.2
2005,2,534,5.3,5.5,5.4,5.3,5.3,5.3
2005,2,535,5.3,5.1,5.0,4.9,4.9,4.8
2005,2,536,5.3,5.169,5.199,5.241,5.267,5.299
2005,2,538,5.3,5.4,5.3,5.3,5.3,5.3
2005,2,539,5.3,5.1,4.9,4.8,4.8,4.8
2005,2,541,5.3,5.2,5.2,5.2,5.2,5.2
2005,2,542,5.3,5.2,5.1,5.0,4.9,4.9
2005,2,543,5.3,5.2,5.2,5.2,5.2,5.2
2005,2,544,5.3,5.2,5.2,5.2,5.2,5.1
2005,2,545,5.3,5.2,5.2,5.2,5.2,5.2
2005,3,20,5.1,5.0,5.0,5.0,4.9,4.8
2005,3,65,5.1,5.1,5.2,5.4,5.5,5.4
2005,3,84,5.1,5.0,4.9,4.8,4.8,4.8
2005,3,407,5.1,5.0,5.01,5.09,5.1,5.18
2005,3,411,5.1,4.9,4.8,4.8,4.8,4.9
2005,3,420,5.1,5.0,5.0,4.9,5.0,4.9
2005,3,421,5.1,4.9,4.8,4.7,4.5,4.5
2005,3,423,5.1,5.0,5.0,5.1,5.1,5.1
2005,3,424,5.1,5.1,5.0,5.0,5.0,5.0
2005,3,426,5.1,5.0,4.9,4.8,4.8,4.9
2005,3,428,5.1,5.12,5.1,5.03,4.96,4.99
2005,3,429,5.1,5.0,5.0,4.9,4.8,4.8
2005,3,431,5.1,5.0,5.0,4.9,4.9,4.8
2005,3,433,5.1,5.0,5.0,5.0,5.0,5.0
2005,3,446,5.1,5.0,4.9,4.9,4.9,4.9
2005,3,448,5.1,5.0,4.9,4.8,4.7,4.6
2005,3,456,5.1,5.0,4.8,4.6,4.5,4.5
2005,3,463,5.1,5.0,4.9,4.8,4.8,4.7
2005,3,472,5.1,5.008,5.045,5.087,5.043,4.943
2005,3,483,5.1,5.0,4.9,4.8,4.7,4.6
2005,3,484,5.1,5.0,5.1,5.2,5.1,5.2
2005,3,497,5.1,5.025,4.864,4.912,4.864,4.947
2005,3,504,5.1,5.207,5.32,5.32,5.233,5.1
2005,3,506,5.1,5.0,4.9,4.9,4.9,4.9
2005,3,507,5.1,5.0,4.9,4.9,4.8,4.7
2005,3,508,5.1,5.1,5.1,5.0,5.0,4.9
2005,3,510,5.1,4.9,4.8,4.9,4.9,4.8
2005,3,512,5.1,5.0,4.9,4.8,4.7,4.6
2005,3,516,5.1,,4.75,5.0,5.2,5.35
2005,3,518,5.1,5.005,4.975,4.954,4.974,5.029
2005,3,519,5.1,4.976,4.885,4.779,4.714,4.704
2005,3,520,5.1,5.0,5.0,5.0,5.0,5.0
2005,3,521,5.1,5.0,5.0,5.0,5.0,5.0
2005,3,523,5.1,5.0,5.2,5.3,5.3,5.3
2005,3,524,5.1,5.1,5.0,5.019,5.069,5.1
2005,3,526,5.1,5.1,5.1,5.1,5.1,5.1
2005,3,527,5.1,5.0,5.0,4.9,4.8,4.9
2005,3,528,5.1,5.0,4.9,4.9,4.9,4.9
2005,3,529,5.1,5.04,5.04,5.08,5.18,5.24
2005,3,531,5.1,5.0,4.8,4.8,4.8,4.7
2005,3,532,5.1,5.0,5.0,4.9,4.9,4.9
2005,3,533,5.1,5.0,5.0,5.0,5.0,5.0
2005,3,535,5.1,5.0,4.9,4.8,4.8,4.7
2005,3,536,5.1,4.967,4.886,4.914,4.966,5.009
2005,3,537,5.1,5.2,5.4,5.7,5.8,5.8
2005,3,538,5.1,5.045,5.012,5.035,5.111,5.179
2005,3,539,5.1,4.9,4.8,4.8,4.8,4.7
2005,3,541,5.1,5.0,5.0,4.9,4.9,5.0
2005,3,542,5.1,5.0,4.9,4.8,4.7,4.7
2005,3,543,5.1,4.944,4.785,4.768,4.795,4.833
2005,3,544,5.1,5.0,5.0,5.0,5.0,5.0
2005,3,546,5.1,5.0,5.0,5.0,4.9,4.9
2005,3,548,5.1,5.01,5.07,5.03,5.04,5.1
2005,4,20,5.0,5.0,5.0,4.9,4.9,4.8
2005,4,65,5.0,5.1,5.3,5.3,5.1,5.2
2005,4,84,5.0,5.0,4.9,4.8,4.8,4.8
2005,4,99,5.0,5.0,5.0,4.9,4.9,4.8
2005,4,411,5.0,5.1,5.0,4.9,4.9,5.0
2005,4,420,5.0,5.0,4.9,4.9,4.9,4.8
2005,4,421,5.0,5.1,5.0,4.9,4.8,4.6
2005,4,422,5.0,4.9,5.1,5.2,5.2,5.2
2005,4,424,5.0,5.0,5.0,5.0,5.0,5.0
2005,4,426,5.0,5.1,5.0,4.9,4.9,4.9
2005,4,428,5.0,5.3,5.12,4.92,4.86,4.89
2005,4,429,5.0,4.9,4.8,4.7,4.7,4.8
2005,4,431,5.0,5.0,5.0,5.0,4.9,4.9
2005,4,433,5.0,5.0,5.0,5.0,5.0,5.0
2005,4,446,5.0,5.0,5.0,5.0,4.9,4.9
2005,4,448,5.0,5.0,4.8,4.7,4.6,4.6
2005,4,456,5.0,5.0,4.9,4.6,4.5,4.5
2005,4,463,5.0,5.0,4.9,4.8,4.8,4.7
2005,4,472,5.0,4.998,4.985,4.986,5.035,5.031
2005,4,483,5.0,5.0,4.9,4.9,4.8,4.8
2005,4,484,5.0,5.0,5.1,5.1,5.2,5.1
2005,4,497,5.0,5.049,5.038,5.004,4.992,5.011
2005,4,504,5.016,5.013,5.172,5.248,5.377,5.516
2005,4,506,5.0,5.0,4.884,4.833,4.816,4.828
2005,4,508,5.0,4.944,4.768,4.868,4.923,5.038
2005,4,510,5.0,5.1,5.1,5.1,5.1,5.0
2005,4,512,5.0,5.0,5.0,5.0,5.0,5.0
2005,4,516,5.0,5.1,5.01,4.92,4.83,4.74
2005,4,518,5.0,5.159,5.157,5.114,5.083,5.115
2005,4,519,5.0,4.974,4.826,4.79,4.77,4.783
2005,4,520,5.0,5.0,5.0,5.0,5.0,5.0
2005,4,521,5.0,5.0,4.9,4.8,4.9,5.0
2005,4,523,5.0,5.2,5.34,5.5,5.5,5.5
2005,4,526,5.0,5.1,5.1,5.1,5.1,5.1
2005,4,527,5.0,5.0,4.9,4.9,4.9,5.1
2005,4,528,5.0,5.0,4.9,4.9,4.8,4.8
2005,4,529,5.0,4.96,5.03,5.13,5.24,5.41
2005,4,531,5.0,5.0,4.9,5.0,5.0,5.2
2005,4,532,5.0,5.0,4.9,4.9,5.0,5.0
2005,4,533,5.0,5.0,5.0,5.0,5.0,5.0
2005,4,535,5.0,4.9,4.8,4.7,4.6,4.6
2005,4,536,5.0,5.07,5.02,5.07,5.138,5.229
2005,4,538,5.0,5.062,5.16,5.098,5.052,5.037
2005,4,539,5.0,4.8,4.8,4.8,4.7,4.7
2005,4,541,5.0,5.0,4.9,4.9,4.9,4.9
2005,4,542,5.0,4.9,4.8,4.7,4.7,4.7
2005,4,543,5.0,5.073,4.987,4.965,4.954,4.978
2005,4,544,5.0,5.1,5.1,5.1,5.0,5.0
2005,4,545,5.0,5.1,5.0,4.9,4.9,5.0
2005,4,546,5.0,4.9,4.8,4.7,4.7,4.7
2005,4,548,5.0,5.0,4.884,4.833,4.816,4.828
2006,1,20,4.9,4.8,4.7,4.7,4.6,4.6
2006,1,65,4.9,5.0,5.3,5.4,5.5,5.5
2006,1,99,4.9,4.8,4.7,4.7,4.6,4.7
2006,1,405,4.9,4.8,4.9,4.8,4.8,4.8
2006,1,407,4.9,4.8,4.9,4.9,4.9,5.1
2006,1,411,4.9,4.9,4.9,4.9,4.9,5.0
2006,1,420,4.9,4.8,4.8,4.8,4.7,4.8
2006,1,421,4.9,4.9,4.8,4.7,4.6,4.5
2006,1,422,4.9,4.8,5.0,5.1,5.1,5.0
2006,1,424,4.9,4.9,4.8,4.8,4.8,
2006,1,426,4.9,4.9,4.9,4.9,4.9,4.8
2006,1,428,4.9,4.9,4.9,4.9,4.9,4.9
2006,1,429,4.9,4.8,4.7,4.6,4.6,4.6
2006,1,431,4.9,4.9,4.9,4.8,4.8,4.8
2006,1,433,4.9,4.8,4.9,5.0,5.0,5.0
2006,1,446,4.9,4.9,4.9,4.9,4.9,4.9
2006,1,448,4.9,4.8,4.7,4.6,4.6,4.8
2006,1,456,4.9,4.8,4.7,4.7,4.7,4.8
2006,1,463,4.9,4.7,4.7,4.6,4.5,4.5
2006,1,472,4.9,4.764,4.634,4.647,4.673,4.673
2006,1,483,4.9,4.8,4.7,4.6,4.5,4.4
2006,1,484,4.9,5.0,5.1,4.9,4.9,5.0
2006,1,497,4.9,4.928,4.885,4.919,4.931,4.971
2006,1,498,4.9,5.1,5.3,5.3,5.5,
2006,1,504,4.966,4.926,5.032,5.131,5.249,5.233
2006,1,506,4.9,4.8,4.8,4.7,4.8,4.8
2006,1,507,4.9,4.767,4.667,4.6,4.5,4.5
2006,1,508,4.9,4.764,4.698,4.802,4.877,4.872
2006,1,510,4.9,4.8,4.8,4.8,4.8,4.9
2006,1,512,4.9,4.8,4.8,4.7,4.7,5.0
2006,1,516,4.9,4.84,4.75,4.66,4.57,4.48
2006,1,518,4.9,4.672,4.837,4.921,5.002,5.136
2006,1,519,4.9,4.7,4.7,4.7,4.6,4.7
2006,1,521,4.9,4.9,4.8,4.9,5.0,5.0
2006,1,524,4.9,4.9,4.8,4.818,4.857,4.9
2006,1,526,4.9,5.1,5.1,5.1,5.1,5.1
2006,1,527,4.9,4.8,4.7,4.8,4.9,5.0
2006,1,528,4.9,4.7,4.7,4.7,4.7,4.8
2006,1,531,4.9,4.8,4.9,5.0,5.0,5.0
2006,1,532,4.9,4.8,4.8,4.7,4.7,4.7
2006,1,533,4.9,4.8,4.8,4.9,5.0,4.9
2006,1,535,4.9,4.7,4.6,4.5,4.5,4.6
2006,1,536,4.9,4.927,4.892,4.949,4.988,5.06
2006,1,539,4.9,4.9,4.8,4.7,4.7,
2006,1,541,4.9,4.7,4.6,4.6,4.4,
2006,1,542,4.9,4.7,4.7,4.7,4.7,4.6
2006,1,543,4.9,4.911,4.867,4.909,4.944,4.985
2006,1,544,4.9,4.9,4.8,4.9,5.0,5.0
2006,1,545,4.9,5.1,5.1,5.2,5.2,5.3
2006,1,546,4.9,4.7,4.6,4.6,4.5,4.5
2006,1,548,4.9,4.771,4.782,4.769,4.809,4.881
2006,1,549,4.9,5.0,5.1,5.3,5.3,5.4
2006,1,550,4.9,5.2,5.1,5.4,5.3,5.7
2006,2,20,4.7,4.9,4.6,4.6,4.6,4.6
2006,2,65,4.7,4.7,4.9,5.0,5.0,4.9
2006,2,84,4.7,4.6,4.5,4.4,4.4,4.5
2006,2,99,4.7,4.7,4.7,4.7,4.8,4.8
2006,2,405,4.7333,4.75,4.8,4.8,4.8,4.7
2006,2,411,4.7,4.6,4.7,4.8,4.9,5.0
2006,2,421,4.7,4.7,4.6,4.4,4.3,4.3
2006,2,422,4.7,4.7,4.9,5.3,5.2,5.1
2006,2,423,4.7,4.7,4.8,4.8,4.9,4.9
2006,2,424,4.7,4.7,4.7,4.7,,
2006,2,426,4.7,4.7,4.7,4.6,4.6,4.5
2006,2,428,4.7,4.78,4.77,4.78,4.81,4.86
2006,2,429,4.7,4.7,4.7,4.6,4.6,4.6
2006,2,431,4.7,4.6,4.7,4.8,4.9,5.0
2006,2,433,4.7,4.7,4.8,4.9,5.0,5.0
2006,2,446,4.7,4.7,4.7,4.8,4.8,4.9
2006,2,448,4.7,4.7,4.6,4.6,4.8,4.7
2006,2,456,4.7333,4.6,4.5,4.6,4.7,4.9
2006,2,463,4.7,4.7,4.6,4.6,4.5,4.5
2006,2,472,4.7,4.7103,4.7481,4.8375,4.8375,4.8375
2006,2,483,4.7,4.7,4.6,4.5,4.4,4.3
2006,2,484,4.7,4.8,4.7,4.8,4.9,4.8
2006,2,497,4.7,4.6898,4.7018,4.8153,4.9677,5.0324
2006,2,504,4.7082,4.7876,4.9064,5.0259,5.0135,5.0412
2006,2,506,4.7,4.6778,4.6723,4.7057,4.7737,4.8223
2006,2,507,4.7,4.7,4.6,4.6,4.6,4.5
2006,2,508,4.7,4.7248,4.6495,4.6553,4.9962,4.7182
2006,2,510,4.7,4.6,4.6,4.6,4.7,4.8
2006,2,512,4.7,4.7,4.7,4.8,5.0,5.0
2006,2,516,4.7,4.64,4.55,4.46,4.37,4.28
2006,2,518,4.7,4.7393,4.7949,4.8714,4.959,5.0216
2006,2,519,4.7,4.7,4.6,4.6,4.7,4.7
2006,2,520,4.7,4.8,5.0,5.0,5.1,5.1
2006,2,521,4.7,4.6,4.5,4.5,4.5,4.5
2006,2,524,4.7,4.7,4.685,4.7,4.7482,4.8
2006,2,526,4.7,4.7,4.8,4.9,5.1,5.1
2006,2,527,4.7,4.6,4.6,4.8,4.9,5.0
2006,2,528,4.7,4.7,4.8,4.8,4.8,4.9
2006,2,531,4.7,4.8,4.9,5.0,5.0,
2006,2,532,4.7,4.7,4.6,4.6,4.5,4.5
2006,2,535,4.7,4.6,4.5,4.5,4.5,4.6
2006,2,536,4.7,4.6409,4.7548,4.905,5.1031,5.2812
2006,2,538,4.7,4.7,4.7,4.8,4.9,4.9
2006,2,539,4.7,4.7,4.6,4.5,4.5,4.5
2006,2,541,4.7,4.7,4.6,4.5,4.5,4.5
2006,2,542,4.7,4.6,4.6,4.5,4.5,4.6
2006,2,543,4.7,4.6938,4.7494,4.8106,4.8808,4.9482
2006,2,544,4.7,4.8,4.8,4.9,5.0,5.0
2006,2,545,4.7,4.76,4.76,4.79,4.79,4.82
2006,2,546,4.7,4.6,4.6,4.5,4.5,4.5
2006,2,548,4.7,4.7819,4.7692,4.8093,4.881,4.9257
2006,2,549,4.7,4.7,4.8,4.9,5.0,5.2
2006,2,550,4.7,4.7,5.0,5.2,5.6,5.9
2006,3,20,4.6,4.5,4.4,4.4,4.3,4.3
2006,3,65,4.6,4.7,5.0,5.2,5.3,5.1
2006,3,84,4.6,4.7,4.6,4.6,4.6,4.6
2006,3,407,4.6,4.8,4.8,4.8,4.9,4.9
2006,3,420,4.6,4.6,4.7,4.8,4.7,4.9
2006,3,422,4.6,4.9,5.0,5.2,5.3,5.4
2006,3,423,4.6,4.9,5.0,5.2,5.2,5.2
2006,3,424,4.6,4.7,4.7,4.7,4.7,4.7
2006,3,426,4.6,4.5,4.5,4.4,4.4,4.3
2006,3,428,4.6,4.6,4.6,4.7,4.8,4.8
2006,3,429,4.6,4.8,4.8,4.8,4.8,4.9
2006,3,433,4.6,4.8,4.9,4.9,5.0,5.0
2006,3,446,4.6,4.8,4.9,5.0,5.0,5.1
2006,3,448,4.6,4.7,4.8,4.8,4.7,4.6
2006,3,463,4.6,4.7,4.6,4.6,4.5,4.4
2006,3,472,4.6,4.8252,4.9605,4.9735,5.1296,5.2187
2006,3,483,4.6,4.6,4.5,4.4,4.3,4.3
2006,3,484,4.6,4.7,4.8,4.7,4.8,4.7
2006,3,497,4.6,4.6893,4.7747,4.9587,4.9878,4.9806
2006,3,504,4.6555,4.8182,4.9418,4.9481,4.9868,5.0565
2006,3,506,4.6,4.73,4.77,4.84,4.89,4.93
2006,3,507,4.6,4.7,4.7,4.6,4.6,4.6
2006,3,510,4.6,4.7,4.8,4.9,5.2,5.3
2006,3,512,4.6,4.8,4.8,4.8,4.9,5.0
2006,3,516,4.6,4.77,4.68,4.59,4.5,4.47
2006,3,518,4.6,4.6897,4.7869,4.91,4.9822,5.0059
2006,3,519,4.6,4.7,4.8,4.8,4.9,4.9
2006,3,520,4.6,5.0,5.0,5.1,5.1,5.1
2006,3,521,4.6,4.6,4.6,4.7,4.7,4.7
2006,3,523,4.6,4.8,4.72,4.65,4.58,4.52
2006,3,524,4.6,4.6,4.6303,4.7,4.8109,4.9
2006,3,526,4.6,4.8,4.9,5.1,5.1,5.1
2006,3,527,4.6,4.6,4.6,4.7,4.7,4.8
2006,3,528,4.6,4.7,4.7,4.8,4.8,4.8
2006,3,530,4.6,4.8,4.8,5.0,5.1,5.2
2006,3,531,4.6,4.8,5.0,5.1,5.1,5.2
2006,3,532,4.6,4.7,4.7,4.7,4.7,4.8
2006,3,533,4.6,4.8,4.9,4.9,4.9,4.9
2006,3,535,4.6,4.7,4.6,4.6,4.7,4.8
2006,3,536,4.6,4.7678,4.8752,5.015,5.1685,5.216
2006,3,539,4.6,4.6,4.5,4.5,4.5,4.5
2006,3,540,4.6,4.7,4.8,4.8,4.9,5.0
2006,3,541,4.6,4.7,4.6,4.5,4.6,4.7
2006,3,543,4.6,4.7542,4.8307,4.9216,5.0404,5.084
2006,3,544,4.6,4.8,4.8,4.9,4.9,4.9
2006,3,545,4.6,4.64,4.63,4.68,4.76,4.84
2006,3,546,4.6,4.7,4.6,4.6,4.6,4.6
2006,3,548,4.6,4.7224,4.7716,4.8573,4.9361,4.9693
2006,3,549,4.6,4.8,4.9,5.0,5.1,
2006,3,550,4.6,4.8,5.0,5.2,5.6,5.9
2006,3,551,4.6,4.664,4.8214,4.9111,4.8461,4.6976
2006,4,20,4.7,4.4,4.4,4.4,4.4,4.4
2006,4,65,4.7,4.5,4.6,4.7,4.8,4.9
2006,4,84,4.7,4.5,4.5,4.5,4.5,4.5
2006,4,99,4.7,4.7,4.8,4.9,4.7,4.6
2006,4,405,4.7,4.6,4.7,4.7,4.8,4.8
2006,4,407,4.7,4.5,4.5,4.7,4.7,4.8
2006,4,411,4.7,4.7,4.8,4.9,5.0,5.1
2006,4,420,4.7,4.5,4.8,4.9,4.9,5.1
2006,4,421,4.7,4.5,4.5,4.4,4.4,4.5
2006,4,422,4.7,4.6,4.7,4.9,5.0,5.0
2006,4,424,4.7,4.5,4.7,4.7,4.7,4.7
2006,4,426,4.7,4.6,4.7,4.8,4.9,4.9
2006,4,428,4.7,4.79,4.9,4.95,4.97,4.96
2006,4,429,4.7,4.5,4.6,4.6,4.6,4.7
2006,4,431,4.7,4.5,4.6,4.7,4.8,5.0
2006,4,446,4.7,4.6,4.8,4.9,5.0,5.0
2006,4,448,4.7,4.5,4.7,4.8,4.9,4.8
2006,4,463,4.7,4.4,4.3,4.3,4.2,4.2
2006,4,472,4.7,4.4985,4.5089,4.5107,4.6006,4.5535
2006,4,483,4.7,4.5,4.4,4.3,4.3,4.3
2006,4,484,4.7,4.7,4.8,4.7,4.8,4.7
2006,4,497,4.7,4.6555,4.795,4.9394,5.023,5.1267
2006,4,498,4.7,4.8,5.0,5.3,5.5,5.8
2006,4,504,4.6751,4.74,4.8581,4.9982,5.0895,5.1632
2006,4,506,4.7,4.5333,4.7049,4.8008,4.897,4.9467
2006,4,507,4.7,4.5333,4.7333,4.6667,4.6,4.5
2006,4,510,4.7,4.6,4.7,5.0,5.1,5.3
2006,4,512,4.7,4.6,4.7,4.8,4.9,5.0
2006,4,516,4.7,4.5667,4.77,4.68,4.59,4.5
2006,4,520,4.7,4.8,5.0,5.0,5.0,4.8
2006,4,521,4.7,4.7,4.7,4.7,4.7,4.8
2006,4,523,4.7,4.4,4.5,4.7,4.8,4.8
2006,4,524,4.7,4.8,4.6616,4.9,4.982,5.0
2006,4,526,4.7,4.9,5.1,5.1,5.1,5.1
2006,4,527,4.7,4.8,4.8,4.8,4.8,4.9
2006,4,528,4.7,4.5,4.7,4.8,4.9,4.9
2006,4,531,4.7,4.9,5.1,5.1,5.2,5.5
2006,4,532,4.7,4.5,4.5,4.6,4.6,4.7
2006,4,535,4.7,4.5,4.6,4.7,4.8,4.9
2006,4,536,4.7,4.6565,4.8056,4.9506,5.0244,5.1128
2006,4,539,4.7,4.5,4.5,4.5,4.5,4.5
2006,4,540,4.7,4.4,4.8,4.9,5.1,5.15
2006,4,541,4.7,4.4,4.4,4.3,4.4,4.5
2006,4,542,4.7,4.5,4.5,4.4,4.4,4.4
2006,4,543,4.7,4.6571,4.7864,4.9294,5.0037,5.0898
2006,4,544,4.7,4.6,4.7,4.8,4.9,5.0
2006,4,546,4.7,4.5,4.4,4.4,4.3,4.3
2006,4,548,4.7,4.7754,4.8335,4.8989,4.952,4.9913
2006,4,549,4.7,4.5,4.7,4.8,4.9,5.1
2006,4,550,4.7,4.3,4.5,5.0,5.2,5.4
2006,4,551,4.7,4.856,4.9098,4.8116,4.6658,4.62
2007,1,20,4.5,4.5,4.5,4.5,4.5,4.4
2007,1,84,4.5,4.5,4.4,4.4,4.4,
2007,1,405,4.5,4.6,4.7,4.7,4.8,4.9
2007,1,407,4.5,4.5,4.6,4.7,4.8,4.836
2007,1,411,4.5,4.6,4.7,4.7,4.8,4.8
2007,1,420,4.5,4.7,4.8,4.8,5.0,5.0
2007,1,421,4.5,4.5,4.5,4.4,4.5,4.5
2007,1,424,4.5,4.7,4.8,4.8,4.8,
2007,1,426,4.5,4.7,4.8,4.9,4.9,4.9
2007,1,428,4.5,4.62,4.72,4.79,4.82,4.79
2007,1,431,4.5,4.6,4.8,4.8,4.9,5.0
2007,1,433,4.5,4.6,4.8,4.9,5.0,5.0
2007,1,446,4.4667,4.6,4.7,4.8,4.9,4.9
2007,1,448,4.5,4.7,4.8,4.8,4.8,4.8
2007,1,456,4.459,4.6,4.8,5.0,5.1,5.2
2007,1,463,4.5,4.5,4.4,4.4,4.3,4.3
2007,1,472,4.5,4.5761,4.5009,4.5158,4.4653,4.4539
2007,1,483,4.5,4.6,4.7,4.6,4.5,4.4
2007,1,484,4.5,4.6,4.7,4.6,4.6,4.8
2007,1,497,4.5,4.6026,4.7947,4.8636,4.9417,5.0069
2007,1,504,4.5,4.5951,4.6897,4.7762,4.8379,4.9716
2007,1,507,4.5,4.6333,4.6333,4.5667,4.4667,4.4667
2007,1,508,4.5,4.4592,4.5233,4.4716,4.4679,4.318
2007,1,510,4.5,4.6,4.8,5.0,5.1,5.0
2007,1,512,4.5,4.6,4.7,4.7,4.8,4.8
2007,1,516,4.5,4.6,4.57,4.48,4.39,4.3
2007,1,518,4.5,4.5543,4.7204,4.7953,4.8205,4.8229
2007,1,519,4.5,4.6,4.7,4.7,4.6,4.6
2007,1,520,4.5,4.8,4.9,4.9,5.0,5.1
2007,1,521,4.5,4.6,4.7,4.7,4.7,4.8
2007,1,524,4.5,4.6,4.7,4.8,4.8,4.8
2007,1,526,4.5,4.8,4.9,5.0,5.1,5.1
2007,1,527,4.5,4.6,4.7,4.7,4.8,4.8
2007,1,528,4.5,4.7,4.8,4.9,5.0,5.0
2007,1,532,4.5,4.6,4.6,4.7,4.7,
2007,1,533,4.5,4.6,4.8,4.8,4.8,4.8
2007,1,535,4.5,4.6,4.6,4.7,4.7,4.7
2007,1,536,4.5,4.5979,4.698,4.7198,4.8027,4.8713
2007,1,539,4.5,4.5,4.4,4.4,4.3,
2007,1,540,4.5,4.6,4.7,4.8,4.9,5.0
2007,1,541,4.5,4.5,4.6,4.6,4.5,
2007,1,542,4.5,4.5,4.4,4.3,4.3,4.4
2007,1,543,4.5,4.5924,4.6861,4.7196,4.7994,4.9119
2007,1,544,4.5,4.6,4.7,4.8,4.9,4.9
2007,1,546,4.5,4.6,4.6,4.5,4.5,4.5
2007,1,548,4.5,4.69,4.89,4.97,4.99,4.96
2007,1,549,4.5,4.6,4.7,4.8,5.0,5.2
2007,1,551,4.5,4.6,4.6,4.6,4.6,4.6
2007,1,552,4.5,4.6,4.7,4.7,4.7,4.6
2007,2,20,4.5,4.4,4.4,4.4,4.3,4.3
2007,2,65,4.5,4.7,4.8,4.9,5.0,5.1
2007,2,84,4.5,4.5,4.6,4.6,4.7,4.7
2007,2,99,4.5,4.6,4.7,4.8,4.9,4.9
2007,2,405,4.5,4.6,4.7,4.8,4.9,4.7
2007,2,407,4.5,4.4,4.6,4.6,4.6,4.7
2007,2,411,4.5,4.5,4.6,4.7,4.8,4.8
2007,2,420,4.5,4.5,4.6,4.7,4.8,4.8
2007,2,421,4.5,4.5,4.4,4.5,4.5,4.6
2007,2,422,4.5,4.6,4.6,4.8,5.1,5.0
2007,2,423,4.5,4.6044,4.6493,4.6824,4.7044,4.719
2007,2,424,4.5,4.6,4.7,4.8,4.8,4.8
2007,2,426,4.5,4.7,4.9,4.9,4.9,4.9
2007,2,429,4.5,4.5,4.6,4.6,4.7,4.7
2007,2,431,4.5,4.6,4.7,4.8,4.9,4.9
2007,2,439,4.5,4.4333,4.4,4.4,4.46,4.55
2007,2,446,4.5,4.6,4.7,4.8,4.8,4.8
2007,2,456,4.5,4.6,4.8,5.0,5.1,5.2
2007,2,463,4.5,4.4,4.4,4.4,4.4,4.3
2007,2,472,4.5,4.4676,4.5607,4.5566,4.6452,4.5068
2007,2,483,4.5,4.5,4.4,4.4,4.4,4.4
2007,2,484,4.5,4.6,4.6,4.6,4.5,4.6
2007,2,497,4.5,4.5736,4.613,4.737,4.8185,4.8786
2007,2,498,4.5,4.6,4.8,4.9,,
2007,2,506,4.5,4.5667,4.7591,4.8055,4.8697,4.8847
2007,2,507,4.5,4.6,4.7,4.6,4.6,4.5
2007,2,508,4.5,4.4122,4.3676,4.3807,4.3955,4.2851
2007,2,510,4.5,4.6,4.7,4.8,5.0,5.0
2007,2,512,4.5,4.6,4.7,4.7,4.8,4.8
2007,2,516,4.5,4.4,4.34,4.25,4.16,4.07
2007,2,518,4.5,4.8219,4.8871,5.0184,5.0862,4.9353
2007,2,519,4.5,4.6,4.7,4.7,4.7,4.7
2007,2,520,4.5,4.9,5.0,5.1,5.1,5.0
2007,2,521,4.5,4.6,4.7,4.7,4.8,4.8
2007,2,524,4.5,4.7,4.8159,4.9,4.8,4.9
2007,2,526,4.5,4.5,4.6,4.6,4.5,4.5
2007,2,527,4.5,4.5,4.6,4.7,4.7,4.7
2007,2,528,4.5,4.6,4.8,4.8,4.9,5.0
2007,2,531,4.5,4.7,4.8,4.9,,
2007,2,532,4.5,4.6,4.7,4.7,4.7,
2007,2,535,4.5,4.5,4.5,4.6,4.6,4.6
2007,2,539,4.5,4.4,4.4,4.3,4.3,4.3
2007,2,540,4.5,4.5,4.6,4.7,4.8,4.9
2007,2,541,4.5,4.5,4.5,4.4,4.3,4.2
2007,2,542,4.5,4.4,4.3,4.3,4.2,4.2
2007,2,543,4.5,4.5307,4.6576,4.8329,4.9055,4.9362
2007,2,544,4.5,4.6,4.7,4.8,4.9,4.8
2007,2,546,4.5,4.5,4.5,4.5,4.4,4.4
2007,2,548,4.5,4.5735,4.7759,4.8347,4.9084,4.9265
2007,2,549,4.5,4.6,4.8,5.0,5.2,5.4
2007,2,550,4.5,4.4,4.6,4.8,4.9,5.2
2007,2,551,4.5,4.4851,4.4756,4.468,4.461,4.4537
2007,2,552,4.5,4.7,4.8,4.9,4.9,4.8
2007,3,20,4.5,4.5,4.5,4.4,4.4,4.4
2007,3,65,4.5,4.5,4.7,4.7,4.8,4.7
2007,3,84,4.5,4.6,4.6,4.6,4.6,4.7
2007,3,411,4.5,4.6,4.7,4.7,4.8,4.8
2007,3,420,4.5,4.6,4.7,4.8,4.8,4.8
2007,3,422,4.6,4.7,4.9,5.1,5.2,5.2
2007,3,424,4.5,4.6,4.7,4.7,4.6,4.6
2007,3,426,4.5,4.7,4.8,4.9,4.8,4.7
2007,3,428,4.5,4.63,4.74,4.79,4.78,4.75
2007,3,429,4.5,4.7,4.7,4.8,4.7,4.7
2007,3,431,4.5,4.6,4.6,4.7,4.7,4.7
2007,3,433,4.5,4.6,4.7,4.9,4.9,5.0
2007,3,446,4.5,4.6,4.7,4.7,4.8,4.8
2007,3,456,4.5,4.5,4.6,4.7,4.7,4.8
2007,3,463,4.5,4.5,4.5,4.4,4.4,4.4
2007,3,472,4.5,4.6094,4.6302,4.7386,4.6188,4.7151
2007,3,483,4.5,4.4,4.4,4.4,4.4,4.3
2007,3,484,4.5,4.6,4.7,4.6,4.5,4.5
2007,3,497,4.5,4.6,4.7,4.8,4.8,4.9
2007,3,504,4.5,4.7142,4.7142,4.7142,4.7142,4.7142
2007,3,506,4.5,4.7,4.8,4.8,4.9,4.9
2007,3,507,4.5,4.5667,4.6333,4.6,4.5,4.5
2007,3,508,4.5,4.4808,4.4298,4.2879,4.0972,4.028
2007,3,510,4.5,4.7,4.8,4.9,4.9,4.9
2007,3,512,4.5,4.6,4.7,4.7,4.8,4.8
2007,3,516,4.5,4.44,4.35,4.26,4.17,4.08
2007,3,518,4.5,4.6918,4.7587,4.8348,4.8764,4.8852
2007,3,519,4.5,4.6,4.8,4.8,4.8,4.7
2007,3,521,4.5,4.5,4.6,4.6,4.6,4.6
2007,3,524,4.5,4.7,4.7754,4.8,4.802,4.8
2007,3,526,4.5,4.6,4.6,4.7,4.7,4.6
2007,3,527,4.5,4.6,4.6,4.6,4.7,4.8
2007,3,528,4.5,4.6,4.7,4.7,4.8,4.8
2007,3,531,4.5,4.7,4.8,4.8,4.7,4.7
2007,3,532,4.5,4.6,4.6,4.6,4.6,
2007,3,533,4.5,4.7,4.8,4.8,4.8,4.8
2007,3,535,4.5,4.6,4.6,4.6,4.5,4.5
2007,3,538,4.5,4.5,4.6,4.6,4.7,4.8
2007,3,540,4.5,4.7,4.7,4.8,5.0,5.2
2007,3,541,4.5,4.5,4.4,4.3,4.2,4.1
2007,3,542,4.5,4.5,4.4,4.3,4.2,4.3
2007,3,543,4.5,4.5561,4.6546,4.722,4.7854,4.7443
2007,3,544,4.5,4.6,4.7,4.7,4.7,4.7
2007,3,546,4.5,4.6,4.7,4.6,4.6,4.5
2007,3,548,4.5,4.7759,4.8347,4.9084,4.9265,4.8994
2007,3,549,4.5,4.7,4.7,4.8,5.0,5.1
2007,3,551,4.5,4.5001,4.4999,4.5017,4.5041,4.5113
2007,3,552,4.5,4.6,4.7,4.7,4.6,4.6
2007,3,554,4.5,4.678,4.832,4.997,5.161,5.324
2007,4,20,4.6,4.5,4.5,4.5,4.5,4.5
2007,4,84,4.6,4.7,4.8,4.8,4.8,4.8
2007,4,407,4.6,4.7,4.7,4.797,4.864,4.876
2007,4,411,4.6,4.8,5.0,5.0,5.0,5.0
2007,4,420,4.6,4.7,4.8,4.8,4.9,4.9
2007,4,421,4.7,4.8,4.9,5.0,5.1,4.9
2007,4,422,4.6,4.7,4.9,5.1,5.2,5.2
2007,4,424,4.6,4.7,4.8,4.8,4.8,4.8
2007,4,428,4.6,4.83,4.98,5.08,5.09,5.04
2007,4,429,4.6,4.8,4.9,5.0,5.1,5.1
2007,4,431,4.6,4.6,4.7,4.8,4.9,4.8
2007,4,446,4.6,4.7,4.8,4.8,4.9,4.9
2007,4,448,4.7,4.8,4.9,5.0,5.1,5.2
2007,4,456,4.6,4.8,4.9,5.1,5.2,5.2
2007,4,463,4.6,4.7,4.8,4.8,4.8,4.7
2007,4,472,4.6,4.7,4.8,4.7333,4.7667,4.7
2007,4,483,4.6,4.7,4.8,4.9,5.0,5.0
2007,4,484,4.6,4.7,4.7,4.6,4.6,4.5
2007,4,498,4.6,4.7,5.1,5.2,5.6,5.8
2007,4,504,4.6,4.7954,4.8914,4.9666,5.0426,5.1194
2007,4,507,4.6,4.7,4.8,4.7,4.7,4.8
2007,4,508,4.6,4.7793,4.8892,4.9726,4.8832,5.0892
2007,4,510,4.6,4.8,4.9,4.9,4.9,5.0
2007,4,512,4.6,4.7,4.8,4.8,4.9,4.9
2007,4,516,4.6,4.8,4.9433,4.98,4.92,4.83
2007,4,518,4.6,4.6606,4.7143,4.7639,4.7854,4.7754
2007,4,519,4.6,4.7,4.8,4.8,4.8,4.8
2007,4,520,4.6,5.0,5.1,5.0,5.0,5.0
2007,4,521,4.6,4.7,4.8,4.9,5.0,5.1
2007,4,524,4.6,4.8,4.9244,5.0,5.0075,5.0
2007,4,526,4.6,4.6,4.7,4.7,4.8,4.8
2007,4,527,4.6,4.8,4.9,5.1,5.2,5.2
2007,4,528,4.6,4.7,4.8,4.9,5.0,5.0
2007,4,532,4.6,4.7,4.9,5.0,5.0,
2007,4,535,4.6,4.8,4.8,4.7,4.7,4.6
2007,4,539,4.6,4.7,4.7,4.7,4.7,4.7
2007,4,540,4.6,4.8,4.9,5.0,5.2,5.2
2007,4,542,4.6,4.7,4.7,4.6,4.5,4.4
2007,4,543,4.6,4.7453,4.952,5.0557,5.1041,5.1431
2007,4,544,4.6,4.7,4.8,4.9,5.1,5.1
2007,4,546,4.6,4.9,5.0,5.0,4.9,4.8
2007,4,548,4.6,4.7792,4.791,4.7852,4.7526,4.6915
2007,4,549,4.7,4.8,4.9,5.0,5.2,5.5
2007,4,550,4.6,4.7,4.8,4.8,4.9,5.0
2007,4,552,4.6,4.8,4.9,5.0,5.1,5.1
2007,4,553,4.6,4.7,4.8,4.8,5.0,5.0
2007,4,554,4.6,4.8,5.0,5.1,5.2,5.0
2007,4,555,4.6,4.8,4.9,5.1,5.2,5.1
2008,1,99,4.8,5.0,4.9,4.9,5.1,5.1
2008,1,407,4.8,4.9,5.0,5.2,5.3,5.4
2008,1,411,4.8,5.0,5.2,5.3,5.1,5.0
2008,1,420,4.8,5.0,5.3,5.5,5.7,5.6
2008,1,421,4.8,4.9,5.1,5.2,5.1,5.0
2008,1,422,4.8,5.1,5.5,6.0,6.2,6.2
2008,1,423,4.8,5.05,5.17,5.26,5.32,5.35
2008,1,424,4.8,5.0,5.2,5.3,5.4,
2008,1,426,4.8,5.0,5.1,5.2,5.1,5.0
2008,1,431,4.8,5.0,5.2,5.4,5.4,5.3
2008,1,446,4.8,5.1,5.2,5.3,5.4,5.4
2008,1,448,4.8,5.0,5.1,5.2,5.3,5.3
2008,1,463,4.8,5.0,5.0,5.0,5.0,4.9
2008,1,472,4.8,4.8667,4.8333,4.8667,4.9,
2008,1,483,4.8,5.0,5.4,5.7,6.0,6.2
2008,1,484,4.8,5.0,5.1,5.3,5.1,5.1
2008,1,498,4.8,5.3,5.4,5.6,5.8,
2008,1,504,4.8,4.9231,4.9844,5.0599,5.0399,5.1355
2008,1,507,4.8,5.0,5.2333,5.3667,5.2,4.9
2008,1,508,4.8,5.1908,5.4752,5.5303,5.6974,5.2741
2008,1,510,4.8,4.9,5.1,5.1,5.0,5.0
2008,1,512,4.8,4.9,4.9,4.9,4.9,5.0
2008,1,516,4.8,5.1,5.25,5.4,5.5,5.53
2008,1,518,4.8,5.2499,5.445,5.5001,5.5518,5.4905
2008,1,519,4.8,4.9,5.2,5.2,5.1,5.0
2008,1,520,4.8,5.0,5.1,5.2,5.3,5.2
2008,1,521,4.8,5.0,5.2,5.3,5.4,5.5
2008,1,523,4.8,4.8,4.63,4.6,4.5,4.5
2008,1,524,4.8,4.9,4.9984,5.1,5.1719,5.2
2008,1,526,4.8,5.0,5.1,5.1,5.1,
2008,1,527,4.8,5.0,5.5,5.8,6.0,5.8
2008,1,528,4.8,5.1,5.3,5.5,5.5,5.3
2008,1,531,4.8,4.9,4.9,4.8,4.7,4.6
2008,1,532,4.8,5.0,5.1,5.0,5.0,5.0
2008,1,535,4.8,5.0,5.25,5.4,5.4,5.3
2008,1,539,4.8,5.0,5.1,5.2,5.2,
2008,1,540,4.8,5.0,5.2,5.4,5.6,5.6
2008,1,541,,,,,,
2008,1,542,4.8,5.0,5.0,4.9,4.8,4.7
2008,1,543,4.8,5.061,5.3338,5.5867,5.6782,5.5895
2008,1,546,4.8,5.1,5.4,5.5,5.5,5.5
2008,1,548,4.8,4.8519,4.9697,4.9398,4.8511,4.7677
2008,1,549,4.8,5.0,5.1,5.3,5.6,
2008,1,550,4.8,5.0,5.1,5.2,5.3,5.2
2008,1,551,4.8,5.0,5.1,5.1,5.2,5.1
2008,1,552,4.8,5.1,5.3,5.4,5.5,5.5
2008,1,553,4.8,5.0,5.1,5.2,5.1,5.0
2008,1,554,4.8,5.0,5.3,5.2,5.1,5.0
2008,1,555,4.8,5.0,5.3,5.4667,5.2333,5.0667
2008,1,557,4.8,4.935,5.05,5.145,5.24,5.355
2008,2,20,4.9,5.1,5.1,5.0,4.9,4.1
2008,2,84,4.9,5.1,5.3,5.4,5.4,5.5
2008,2,407,4.9,5.116,5.408,5.563,5.603,5.628
2008,2,411,4.9,5.0,5.0,5.1,5.2,5.3
2008,2,421,4.9,5.2,5.5,5.4,5.3,5.2
2008,2,422,4.9,5.1,5.4,5.6,6.0,6.1
2008,2,424,4.9,5.2,5.6,5.9,,
2008,2,426,4.9,5.2,5.4,5.5,5.7,4.9
2008,2,428,4.9,5.35,5.62,5.81,5.96,6.03
2008,2,429,4.9,5.1,5.3,5.5,5.6,5.6
2008,2,431,4.9,5.2,5.4,5.5,5.5,5.6
2008,2,446,4.9,5.2,5.4,5.6,5.7,5.7
2008,2,463,4.9,5.1,5.3,5.4,5.4,5.4
2008,2,472,4.9,5.0,5.2667,5.4,5.5667,5.6667
2008,2,483,4.9,5.2,5.5,5.8,6.1,6.2
2008,2,484,4.9,5.0,5.1,5.1,5.0,5.0
2008,2,504,4.9,5.2741,5.5687,5.7228,5.8578,5.9899
2008,2,506,4.9,5.1333,5.339,5.5143,5.7304,5.8406
2008,2,507,4.9,5.1,5.2667,5.4333,5.4333,5.3333
2008,2,508,4.9,5.3408,5.5333,5.8467,5.4825,5.115
2008,2,510,4.9,5.1,5.1,5.0,5.0,5.1
2008,2,512,4.9,5.1,5.2,5.2,5.2,5.2
2008,2,516,4.9,5.1,5.4,5.7,6.0,6.2567
2008,2,519,4.9,5.03,5.1372,5.1558,5.1857,5.1502
2008,2,520,4.9,5.1,5.2,5.3,5.3,5.3
2008,2,521,4.9,5.2,5.5,5.8,6.0,6.1
2008,2,523,4.9,5.1,5.1,5.0,5.0,4.9
2008,2,524,4.9,5.2,5.2775,5.3,5.3544,5.4
2008,2,526,4.9,5.0,5.1,5.1,5.0,5.0
2008,2,528,4.9,5.3,5.5,5.6,5.7,5.7
2008,2,530,,,,,,
2008,2,531,4.9,5.2,5.4,5.5,,
2008,2,532,4.9,5.1,5.2,5.3,5.4,
2008,2,535,4.9,5.1,5.3,5.4,5.5,5.4
2008,2,540,4.9,5.2,5.4,5.6,5.7,6.0
2008,2,541,4.9,5.2,5.4,5.5,5.3,5.2
2008,2,542,4.9,5.2,5.3,5.2,5.1,5.0
2008,2,543,4.9,5.1891,5.5022,5.6442,5.6107,5.6802
2008,2,544,4.9,5.3,5.5,5.7,5.7,5.6
2008,2,546,4.9,5.3,5.5,5.7,5.8,5.8
2008,2,548,4.9,5.2552,5.4045,5.4589,5.5908,5.648
2008,2,549,4.9,5.1,5.3,5.4,5.5,
2008,2,550,4.9,5.1,5.2,5.4,5.4,5.3
2008,2,551,4.9,5.0,5.1,5.1,5.0,5.0
2008,2,552,4.9,5.2,5.4,5.6,5.7,5.8
2008,2,553,4.9,5.2,5.4,5.5,5.5,5.6
2008,2,554,4.9,5.1,5.3,5.1,5.0,4.9
2008,2,555,4.9,5.2,5.5,5.7,5.8,5.9
2008,2,556,4.9,5.2026,5.6065,5.8844,5.9553,5.9477
2008,2,557,4.9,5.035,5.14,5.245,5.33,5.405
2008,3,20,5.3,5.3,5.4,5.4,5.4,5.4
2008,3,84,5.3,5.7,5.8,6.0,6.1,6.2
2008,3,99,5.3,5.7,5.8,5.8,5.9,5.8
2008,3,407,5.3,5.721,5.91,5.955,6.013,6.132
2008,3,411,5.3,5.8,6.0,6.2,6.3,6.3
2008,3,420,5.3,5.8,6.0,6.0,5.9,5.7
2008,3,421,5.3,5.5,5.8,6.0,5.9,5.7
2008,3,424,5.3,5.5,5.8,5.9,6.0,6.0
2008,3,426,5.3,5.4,5.5,5.7,4.9,4.9
2008,3,428,5.3,5.84,6.05,6.25,6.34,6.33
2008,3,431,5.3,5.7,5.9,6.1,6.5,6.6
2008,3,446,5.3,5.8,5.9,6.0,6.1,6.0
2008,3,463,5.3,5.7,5.9,5.9,5.9,5.9
2008,3,472,5.3,5.6667,5.8,5.9,6.0,6.1
2008,3,483,5.3,5.8,6.3,6.6,6.8,7.0
2008,3,484,5.3,5.6,5.5,5.3,5.2,5.1
2008,3,497,5.3,5.6675,5.7512,5.8825,6.0363,6.0937
2008,3,504,5.3,5.8046,6.1396,6.3194,6.4667,6.5685
2008,3,510,5.3,5.7,5.7,5.8,5.8,5.8
2008,3,512,5.3,5.7,5.8,5.9,5.9,5.8
2008,3,516,5.3,5.4,5.7,6.0,6.2567,6.21
2008,3,518,5.3,5.5504,5.7885,6.001,6.1177,6.2298
2008,3,519,5.3,5.6,5.7,5.8,5.7,5.6
2008,3,520,5.3,5.8,5.8,5.8,5.6,5.5
2008,3,521,5.3,5.5,5.8,6.0,6.1,6.2
2008,3,523,5.3,5.6,5.01,4.89,4.71,4.63
2008,3,526,5.3,5.1,5.0,4.9,4.8,4.8
2008,3,527,5.3,5.8,6.3,6.5,6.8,6.5
2008,3,528,5.3,5.7,5.8,5.9,6.0,6.0
2008,3,532,5.3,5.7,5.7,6.0,6.2,
2008,3,533,5.3,5.7,6.0,6.4,6.6,6.7
2008,3,535,5.3,5.7,5.8,6.0,5.9,5.8
2008,3,540,5.3,5.8,6.0,6.2,6.4,6.5
2008,3,541,5.3,5.7,5.9,6.0,6.0,5.7
2008,3,542,5.3,5.7,5.8,5.7,5.6,5.5
2008,3,543,5.3,5.7932,6.0622,6.3049,6.48,6.5791
2008,3,546,5.3,5.8,6.0,6.2,6.3,6.3
2008,3,548,5.3,5.3,5.4,5.6,5.7,5.8
2008,3,549,5.3,5.7,5.7,5.9,5.9,6.0
2008,3,552,5.3,5.6,5.8,6.0,6.1,6.1
2008,3,553,5.3,5.6,5.8,5.9,5.9,5.9
2008,3,554,5.317,5.758,5.672,5.426,5.179,4.932
2008,3,555,5.3,5.7,5.8,6.0,6.1,6.2
2008,3,556,5.3,5.679,5.9739,6.0435,6.0302,6.1763
2008,3,557,5.3,5.74,5.84,5.93,6.0,6.1
2008,3,559,5.3,5.7,5.8,6.0,6.3,6.5
2008,3,561,5.3,5.6,5.9,6.1,6.1,6.1
2008,4,84,6.0,6.8,7.0,7.2,7.4,7.6
2008,4,99,6.0,6.5,6.8,7.1,7.3,7.5
2008,4,407,5.967,6.5,6.788,7.447,7.739,7.69
2008,4,411,6.0,6.7,7.2,7.5,7.6,7.6
2008,4,420,6.0,6.7,6.9,7.4,7.6,7.7
2008,4,421,6.0,6.5,6.8,7.1,7.2,7.0
2008,4,423,6.0,6.6,6.9,7.1,7.3,7.4
2008,4,426,6.0,6.7,7.1,7.4,7.4,7.1
2008,4,428,6.0,6.25,6.72,7.2,7.56,7.74
2008,4,429,6.0,6.7,7.3,7.7,7.8,8.0
2008,4,431,6.0,6.7,7.3,7.9,8.1,8.1
2008,4,433,6.0,6.7,7.2,7.4,7.6,7.7
2008,4,446,6.0,6.5,7.0,7.2,7.4,7.5
2008,4,463,6.0,6.7,7.2,7.6,7.8,7.8
2008,4,472,6.0,6.8,7.4667,7.7667,7.9,7.7333
2008,4,483,6.0,6.6452,7.1578,7.5284,7.828,8.0115
2008,4,484,6.0,6.5,6.7,6.9,7.0,7.0
2008,4,497,6.0,6.6537,7.2612,7.6961,7.9509,8.1253
2008,4,504,6.0,6.321,6.6797,7.0808,7.5021,7.8096
2008,4,506,6.0,6.5,7.1233,7.6534,7.9517,8.1406
2008,4,507,6.0,6.5667,6.8,7.1,7.4,7.6667
2008,4,508,6.0,6.8262,7.6692,7.8615,8.0214,8.0099
2008,4,510,6.0,6.5,6.8,6.8,6.8,6.7
2008,4,512,6.0,6.5,6.9,7.1,7.3,6.9
2008,4,516,6.0,6.4,6.9667,7.3,7.6,7.9
2008,4,518,6.0,6.2817,6.6461,7.1062,7.3211,7.6826
2008,4,519,6.0,6.5,7.1,7.4,7.5,7.6
2008,4,520,6.0,6.6,6.8,6.9,7.0,6.9
2008,4,524,6.0,6.4,6.9803,7.5,7.5957,7.5
2008,4,527,6.0,6.5,7.0,7.5,8.0,8.3
2008,4,528,6.0,6.7,7.3,7.5,7.7,7.7
2008,4,531,6.0,6.7,7.1,7.3,7.1,6.8
2008,4,532,6.0,6.5,6.9,7.2,7.5,7.9
2008,4,535,6.0,6.8,7.3,7.5,7.6,7.7
2008,4,538,6.0,6.7,7.1,7.4,7.6,7.7
2008,4,540,6.0,6.6,6.9,7.3,7.6,7.8
2008,4,542,6.0,6.7,7.2,7.5,7.6,7.5
2008,4,543,6.0,6.6537,7.2608,7.7383,8.0155,8.1989
2008,4,544,6.0,6.6,7.3,7.8,7.9,7.8
2008,4,546,6.0,6.5,7.0,7.4,7.6,7.7
2008,4,548,6.0,6.7265,7.5674,8.1997,8.5904,8.8394
2008,4,549,6.0,6.6,6.9,7.0,7.1,7.3
2008,4,551,6.0,6.6,6.8,6.9,7.1,7.4
2008,4,552,6.0,6.5,6.9,7.4,7.7,7.7
2008,4,553,6.0,6.6,6.9,7.4,7.7,7.8
2008,4,554,6.0,6.8,7.3,7.8,7.5,7.1
2008,4,555,6.0,6.5,7.2,7.7,8.0,8.3
2008,4,556,6.0,6.4962,6.714,6.99,7.1568,7.2296
2008,4,557,6.0,6.7133,7.9267,8.28,8.49,8.7
2008,4,560,6.0,7.5,8.0,7.0,5.5,5.0
2008,4,561,6.0,6.5,6.9,7.3,7.5,7.6
2009,1,411,6.9,8.0,8.6,8.7,8.8,8.7
2009,1,420,6.9,7.5,8.0,8.2,8.3,8.2
2009,1,421,6.9,7.4,7.8,8.3,8.3,8.2
2009,1,423,6.9,7.78,8.3,8.7,9.01,9.24
2009,1,424,6.9,7.7,8.3,8.8,9.0,
2009,1,426,6.9,7.6,8.4,8.9,9.2,9.8
2009,1,428,6.9,7.76,8.43,8.79,9.07,9.31
2009,1,431,6.9,7.9,8.8,9.5,9.8,9.8
2009,1,446,6.9,7.9,8.4,8.6,8.7,8.8
2009,1,463,6.9,7.9,8.8,9.2,9.3,9.2
2009,1,472,6.9,7.8,8.6667,9.0667,9.2,9.4
2009,1,483,6.9,7.9734,8.9596,9.7141,10.1199,10.2536
2009,1,484,6.9,7.2,7.6,7.9,7.9,7.8
2009,1,504,6.9,7.6006,8.039,8.7509,9.3309,9.6572
2009,1,506,6.9,7.9,8.5,9.0,9.3,9.4
2009,1,507,6.9,7.7,8.0333,8.3,8.6,8.6333
2009,1,508,6.9,7.5555,8.1786,8.7404,9.052,8.8573
2009,1,510,6.9,7.6,7.6,7.6,7.5,7.4
2009,1,512,6.9,7.8,8.1,8.6,8.8,8.6
2009,1,516,6.9,7.63,8.275,8.71,9.04,9.37
2009,1,518,6.9,7.5047,8.3755,8.9908,9.4889,9.8717
2009,1,520,6.9,7.8,8.1,8.5,8.8,8.8
2009,1,524,6.9,7.6,8.2414,8.8,9.0346,9.1
2009,1,526,6.9,7.5,8.0,7.2,6.8,6.4
2009,1,528,6.9,7.9,8.2,8.5,8.6,8.7
2009,1,532,6.9,7.8,8.5,8.8,9.2,
2009,1,535,6.9,7.9,8.4,8.7,8.8,8.8
2009,1,538,6.9,7.9,8.4,8.7,8.9,
2009,1,540,6.9,7.7,8.0,8.3,8.5,8.4
2009,1,541,6.9,7.9,8.6,8.9,8.7,8.5
2009,1,542,6.9,7.7,8.3,8.5,8.5,8.4
2009,1,543,6.9,7.7672,8.2949,8.7949,9.1799,9.4626
2009,1,544,6.9,7.8,8.2,8.7,9.0,9.1
2009,1,546,6.9,7.9,8.4,8.8,8.9,9.0
2009,1,548,6.9,7.6046,8.3214,8.7406,8.9642,9.0213
2009,1,549,6.9,7.9,8.3,8.6,8.9,9.0
2009,1,552,6.9,7.9,8.5,8.7,8.8,8.9
2009,1,553,6.9,7.9,8.5,9.0,9.1,9.2
2009,1,555,6.9,7.7,8.3,8.9,9.3,9.5
2009,1,556,6.9,7.8145,8.3452,8.2673,8.2405,8.2405
2009,1,557,6.8667,7.9,8.8,9.7,10.6,10.7
2009,1,559,6.8,7.4,8.1,8.4,8.6,8.5
2009,1,560,6.9,8.9,9.1,9.2,8.4,7.5
2009,2,20,8.1,8.5,9.1,9.1,9.2,9.2
2009,2,84,8.1,9.2,9.8,10.1,10.3,10.4
2009,2,407,8.1,9.034,9.398,9.479,9.543,9.418
2009,2,411,8.1,9.0,9.2,9.3,9.4,9.4
2009,2,420,8.1,9.3,9.6,9.8,9.6,9.4
2009,2,421,8.1,9.3,9.8,9.4,9.3,9.1
2009,2,423,8.1,9.1566,9.8401,10.3527,10.7026,10.8985
2009,2,424,8.1,9.0,9.5,9.8,,
2009,2,426,8.1,8.4,8.9,9.2,9.8,9.4
2009,2,428,8.1,9.07,9.61,9.8,9.82,9.75
2009,2,431,8.1,9.1,9.9,9.9,9.9,9.8
2009,2,433,8.1,9.0,9.7,10.0,10.2,10.0
2009,2,446,8.1,9.0,9.3,9.5,9.6,9.5
2009,2,463,8.1,9.2,10.1,10.4,10.3,10.0
2009,2,472,8.1,9.1667,9.6667,9.7,9.7333,9.4
2009,2,483,8.1,9.3982,10.3803,10.7831,10.9159,10.96
2009,2,484,8.1,8.9,9.6,10.1,9.8,9.4
2009,2,498,8.1,9.3,9.8,10.0,10.0,10.1
2009,2,504,8.1,9.189,9.3602,9.7736,9.9408,9.8674
2009,2,506,8.1,9.2,9.6,9.9,10.1,10.2
2009,2,507,8.1,9.1333,9.5,9.7667,10.0333,9.8
2009,2,508,8.1,8.9947,9.7483,10.0946,9.895,9.5938
2009,2,510,8.1,8.6,8.6,8.8,8.8,8.9
2009,2,512,8.1,9.2,9.8,10.0,10.0,9.7
2009,2,516,8.1,8.94,9.49,9.82,10.15,10.3
2009,2,518,8.1,8.9658,9.6704,10.207,10.5673,10.8177
2009,2,520,8.1,9.3,9.6,9.7,9.7,9.5
2009,2,523,8.1,8.8,8.2,7.8,7.3,7.1
2009,2,524,8.1,8.9964,9.6211,9.9278,10.0384,9.638
2009,2,526,8.0667,9.0,10.0,9.5,8.5,7.5
2009,2,527,8.1,9.0,9.5,9.8,10.0,9.8
2009,2,528,8.1,8.8,9.5,9.8,9.9,9.8
2009,2,531,8.1,8.6,9.1,9.3,9.0,8.8
2009,2,535,8.1,9.1,9.4,9.5,9.4,9.2
2009,2,538,8.1,9.2,9.8,10.1,10.4,10.4
2009,2,540,8.1,9.1,9.3,9.5,9.5,9.3
2009,2,541,8.1,9.0,9.5,9.9,10.0,9.9
2009,2,542,8.1,9.1,9.5,9.8,9.7,9.6
2009,2,543,8.1,8.9991,9.394,9.6166,9.621,9.7158
2009,2,544,8.1,9.1,9.3,9.6,9.7,9.7
2009,2,546,8.1,9.2,9.6,9.8,9.8,9.7
2009,2,548,8.1,9.1703,9.5936,9.9198,10.1151,10.1856
2009,2,549,8.1,9.0,9.4,9.7,9.8,9.7
2009,2,551,,,,,,
2009,2,553,8.1,8.8,9.4,9.8,9.8,9.8
2009,2,555,8.1,9.2,9.9,10.3,10.6,10.6
2009,2,556,8.1,9.1432,9.5285,9.5285,9.4285,9.2785
2009,2,557,8.1,9.1,9.7,10.3,10.3,10.0
2009,2,558,8.1,9.2652,9.814,10.1751,10.4822,10.6778
2009,2,560,8.1,9.1,9.2,8.7,7.7,6.9
2009,2,561,8.1,8.8,9.2,9.4,9.6,9.8
2009,3,84,9.2,9.5,9.6,9.7,9.8,9.9
2009,3,407,9.2,9.604,9.704,9.542,9.209,8.723
2009,3,411,9.2,9.6,9.8,9.7,9.6,9.6
2009,3,420,9.2,9.6,9.8,9.7,9.5,9.2
2009,3,422,9.2,9.8,10.0,9.8,9.6,9.4
2009,3,423,9.2,9.6,10.0,10.3,10.5,10.3
2009,3,424,9.2,9.7,9.9,10.2,9.9,9.4
2009,3,426,9.2,9.7843,10.2,10.9,10.5,9.6
2009,3,433,9.2,9.6,10.0,10.1,10.0,9.6
2009,3,446,9.2,9.6,9.93,10.0,9.89,9.8
2009,3,456,9.2,9.6,9.8,9.9,10.0,10.1
2009,3,463,9.2,9.5,9.8,9.8,9.5,9.5
2009,3,472,9.2,9.6,9.6667,9.6333,9.3333,9.1667
2009,3,483,9.2,9.6324,9.9491,9.9939,10.0385,9.994
2009,3,498,9.2,9.8,10.2,10.4,10.0,9.6
2009,3,504,9.2,9.502,9.9579,10.035,10.0335,9.7729
2009,3,510,9.2,9.7,9.8,9.7,9.8,9.6
2009,3,512,9.2,9.7,10.1,10.3,10.2,9.9
2009,3,516,9.2,9.74,10.14,10.47,10.58,10.52
2009,3,518,9.2,9.7087,10.2242,10.5242,10.7229,10.798
2009,3,520,9.2,9.7,9.9,10.0,10.0,9.9
2009,3,523,9.2,9.34,8.67,8.34,8.17,8.08
2009,3,524,9.2,9.4865,9.7514,9.7995,9.6997,9.4293
2009,3,527,9.2,9.8,10.2,10.2,10.0,9.8
2009,3,528,9.3,9.8,10.1,10.1,9.9,9.7
2009,3,531,9.2,9.7,9.8,9.6,9.4,9.0
2009,3,535,9.2,9.5,9.9,9.9,9.6,9.3
2009,3,540,9.2,9.8,10.1,9.9,9.7,9.5
2009,3,543,9.2,9.7087,9.9717,10.0351,10.208,10.0617
2009,3,549,9.2,9.6,9.9,10.0,9.8,9.6
2009,3,555,9.2,9.6,10.1,10.3,10.4,10.2
2009,3,556,9.2,9.7385,9.6985,9.5685,9.5385,9.4085
2009,3,557,9.2,9.4667,9.5667,9.3,9.0,8.7
2009,3,560,9.2,9.2,8.7,7.7,6.9,6.0
2009,4,84,9.6,10.1,10.2,10.3,10.4,10.2
2009,4,99,9.6,10.2,10.4,10.2,10.3,10.2
2009,4,407,9.6,10.2,10.1,9.956,9.541,9.013
2009,4,411,9.6,9.9,10.0,9.8,9.6,9.2
2009,4,421,9.6,10.2,10.3,10.3,10.2,10.1
2009,4,422,9.6,9.8,9.7,9.6,9.4,9.2
2009,4,424,9.6,9.9,10.2,9.9,9.4,9.0
2009,4,426,9.6,10.0,10.2,10.2,10.1,9.9
2009,4,428,9.6,9.93,10.1,10.26,10.13,9.94
2009,4,446,9.6,10.3,10.3,10.1,9.9,9.7
2009,4,456,9.6,10.0,10.1,10.2,10.3,10.5
2009,4,463,9.6,10.0,10.1,9.9,10.0,9.9
2009,4,472,9.6,10.3333,10.6333,10.57,10.4,10.4
2009,4,483,9.6,10.1616,10.521,10.6987,10.6545,10.5441
2009,4,484,9.6,10.3,10.6,10.1,9.8,9.3
2009,4,498,9.6,10.3086,10.4043,10.3,10.0,9.8
2009,4,504,9.6,10.1671,10.114,9.9095,9.6627,9.3567
2009,4,506,9.6,9.9333,10.1681,10.0744,9.9781,9.8542
2009,4,507,9.6333,10.2,10.3,10.1,9.8,9.5
2009,4,508,9.6,10.0244,9.9785,10.0118,9.9007,9.7424
2009,4,510,9.6,9.8,9.7,9.8,9.6,9.4
2009,4,516,9.6,10.0,10.17,10.08,9.9833,9.79
2009,4,518,9.6,10.2025,10.438,10.4014,10.3234,10.2132
2009,4,520,9.6,10.2,10.2,10.0,9.7,9.4
2009,4,524,9.6,10.1501,10.3562,10.243,9.9617,9.6754
2009,4,527,9.6,10.0,10.2,10.0,9.9,9.8
2009,4,528,9.6,9.9,10.0,10.0,9.9,9.7
2009,4,531,9.6,9.9,9.8,9.5,9.0,8.8
2009,4,532,,,,,,
2009,4,540,9.6,10.2,10.4,10.4,10.2,9.8
2009,4,541,9.6,10.2,10.4,10.2,9.9,9.6
2009,4,546,9.6,9.9,10.0,9.9,9.7,9.4
2009,4,548,9.6,10.42,10.8045,10.6811,10.5958,10.4972
2009,4,549,9.6,10.2,10.4,10.3,10.1,9.9
2009,4,553,9.6,10.2,10.2,10.0,10.0,9.8
2009,4,555,9.6,10.2,10.3,10.6,10.8,10.8
2009,4,556,9.6,10.1965,10.1365,9.8965,9.6665,9.4565
2009,4,557,9.6,10.3,10.3,10.0,9.7,9.4
2009,4,558,9.6,10.2147,10.6354,11.0769,10.9908,10.7608
2009,4,560,,,,,,
2009,4,564,9.6,9.8726,10.1,10.4,10.1,9.9
2010,1,407,10.0,9.9,9.7,9.5,9.0,8.6
2010,1,411,10.0,10.2,10.1,10.0,9.7,9.4
2010,1,420,10.0,9.8,9.6,9.8,9.8,9.5
2010,1,421,10.0,9.9,10.1,10.3,10.2,10.0
2010,1,422,10.0,9.7,9.5,9.3,9.1,8.8
2010,1,424,10.0,9.9,9.6,9.4,9.2,9.1
2010,1,426,10.0,10.2,10.2,10.1,9.9,9.8
2010,1,428,10.0,9.83,10.15,10.42,10.45,10.27
2010,1,446,10.0,9.8,9.7,9.6,9.5,9.3
2010,1,456,10.0,9.8,9.8,10.0,10.2,10.4
2010,1,463,10.0,9.8,9.9,10.0,10.0,9.7
2010,1,472,10.0,9.9667,10.1,9.9333,9.8333,9.7
2010,1,483,10.0,9.9425,9.7845,9.5151,9.2908,9.0671
2010,1,484,10.0,10.0,10.1,9.8,9.6,9.4
2010,1,498,10.0,9.7,9.2,9.4,9.6,9.5
2010,1,504,10.0,9.7375,9.8784,9.8236,9.5655,9.4003
2010,1,506,10.0,9.9,9.9265,9.9811,9.8035,9.6422
2010,1,507,10.0,9.8,9.9667,9.8333,9.6667,9.3667
2010,1,508,10.0,9.907,9.6891,9.506,9.217,9.1425
2010,1,510,10.0,9.9,9.4,9.5,9.3,9.1
2010,1,516,10.0,10.07,9.98,9.8833,9.69,9.39
2010,1,518,10.0,9.95,10.036,10.114,9.9873,9.9467
2010,1,520,10.0,9.9,10.0,9.7,9.4,9.3
2010,1,524,10.0,10.0469,9.9876,9.8176,9.6468,9.3285
2010,1,527,10.0,10.2,10.0,10.0,9.8,9.5
2010,1,528,10.0,10.0,10.0,9.8,9.7,9.5
2010,1,532,,,,,,
2010,1,535,10.0,9.8,9.6,9.4,9.0,8.7
2010,1,538,10.0,9.8,9.8,9.6,9.3,
2010,1,540,10.0,10.0,9.8,9.7,9.5,9.2
2010,1,541,10.0,10.1,10.0,9.8,9.4,9.1
2010,1,542,10.0,10.0,9.7,9.4,9.1,8.8333
2010,1,546,10.0,10.1,10.1,9.9,9.7,9.6
2010,1,548,10.0,10.0225,9.9451,10.0419,9.9166,9.7962
2010,1,549,10.0,9.8,9.7,9.9,9.7,9.5
2010,1,553,10.0,10.1,10.1,9.9,9.8,9.7
2010,1,555,10.0,9.8,10.0,10.3,10.2,10.1
2010,1,556,10.0,9.7266,9.5966,9.4066,9.18,8.8366
2010,1,557,10.0,9.7667,9.6,9.3,9.0,8.7
2010,1,558,10.0,10.59,10.87,10.82,10.76,10.4
2010,1,560,10.0,9.5,9.2,8.7,8.5,8.2
2010,1,564,10.0333,10.2062,10.09,10.0838,10.0472,9.9324
2010,2,407,9.7,9.654,9.424,8.882,8.501,8.202
2010,2,411,9.7,9.57,9.58,9.29,8.93,8.59
2010,2,421,9.7,9.9,9.8,9.7,9.5,9.3
2010,2,422,9.7,9.8,9.5,9.0,8.9,8.7
2010,2,423,9.7,9.5,9.4,9.2,9.1,8.9
2010,2,424,9.7,9.7,9.4,9.2,9.1,8.9
2010,2,426,9.7,9.9,9.8,9.6,9.5,9.4
2010,2,428,9.7,9.82,10.07,10.13,10.09,9.85
2010,2,431,9.7,9.6,9.3,9.0,8.8,8.7
2010,2,446,9.7,9.6,9.5,9.4,9.2,8.9
2010,2,456,9.7,9.7,9.6,9.8,9.9,9.9
2010,2,463,9.7,9.8,9.8,9.6,9.4,9.1
2010,2,472,9.7,9.8667,9.4333,9.0333,8.7333,8.5
2010,2,483,9.7,9.8175,9.7955,9.7075,9.5309,9.332
2010,2,484,9.7,10.1,9.7,9.5,9.3,9.2
2010,2,498,9.7,9.6,9.6,9.5,9.3,9.2
2010,2,504,9.7,9.8374,9.7044,9.6083,9.5072,9.4068
2010,2,506,9.7,9.8,9.59,9.5,9.36,9.2
2010,2,507,9.7,9.8,9.5333,9.5,9.3333,9.1333
2010,2,510,9.7,9.6,9.7,9.5,9.3,9.2
2010,2,516,9.7,9.64,9.5433,9.35,9.05,8.75
2010,2,518,9.7,9.929,9.9924,9.8544,9.7498,9.6218
2010,2,520,9.7,9.8,9.7,9.5,9.4,9.3
2010,2,524,9.7,9.8359,9.4972,9.0981,8.7722,8.5598
2010,2,527,9.7,9.6,9.6,9.4,9.2,9.0
2010,2,528,9.7,9.7,9.5,9.4,9.3386,9.1287
2010,2,532,,,,,,
2010,2,535,9.7,9.8,9.5,9.1,8.7,8.3
2010,2,540,9.7,9.6,9.5,9.4,9.2,9.0
2010,2,541,9.7,9.7,9.3,8.9,8.6,8.3
2010,2,542,9.7,9.7933,9.44,9.08,8.8267,8.5933
2010,2,546,9.7,9.8,9.6,9.5,9.4,9.3
2010,2,548,9.7,9.8119,9.8532,9.7757,9.6549,9.4646
2010,2,549,9.7,9.7,9.8,9.6,9.6,9.4
2010,2,551,9.7,9.8,9.7,9.6,9.4,9.4
2010,2,553,9.7,9.8,9.7,9.6,9.4,8.9
2010,2,555,9.7,9.8667,10.0,10.0,9.7667,9.6333
2010,2,556,9.7,9.7566,9.5133,9.2866,8.9433,8.5833
2010,2,557,9.7,9.85,9.7,9.55,9.4,9.25
2010,2,558,9.7,10.26,10.42,10.37,10.03,9.67
2010,2,559,9.7,9.6,9.3,9.0,8.7,8.4
2010,2,560,9.7,9.5,9.2,8.7,8.5,8.2
2010,2,563,9.7,9.3,8.8,8.2,7.8,7.3
2010,2,564,9.7,9.8,9.6,9.6,9.5,9.3
2010,3,407,9.7,9.56,9.224,8.918,8.535,8.234
2010,3,411,9.7,9.62,9.61,9.54,9.34,9.06
2010,3,420,9.7,9.6,9.5,9.6,9.2,9.0
2010,3,421,9.7,9.6,9.6,9.4,9.2,9.0
2010,3,422,9.7,9.6,9.5,9.4,9.3,9.1
2010,3,423,9.7,9.4,9.2,9.0,8.8,8.8
2010,3,424,9.7,9.4,9.2,9.1,8.9,8.8
2010,3,426,9.7,10.1,9.9,9.8,9.6,9.5
2010,3,428,9.7,9.74,9.92,10.03,10.02,9.79
2010,3,446,9.7,9.7,9.6,9.5,9.3,9.0
2010,3,463,9.7,9.6,9.7,9.5,9.3,9.0
2010,3,472,9.7,9.6,9.8,9.6,9.8,9.8
2010,3,483,9.7,9.535,9.2902,9.0676,8.9119,8.8232
2010,3,484,9.7,9.5,9.5,9.3,9.2,9.1
2010,3,498,9.7,9.8,9.7,9.4,9.3,9.2
2010,3,504,9.7,9.5971,9.7347,9.6957,9.5736,9.6023
2010,3,507,9.7,9.5,9.3,9.0,8.8,8.5
2010,3,510,9.7,9.5,9.4,9.1,8.7,8.2
2010,3,518,9.7,9.501,9.72,9.614,9.52,9.431
2010,3,520,9.7,9.6,9.5,9.4,9.3,9.2
2010,3,527,9.7,9.7,9.6,9.5,9.5,9.3
2010,3,528,9.7,9.6,9.6,9.6,9.5,9.2
2010,3,532,,,,,,
2010,3,535,9.7,9.5,9.4,9.3,9.0,8.6
2010,3,540,9.7,9.6,9.5,9.3,9.1,8.9
2010,3,546,9.7,9.6,9.6,9.4,9.3,9.1
2010,3,548,9.7,9.7231,9.6937,9.6001,9.4758,9.3077
2010,3,549,9.7,9.6,9.7,9.7,9.4,9.3
2010,3,551,9.7,9.6,9.6,9.3,9.0,8.9
2010,3,555,9.7,9.8,9.6,9.8,9.8,9.7
2010,3,556,9.7,9.587,9.407,9.017,8.727,8.457
2010,3,558,9.7,10.3289,10.0926,9.5621,9.0865,8.7845
2010,3,560,9.7,9.5,9.2,8.7,8.5,8.2
2010,3,561,9.7,9.7,9.7,9.5,9.3,9.2
2010,3,563,9.7,9.6,9.4,9.1,8.9,8.6
2010,3,566,9.7,9.6378,9.4194,9.2021,9.1142,8.8988
2010,4,407,9.567,9.661,9.593,9.499,9.242,8.836
2010,4,411,9.6,9.69,9.79,9.75,9.65,9.49
2010,4,420,9.6,9.5,9.6,9.2,9.0,8.8
2010,4,421,9.6,9.5,9.3,9.1,8.9,8.7
2010,4,422,9.6,9.5,9.4,9.3,9.1,9.0
2010,4,424,9.6,9.6,9.5,9.3,9.1,8.9
2010,4,426,9.6,9.9,9.8,9.6,9.5,9.0937
2010,4,428,9.6,9.79,9.97,10.03,9.94,9.7
2010,4,431,9.6,9.5,9.5,9.2,9.0,8.8
2010,4,446,9.6,9.7,9.7,9.7,9.7,9.6
2010,4,456,9.6,9.75,9.9,10.0,10.0,10.0
2010,4,463,9.6,9.6,9.5,9.4,9.2,8.9
2010,4,472,9.6,9.6333,9.5667,9.5,9.4667,9.6333
2010,4,483,9.6,9.3318,9.1093,8.9537,8.7982,8.6428
2010,4,484,9.6,9.6,9.5,9.4,9.3,9.1
2010,4,498,9.6,9.7,9.9,10.1,10.0,9.9
2010,4,504,9.6,9.6156,9.5368,9.5957,9.5906,9.5145
2010,4,506,9.6,9.67,9.71,9.66,9.59,9.47
2010,4,507,9.6,9.5333,9.3,9.1,8.9667,8.8
2010,4,508,9.6,9.6722,9.5527,9.5106,9.4124,9.252
2010,4,510,9.6,9.5,9.2,8.8,8.3,8.0
2010,4,516,9.6,9.54,9.45,9.36,9.2467,8.97
2010,4,518,9.6,9.659,9.701,9.575,9.441,9.404
2010,4,520,9.6,9.6,9.5,9.2,9.2,9.0
2010,4,523,9.6,9.1,8.6,8.2,7.9,7.6
2010,4,524,9.6,9.4764,9.3731,9.2253,9.1141,9.0097
2010,4,526,9.6,9.6,9.5,9.4,9.1,8.8
2010,4,527,9.6,9.8,9.6,9.5,9.4,9.3
2010,4,528,9.6,9.7,9.6,9.6,9.5,9.2
2010,4,532,,,,,,
2010,4,535,9.6,9.6,9.4,9.1,8.8,8.5
2010,4,540,9.6,9.7,9.5,9.4,9.3,9.2
2010,4,541,9.6,9.5183,9.5325,9.533,9.522,9.4817
2010,4,542,9.6,9.5,9.2111,8.9333,8.6333,8.2667
2010,4,546,9.6,9.6,9.5,9.4,9.2,9.0
2010,4,548,9.6,9.9137,9.8781,9.8391,9.7698,9.6481
2010,4,549,9.6,9.7,9.8,9.6,9.5,9.2
2010,4,555,9.6,9.8,10.0,9.8,9.7,9.5
2010,4,556,9.6,9.7243,9.8867,9.5053,9.1193,8.8193
2010,4,557,9.6,9.5333,9.4667,9.3667,9.2667,9.0333
2010,4,558,9.6,10.19,9.76,9.32,9.03,8.87
2010,4,560,9.6,9.4,9.1,8.8,8.5,8.3
2010,4,563,9.6,9.5,9.3,9.2,9.0,8.8
2011,1,407,9.6,9.2,9.082,8.808,8.414,7.937
2011,1,411,9.6,9.18,9.09,8.77,8.44,8.37
2011,1,420,9.6,9.4,9.2,9.0,9.0,8.9
2011,1,422,9.6,9.0,8.9,8.7,8.6,8.4
2011,1,423,9.6,9.3349,9.1673,9.1067,9.0394,9.1341
2011,1,424,9.6,9.3,9.2,8.9,8.6,
2011,1,426,9.6,9.3,9.6,9.5,9.0937,9.0937
2011,1,428,9.6,9.28,9.47,9.26,8.98,8.68
2011,1,431,9.6,9.1,9.2,9.0,8.8,8.7
2011,1,446,9.6,9.2,9.1,9.0,8.8,8.6
2011,1,456,9.6,9.1,9.0,8.8,8.6,8.4
2011,1,483,9.6,9.2405,9.0626,8.8623,8.6398,8.3501
2011,1,484,9.6,9.5,9.4,9.3,9.1,9.1
2011,1,498,9.6,9.0,9.0,8.8,8.7,8.6
2011,1,504,9.6,9.4121,9.3716,9.2867,9.2912,9.175
2011,1,506,9.6,9.1333,9.1402,8.9863,8.8329,8.7239
2011,1,507,9.6,9.1667,9.2,9.0667,8.8667,8.7
2011,1,508,9.6,9.2642,9.0091,9.1493,9.1077,8.8939
2011,1,510,9.6,9.1,8.7,8.2,7.9,7.8
2011,1,516,9.6,9.5567,9.51,9.41,9.24,9.06
2011,1,518,9.6,9.251,9.322,9.341,9.225,9.143
2011,1,520,9.6,9.1,9.2,9.1,8.8,8.6
2011,1,524,9.6,9.5656,9.409,9.2643,9.1407,8.927
2011,1,526,9.6,9.4,9.2,8.8,8.4,8.2
2011,1,527,9.6,9.3,9.0,9.0,8.8,8.5
2011,1,528,9.6,9.2,9.2,8.9,8.7,8.5
2011,1,532,,,,,,
2011,1,535,9.6,9.1,9.0,8.8,8.5,8.2
2011,1,538,9.6,9.3,9.4,9.3,9.1,8.9
2011,1,540,9.6,9.5,9.4,9.3,9.2,9.0
2011,1,542,9.6,9.0,8.9222,8.7333,8.5333,8.2667
2011,1,548,9.6,9.5798,9.4251,9.2997,9.1719,9.0828
2011,1,549,9.6,9.2,9.3,9.2,8.9,8.8
2011,1,553,9.6,9.5,9.4,9.3,9.0,8.9
2011,1,555,9.6,9.3,9.4,9.3,9.2,9.1
2011,1,556,9.6,9.2298,9.0498,8.7698,8.5698,8.1498
2011,1,557,9.6,9.56,9.4933,9.32,9.1422,8.9811
2011,1,558,9.6,9.8867,9.7404,9.5559,9.0653,8.6067
2011,1,560,,,,,,
2011,1,561,9.6,9.3,9.2,9.0,8.8,8.8
2011,1,563,9.6,9.5,9.2,8.8,8.5,8.1
2011,1,564,9.6,9.4,9.2,9.0,8.8,8.7
2011,1,568,9.6,9.0494,8.8553,8.7121,8.5831,8.6686
2011,2,407,8.9,8.9,8.7,8.3,7.8,7.7
2011,2,411,8.9,8.73,8.72,8.6,8.55,8.48
2011,2,420,8.9,8.9,8.7,8.6,8.3,8.1
2011,2,422,8.9,8.9,8.8,8.6,8.4,8.3
2011,2,423,8.9,8.5074,8.3133,8.1704,8.2795,8.3231
2011,2,424,8.9,8.8,8.6,8.5,8.2,7.9
2011,2,426,8.9,8.9,8.8,8.7,8.6,8.6
2011,2,431,8.9,8.7,8.5,8.4,8.4,8.3
2011,2,446,8.9,8.8,8.7,8.6,8.5,8.4
2011,2,463,8.9,8.9,8.8,8.6,8.4,8.2
2011,2,472,8.9,8.9,8.6667,8.4667,8.4333,8.2
2011,2,483,8.9,8.8421,8.64,8.4602,8.3577,8.1325
2011,2,484,8.9,9.0,9.0,8.9,8.8,8.9
2011,2,498,8.9,8.9,8.8,8.5,8.3,8.1
2011,2,504,8.9,9.0135,9.0003,8.9716,8.9719,8.9718
2011,2,506,8.9,8.8667,8.6931,8.5468,8.4,8.3
2011,2,507,8.9,8.9333,8.7833,8.65,8.4667,8.1333
2011,2,508,8.9,9.0041,8.9948,8.9373,8.9179,8.9156
2011,2,510,8.9,8.6,8.1,7.8,7.6,7.4
2011,2,516,8.9,8.68,8.5,8.32,8.1,7.86
2011,2,518,8.9,8.9451,8.9033,8.8981,8.8476,8.772
2011,2,520,8.9,8.9,8.8,8.7,8.6,8.4
2011,2,523,8.9,8.6,8.08,7.66,7.33,7.06
2011,2,524,8.9,8.7448,8.57,8.3964,8.2439,8.1208
2011,2,526,8.9,9.1,9.0,9.1,8.2,8.4
2011,2,527,8.9,8.7,8.5,8.4,8.3,8.2
2011,2,532,,,,,,
2011,2,533,8.9,8.8,8.8,8.8,8.8,8.7
2011,2,535,8.9,8.9,8.6,8.3,8.0,7.7
2011,2,540,8.9,8.7,8.5,8.3,8.2,8.0
2011,2,542,8.9,8.9,8.6,8.3,8.0667,7.8333
2011,2,546,8.9,8.9,8.7,8.6,8.5,8.4
2011,2,548,8.9,8.8577,8.6766,8.529,8.4108,8.3249
2011,2,549,8.9,8.8,8.6,8.5,8.5,8.3
2011,2,553,8.9,8.8,8.6,8.5,8.4,8.2
2011,2,555,8.9,8.8,8.4,8.1,8.0,7.9
2011,2,556,8.9,9.0703,9.1403,8.6936,8.2703,8.1003
2011,2,557,8.9,8.7767,8.59,8.38,8.19,8.01
2011,2,558,8.9,8.5617,8.2196,7.8904,7.5921,7.3784
2011,2,559,8.9,8.4,8.1,7.8,7.7,7.5
2011,2,561,8.9,8.7,8.6,8.5,8.5,8.4
2011,2,563,8.9,9.0,8.6,8.3,8.1,7.9
2011,2,564,8.9,8.9,8.9,8.8,8.6,8.4
2011,2,568,8.9,8.9331,8.857,8.5667,8.4619,8.516
2011,3,407,9.1,8.922,8.668,8.229,8.08,7.94
2011,3,420,9.1,9.1,8.9,8.7,8.6,8.5
2011,3,422,9.1,9.0,8.9,8.7,8.5,8.4
2011,3,423,9.1,9.32,9.43,9.67,9.71,9.71
2011,3,426,9.1,9.0,8.9,8.8,8.7,8.6
2011,3,431,,,,,,
2011,3,433,9.1,9.1,9.0,8.8,8.6,8.3
2011,3,446,9.1,9.1,9.0,8.9,8.8,8.7
2011,3,456,9.1,9.2,9.2,9.2,9.25,9.25
2011,3,463,9.1,9.1,9.1,8.9,8.8,8.6
2011,3,472,9.1,9.1,9.1,9.0,9.2,9.3
2011,3,483,9.1,8.8171,8.6814,8.5684,8.5005,8.4554
2011,3,484,9.1,9.2,9.1,9.0,8.9,8.8
2011,3,498,9.1,9.1,9.1,9.1,9.1,9.0
2011,3,504,9.1,9.0711,9.0444,9.0335,9.0489,9.0574
2011,3,507,9.1,9.0667,8.8333,8.6667,8.5333,8.3667
2011,3,510,9.1,9.0,8.8,8.6,8.3,8.2
2011,3,516,9.1,9.14,8.96,8.74,8.5,8.26
2011,3,518,9.1,9.122,9.1207,9.175,9.1846,9.1606
2011,3,520,9.1,9.1,8.9,8.8,8.7,8.5
2011,3,523,9.1,8.58,8.16,7.83,7.56,7.35
2011,3,524,9.1,8.9715,8.7938,8.6026,8.5779,8.5656
2011,3,527,9.1,9.3,9.3,9.5,9.3,9.3
2011,3,532,,,,,,
2011,3,540,9.1,9.1,9.0,8.8,8.6,8.5
2011,3,542,9.1,9.1,9.0,8.7,8.4,8.2
2011,3,546,9.1,9.1,9.0,8.9,8.8,8.7
2011,3,548,9.1,8.9853,8.8449,8.813,8.7964,8.7664
2011,3,549,9.1,9.1,8.9,8.9,8.7,8.5
2011,3,551,9.1,8.9887,8.8626,8.6859,8.4437,8.2776
2011,3,554,9.1,9.1,9.1,9.2,9.4,9.7
2011,3,555,9.1,9.1,9.0,8.9,8.8,8.7
2011,3,557,9.1,9.1,8.9,8.8,8.6,8.4
2011,3,558,9.1,8.7516,8.6271,8.4452,8.1445,8.1481
2011,3,561,9.1,9.2,8.9,8.9,8.7,8.6
2011,3,563,9.1,9.2,9.2,9.0,8.9,8.7
2011,3,568,9.1,9.1205,8.961,8.7322,8.6476,8.4232
2011,4,407,9.1,8.833,8.503,8.35,8.195,8.06
2011,4,411,9.1,9.02,8.88,8.82,8.79,8.78
2011,4,420,9.1,8.9,8.7,8.6,8.5,8.3
2011,4,421,9.1,9.0,8.9,8.7,8.5,8.3
2011,4,422,9.1,8.9,8.8,8.7,8.6,8.5
2011,4,424,9.1,9.1,9.1,9.1,9.0,9.0
2011,4,426,9.1,9.0,9.0,8.9,8.8,8.7
2011,4,428,9.1,9.03,9.01,8.99,8.93,8.84
2011,4,431,9.1,9.0,8.9,8.7,8.7,8.6
2011,4,433,9.1,9.1457,9.1,9.0185,8.9259,8.8194
2011,4,446,9.1,9.1,9.1,9.1,9.0,9.0
2011,4,456,9.1,9.2,9.3,9.4,9.5,9.5
2011,4,463,9.1,9.0,8.9,8.8,8.6,8.5
2011,4,472,9.1,9.1333,8.9667,9.1667,9.2667,9.2667
2011,4,483,9.1,8.9549,8.8422,8.7746,8.7296,8.7071
2011,4,498,9.1,9.0,9.0,9.0,9.1,9.1
2011,4,504,9.1,9.0127,8.8944,9.0063,9.058,9.1164
2011,4,506,9.1,9.1667,9.2036,9.2079,9.2326,9.2277
2011,4,507,9.1,9.0167,8.9667,8.8833,8.7833,8.7167
2011,4,508,9.1,9.0831,9.3873,8.9873,8.8549,8.5858
2011,4,510,9.1,9.0,8.8,8.5,8.4,8.4
2011,4,518,9.1,9.1368,9.1302,9.1364,9.1318,9.1101
2011,4,520,9.1,9.1,9.0,8.9,9.0,8.9
2011,4,523,9.1,8.51,8.03,7.65,7.33,7.08
2011,4,524,9.1,9.0217,8.8984,8.7852,8.6156,8.4681
2011,4,526,9.1,9.1666,8.7512,8.5206,8.5469,8.5339
2011,4,527,9.1,9.3,9.3,9.3,9.3,9.3
2011,4,532,,,,,,
2011,4,535,9.1,9.0,8.9,8.8,8.6,8.4
2011,4,540,9.1,9.0,8.8,8.6,8.5,8.3
2011,4,542,9.1,8.9667,8.6778,8.3848,8.1727,8.0212
2011,4,546,9.1,9.0,9.0,9.0,8.9,8.7
2011,4,548,9.1,9.1637,9.2007,9.2091,9.237,9.2301
2011,4,549,9.1,9.1,9.2,9.1,8.9,8.6
2011,4,553,9.1,9.0,8.9,8.8,8.7,8.7
2011,4,554,9.1,9.0,9.0,9.2,9.5,9.7
2011,4,555,9.1,9.1,9.2,9.2,9.2,9.1
2011,4,556,9.1,8.8724,8.4524,8.2324,8.2124,8.1424
2011,4,557,9.1,9.0733,9.0,8.91,8.81,8.69
2011,4,558,9.1,8.9881,8.8076,8.6301,8.581,8.5082
2011,4,559,9.1,9.1,9.0,8.9,8.8,8.8
2011,4,560,9.1,8.9,8.8,8.6,8.3,8.1
2011,4,563,9.1,9.1,9.0,8.8,8.7,8.6
2011,4,564,9.1,9.0,8.9,8.9,8.8,8.8
2011,4,568,9.1,8.961,8.7322,8.7163,8.5631,8.4208
2012,1,407,8.7,8.4,8.3,8.1,8.0,7.8
2012,1,420,8.7,8.4,8.3,8.1,8.0,7.9
2012,1,421,8.7,8.3,8.2,8.0,7.8,7.6
2012,1,422,8.7,8.2,8.1,7.9,7.7,7.6
2012,1,423,8.7,8.4261,8.2137,8.0959,8.0758,8.1717
2012,1,424,8.7,8.3,8.1,8.0,7.9,
2012,1,426,8.7,8.7,8.6,8.6,8.5,8.4
2012,1,428,8.7,8.68,8.74,8.68,8.58,8.51
2012,1,431,8.7,8.3,8.2,8.1,8.0,7.9
2012,1,433,8.7,8.3,8.4,8.4,8.3,8.0
2012,1,446,8.7,8.3,8.4,8.4,8.4,8.3
2012,1,456,8.7,8.3,8.3,8.2,8.2,8.2
2012,1,472,8.7,8.4333,8.4,8.1667,8.0333,8.0
2012,1,483,8.7,8.5181,8.3593,8.2005,8.0415,7.8824
2012,1,484,8.7,8.4,8.5,8.4,8.8,8.9
2012,1,504,8.7,8.2084,8.1674,8.1401,8.1206,8.043
2012,1,506,8.7,8.3,8.3,8.3,8.2,8.2
2012,1,507,8.7,8.4,8.5,8.4333,8.1667,7.9667
2012,1,508,8.7,8.3254,8.2419,8.0925,7.8747,7.7179
2012,1,510,8.7,8.2,7.9,7.8,7.6,7.4
2012,1,518,8.7,8.8064,8.8427,8.8258,8.7994,8.7551
2012,1,520,8.7,8.4,8.5,8.4,8.6,8.6
2012,1,523,8.7,8.2,7.87,7.56,7.25,6.96
2012,1,524,8.7,8.3306,8.1653,8.0433,7.9058,7.6926
2012,1,527,8.7,8.6,8.5,8.4,8.3,8.2
2012,1,532,,,,,,
2012,1,535,8.7,8.3,8.2,8.1,7.9,7.6
2012,1,540,8.7,8.5,8.3,8.1,8.0,7.8
2012,1,542,8.7,8.5,8.3667,8.1788,8.0348,7.8339
2012,1,546,8.7,8.4,8.3,8.2,8.1,8.1
2012,1,548,8.7,8.42,8.4153,8.4297,8.4464,8.4439
2012,1,549,8.7,8.3,8.3,8.1,7.9,7.9
2012,1,551,8.7,8.5,8.3,8.2,8.0,8.0
2012,1,553,8.7,8.3,8.2,8.4,8.4,8.4
2012,1,554,8.7,8.2,8.2,8.0,7.7,7.4
2012,1,555,8.7,8.3,8.2,8.4,8.4,8.4
2012,1,556,8.7,8.1032,8.0032,7.7132,7.3132,7.3332
2012,1,557,8.7,8.5,8.5,8.425,8.34,8.25
2012,1,558,8.7,8.6498,8.5608,8.4964,8.4663,8.403
2012,1,559,8.7,8.4,8.3,8.2,8.1,8.0
2012,1,561,8.7,8.7,8.7,8.8,8.8,8.8
2012,1,563,8.7,8.5,8.4,8.2,8.1,8.0
2012,1,564,8.7,8.5,8.4,8.3,8.3,8.3
2012,1,568,8.7,8.3387,8.3752,8.3689,8.2933,8.1542
2012,1,569,8.7,8.3,8.0,7.7,7.5,7.2
2012,2,407,8.3,8.1,8.0,7.9,7.7,7.5
2012,2,420,8.3,8.2,8.2,8.1,7.9,7.7
2012,2,421,8.3,8.1,8.0,7.8,7.6,7.4
2012,2,422,8.3,8.1,8.0,7.9,7.7,7.6
2012,2,423,8.3,8.04,7.9,7.87,7.98,7.98
2012,2,424,8.3,8.2919,8.1137,7.9361,7.7592,7.5829
2012,2,426,8.3,8.2,7.8,7.8,7.7,7.6
2012,2,428,8.3,8.1599,8.0505,7.9123,7.8216,7.7933
2012,2,431,8.3,8.0,7.9,7.8,7.8,7.8
2012,2,433,8.3,8.1,8.3,8.3,8.1,7.9
2012,2,446,8.3,8.2,8.2,8.2,8.1,8.0
2012,2,463,8.3,8.1,8.1,8.0,7.9,7.8
2012,2,483,8.3,8.082,7.9227,7.7632,7.6037,7.467
2012,2,484,8.3,8.5,8.4,8.3,8.2,8.0
2012,2,504,8.3,8.156,8.1544,8.1361,8.0598,7.9853
2012,2,506,8.3,8.1667,8.0526,7.9294,7.8804,7.8233
2012,2,507,8.3,8.1833,8.25,8.1,7.9,7.8
2012,2,508,8.3,7.9631,7.7955,7.7872,7.5992,7.5292
2012,2,510,8.3,8.1,8.0,7.8,7.6,7.5
2012,2,512,8.3,8.1,8.0,8.0,7.9,7.7
2012,2,518,8.3,8.224,8.182,8.11,8.088,8.057
2012,2,520,8.3,8.1,8.2,8.3,8.2,8.1
2012,2,524,8.3,8.0072,7.8485,7.7196,7.4148,7.1606
2012,2,527,8.3,8.2,8.1,8.0,7.9,7.8
2012,2,532,,,,,,
2012,2,535,8.3,8.1,8.0,7.8,7.6,7.3
2012,2,540,8.3,8.2,8.0,7.8,7.6,7.4
2012,2,542,8.3,8.1,7.9,7.7,7.6,7.4
2012,2,546,8.3,8.1,8.0,8.0,7.9,7.8
2012,2,548,8.3,8.2833,8.1862,8.0918,8.0684,8.0248
2012,2,549,8.3,8.1,8.0,8.0,8.0,7.9
2012,2,553,8.3,8.1,8.0,7.9,7.8,7.6
2012,2,556,8.3,8.1277,7.8377,7.4377,7.3877,7.5277
2012,2,557,8.2667,8.1333,8.1867,8.1011,7.98,7.89
2012,2,558,8.3,8.13,7.99,7.73,7.58,7.3
2012,2,559,8.3,8.1,7.9,7.8,7.7,7.5
2012,2,563,8.3,8.3,8.2,8.1,8.0,7.9
2012,2,568,8.3,8.0906,8.0861,8.0066,8.01,7.9451
2012,2,569,8.3,8.0,7.7,7.4,7.1,6.8
2012,3,407,8.2,8.1,8.1,8.3,8.6,8.7
2012,3,411,8.2,8.3,8.3,8.1,8.0,8.0
2012,3,420,8.2,8.2,8.1,7.9,7.8,7.6
2012,3,421,8.2,8.2,8.1,7.9,7.7,7.5
2012,3,422,8.2,8.3,8.2,8.0,7.9,7.7
2012,3,423,8.2,8.1567,8.1961,8.35,8.3554,8.3485
2012,3,424,8.2,8.2,8.2,8.1,7.9,7.7
2012,3,426,8.2,8.1,8.1,8.0,7.9,7.9
2012,3,428,8.2,8.1,8.0,8.0,7.9,8.0
2012,3,431,8.2,8.2,8.1,8.0,8.0,7.9
2012,3,433,8.2,8.3,8.3,8.1,7.9,7.7
2012,3,446,8.2,8.1,8.0,8.0,8.0,7.8
2012,3,456,8.2,8.15,8.1,8.1,8.05,8.0
2012,3,463,8.2,8.3,8.2,8.1,8.0,7.8
2012,3,472,8.2,8.1667,8.0333,8.0,8.1,8.2333
2012,3,483,8.2,8.128,8.06,7.9693,7.8332,7.7199
2012,3,484,8.2,8.3,8.3,8.2,8.0,7.8
2012,3,504,8.2,8.2978,8.3772,8.4334,8.4914,8.433
2012,3,507,8.2,8.2833,8.25,8.05,7.9,7.8
2012,3,508,8.2,8.2,8.2,8.2,8.0,7.8
2012,3,510,8.2,8.2,8.0,8.0,7.9,7.9
2012,3,512,8.2,8.0,8.0,7.9,7.7,7.5
2012,3,518,8.2,8.3,8.4,8.5,8.5,8.4
2012,3,520,8.2,8.2,8.1,8.2,8.0,7.9
2012,3,523,8.2,8.03,7.55,7.1,6.7,6.3
2012,3,524,8.2,8.313,8.1953,8.0898,7.9374,7.761
2012,3,526,8.2,8.1,8.0,7.9,7.9,7.8
2012,3,527,8.2,8.3,8.3,8.5,8.5,8.3
2012,3,532,,,,,,
2012,3,533,8.2,8.2,8.1,8.0,7.9,7.8
2012,3,535,8.2,8.2,8.1,7.9,7.6,7.4
2012,3,540,8.2,8.0,7.8,7.6,7.4,7.3
2012,3,542,8.2,8.1835,7.9815,7.8345,7.6245,7.3912
2012,3,546,8.2,8.2,8.2,8.2,8.1,8.0
2012,3,548,8.2,8.2005,8.0818,8.0434,8.02,7.9971
2012,3,549,8.2,8.2,8.2,8.3,8.2,7.9
2012,3,553,8.2,8.3,8.1,8.0,7.9,7.8
2012,3,555,8.2,8.3,8.3,8.2,8.1,8.1
2012,3,556,8.2,8.1035,7.7168,7.7735,7.8935,7.7735
2012,3,557,8.2,8.2,8.3,8.3,8.2,8.1
2012,3,558,8.2,8.18,7.97,7.75,7.53,7.22
2012,3,559,8.2,7.9,7.8,7.7,7.5,7.4
2012,3,560,8.2,8.1358,7.9266,7.9348,7.8038,7.5239
2012,3,563,8.2,8.2,8.1,8.0,8.0,7.9
2012,3,568,8.2,8.234,8.0584,7.9926,7.8268,7.8218
2012,3,569,8.2,8.1,7.8,7.5,7.5,7.4
2012,3,571,8.2,8.3,8.2142,8.1902,8.0626,8.0068
2012,3,572,8.2,8.3,8.2,8.1,8.1,8.0
2012,4,407,8.1,7.9,7.9,8.1,8.4,8.6
2012,4,411,8.1,7.8362,7.7565,7.7607,7.7282,7.632
2012,4,426,8.1,7.9,7.9,7.8,7.8,7.7
2012,4,428,8.1,7.93,7.85,7.85,7.85,7.72
2012,4,433,8.1,7.9,8.0,8.1,8.0,7.8
2012,4,446,8.1,7.9,7.9,7.8,7.7,7.7
2012,4,463,8.1,7.9,7.9,7.8,7.7,7.5
2012,4,472,8.1,7.8333,7.7667,7.7333,7.5667,7.3
2012,4,483,8.1,8.0306,7.9623,7.8939,7.9166,7.9166
2012,4,484,8.1,7.9,7.9,7.8,7.7,7.6
2012,4,504,8.1,7.8052,7.9186,7.9637,7.892,7.8303
2012,4,506,8.1,7.9,7.8,7.7,7.7,7.6
2012,4,507,8.1,8.0,8.1,7.9,7.8,7.6667
2012,4,508,8.1,7.8651,7.8376,7.4808,7.5429,7.6081
2012,4,510,8.1,7.7,7.6,7.6,7.6,7.5
2012,4,512,8.1,8.0,7.9,7.7,7.5,7.5
2012,4,518,8.1,8.0122,8.1941,7.9634,7.9355,7.8259
2012,4,520,8.1,7.9,8.0,8.2,8.2,8.2
2012,4,524,8.1,7.9694,7.8372,7.6622,7.52,7.4097
2012,4,526,8.1,7.9402,7.8723,7.8272,7.7136,7.5772
2012,4,527,8.1,8.0,8.0,7.8,7.8,7.5
2012,4,532,,,,,,
2012,4,535,8.1,7.9,7.8,7.6,7.4,7.2
2012,4,540,8.1,7.8,7.6,7.4,7.2,7.1
2012,4,542,8.1,7.7996,7.653,7.4553,7.2567,7.1233
2012,4,546,8.1,7.9,7.9,7.8,7.8,7.7
2012,4,548,8.1,7.9574,7.8313,7.8028,7.7838,7.7463
2012,4,549,8.1,8.0,8.1,8.0,7.8,7.5
2012,4,553,8.1,7.9,7.9,7.8,7.7,7.5
2012,4,555,8.1,7.6,7.6,7.9,8.1,8.0
2012,4,556,8.1,7.7258,7.3492,7.4858,7.5058,7.1458
2012,4,557,8.1,8.1,8.2,8.1,8.0,7.9
2012,4,559,8.1,8.1,8.0,7.9,7.8,7.7
2012,4,560,8.1,7.8,8.5,8.3,8.1,7.8
2012,4,563,8.1,8.0,8.0,7.9,7.8,7.7
2012,4,568,8.1,7.8652,7.5451,7.5443,7.5078,7.4883
2012,4,569,8.1,7.9,7.6,7.3,7.0,6.7
2012,4,570,8.1,7.8,7.9,7.9,7.8,7.8
2012,4,571,8.1,7.9232,7.8916,7.7831,7.7451,7.5938
2013,1,407,7.8,7.7,7.8,8.0,8.1,8.0
2013,1,411,7.8,7.892,7.8173,7.718,7.6324,7.5754
2013,1,420,7.8,7.8,7.7,7.6,7.5,7.6
2013,1,421,7.8,7.8,7.7,7.5,7.3,7.1
2013,1,422,7.8,7.7,7.6,7.5,7.4,7.3
2013,1,423,7.8,7.8,7.71,7.68,7.73,7.79
2013,1,426,7.8,7.8,7.7,7.5,7.4,7.4
2013,1,428,7.8,7.71,7.71,7.75,7.63,7.42
2013,1,433,7.8,7.96,7.97,7.92,7.8,7.64
2013,1,446,7.8,7.9,7.8,7.7,7.7,7.61
2013,1,456,7.8,7.8,7.8,7.7,7.6,7.5
2013,1,463,7.8,7.9,7.8,7.7,7.6,7.5
2013,1,472,7.8,7.9,7.7,7.5,7.3,7.4
2013,1,484,7.8,7.9,7.9,7.8,7.8,7.8
2013,1,504,7.8,7.8037,7.6958,7.7691,7.6689,7.5641
2013,1,506,7.8,7.8333,7.8138,7.687,7.5758,7.4749
2013,1,507,7.8,7.8833,7.7333,7.6167,7.5667,7.4167
2013,1,510,7.8,7.8,7.6,7.4,7.1,6.9
2013,1,512,7.8,7.8,7.7,7.5,7.5,7.5
2013,1,518,7.8,7.8995,7.8623,7.8782,7.919,7.9171
2013,1,520,7.8,7.9,8.0,8.1,8.2,8.0
2013,1,524,7.8,7.7618,7.7537,7.675,7.5243,7.3445
2013,1,526,,,,,,
2013,1,527,7.8,7.8,7.8,7.5,7.5,7.0
2013,1,528,7.8,7.7672,7.7363,7.5635,7.4815,7.413
2013,1,532,,,,,,
2013,1,535,7.8,7.9,7.8,7.7,7.6,7.5
2013,1,540,7.8,7.9,7.7,7.5,7.3,7.1
2013,1,542,7.8,7.7576,7.4867,7.2567,7.14,7.0
2013,1,546,7.8,7.8,7.7,7.7,7.6,7.6
2013,1,548,7.8,7.8443,7.8418,7.7287,7.6294,7.5392
2013,1,549,7.8,7.8,7.7,7.6,7.5,7.4
2013,1,551,7.8,7.8,7.7,7.6,7.4,7.3
2013,1,553,7.8,7.8,7.6,7.4,7.3,7.1
2013,1,555,7.8,7.8,7.6,7.5,7.4,7.3
2013,1,556,7.8,7.936,7.5927,7.1727,6.7527,6.8327
2013,1,557,7.8,7.8254,7.5892,7.305,7.099,6.9543
2013,1,559,7.8,7.6,7.5,7.4,7.3,7.1
2013,1,560,7.8,7.83,7.64,7.31,7.013,6.87
2013,1,563,7.8,7.9,7.8,7.7,7.6,7.6
2013,1,564,7.8,7.7,7.6,7.5,7.4,7.3
2013,1,568,7.8,7.8947,7.8126,7.6439,7.6562,7.5829
2013,1,569,7.8,7.7,7.4,7.3,7.0,6.8
2013,1,570,7.8,7.9,7.9,7.8,7.8,7.7
2013,1,571,7.8,7.8796,7.7782,7.7397,7.5879,7.4543
2013,1,572,7.8,7.9,7.8,7.7,7.6,7.6
2013,2,407,7.7,7.513,7.584,7.624,7.496,7.437
2013,2,411,7.7,7.5194,7.4815,7.3165,7.267,7.1652
2013,2,420,7.7,7.6,7.6,7.5,7.3,7.2
2013,2,421,7.7,7.5,7.4,7.3,7.1,6.9
2013,2,422,7.7,7.5,7.3,7.1,7.1,6.8
2013,2,426,7.7,7.7,7.6,7.5,7.5,7.4
2013,2,428,7.7,7.69,7.65,7.51,7.37,7.17
2013,2,433,7.7,7.7,7.8,7.8,7.8,7.7
2013,2,446,7.7,7.7,7.8,7.8,7.8,7.7
2013,2,463,7.7,7.6136,7.5763,7.4945,7.4017,7.2849
2013,2,484,7.7,7.6,7.7,7.7,7.6,7.5
2013,2,504,7.7,7.6126,7.4792,7.3952,7.2935,7.1911
2013,2,506,7.7,7.567,7.5971,7.5329,7.3799,7.2413
2013,2,507,7.7,7.5667,7.5333,7.5167,7.3,7.1333
2013,2,508,7.7,7.64,7.5288,7.5915,7.3473,7.2769
2013,2,510,7.7,7.5,7.3,7.1,6.9,6.7
2013,2,512,7.7,7.7,7.5,7.5,7.2,7.2
2013,2,518,7.7,7.8148,7.8305,7.8546,7.854,7.805
2013,2,520,7.7,7.6,7.7,7.6,7.5,7.6
2013,2,524,7.7,7.5199,7.4295,7.4017,7.2647,7.1282
2013,2,526,,,,,,
2013,2,527,7.7,7.7,7.5,7.3,7.3,7.0
2013,2,528,7.7,7.6,7.5,7.3,7.1,7.0
2013,2,532,,,,,,
2013,2,535,7.7,7.5,7.4,7.4,7.3,7.1
2013,2,540,7.7,7.6,7.4,7.2,7.0,6.9
2013,2,542,7.7,7.5035,7.33,7.12,6.97,6.82
2013,2,546,7.7,7.5,7.5,7.4,7.3,7.2
2013,2,548,7.7,7.5704,7.6039,7.5471,7.4042,7.2733
2013,2,549,7.7,7.6,7.5,7.4,7.4,7.3
2013,2,551,7.7,7.5,7.4,7.3,7.2,7.1
2013,2,553,7.7,7.5,7.3,7.2,7.0,7.0
2013,2,555,7.7,7.6,7.5,7.4,7.3,7.2
2013,2,556,7.7,7.5704,7.3504,6.9304,6.8037,6.6504
2013,2,557,7.7,7.6,7.5,7.4,7.2,7.1
2013,2,559,7.7,7.4,7.2,7.0,6.8,6.7
2013,2,563,7.7,7.9,7.8,7.8,7.7,7.6
2013,2,568,7.7,7.61,7.5921,7.5721,7.4008,7.1958
2013,2,569,7.7,7.5,7.3,7.1,6.9,6.7
2013,2,570,7.7,7.6,7.6,7.5,7.4,7.3
2013,2,571,7.7,7.5228,7.4755,7.348,7.1715,6.9841
2013,2,574,7.7,7.4572,7.2969,7.1355,6.9745,6.8143
2013,3,411,7.6,7.33,7.27,7.15,7.07,6.96
2013,3,420,7.6,7.4,7.3,7.1,7.0,6.8
2013,3,421,7.6,7.4,7.3,7.1,6.9,6.7
2013,3,422,7.6,7.4,7.3,7.3,7.1,7.0
2013,3,424,7.6,7.3,7.2,7.0,6.9,6.8
2013,3,426,7.5,7.4,7.3,7.2,7.0,7.0
2013,3,428,7.6,7.45,7.27,7.1,6.91,6.76
2013,3,433,7.6,7.5,7.6,7.6,7.6,7.5
2013,3,446,7.6,7.4038,7.3353,7.2919,7.2267,7.1384
2013,3,456,7.6,7.4099,7.3214,7.184,6.9994,6.8156
2013,3,463,7.6,7.3867,7.3456,7.2578,7.1499,7.0405
2013,3,484,7.6,7.6,7.7,7.6,7.5,7.5
2013,3,504,7.6,7.3466,7.2756,7.2602,7.1874,7.1184
2013,3,506,7.6,7.4,7.4,7.2,7.1,7.0
2013,3,507,7.6,7.5,7.3,7.2,7.1,7.025
2013,3,510,7.6,7.3,7.0,6.9,6.7,6.5
2013,3,512,7.6,7.5,7.5,7.4,7.3,7.0
2013,3,518,7.6,7.6186,7.6668,7.6434,7.6183,7.5633
2013,3,520,7.6,7.6,7.4,7.5,7.4,7.3
2013,3,524,7.6,7.3229,7.2038,7.0593,6.9352,6.8337
2013,3,528,7.6,7.5,7.4,7.2,7.1,6.9
2013,3,532,,,,,,
2013,3,540,7.6,7.5,7.4,7.4,7.3,7.3
2013,3,542,7.6,7.3203,7.1103,6.9603,6.8103,6.6453
2013,3,546,7.6,7.4,7.3,7.3,7.2,7.1
2013,3,548,7.6,7.4,7.3,7.2,7.1,7.0
2013,3,549,7.6,7.4,7.3,7.2,7.2,7.0
2013,3,551,7.6,7.491,7.3894,7.2945,7.2055,7.1302
2013,3,553,7.6,7.5,7.3,7.2,7.2,7.1
2013,3,555,7.6,7.5,7.3,7.2,7.2,7.1
2013,3,556,7.6,7.2503,6.997,6.9803,6.8003,6.6203
2013,3,557,7.6,7.5,7.4333,7.2333,7.1333,6.9667
2013,3,560,,,,,,
2013,3,563,7.6,7.5,7.5,7.5,7.5,7.4
2013,3,570,7.6,7.5,7.4,7.3,7.2,7.1
2013,3,571,7.6,7.4605,7.4225,7.2812,7.1225,7.0137
2013,3,572,7.6,7.3,7.2,7.1,7.0,6.9
2013,3,574,7.5667,7.349,7.1741,6.9815,6.7738,6.5671
2013,3,575,7.6,7.5,7.5,7.4,7.2,7.1
2013,3,576,7.6,7.5,7.4,7.4,7.3,7.4
2013,3,577,7.6,7.5,7.4,7.2,7.0,6.8
2013,4,407,7.3,7.363,7.169,6.901,6.732,6.666
2013,4,420,7.3,7.1,7.0,6.9,6.7,6.6
2013,4,421,7.3,7.2,7.1,6.9,6.7,6.5
2013,4,422,7.3,7.3354,7.1407,7.0924,6.9163,7.0203
2013,4,426,7.3,7.2,7.2,7.1,7.0,6.9
2013,4,428,7.3,7.23,7.13,7.05,6.91,6.79
2013,4,429,7.3,7.094,6.893,6.791,6.679,6.559
2013,4,433,7.3,7.23,7.17,7.08,7.01,6.8793
2013,4,446,7.3,7.3012,7.2578,7.1926,7.15,7.0578
2013,4,463,7.3,7.2,7.2,7.1,7.0,6.9
2013,4,504,7.3,7.2489,7.3267,7.2979,7.2744,7.2522
2013,4,506,7.3,7.2,7.1002,6.9796,6.8581,6.7231
2013,4,507,7.3,7.2,7.1,7.0,6.9,6.75
2013,4,508,7.3,7.2474,7.0997,7.0865,7.1141,7.0024
2013,4,510,7.3,7.3,7.2,7.0,6.8,6.7
2013,4,512,7.3,7.4,7.4,7.2,7.0,6.9
2013,4,518,7.3,7.4,7.41,7.3618,7.3151,7.2968
2013,4,520,7.3,7.3,7.2,7.1,7.2,7.1
2013,4,524,7.3,7.1866,7.0852,6.9624,6.8567,6.7602
2013,4,526,7.3,7.2,7.1,6.9,6.7,6.6
2013,4,527,7.3,7.2,7.1,7.0,6.9,6.8
2013,4,532,,,,,,
2013,4,535,7.3,7.2,7.1,7.0,6.8,6.7
2013,4,540,7.3,7.1,6.9,6.7,6.6,6.5
2013,4,542,7.3,7.1266,6.98,6.82,6.6417,6.475
2013,4,546,7.3,7.2,7.1,7.0,6.9,6.8
2013,4,548,7.3,7.3045,7.2242,7.1459,7.0522,6.9462
2013,4,549,7.3,7.3,7.2,7.1,6.9,6.7
2013,4,553,7.3,7.2,7.1,7.0,6.9,6.8
2013,4,555,7.3,7.2,7.1,7.0,7.0,6.9
2013,4,557,7.3,7.3667,7.2333,7.1333,6.9667,6.7667
2013,4,559,7.3,7.0,6.8,6.7,6.5,6.4
2013,4,563,7.3,7.2,7.1,7.1,7.0,7.0
2013,4,568,7.3,7.2347,7.2256,7.0634,6.8413,6.7293
2013,4,569,7.3,7.2,7.0,6.8,6.5,6.3
2013,4,570,7.3,7.2,7.1851,7.0728,6.9638,6.8749
2013,4,571,7.3,7.2333,6.9951,6.8599,6.7257,6.5508
2013,4,572,7.3,7.2,7.1,7.0,6.9,6.7
2013,4,574,7.3,7.1741,6.9815,6.7738,6.5671,6.4777
2013,4,576,7.3,7.2,7.1,6.9,6.7,6.6
2013,4,577,7.3,7.2,6.9,6.8,6.5,6.3
2013,4,579,7.3,7.3,7.2,7.1,6.9,6.8
2014,1,407,7.0,6.937,6.604,6.485,6.461,6.301
2014,1,411,7.0,6.5346,6.354,6.2514,6.1975,6.1346
2014,1,420,7.0,6.7,6.5,6.4,6.2,6.2
2014,1,421,7.0,6.7,6.4,6.2,6.0,5.8
2014,1,422,7.0,6.5,6.5,6.4,6.3,6.1
2014,1,424,7.0,6.5584,6.3823,6.1925,5.996,
2014,1,426,7.0,6.7,6.4,6.4,6.3,6.2
2014,1,428,7.0,6.7,6.48,6.35,6.25,6.13
2014,1,429,7.0,6.55,6.499,6.434,6.35,6.25
2014,1,433,6.9667,6.69,6.59,6.52,6.46,6.41
2014,1,446,7.0,6.9164,6.8559,6.8183,6.7519,6.6556
2014,1,463,7.0,6.6,6.6,6.5,6.4,6.3
2014,1,484,7.0,6.9,6.9,6.8,6.8,6.8
2014,1,504,7.0,6.9079,6.9177,6.9408,6.962,6.954
2014,1,506,7.0,6.744,6.5862,6.3601,6.1589,6.0125
2014,1,507,7.0,6.7333,6.8333,6.6667,6.6667,6.5333
2014,1,508,7.0,6.6828,6.6346,6.5086,6.4599,6.2669
2014,1,510,7.0,6.6,6.5,6.3,6.2,6.1
2014,1,512,7.0,6.8,6.9,6.9,6.7,6.6
2014,1,520,7.0,6.6,6.6,6.5,6.5,6.3
2014,1,524,7.0,6.6067,6.5799,6.4879,6.4124,6.2476
2014,1,527,7.0,6.7,6.6,6.4,6.3,6.1
2014,1,532,,,,,,
2014,1,535,7.0,6.5,6.4,6.3,6.1,6.0
2014,1,542,7.0,6.5843,6.4214,6.22,6.1,5.9133
2014,1,546,7.0,6.7,6.6,6.4,6.2,6.0
2014,1,548,7.0,6.7507,6.6047,6.3973,6.2223,6.11
2014,1,549,7.0,6.6,6.5,6.3,6.1,6.0
2014,1,553,7.0,6.8,6.6,6.5,6.3,6.2
2014,1,555,7.0,6.8,6.7,6.6,6.5,6.4
2014,1,556,7.0,7.0635,6.8835,6.7035,6.6635,
2014,1,557,7.0,6.8,6.9,6.7,6.6,6.4
2014,1,559,7.0,6.5,6.4,6.2,6.1,6.0
2014,1,563,7.0,6.8,6.7,6.6,6.6,6.6
2014,1,568,7.0,6.5553,6.5587,6.4056,6.2613,6.1079
2014,1,569,7.0,6.6,6.4,6.2,6.0,5.8
2014,1,570,7.0,6.7,6.6,6.5296,6.4324,6.3036
2014,1,571,7.0,6.8,6.7325,6.6794,6.5508,6.4333
2014,1,572,7.0,6.6,6.5,6.4,6.3,6.2
2014,1,574,7.0,6.6,6.5,6.4,6.3,6.2
2014,1,575,7.0,6.7,6.6,6.6,6.5,6.3
2014,1,576,7.0,6.5,6.5,6.4,6.3,6.3
2014,1,577,7.0,6.6,6.4,6.2,6.1,6.0
2014,1,578,7.0,6.9,6.7,6.5,6.3,6.2
2014,1,579,7.0,6.6,6.4,6.3,6.2,6.1
2014,2,407,6.7,6.4,6.382,6.386,6.225,6.208
2014,2,420,6.7,6.4,6.2,6.0,6.0,5.8
2014,2,421,6.7,6.5,6.3,6.1,5.9,5.7
2014,2,422,6.7,6.4,6.3,6.2,6.0,5.8
2014,2,426,6.7,6.4,6.4,6.3,6.2,6.0
2014,2,428,6.7,6.5,6.44,6.3,6.19,6.09
2014,2,429,6.7,6.375,6.347,6.248,6.11,5.967
2014,2,433,6.6667,6.34,6.3257,6.2814,6.2371,6.1928
2014,2,446,6.7,6.371,6.3329,6.2741,6.1934,6.0898
2014,2,463,6.7,6.3,6.3,6.2,6.1,6.0
2014,2,484,6.7,6.8,6.8,6.8,6.8,6.7
2014,2,504,6.7,6.4593,6.595,6.3891,6.3853,6.3801
2014,2,506,6.7,6.45,6.456,6.3313,6.2218,6.0397
2014,2,508,6.7,6.4,6.4,6.5,6.3,6.2
2014,2,510,6.7,6.2,6.0,5.9,5.8,5.6
2014,2,512,6.7,6.2,6.1,6.0,5.9,5.8
2014,2,518,6.7,6.4397,6.4711,6.4387,6.356,6.256
2014,2,520,6.7,6.4,6.5,6.5,6.3,6.2
2014,2,524,6.7,6.2774,6.1693,6.0748,5.9307,5.8253
2014,2,526,,,,,,
2014,2,532,,,,,,
2014,2,533,6.7,6.4,6.2,6.1,5.9,5.7
2014,2,535,6.7,6.3,6.2,6.1,6.0,5.9
2014,2,542,6.7,6.2552,6.0952,5.9301,5.78,5.7
2014,2,546,6.7,6.3,6.2,6.1,6.0,5.9
2014,2,548,6.7,6.4615,6.4887,6.398,6.3356,6.2101
2014,2,549,6.7,6.4,6.3,6.1,5.9,5.7
2014,2,553,6.7,6.2,6.0,5.9,5.8,5.7
2014,2,555,6.7,6.3,6.2,6.1,6.1,6.0
2014,2,556,6.7,6.4085,6.2552,6.1352,6.0152,5.8952
2014,2,557,6.7,6.5,6.6,6.4,6.1,6.0
2014,2,559,6.7,6.4,6.2,6.0,5.9,5.8
2014,2,563,6.7,6.4,6.3,6.4,6.4,6.5
2014,2,568,6.7,6.2299,6.1781,6.1825,6.1693,5.957
2014,2,569,6.7,6.3,6.1,5.9,5.7,5.5
2014,2,570,6.7,6.4,6.4,6.3,6.3036,6.2
2014,2,572,6.7,6.4,6.3,6.2,6.1,6.0
2014,2,574,6.7,6.4976,6.3243,6.1507,5.9769,5.8031
2014,2,576,6.7,6.5,6.4,6.3,6.1,6.2
2014,2,577,6.7,6.3,6.0,5.9,5.9,5.8
2014,2,578,6.7,6.363,6.2497,6.0427,5.969,5.9953
2014,2,579,6.7,6.3,6.1,6.0,5.9,5.8
2014,3,411,6.2,6.0924,5.8639,5.8078,5.7208,5.6483
2014,3,420,6.2,6.1,6.0,5.9,5.8,5.7
2014,3,421,6.2,6.1,6.0,5.8,5.6,5.4
2014,3,422,6.2,5.9,5.7,5.6,5.4,5.3
2014,3,426,6.2,6.1,6.0,5.9,5.9,5.8
2014,3,428,6.2,6.15,6.14,6.09,6.04,5.97
2014,3,433,6.2,6.158,6.04,5.9758,5.8546,5.7899
2014,3,446,6.2,6.132,6.0324,5.9304,5.8302,5.7317
2014,3,463,6.2,6.1,6.0,5.8,5.6,5.5
2014,3,484,6.2,6.3,6.3,6.3,6.3,6.3
2014,3,504,6.2,6.2125,6.2131,6.217,6.2195,6.2199
2014,3,506,6.2,6.133,6.0335,5.9203,5.8533,5.7808
2014,3,507,6.2,6.1833,6.0,5.9333,5.8333,5.7333
2014,3,508,6.2,6.1,6.0,6.0,6.0,5.9
2014,3,510,6.2,6.0,5.8,5.6,5.5,5.3
2014,3,512,6.2,6.1,6.0,5.9,5.8,6.0
2014,3,518,6.2,6.4711,6.4387,6.356,6.256,6.1801
2014,3,520,,,,,,
2014,3,524,6.2,6.0983,5.9483,5.8438,5.7418,5.5774
2014,3,526,6.2,6.1,5.9,5.8,5.6,5.5
2014,3,527,6.2,6.1,5.9,5.7,5.5,5.3
2014,3,532,,,,,,
2014,3,535,6.2,6.1,6.0,5.9,5.8,5.7
2014,3,542,6.2,6.0461,5.8267,5.74,5.6067,5.52
2014,3,546,6.2,6.1,6.0,5.9,5.8,5.7
2014,3,548,6.2,6.4887,6.398,6.3356,6.2101,6.1635
2014,3,549,6.2,6.1,5.9,5.8,5.6,5.6
2014,3,553,6.2,6.0,5.9,5.8,5.7,5.4
2014,3,555,6.2,6.1,5.9,5.8,5.7,5.6
2014,3,556,6.2,6.145,5.875,5.605,5.345,5.155
2014,3,557,6.2,6.2,6.1,6.0,5.9,5.9
2014,3,559,6.2,6.1,5.9,5.8,5.7,5.5
2014,3,563,6.2,6.0,6.0,6.0,6.1,6.1
2014,3,568,6.2,6.2243,6.3111,6.2576,6.0258,5.8728
2014,3,569,6.2,6.0,5.6,5.6,5.3,5.1
2014,3,570,6.2,6.1785,6.0505,5.7735,5.6129,5.4798
2014,3,572,6.2,6.0,5.9,5.8,5.7,5.6
2014,3,574,6.2,5.9847,5.7971,5.6561,5.5621,5.4679
2014,3,575,6.2,6.0,5.9,5.9,5.8,5.8
2014,3,577,6.2,6.1,6.0,5.9,5.9,5.8
2014,3,578,6.2,6.1,5.8,5.8,,5.5
2014,3,579,6.2,6.1,5.9,5.8,5.6,5.5
2014,3,580,6.2,6.1,5.9,5.7,5.6,5.5
2014,4,411,6.1,5.8,5.6,5.6,5.5,5.5
2014,4,421,6.1,5.9,5.7,5.5,5.3,5.2
2014,4,422,6.1,5.7454,5.5232,5.4718,5.2599,5.2
2014,4,423,6.1,5.81,5.7,5.7,5.71,5.76
2014,4,426,6.1,5.9,5.8,5.8,5.7,5.6
2014,4,428,6.07,6.06,5.91,5.81,5.67,5.55
2014,4,429,6.1,5.749,5.629,5.542,5.472,5.407
2014,4,433,6.0667,5.957,5.9058,5.8546,5.7899,5.7091
2014,4,446,6.1,5.9878,5.8866,5.7871,5.6893,5.5932
2014,4,484,6.1,6.1,6.1,6.1,6.0,6.0
2014,4,504,6.1,6.0904,6.0894,5.9339,5.8652,5.8337
2014,4,506,6.1,5.8,5.7715,5.6761,5.6275,5.6068
2014,4,507,6.1,5.8,5.7,5.6,5.5,5.4
2014,4,510,6.1,5.8,5.7,5.5,5.3,5.2
2014,4,512,6.1,5.8,5.9,5.8,6.0,5.8
2014,4,518,6.1,6.0284,5.9076,5.9064,5.7945,5.6944
2014,4,520,6.1,5.9,5.8,5.7,5.6,5.5
2014,4,524,6.1,5.844,5.6631,5.5162,5.2827,5.0914
2014,4,526,6.1,5.9096,5.8439,5.7781,5.7123,5.6465
2014,4,527,6.1,5.9,5.7,5.5,5.3,5.1
2014,4,533,6.1,5.9,5.7,5.5,5.3,5.2
2014,4,535,6.1,5.7,5.6,5.5,5.4,5.3
2014,4,542,6.1,5.8,5.74,5.6067,5.42,5.24
2014,4,546,6.1,5.9,5.8,5.7,5.6,5.5
2014,4,548,6.1,5.9,5.94,5.8,5.8,5.7
2014,4,549,6.1,5.9,5.8,5.7,5.6,5.5
2014,4,553,6.1,5.8,5.7,5.6,5.5,5.4
2014,4,555,6.1,5.9,5.8,5.7,5.6,5.5
2014,4,556,6.1,5.7258,5.4858,5.2258,5.0358,4.8558
2014,4,557,6.1,5.9,5.9,5.8,5.8,5.7
2014,4,559,6.1,5.8,5.7,5.5,5.3,5.2
2014,4,560,6.1,5.8,5.6,5.6,5.8,5.7
2014,4,563,6.1,6.0,5.9,5.9,5.9,6.0
2014,4,568,6.1,5.8147,5.7574,5.6758,5.6714,5.4882
2014,4,569,6.1,5.7,5.5,5.3,5.1,4.9
2014,4,570,6.1,5.9,5.9,5.8,5.7,5.6
2014,4,572,6.1,5.8,5.7,5.6,5.5,5.5
2014,4,574,6.1,5.9095,5.7219,5.5809,5.4867,5.3925
2014,4,575,6.1,6.0,5.8,5.9,6.0,6.1
2014,4,577,6.1,5.8,5.7,5.7,5.6,5.5
2014,4,578,6.1,5.8842,5.7772,5.6368,5.4632,5.2895
2014,4,579,6.1,5.9,5.8,5.6,5.5,5.5
2015,1,411,5.7,5.6,5.4,5.3,5.2,5.1
2015,1,421,5.7,5.5,5.3,5.2,5.1,5.0
2015,1,422,5.7,5.5726,5.3541,5.2704,5.1476,5.0415
2015,1,423,5.7,5.5,5.44,5.42,5.48,5.53
2015,1,426,5.7,5.5,5.5,5.4,5.3,5.2
2015,1,428,5.7,5.49,5.32,5.21,5.17,5.12
2015,1,429,5.7,5.617,5.516,5.435,5.364,5.286
2015,1,433,5.7,5.556,5.5012,5.4182,5.37,5.3453
2015,1,456,5.7,5.5,5.4,5.3,5.2,5.1
2015,1,504,5.7,5.6426,5.483,5.4374,5.3826,5.354
2015,1,506,5.7,5.6,5.6084,5.5204,5.4359,5.3817
2015,1,507,5.7,5.65,5.4833,5.3667,5.2333,5.2
2015,1,508,5.7,5.6,5.6,5.5,5.4,5.4
2015,1,510,5.7,5.5,5.3,5.1,5.0,4.8
2015,1,512,5.7,5.8,5.8,6.0,5.8,5.8
2015,1,518,5.7,5.6252,5.5288,5.4726,5.3867,5.3593
2015,1,520,5.7,5.6,5.5,5.4,5.2,5.1
2015,1,524,5.7,5.4529,5.3165,5.2022,5.1367,5.0556
2015,1,527,5.7,5.6,5.4,5.2,5.0,4.9
2015,1,542,5.7,5.6,5.36,5.18,5.0,4.84
2015,1,546,5.7,5.6,5.5,5.4,5.3,5.2
2015,1,548,5.7,5.81,5.75,5.73,5.75,5.78
2015,1,549,5.7,5.6,5.5,5.4,5.2,5.2
2015,1,553,5.7,5.6,5.4,5.3,5.2,5.1
2015,1,555,5.7,5.5667,5.5,5.4,5.3,5.2
2015,1,556,5.7,5.3846,5.1246,4.9346,4.768,4.6946
2015,1,557,5.7,5.6,5.4,5.2,5.1,5.1
2015,1,559,5.7,5.5,5.2,4.9,4.7,4.5
2015,1,563,5.7,5.5,5.5,5.5,5.6,5.7
2015,1,568,5.7,5.658,5.6651,5.5917,5.5635,5.4846
2015,1,569,5.7,5.6,5.4,5.1,4.9,4.7
2015,1,570,5.7,5.8622,5.7828,5.6985,5.6291,5.388
2015,1,572,5.7,5.5,5.4,5.3,5.2,5.2
2015,1,574,5.7,5.6697,5.5542,5.4724,5.3986,5.3516
2015,1,575,5.7,5.6,5.5,5.6,5.8,5.8
2015,1,577,5.7,5.56,5.56,5.45,5.45,5.33
2015,1,578,5.7,5.6,5.5,5.3,5.3,5.2
2015,1,579,5.7,5.5,5.3,5.2,5.2,5.1
2015,1,580,5.7,5.5,5.3391,5.2319,5.1369,4.9944
2015,2,411,5.6,5.3,5.1,5.0,4.9,4.9
2015,2,422,5.6,5.5059,5.286,5.2355,5.0615,4.9987
2015,2,424,5.6,5.3227,5.1679,5.0274,4.7635,4.7039
2015,2,426,5.6,5.4,5.3,5.2,5.2,5.1
2015,2,428,5.6,5.34,5.32,5.27,5.2,5.12
2015,2,429,5.6,5.371,5.189,5.056,4.962,4.88
2015,2,433,5.5667,5.36,5.25,5.14,5.0671,4.9941
2015,2,456,5.6,5.4,5.3,5.2,5.1,5.1
2015,2,463,5.6,5.4166,5.3174,5.2259,5.1372,5.057
2015,2,484,,,,,,
2015,2,504,5.6,5.483,5.4056,5.3242,5.2959,5.117
2015,2,506,5.6,5.38,5.3405,5.2773,5.1847,5.1034
2015,2,507,5.6,5.4167,5.3167,5.15,5.0667,5.0167
2015,2,510,5.6,5.3,5.2,5.0,4.9,4.8
2015,2,512,5.6,5.4,5.2,5.0,4.8,4.7
2015,2,518,5.6,5.52,5.4405,5.3784,5.2949,5.2341
2015,2,520,5.6,5.4,5.3,5.2,5.1,5.0
2015,2,523,5.6,5.4929,5.3139,5.2911,5.1416,4.9902
2015,2,527,5.6,5.4,5.2,5.0,4.8,4.8
2015,2,532,,,,,,
2015,2,533,5.6,5.4,5.2,5.1,5.0,5.0
2015,2,535,5.6,5.4,5.2,5.0,4.9,4.8
2015,2,542,5.6,5.34,5.14,4.96,4.8,4.68
2015,2,546,5.6,5.4,5.3,5.2,5.1,5.0
2015,2,548,5.6,5.39,5.36,5.31,5.23,5.16
2015,2,549,5.6,5.4,5.3,5.1,5.2,5.3
2015,2,555,5.6,5.4,5.3,5.2,5.1,5.0
2015,2,556,5.6,5.3527,5.0927,4.9027,4.7227,4.5561
2015,2,557,5.6,5.4,5.2,5.1,5.1,5.0
2015,2,559,5.6,5.3,5.1,4.9,4.7,4.6
2015,2,560,5.6,5.4,5.3,5.1,5.2,5.1
2015,2,563,5.6,6.4,6.3,6.4,6.4,6.5
2015,2,568,5.6,5.4054,5.344,5.3856,5.3769,5.2307
2015,2,569,5.6,5.3,5.1,4.9,4.7,4.6
2015,2,570,5.5667,5.6683,5.5,5.3,5.3,5.3
2015,2,572,5.6,5.3,5.1,5.0,4.9,4.8
2015,2,574,5.6,5.3177,5.1732,5.0462,4.9839,4.9389
2015,2,575,5.6,5.5,5.6,5.7,5.7,5.8
2015,2,576,5.6,5.6,5.7,5.6,5.6,5.6
2015,2,577,5.6,5.5,5.5,5.4,5.4,5.3
2015,2,578,5.6,5.4,5.3,5.2,5.1,5.1
2015,2,579,5.6,5.4,5.2,5.2,5.1,5.1
2015,2,580,5.6,5.4,5.3,5.1,5.0,5.0
2015,2,581,5.6,5.2584,4.9494,4.6415,4.4346,4.2785
2015,3,411,5.4,5.2,5.1,5.0,4.9,4.9
2015,3,421,5.4,5.2,5.1,5.0,4.9,4.8
2015,3,422,5.4,5.1,4.8716,4.8,4.8,4.8
2015,3,424,5.4,5.1679,5.0274,4.7635,4.7039,4.6716
2015,3,426,5.4,5.2,5.1,5.1,5.0,5.0
2015,3,428,5.4,5.23,5.07,4.97,4.95,4.9
2015,3,433,5.4,5.31,5.12,5.0,4.8967,4.7933
2015,3,456,5.4,5.3,5.1,5.0,4.9,4.8
2015,3,463,5.4,5.2559,5.1991,5.1354,5.0716,5.0082
2015,3,484,5.4,5.4,5.5,5.5,5.4,5.4
2015,3,504,5.4,5.3078,5.531,5.3524,5.1733,5.1447
2015,3,506,5.4,5.3,5.2,5.1,5.1,5.0
2015,3,508,5.4,5.3,5.1,5.1,5.0,5.0
2015,3,510,5.4,5.2,5.0,4.9,4.8,4.7
2015,3,512,5.4,5.2,5.0,4.8,4.7,4.6
2015,3,518,5.4,5.3579,5.34,5.2925,5.2419,5.1428
2015,3,520,5.4,5.3,5.2,5.1,5.0,5.1
2015,3,527,5.4,5.2,5.0,4.9,4.8,4.7
2015,3,528,5.4,5.3,5.1,5.0,5.0,4.9
2015,3,533,5.4,5.2,5.1,5.0,4.9,4.9
2015,3,535,5.4,5.2,5.0,4.9,4.8,4.7
2015,3,542,5.4,5.2014,5.0214,4.8414,4.6414,4.4914
2015,3,546,5.4,5.2,5.1,5.1,5.0,5.0
2015,3,548,5.4,5.36,5.31,5.23,5.16,5.12
2015,3,549,5.4,5.2,5.1,5.1,5.1,5.3
2015,3,553,5.4,5.3,5.2,5.1,5.1,5.0
2015,3,555,5.4,5.3,5.2,5.1,5.0,4.9
2015,3,557,5.4,5.2333,5.1,5.1,4.9667,4.8667
2015,3,559,5.4,5.1,4.7,4.5,4.5,4.5
2015,3,560,,,,,,
2015,3,563,5.4,5.3,5.4,5.4,5.5,5.7
2015,3,568,5.4,5.2765,5.1351,5.1069,5.1193,5.1412
2015,3,569,5.4,5.3,5.1,4.9,4.7,4.6
2015,3,570,5.4,5.3769,5.3241,5.2426,5.202,5.1291
2015,3,572,5.4,5.2,5.1,5.0,4.9,4.9
2015,3,574,5.4,5.2825,5.1706,5.0759,4.9984,4.9379
2015,3,575,5.4,5.3,5.4,5.6,5.7,5.8
2015,3,576,5.4,5.3,5.2,5.1,5.0,5.0
2015,3,577,5.4,5.2737,5.2765,5.308,5.3069,5.3383
2015,3,578,5.4,5.1842,5.1105,4.9702,4.8632,4.7895
2015,3,579,5.4,5.24,5.19,5.1148,5.0353,4.9689
2015,3,581,5.4,5.0388,4.7026,4.4672,4.2824,4.1647
2015,4,411,5.2,5.0,4.9,4.8,4.7,4.6
2015,4,421,5.2,5.0,4.8,4.7,4.6,4.5
2015,4,422,5.2,4.9,4.9,4.8,4.8,4.7
2015,4,424,5.2,5.0274,4.7635,4.7039,4.6716,4.6
2015,4,426,5.2,5.0,5.0,4.9,4.9,4.9
2015,4,428,5.2,5.03,5.01,4.99,5.02,4.98
2015,4,429,5.2,5.013,4.944,4.894,4.859,4.801
2015,4,433,5.1667,5.0,4.8967,4.8473,4.8077,4.75
2015,4,456,5.2,5.0,4.9,4.8,4.7,4.7
2015,4,463,5.2,4.9993,4.9066,4.8424,4.7797,4.7121
2015,4,472,5.2,4.9,4.9,4.7,4.6,4.5
2015,4,484,,,,,,
2015,4,504,5.2,4.984,4.9314,4.901,4.8705,4.8499
2015,4,506,5.2,5.09,5.1531,5.0703,5.0128,4.9744
2015,4,507,5.2,5.0167,4.9333,4.8333,4.7167,4.6667
2015,4,508,5.2,5.1903,5.1582,5.1608,5.1667,5.1553
2015,4,510,5.2,4.9,4.8,4.7,4.6,4.5
2015,4,518,5.2,5.1371,5.1476,5.111,5.0981,5.099
2015,4,520,5.2,5.0,4.9,5.0,4.9,4.8
2015,4,523,5.2,5.28,5.36,5.44,5.52,5.6
2015,4,524,5.2,5.0576,4.9828,4.9479,4.9425,4.9416
2015,4,528,5.2,5.0826,5.0078,4.9002,4.7717,4.7908
2015,4,532,,,,,,
2015,4,533,5.2,5.1,5.0,4.8,4.8,4.7
2015,4,535,5.2,5.0,4.9,4.8,4.6,4.5
2015,4,540,5.2,5.0,4.9,4.7,4.5,4.4
2015,4,542,5.2,4.976,4.796,4.596,4.426,4.276
2015,4,546,5.2,5.0,4.9,4.8,4.8,4.7
2015,4,548,5.2,5.11,5.2,5.14,5.1,5.08
2015,4,549,5.2,5.0,4.8,4.9,4.9,4.8
2015,4,553,5.2,5.0,4.9,4.8,4.7,4.6
2015,4,555,5.2,5.0,4.9,4.8,4.7,4.6
2015,4,556,5.2,4.976,4.876,4.816,4.756,4.696
2015,4,557,5.2,5.0,5.0,4.9,4.8,4.7
2015,4,559,5.2,4.9,4.8,4.7,4.6,4.5
2015,4,563,5.2,5.1,5.1,5.2,5.3,5.4
2015,4,568,5.2,4.9952,4.9183,4.7868,4.9005,4.9507
2015,4,569,5.2,5.0,4.9,4.7,4.6,4.5
2015,4,570,5.2,5.2977,5.2481,5.2346,5.1906,5.0805
2015,4,572,5.2,4.9,4.8,4.7,4.7,4.6
2015,4,574,5.2,5.0281,4.9322,4.8535,4.7918,4.7471
2015,4,575,5.2,5.2,5.2,5.3,5.4,5.5
2015,4,576,5.2,5.1,5.1,5.1,5.0,4.9
2015,4,578,5.2,5.0842,4.9439,4.8368,4.7632,4.6561
2015,4,579,5.2,5.06,5.01,4.96,4.9,4.85
2016,1,421,5.0,4.8,4.7,4.6,4.5,4.4
2016,1,422,5.0,4.8,4.7,4.7,4.7,4.6
2016,1,424,5.0,4.7905,4.6471,4.5278,4.5,4.5
2016,1,426,5.0,5.0,4.9,4.9,4.8,4.8
2016,1,433,5.0,4.92,4.8207,4.7353,4.65,4.6636
2016,1,456,5.0,4.9,4.8,4.7,4.6,4.5
2016,1,472,5.0,5.04,4.95,4.81,4.75,4.8
2016,1,484,,,,,,
2016,1,504,5.0,4.9163,4.8946,4.58,4.5568,4.5569
2016,1,506,5.0,4.8333,4.8372,4.8449,4.8386,4.8338
2016,1,507,5.0,4.9,4.8,4.7,4.5917,4.5667
2016,1,508,5.0,4.893,4.7816,4.6816,4.561,4.4574
2016,1,510,5.0,4.9,4.8,4.7,4.6,4.5
2016,1,512,5.0,4.8,4.7,4.6,4.4,4.3
2016,1,518,5.0,5.1476,5.111,5.0981,5.099,5.1308
2016,1,520,5.0,4.9,4.8,4.8,4.7,4.8
2016,1,524,5.0,4.9143,4.8819,4.9728,4.9188,4.7876
2016,1,527,5.0,4.8,4.8,4.5,4.5,4.8
2016,1,528,5.0,5.0147,4.9212,4.8396,4.8274,4.7
2016,1,532,,,,,,
2016,1,533,5.0,4.9,4.8,4.6,4.5,4.5
2016,1,535,5.0,4.9,4.8,4.6,4.5,4.4
2016,1,542,5.0,4.8406,4.6206,4.4106,4.2606,4.1206
2016,1,546,5.0,4.9,4.8,4.8,4.7,4.7
2016,1,548,5.0,4.9,4.84,4.8,4.68,4.87
2016,1,549,5.0,4.9,4.8,4.8,4.7,4.6
2016,1,553,5.0,4.9,4.8,4.7,4.6,4.6
2016,1,555,5.0,4.9,4.8,4.7,4.6,4.5
2016,1,556,5.0,4.8706,4.7206,4.5706,4.5206,4.5206
2016,1,557,5.0,4.96,4.9,4.7967,4.7133,4.6567
2016,1,563,5.0,5.0,5.1,5.3,5.4,5.6
2016,1,568,5.0,4.9211,4.8191,4.7028,4.7355,4.8108
2016,1,569,5.0,4.9,4.7,4.6,4.5,4.4
2016,1,570,5.0,5.0,5.0431,4.9551,4.8687,4.8254
2016,1,572,5.0,4.9,4.8,4.8,4.7,4.6
2016,1,574,5.0,5.0039,4.8187,4.4633,4.4441,4.5494
2016,1,576,5.0,5.0,5.0,4.9,4.9,4.9
2016,1,577,5.0,4.9,4.9,4.9,4.9377,4.9375
2016,1,578,5.0,4.8754,4.7351,4.4947,4.3877,4.4
2016,1,579,5.0,4.85,4.76,4.69,4.64,4.61
2016,2,421,4.9,4.8,4.7,4.6,4.5,4.4
2016,2,422,4.9,5.0286,4.918,4.8277,4.7353,4.6425
2016,2,424,4.9333,4.8,4.6,4.5,4.5,4.4
2016,2,426,4.9,4.9,4.8,4.8,4.7,4.6
2016,2,429,4.9,4.981,4.936,4.912,4.887,4.853
2016,2,433,4.9333,5.0,4.84,4.71,4.65,4.6
2016,2,446,4.9,4.8791,4.8254,4.7723,4.7341,4.6963
2016,2,456,4.9,4.9,4.8,4.6,4.5,4.5
2016,2,463,4.9,4.9,4.8,4.7,4.7,4.6
2016,2,472,4.9,5.0,4.9,4.8,5.0,4.9
2016,2,484,,,,,,
2016,2,504,4.9,4.9737,4.785,4.3722,4.4943,4.3369
2016,2,506,4.9333,4.911,4.9155,4.885,4.8132,4.7766
2016,2,507,4.9,4.9667,4.8667,4.8,4.7,4.7167
2016,2,508,4.9,4.6587,4.5699,4.5633,4.5677,4.5702
2016,2,510,4.9,4.9,4.8,4.7,4.6,4.3
2016,2,518,4.9,4.86,4.8531,4.8484,4.8338,4.8245
2016,2,520,4.9,4.9,4.8,4.7,4.8,4.7
2016,2,523,4.9,5.06,5.18,5.29,5.37,5.43
2016,2,524,4.9,4.8208,4.8263,4.8672,4.7359,4.6761
2016,2,532,,,,,,
2016,2,533,4.9,4.8,4.7,4.6,4.6,4.5
2016,2,535,4.9,4.9,4.8,4.6,4.5,4.4
2016,2,542,4.9,4.8211,4.5811,4.4277,4.2411,4.0711
2016,2,546,4.9,4.9,4.8,4.7,4.7,4.6
2016,2,548,4.9,4.92,4.94,4.92,4.86,4.84
2016,2,549,4.9,4.9,4.8,4.7,4.7,4.6
2016,2,553,4.9,4.9,4.8,4.7,4.6,4.6
2016,2,555,4.9,4.8,4.7,4.6,4.5,4.5
2016,2,556,4.9,4.9235,4.6935,4.5335,4.5335,4.5335
2016,2,557,4.9,4.9,4.7967,4.7133,4.6567,4.6133
2016,2,559,4.9,5.0,4.9,4.8,4.7,4.6
2016,2,563,4.9,4.8,4.9,5.0,5.2,5.4
2016,2,568,4.9,5.0251,4.8756,4.7888,4.7403,4.7212
2016,2,569,4.9,4.7,4.6,4.5,4.4,4.4
2016,2,570,4.9,5.0,4.9821,4.8513,4.8219,4.7955
2016,2,572,4.9,4.8,4.8,4.7,4.6,4.6
2016,2,574,4.9,4.853,4.7753,4.7136,4.6679,4.6379
2016,2,576,4.9,4.9,4.8,4.7,4.7,4.7
2016,2,577,4.9,4.9126,4.9082,4.9425,4.9797,5.0058
2016,2,578,4.9,5.0,4.7,4.6,4.6,4.5
2016,2,579,4.9,4.83,4.73,4.64,4.61,4.59
2016,3,411,4.9,4.8,4.7,4.6,4.5,4.3
2016,3,421,4.9,4.8,4.7,4.6,4.5,4.4
2016,3,422,4.9,4.8,4.8,4.7,4.7,4.7
2016,3,424,4.9,4.8,4.7,4.5,4.4,4.4
2016,3,426,4.9,5.0,5.0,4.8,4.8,4.7
2016,3,433,4.8667,4.84,4.71,4.65,4.6,4.6091
2016,3,446,4.9,4.8,4.7342,4.7366,4.739,4.7413
2016,3,456,4.9,4.8,4.7,4.6,4.5,4.4
2016,3,463,4.9,4.7963,4.739,4.71,4.6843,4.6661
2016,3,472,4.9,4.8,4.7,4.9,4.8,4.8
2016,3,484,,,,,,
2016,3,504,4.9,4.7374,4.3448,4.4429,4.3592,4.4849
2016,3,506,4.8667,4.7984,4.7682,4.7419,4.7382,4.7524
2016,3,507,4.9,4.85,4.7,4.7333,4.6333,4.6333
2016,3,508,4.9,4.7694,4.7528,4.7171,4.6274,4.5223
2016,3,510,4.9,4.8,4.7,4.6,4.3,4.1
2016,3,512,4.9,4.9,4.8,4.7,4.6,4.4
2016,3,518,4.9,4.8349,4.872,4.867,4.8914,4.9249
2016,3,520,4.9,4.8,4.7,4.6,4.7,4.7
2016,3,523,4.9,4.8,4.7,4.8,5.2,5.2
2016,3,527,4.9,4.9,4.7,4.7,4.6,4.6
2016,3,528,4.9,4.8,4.8,4.8,4.8,4.8
2016,3,535,4.9,4.8,4.7,4.6,4.5,4.4
2016,3,542,4.9,4.798,4.658,4.488,4.318,4.148
2016,3,546,4.9,4.8,4.7,4.7,4.6,4.6
2016,3,548,4.9,4.94,4.92,4.86,4.84,4.82
2016,3,549,4.9,4.8,4.7,4.6,4.6,4.6
2016,3,553,4.9,4.8,4.7,4.7,4.6,4.6
2016,3,555,4.9,4.8,4.7,4.7,4.6,4.6
2016,3,557,4.9,4.8,4.8,4.7,4.7,4.6
2016,3,559,4.9,4.9,4.8,4.7,4.6,4.6
2016,3,563,4.9,4.9,5.0,5.2,5.4,5.5
2016,3,568,4.9,4.862,4.8048,4.7639,4.7331,4.6451
2016,3,569,4.9,4.8,4.6,4.5,4.4,4.3
2016,3,570,4.9,4.9074,4.7546,4.7262,4.7164,4.7013
2016,3,572,4.9,4.8,4.7,4.6,4.6,4.6
2016,3,574,4.9,4.7803,4.7184,4.6725,4.6424,4.628
2016,3,575,4.9,4.9,4.8,5.0,5.0,5.1
2016,3,576,4.9,4.8674,4.7647,4.7577,4.7207,4.7264
2016,3,578,4.9,4.8614,4.7263,4.6018,4.5684,4.5684
2016,4,411,4.9,4.8,4.7,4.6,4.5,4.4
2016,4,421,4.9,4.8,4.7,4.6,4.4,4.3
2016,4,422,4.9,4.7,4.6,4.5,4.5,4.4
2016,4,424,4.9,4.8,4.7,4.6,4.5,4.5
2016,4,426,4.9,5.0,4.8,4.8,4.7,4.7
2016,4,429,4.9,4.8644,4.8053,4.7612,4.7084,4.6535
2016,4,433,4.9333,4.89,4.8,4.7404,4.6808,4.6808
2016,4,446,4.9,4.8593,4.7621,4.7621,4.7621,4.7621
2016,4,456,4.9,4.8,4.7,4.7,4.6,4.5
2016,4,463,4.9,4.9,4.8,4.8,4.8,4.8
2016,4,472,4.9,4.84,4.89,4.84,4.83,4.85
2016,4,484,,,,,,
2016,4,504,4.9,4.8377,4.9856,4.9091,4.9843,4.9171
2016,4,506,4.9333,4.88,4.782,4.7294,4.6997,4.6841
2016,4,507,4.9,4.85,4.7833,4.65,4.5833,4.6167
2016,4,508,4.9,4.8429,4.9,4.9,4.9,5.0
2016,4,510,4.9,4.9,4.7,4.5,4.2,4.0
2016,4,512,4.9,4.8,4.8,4.6,4.4,4.3
2016,4,518,4.9,5.0034,5.1034,5.3034,5.3034,5.2034
2016,4,527,4.9,4.9,4.8,4.7,4.7,4.6
2016,4,532,,,,,,
2016,4,535,4.9,4.8,4.7,4.7,4.6,4.5
2016,4,546,4.9,4.9,4.8,4.7,4.7,4.6
2016,4,548,4.9,4.84,4.79,4.79,4.83,4.88
2016,4,549,4.9,4.8,4.7,4.6,4.6,4.5
2016,4,553,4.9,4.8,4.7,4.7,4.6,4.6
2016,4,555,4.9,4.9,4.8,4.7,4.7,4.6
2016,4,556,4.9,4.8257,4.6757,4.539,4.4957,4.4657
2016,4,557,4.9,4.8541,4.7319,4.6046,4.7025,4.6916
2016,4,559,4.9,4.8,4.7,4.6,4.6,4.5
2016,4,560,,,,,,
2016,4,563,4.9,5.0,5.1,5.2,5.4,5.5
2016,4,568,4.9,4.7441,4.6037,4.5363,4.439,4.4006
2016,4,569,4.9,4.8,4.6,4.6,4.5,4.4
2016,4,570,4.9,4.7517,4.7151,4.7003,4.7093,4.6952
2016,4,572,4.9,4.9,4.8,4.8,4.7,4.7
2016,4,574,4.9,4.8595,4.8132,4.7827,4.7679,4.7841
2016,4,575,4.9,4.8,4.9,5.0,5.0,5.1
2016,4,576,4.9,4.8681,4.8872,4.8686,4.8976,4.8007
2016,4,577,4.9,4.9109,4.9292,4.9299,4.9771,4.9746
2016,4,578,4.9,4.8,4.7,4.7,4.7,4.7
2016,4,583,4.9,4.9,4.8,4.7,4.7,4.8
2017,1,411,4.7,4.7,4.6,4.5,4.4,4.3
2017,1,421,4.7,4.6,4.5,4.4,4.3,4.3
2017,1,422,4.7,4.7947,4.7064,4.7057,4.5965,4.4896
2017,1,424,4.7,4.7,4.6,4.5,4.5,4.4
2017,1,426,4.7,4.7,4.6,4.6,4.6,4.6
2017,1,429,4.7,4.6894,4.6518,4.6037,4.5608,4.5352
2017,1,433,4.7,4.69,4.664,4.638,4.569,4.51
2017,1,446,4.7,4.7188,4.7377,4.7566,4.7757,4.8234
2017,1,456,4.7,4.6847,4.5666,4.5093,4.3902,4.3054
2017,1,463,4.7,4.8,4.7,4.7,4.7,4.6
2017,1,472,4.7,4.8,4.8,4.7,4.6,4.6
2017,1,484,,,,,,
2017,1,504,4.7,4.7777,4.4459,4.3576,4.4245,4.343
2017,1,506,4.7,4.74,4.6344,4.5578,4.4816,4.3791
2017,1,508,4.7,4.9,4.9,4.9,5.0,5.0
2017,1,510,4.7,4.6,4.4,4.1,3.8,3.7
2017,1,512,4.7,4.8,4.6,4.4,4.2,4.0
2017,1,518,4.7,4.8,4.9,5.1,5.3,5.5
2017,1,523,4.7,4.8,4.9,5.0,5.0,4.8
2017,1,527,4.7,4.6,4.5,4.4,4.3,4.2
2017,1,532,,,,,,
2017,1,535,4.7,4.7,4.6,4.5,4.5,4.4
2017,1,542,4.7,4.7504,4.6204,4.4704,4.3604,4.2637
2017,1,546,4.7,4.8,4.7,4.7,4.6,4.5
2017,1,548,4.7,4.69,4.57,4.49,4.43,4.35
2017,1,549,4.7,4.7,4.7,4.6,4.5,4.5
2017,1,553,4.7,4.8,4.7,4.6,4.6,4.5
2017,1,555,4.7,4.7,4.7,4.6,4.6,4.5
2017,1,556,4.7,4.7304,4.5937,4.5504,4.5204,4.5504
2017,1,557,4.7,4.6,4.6,4.5,4.5,4.4
2017,1,560,,,,,,
2017,1,563,4.7,4.7,4.7,4.9,5.0,5.2
2017,1,568,4.7,4.6934,4.8557,4.9837,4.9574,4.8938
2017,1,569,4.7,4.7,4.6,4.5,4.4,4.3
2017,1,570,4.7,4.6882,4.6616,4.6469,4.6018,4.5608
2017,1,572,4.7,4.7,4.6,4.6,4.5,4.4
2017,1,574,4.7,4.6598,4.5985,4.5532,4.5237,4.4508
2017,1,576,4.7,4.6066,4.5294,4.4744,4.3497,4.3089
2017,1,577,4.7,4.6757,4.6313,4.5975,4.5944,4.6439
2017,1,578,4.7,4.5,4.4,4.4,4.3,4.2
2017,1,579,4.7,4.7247,4.7104,4.6443,4.6217,4.5475
2017,1,583,4.7,4.8,4.8,4.8,4.8,4.8
2017,2,411,4.7,4.5,4.4,4.3,4.2,4.2
2017,2,421,4.7,4.5,4.4,4.3,4.3,4.3
2017,2,422,4.7,4.4,4.3,4.2,4.1,4.0
2017,2,424,4.7,4.6,4.5,4.5,4.4,4.4
2017,2,426,4.7,4.6,4.5,4.5,4.5,4.4
2017,2,429,4.7,4.4072,4.3751,4.339,4.3072,4.2788
2017,2,433,4.6667,4.5,4.48,4.475,4.45,4.45
2017,2,446,4.7,4.6853,4.7041,4.7229,4.7701,4.8178
2017,2,456,4.7,4.464,4.3554,4.2563,4.2248,4.1934
2017,2,463,4.7,4.4,4.4,4.4,4.4,4.3
2017,2,484,,,,,,
2017,2,504,4.7,4.38,4.22,4.3,4.22,4.13
2017,2,507,4.7,4.4833,4.4,4.3667,4.2833,4.3
2017,2,508,4.7,4.7,4.6,4.5,4.5,4.5
2017,2,510,4.7,4.3,4.1,3.8,3.7,3.6
2017,2,512,4.7,4.5,4.4,4.3,4.2,3.9
2017,2,518,4.7,4.8,4.95,5.0,5.1,5.0
2017,2,527,4.7,4.5,4.4,4.3,4.2,4.2
2017,2,532,,,,,,
2017,2,535,4.7,4.4,4.3,4.3,4.2,4.1
2017,2,546,4.7,4.5,4.4,4.4,4.3,4.3
2017,2,548,4.7,4.57,4.48,4.38,4.27,4.12
2017,2,549,4.7,4.5,4.4,4.3,4.2,4.2
2017,2,555,4.7,4.4,4.4,4.4,4.3,4.3
2017,2,556,4.7,4.4608,4.4141,4.3241,4.3741,4.4941
2017,2,557,4.7,4.5333,4.4,4.4,4.3,4.2667
2017,2,559,4.7,4.6,4.4,4.2,4.0,3.9
2017,2,563,4.7,4.5,4.6,4.7,4.9,5.0
2017,2,568,4.7,4.3764,4.3961,4.3287,4.2028,4.0988
2017,2,569,4.7,4.5,4.4,4.2,4.1,4.0
2017,2,570,4.7,4.736,4.6,4.6,4.6,4.7
2017,2,572,4.7,4.4,4.3,4.2,4.1,4.1
2017,2,574,4.7,4.5387,4.4935,4.4641,4.3913,4.3342
2017,2,576,4.7,4.6241,4.7,4.7,4.7,4.7
2017,2,578,4.7,4.5,4.4,4.4,4.3,4.3
2017,2,579,4.7,4.7,4.6,4.6,4.5,4.5
2017,2,583,4.7,4.5,4.5,4.6,4.5,4.7
2017,3,411,4.4,4.3,4.2,4.1,4.0,4.0
2017,3,421,4.4,4.3,4.2,4.1,4.2,4.3
2017,3,422,4.4,4.3,4.1,4.0,4.0,3.9
2017,3,426,4.4,4.4,4.5,4.4,4.4,4.4
2017,3,433,4.3667,4.31,4.29,4.27,4.27,4.28
2017,3,456,4.4,4.1896,4.1005,3.9851,3.8547,3.8635
2017,3,463,4.4,4.3,4.2,4.1,4.1,4.0
2017,3,472,4.4,4.4,4.3,4.3,4.3,4.2
2017,3,484,,,,,,
2017,3,504,4.4,4.24,4.22,4.48,4.35,4.46
2017,3,506,4.3667,4.2965,4.2361,4.1671,4.0795,4.0399
2017,3,507,4.4,4.3255,4.3,4.2167,4.2167,4.1667
2017,3,508,4.4,4.5851,4.5412,4.5,4.5,4.5
2017,3,510,4.4,4.2,4.0,3.9,3.8,3.7
2017,3,512,4.4,4.3,4.3,4.1,3.9,3.9
2017,3,518,4.4,4.42,4.5,4.47,4.5364,4.6216
2017,3,524,4.4,4.2998,4.3107,4.2226,4.204,4.1173
2017,3,527,4.4,4.3,4.2,4.1,4.1,4.0
2017,3,532,,,,,,
2017,3,535,4.4,4.3,4.2,4.1,4.0,4.0
2017,3,542,4.4,4.2367,4.1167,4.0433,3.9533,3.8867
2017,3,546,4.4,4.3,4.2,4.2,4.1,4.1
2017,3,548,4.4,4.32,4.22,4.09,4.05,4.01
2017,3,549,4.4,4.3,4.3,4.2,4.2,4.3
2017,3,553,4.4,4.3,4.2,4.1,4.1,4.0
2017,3,555,4.4,4.3,4.2,4.1,4.1,4.0
2017,3,556,4.4,4.3197,4.2297,4.2397,4.2997,4.3597
2017,3,557,4.3667,4.3019,4.2408,4.1931,4.1483,4.1047
2017,3,563,4.4,4.3,4.4,4.6,4.8,5.0
2017,3,568,4.4,4.295,4.2884,4.3666,4.4212,4.5109
2017,3,569,4.4,4.3,4.2,4.1,4.0,3.9
2017,3,570,4.4,4.3048,4.3035,4.3229,4.3223,4.3329
2017,3,572,4.4,4.2,4.1,4.1,4.0,4.1
2017,3,574,4.4,4.3383,4.2809,4.2393,4.2134,4.203
2017,3,576,4.4,4.1876,3.978,3.8878,3.7642,3.7184
2017,3,577,4.4,4.3,4.3,4.3,4.3,4.3
2017,3,579,4.4,4.21,4.13,4.03,3.95,3.89
2017,3,583,4.4,4.4,4.5,4.4,4.6,4.5
2017,3,584,4.4,4.3,4.3091,4.3306,4.3597,4.4006
2017,4,411,4.3,4.2,4.1,4.0,4.0,4.0
2017,4,421,4.3,4.2,4.1,4.1,4.3,4.4
2017,4,422,4.3,3.9836,3.8792,3.7802,3.8174,3.7361
2017,4,424,4.3,4.3,4.2,4.2,4.2,4.2
2017,4,428,4.3,4.1,4.0,3.83,3.79,3.69
2017,4,429,4.3,4.2012,4.2423,4.2133,4.1623,4.1334
2017,4,433,4.3,4.1,4.0909,4.0818,4.0727,4.079
2017,4,446,4.3,4.3,4.3,4.2,4.1,4.1
2017,4,456,4.3,4.1376,4.1128,3.9827,3.9297,3.8775
2017,4,472,4.3,4.19,4.17,4.11,4.07,4.04
2017,4,484,,,,,,
2017,4,504,4.3,3.87,3.89,3.98,4.16,4.1
2017,4,507,4.3,4.1958,4.1542,4.1667,4.0667,4.0417
2017,4,508,4.3,4.2345,4.5,4.5,4.5,4.5
2017,4,510,4.3,4.1,4.0,3.9,3.9,3.8
2017,4,512,4.3,4.2,4.1,3.9,3.9,3.7
2017,4,518,4.3,4.1763,4.1042,4.0547,4.0626,4.0332
2017,4,524,4.3,4.2558,4.2264,4.2141,4.2204,4.1966
2017,4,527,4.3,4.2,4.1,4.1,4.0,4.0
2017,4,532,,,,,,
2017,4,535,4.3,4.1,4.0,3.9,3.9,3.8
2017,4,542,4.3,4.1604,4.0904,4.0104,3.9204,3.8904
2017,4,546,4.3,4.2,4.1,4.1,4.0,4.0
2017,4,548,4.3,4.23,4.2,4.21,4.23,4.16
2017,4,549,4.3,4.1,4.1,4.2,4.2,4.2
2017,4,553,4.3,4.2,4.2,4.2,4.1,4.0
2017,4,555,4.3,4.1,4.1,4.0,3.9,3.9
2017,4,556,4.3,4.3016,4.3116,4.3716,4.4316,4.4916
2017,4,557,4.3,4.1985,4.1935,4.0944,3.9935,3.9933
2017,4,559,4.3,4.1477,4.0151,3.9106,3.8345,3.7868
2017,4,563,4.3,4.3,4.4,4.5,4.7,4.9
2017,4,568,4.3,4.0191,4.322,4.4507,4.446,4.323
2017,4,569,4.3,4.1,4.0,3.9,3.8,3.8
2017,4,570,4.3,4.2307,4.2645,4.307,4.3337,4.3662
2017,4,572,4.3,4.1,4.0,3.9,4.0,4.1
2017,4,574,4.3,4.1608,4.1195,4.0939,4.0838,4.0891
2017,4,576,4.3,4.155,4.1101,4.0181,4.013,3.9057
2017,4,578,4.3,4.2,4.0,3.9,3.9,3.8
2017,4,579,4.3,4.1,4.0,4.0,3.9,3.9
2017,4,583,4.3,4.2,4.2,4.3,4.4,4.3
2017,4,584,4.3,4.1,4.0208,3.9568,3.9175,3.9017
2018,1,411,4.1,4.1,4.0,3.9,3.8,3.6
2018,1,421,4.1,4.0,3.9,3.8,3.7,3.6
2018,1,422,4.1,3.8894,3.7282,3.5646,3.5638,3.4402
2018,1,424,4.1,4.0,4.0,3.9,3.9,3.8
2018,1,428,4.1,4.0,3.83,3.68,3.54,3.5
2018,1,433,4.1,4.01,3.99,3.95,3.92,3.94
2018,1,446,4.1,4.1,4.0,3.9,3.8,3.6
2018,1,456,4.1,3.9618,3.8308,3.7005,3.5438,3.4442
2018,1,472,4.1,4.05,3.97,3.93,3.88,3.87
2018,1,484,,,,,,
2018,1,504,4.1,4.0,3.9,3.9,3.8,3.8
2018,1,508,4.1,3.9918,3.894,3.7954,3.7053,3.6357
2018,1,510,4.1,4.2,4.1,4.0,4.0,4.0
2018,1,518,4.1,3.9256,3.7678,3.6234,3.5228,3.5079
2018,1,532,,,,,,
2018,1,533,4.1,4.1,4.0,4.0,4.0,4.0
2018,1,535,4.1,4.1,4.0,4.0,3.9,3.8
2018,1,546,4.1,4.0,3.9,3.9,3.8,3.8
2018,1,548,4.1,3.95,4.0,3.95,3.86,3.8
2018,1,549,4.1,4.1,3.9,4.0,4.0,4.1
2018,1,553,4.1,4.1,4.0,3.9,3.8,3.8
2018,1,555,4.1,4.1,4.0,3.9,3.8,3.8
2018,1,556,4.1,4.1486,4.1586,4.1886,4.2286,4.2886
2018,1,557,4.1,4.092,3.926,3.9357,3.7603,3.8217
2018,1,559,4.1,4.0205,3.8873,3.7539,3.6203,3.5754
2018,1,563,4.1,4.0,4.0,4.2,4.3,4.5
2018,1,568,4.1,4.0956,4.1171,4.0135,3.9937,3.9588
2018,1,569,4.1,4.0,3.9,3.8,3.7,3.6
2018,1,570,4.1,4.0595,4.0539,4.0544,4.0434,4.0336
2018,1,572,4.1,3.9,3.8,3.8,3.9,4.0
2018,1,574,4.1,4.126,4.0539,3.9975,3.9569,3.9471
2018,1,576,4.1,4.0,3.9,3.9,3.8,3.8
2018,1,578,4.1,4.1,3.9,3.9,3.8,3.8
2018,1,579,4.1,4.0017,3.9086,3.8552,3.807,3.7528
2018,1,583,4.1,4.1,4.1,3.9,4.0,4.1
2018,1,584,4.1,4.1,4.0987,4.0993,4.107,4.1336
2018,2,411,4.1,3.9,3.8,3.6,3.5,3.5
2018,2,421,4.1,3.9,3.8,3.7,3.6,3.6
2018,2,422,4.1,3.9,3.7,3.6,3.6,3.5
2018,2,424,4.1,4.0,3.9,3.9,3.8,3.8
2018,2,426,4.0,3.9,3.8,3.7,3.7,3.8
2018,2,428,4.1,3.8417,3.6447,3.4587,3.3852,3.3506
2018,2,429,4.1,3.9549,3.8635,3.8181,3.7707,3.7208
2018,2,433,4.1,3.9,3.8,3.7,3.6,3.6
2018,2,446,4.1,3.9,3.8,3.8,3.7,3.7
2018,2,472,4.1,3.89,3.79,3.72,3.69,3.64
2018,2,484,,,,,,
2018,2,504,4.1203,3.9263,3.8573,3.8383,3.8016,3.7714
2018,2,508,4.1,3.894,3.7954,3.7053,3.6357,3.5864
2018,2,510,4.1,4.0,3.9,3.9,3.9,3.9
2018,2,518,4.1,3.9782,3.9439,3.912,3.7669,3.8381
2018,2,523,4.1,4.0,4.1,4.1,4.2,4.3
2018,2,532,,,,,,
2018,2,535,4.1,3.9,3.8,3.7,3.6,3.5
2018,2,546,4.1,4.0,3.9,3.8,3.7,3.6
2018,2,548,4.1,4.09,4.07,3.98,3.76,3.66
2018,2,549,4.1,3.9,3.9,3.8,3.8,3.9
2018,2,553,4.1,3.9,3.9,3.8,3.7,3.8
2018,2,555,4.1,3.9,3.9,3.8,3.8,3.7
2018,2,556,4.1,4.0088,4.0188,3.9588,3.8988,3.9188
2018,2,557,4.1,3.9153,3.8243,3.7427,3.6987,3.621
2018,2,563,4.1,3.9,4.0,4.1,4.3,4.4
2018,2,568,4.1,3.9413,3.774,3.7844,3.8577,3.8506
2018,2,569,4.1,3.9,3.8,3.7,3.7,3.6
2018,2,570,4.1,4.0799,4.0166,3.9671,3.9076,3.9266
2018,2,572,4.1,3.9,3.8,3.6,3.8,3.9
2018,2,574,4.1,4.0177,3.9462,3.9058,3.8962,3.9173
2018,2,576,4.1,4.0933,4.083,4.0686,4.0516,4.0332
2018,2,578,4.1,4.1,4.0,3.9,3.9,3.6
2018,2,579,4.1,3.8272,3.6992,3.5769,3.4387,3.32
2018,2,583,4.1,3.9,3.9,4.0,3.9,4.0
2018,2,584,4.1,3.9,3.8712,3.8518,3.8621,3.8973
2018,3,411,3.9,3.8,3.6,3.5,3.5,3.5
2018,3,421,3.9,3.8,3.7,3.6,3.6,3.6
2018,3,422,3.9,3.8,3.6,3.5,3.5,3.4
2018,3,424,3.9,3.8,3.8,3.8,3.8,3.8
2018,3,426,3.9,3.8,3.7,3.7,3.8,3.7
2018,3,428,3.9,3.8249,3.6549,3.5188,3.4458,3.3863
2018,3,433,3.9,3.89,3.75,3.665,3.6275,3.6324
2018,3,456,3.9,3.7751,3.5657,3.4079,3.2662,3.1924
2018,3,472,3.9,3.87,3.77,3.76,3.73,3.7
2018,3,484,,,,,,
2018,3,504,3.9,3.8,3.7,3.7,3.7,3.6
2018,3,507,3.9,3.8917,3.75,3.7125,3.6417,3.6542
2018,3,508,3.9,3.6928,3.5237,3.4109,3.3795,3.3992
2018,3,510,3.9,4.0,3.9,4.0,4.0,4.0
2018,3,518,3.9,4.0,3.9,3.7,3.8,3.9
2018,3,524,3.9,3.586,3.4645,3.4649,3.4451,3.3746
2018,3,528,3.9,3.8127,3.6695,3.5704,3.6368,3.477
2018,3,532,,,,,,
2018,3,535,3.9,3.8,3.7,3.6,3.5,3.4
2018,3,546,3.9,3.8,3.7,3.6,3.5,3.4
2018,3,549,3.9,3.8,3.7,3.6,3.6,3.5
2018,3,553,3.9,3.9,3.8,3.7,3.7,3.6
2018,3,555,3.9,3.9,3.8,3.7,3.7,3.6
2018,3,557,3.9,3.8847,3.7323,3.755,3.715,3.7183
2018,3,559,3.9,3.6794,3.4907,3.4314,3.372,3.3126
2018,3,560,3.9,3.89,3.75,3.665,3.6275,3.6324
2018,3,563,3.9,3.9,4.0,4.1,4.3,4.6
2018,3,568,3.9,3.8826,3.9788,3.9451,3.9764,3.9605
2018,3,569,3.9,3.9,3.8,3.7,3.6,3.5
2018,3,570,3.9,3.8221,3.7646,3.7211,3.7214,3.7429
2018,3,572,3.9,3.8,3.6,3.8,3.9,4.0
2018,3,574,3.9,3.8085,3.7376,3.6978,3.6887,3.7103
2018,3,576,3.9,3.8689,3.7248,3.7184,3.6085,3.6373
2018,3,577,3.9,3.8636,3.8782,3.8996,3.9753,4.0978
2018,3,578,3.9,3.8,3.7,3.6,3.5,3.3
2018,3,579,3.9,3.6992,3.5769,3.4387,3.32,3.225
2018,3,583,3.9,3.9,4.0,3.9,4.0,4.0
2018,3,584,3.9,3.9,3.882,3.8766,3.8875,3.9226
2018,4,411,3.8,3.7,3.5,3.4,3.4,3.4
2018,4,421,3.8,3.7,3.6,3.6,3.6,3.7
2018,4,426,3.8333,3.7,3.7,3.8,3.7,3.6
2018,4,428,3.8,3.6459,3.5177,3.3704,3.2828,3.2799
2018,4,429,3.8,3.6812,3.5978,3.5503,3.4834,3.4286
2018,4,433,3.8333,3.645,3.6338,3.6225,3.6113,3.6
2018,4,463,3.8,3.7,3.6,3.6,3.5,3.5
2018,4,472,3.8,3.7,3.68,3.64,3.64,3.68
2018,4,484,,,,,,
2018,4,504,3.8,3.7681,3.7521,3.7159,3.6952,3.6836
2018,4,507,3.8,3.7083,3.6125,3.581,3.5083,3.5023
2018,4,508,3.8,3.8,3.7,3.7,3.8,3.9
2018,4,510,3.8,3.6,3.7,3.7,3.7,3.6
2018,4,518,3.8,3.8787,3.9168,3.9385,3.9629,4.1077
2018,4,523,3.8,4.0,4.1,4.2,4.2,4.3
2018,4,528,3.8,3.6695,3.5704,3.6368,3.477,3.5
2018,4,532,,,,,,
2018,4,535,3.8,3.7,3.6,3.4,3.3,3.3
2018,4,542,3.8,3.5832,3.4332,3.2832,3.1332,2.9832
2018,4,546,3.8,3.7,3.6,3.5,3.4,3.3
2018,4,549,3.8,3.7,3.5,3.5,3.4,3.5
2018,4,555,3.8,3.7,3.7,3.6,3.6,3.5
2018,4,556,3.8,3.7353,3.7853,3.8453,3.9053,3.9653
2018,4,557,3.8,3.664,3.6673,3.62,3.719,3.8
2018,4,563,3.8,3.8,3.9,4.0,4.2,4.3
2018,4,568,3.8,3.6878,3.7468,3.7558,3.7197,3.6867
2018,4,569,3.8,3.7,3.6,3.5,3.4,3.3
2018,4,570,3.8,3.7266,3.6854,3.7023,3.7348,3.7258
2018,4,572,3.8,3.7,3.6,3.6,3.7,3.8
2018,4,574,3.8,3.7007,3.6302,3.5907,3.5819,3.6036
2018,4,576,3.8,3.6672,3.7494,3.6487,3.6743,3.5904
2018,4,577,3.8,3.8,3.8,3.9,3.9,3.9
2018,4,578,3.8,3.7,3.5,3.2,3.3,3.3
2018,4,583,3.8,3.7,3.8,4.0,3.9,3.9
2018,4,584,3.8,3.7,3.7138,3.725,3.7546,3.7996
2018,4,585,3.8,3.5824,3.459,3.3645,3.1382,3.0847
2018,4,586,3.8,3.7,3.8,3.9,4.0,4.0
2019,1,411,3.8,3.8,3.6,3.5,3.5,3.6
2019,1,421,3.8,3.9,3.7,3.6,3.7,3.8
2019,1,422,3.8,3.9,3.7993,3.6595,3.5192,3.3713
2019,1,423,3.8,3.9,4.0,4.0,4.0,4.1
2019,1,424,,,,,,
2019,1,428,3.8,3.8344,3.6753,3.4762,3.3496,3.3819
2019,1,433,3.8,3.84,3.67,3.555,3.51,3.46
2019,1,463,3.8,3.8,3.7,3.6,3.5,3.5
2019,1,472,3.8,3.65,3.69,3.73,3.76,3.8
2019,1,484,,,,,,
2019,1,504,3.7701,3.8566,3.7234,3.7027,3.6912,3.6129
2019,1,508,3.8,3.6901,3.6769,3.676,3.6667,3.6925
2019,1,510,3.8,4.0,4.1,4.1,4.0,3.9
2019,1,518,3.8,3.9896,4.0229,4.0894,4.0712,4.1385
2019,1,528,3.8,3.7049,3.4632,3.424,3.4338,3.4142
2019,1,535,3.8,3.9,3.7,3.6,3.5,3.4
2019,1,542,3.8,3.8684,3.7008,3.5808,3.4808,3.4308
2019,1,546,3.8,3.9,3.8,3.8,3.9,3.9
2019,1,548,3.8,3.72,3.57,3.5,3.48,3.45
2019,1,549,3.8,3.9,3.6,3.4,3.4,3.4
2019,1,553,3.8,3.8,3.7,3.6,3.5,3.5
2019,1,555,3.8,3.9,3.7,3.7,3.6,3.5
2019,1,557,3.8,3.9,3.8,3.9,3.9,3.9
2019,1,559,3.8,3.79,3.6,3.5,3.4,3.4
2019,1,563,3.8,3.8,3.9,4.1,4.2,4.4
2019,1,568,3.8,3.9192,3.9845,3.8651,3.8596,3.8059
2019,1,569,3.8,3.9,3.7,3.6,3.5,3.4
2019,1,570,3.8,3.7744,3.794,3.8182,3.848,3.8443
2019,1,572,3.8,3.8,3.7,3.6,3.7,3.9
2019,1,574,3.8,3.7299,3.6903,3.6813,3.7027,3.7544
2019,1,575,3.8,3.9,3.8,4.0,3.9,4.0
2019,1,576,3.8,3.8659,3.7544,3.6854,3.7051,3.7862
2019,1,577,3.8,3.9,3.9,3.8,4.0,4.1
2019,1,579,3.8,3.5184,3.4122,3.3284,3.267,3.2277
2019,1,583,3.8,4.0,4.0,3.9,3.9,3.9
2019,1,584,3.8,3.9,3.8778,3.8415,3.8223,3.8183
2019,1,585,3.8,3.7574,3.3962,3.209,3.2024,3.3155
2019,1,586,3.8,3.8,3.84,3.89,3.98,4.09
2019,2,411,3.9,3.7,3.5,3.5,3.5,3.4
2019,2,421,3.9,3.7,3.6,3.7,3.8,3.9
2019,2,422,3.9,3.6119,3.5018,3.3846,3.2837,3.1831
2019,2,424,3.9,3.7,3.7,3.7,3.7,3.7
2019,2,426,3.9,3.8,3.7,3.6,3.6,3.6
2019,2,428,3.9,3.6,3.47,3.36,3.3,3.21
2019,2,429,3.9,3.6298,3.5784,3.4865,3.4631,3.45
2019,2,433,3.8667,3.57,3.54,3.51,3.46,3.3
2019,2,463,3.9,3.6,3.6,3.6,3.5,3.4
2019,2,472,3.9,3.64,3.57,3.57,3.57,3.64
2019,2,484,,,,,,
2019,2,504,3.9,3.5774,3.5567,3.5454,3.4669,3.3856
2019,2,508,3.9,3.5,3.6,3.8,4.0,4.2
2019,2,510,3.9,3.8,3.8,3.7,3.7,3.6
2019,2,518,3.9,3.6948,3.6827,3.7371,3.8444,3.74
2019,2,524,3.9,3.8347,3.7638,3.6809,3.6754,3.6588
2019,2,532,,,,,,
2019,2,535,3.9,3.6,3.5,3.5,3.4,3.4
2019,2,546,3.9,3.7,3.7,3.8,3.8,3.9
2019,2,548,3.9,3.57,3.5,3.48,3.45,3.43
2019,2,549,3.9,3.6,3.5,3.4,3.4,3.2
2019,2,555,3.9,3.7,3.7,3.6,3.5,3.5
2019,2,557,3.9,3.6,3.7,3.8,3.8,3.9
2019,2,563,3.9,3.8,3.9,4.1,4.3,4.5
2019,2,568,3.9,3.6855,3.6521,3.8032,3.797,3.8566
2019,2,569,3.9,3.7,3.6,3.5,3.5,3.4
2019,2,570,3.9,3.7898,3.8382,3.8747,3.8897,3.989
2019,2,572,3.9,3.7,3.7,3.8,3.9,4.2
2019,2,574,3.9,3.7776,3.7074,3.6679,3.659,3.7107
2019,2,576,3.9,3.7211,3.615,3.6204,3.6906,3.6511
2019,2,577,3.9,3.7,3.8,3.9,4.1,4.1
2019,2,578,3.9,3.7,3.6,3.6,3.8,3.8
2019,2,579,3.9,3.6594,3.6067,3.49,3.4686,3.4592
2019,2,580,3.9,3.4632,3.424,3.4338,3.4142,3.3447
2019,2,583,3.9,3.6,3.8,3.9,3.9,4.0
2019,2,584,3.9,3.6,3.5653,3.5265,3.5083,3.5123
2019,2,585,3.9,3.6121,3.4282,3.4253,3.5429,3.4955
2019,2,586,3.9,3.94,4.05,4.16,4.25,4.32
2019,2,587,3.9,3.8,4.0,4.2,4.5,4.5
2019,2,588,3.9,3.7,3.7,3.6,3.5,3.4
2019,3,411,3.6,3.6,3.5,3.5,3.5,3.4
2019,3,421,3.6,3.7,3.7,3.8,3.9,4.3
2019,3,422,3.6,3.6111,3.6749,3.6063,3.5466,3.5105
2019,3,424,3.6,3.7,3.7,3.7,3.7,3.7
2019,3,426,3.6,3.7,3.6,3.6,3.6,3.6
2019,3,428,3.6,3.65,3.59,3.57,3.51,3.67
2019,3,433,3.6333,3.68,3.57,3.46,3.36,3.46
2019,3,456,3.6,3.6306,3.5631,3.41,3.307,3.1916
2019,3,484,,,,,,
2019,3,504,3.6,3.7129,3.7013,3.6229,3.5418,3.5369
2019,3,508,3.6,3.6067,3.7764,4.0042,4.1987,4.404
2019,3,510,3.6,3.6,3.6,3.5,3.5,3.4
2019,3,518,3.6,3.6,3.6,3.7,3.8,3.9
2019,3,527,3.6,3.6,3.6,3.7,3.7,3.8
2019,3,528,3.6,3.5761,3.4857,3.3966,3.3061,3.2283
2019,3,535,3.6,3.7,3.6,3.5,3.5,3.4
2019,3,546,3.6,3.7,3.8,3.8,3.9,4.1
2019,3,549,3.6,3.6,3.5,3.4,3.4,3.5
2019,3,555,3.6,3.6,3.6,3.5,3.4,3.6
2019,3,557,3.6,3.603,3.669,3.806,3.826,3.906
2019,3,563,3.6,3.6,3.8,3.9,4.2,4.4
2019,3,568,3.6,3.7285,3.8074,3.8251,3.8563,3.7734
2019,3,570,3.6,3.6573,3.6651,3.6598,3.7299,3.7852
2019,3,572,3.6,3.7,3.8,3.9,4.2,4.5
2019,3,574,3.6,3.5843,3.5756,3.5973,3.6494,3.762
2019,3,576,3.6,3.5192,3.5407,3.6561,3.4807,3.4213
2019,3,577,3.6,3.5855,3.5807,3.7,3.7,3.8
2019,3,578,3.6,3.6578,3.7107,3.7121,3.6531,3.8068
2019,3,579,3.6,3.6191,3.5308,3.5098,3.4699,3.452
2019,3,583,3.6,3.7,3.8,3.9,3.8,3.9
2019,3,584,3.6,3.7,3.6837,3.64,3.5997,3.5819
2019,3,585,3.6,3.5062,3.4223,3.5641,3.5204,3.3789
2019,3,586,3.6,3.52,3.47,3.45,3.56,3.7
2019,3,587,3.6,3.8,4.0,4.25,4.5,4.7
2019,3,588,3.6,3.6333,3.5667,3.5,3.4,3.4
2019,4,411,3.6,3.5,3.5,3.4,3.4,3.4
2019,4,421,3.6,3.7,3.8,4.0,4.3,4.7
2019,4,422,3.6,3.5573,3.4732,3.5261,3.4934,3.5359
2019,4,423,3.6,3.5635,3.504,3.5105,3.4981,3.4652
2019,4,424,3.6,3.7,3.7,3.7,3.7,3.7
2019,4,426,3.6,3.5,3.6,3.6,3.6,3.6
2019,4,428,3.6,3.5574,3.5533,3.5779,3.6864,3.8151
2019,4,433,3.6,3.56,3.55,3.36,3.52,3.56
2019,4,456,3.6,3.563,3.4759,3.4017,3.3465,3.2334
2019,4,463,3.6,3.5,3.5,3.5,3.5,3.5
2019,4,472,3.6,3.72,3.73,3.83,3.89,3.95
2019,4,504,3.6,3.5629,3.4851,3.4045,3.3999,3.3952
2019,4,507,3.6,3.595,3.58,3.5617,3.54,3.525
2019,4,508,3.6,3.7063,3.7737,3.8283,3.9347,4.1065
2019,4,510,3.6,3.5,3.5,3.4,3.3,3.3
2019,4,518,3.6,3.703,3.7925,3.8208,4.0127,4.2199
2019,4,528,3.6,3.4857,3.3966,3.3061,3.2283,3.1853
2019,4,535,3.6,3.5,3.5,3.4,3.4,3.4
2019,4,546,3.6,3.6,3.7,3.8,4.0,4.2
2019,4,549,3.6,3.6,3.5,3.5,3.4,3.4
2019,4,553,3.6,3.6,3.6,3.6,3.7,3.7
2019,4,555,3.6,3.6,3.6,3.5,3.6,3.7
2019,4,557,3.6,3.6193,3.6843,3.71,3.756,3.7697
2019,4,559,3.6,3.7461,3.8101,3.8806,3.8374,3.7897
2019,4,563,3.6,3.7,3.8,4.0,4.2,4.4
2019,4,568,3.6,3.5573,3.5225,3.3987,3.5814,3.5793
2019,4,569,3.6,3.6,3.5,3.4,3.4,3.3
2019,4,570,3.6,3.6707,3.7402,3.7823,3.8142,3.8296
2019,4,572,3.6,3.7,3.8,3.9,4.1,4.3
2019,4,574,3.6,3.658,3.7076,3.744,3.8256,3.9519
2019,4,576,3.6,3.5886,3.5213,3.5735,3.5618,3.5489
2019,4,577,3.6,3.7,3.8,3.8,3.9,4.1
2019,4,578,3.6,3.5,3.6,3.7,3.9,3.9
2019,4,579,3.6,3.5639,3.5429,3.5204,3.5204,3.5204
2019,4,583,3.6,3.6,3.7,3.7,3.8,3.7
2019,4,584,3.6,3.6,3.6648,3.6662,3.6533,3.6481
2019,4,586,3.6,3.66,3.71,3.86,3.99,4.05
2019,4,587,3.6,3.8,4.1,4.3,4.6,4.6
2019,4,588,3.6,3.5,3.5,3.5,3.4,3.4
2020,1,411,3.5,3.4,3.4,3.4,3.3,3.3
2020,1,421,3.5,3.7,3.7,3.8,3.8,3.8
2020,1,422,3.5,3.395,3.2141,3.0699,2.9979,2.9308
2020,1,423,3.5,3.4487,3.4037,3.372,3.3506,3.3361
2020,1,426,3.5,3.6,3.6,3.6,3.6,3.5
2020,1,428,3.5333,3.552,3.5377,3.5651,3.6081,3.7046
2020,1,429,3.5,3.4978,3.3893,3.3363,3.312,3.3079
2020,1,433,3.5,3.5333,3.3633,3.5433,3.5633,3.5733
2020,1,463,3.5,3.5,3.5,3.5,3.5,3.5
2020,1,484,,,,,,
2020,1,504,3.5,3.4868,3.3607,3.3561,3.3516,3.347
2020,1,507,3.5,3.6,3.6,3.5,3.5,3.5
2020,1,508,3.5,3.5386,3.558,3.6262,3.6653,3.6591
2020,1,510,3.5,3.5,3.4,3.3,3.3,3.3
2020,1,518,3.5,3.472,3.5047,3.5047,3.5123,3.5079
2020,1,528,3.5,3.3814,3.2939,3.2407,3.1905,3.1502
2020,1,535,3.5,3.5,3.4,3.4,3.4,3.3
2020,1,546,3.5,3.6,3.6,3.6,3.7,3.8
2020,1,549,3.5,3.6,3.5,3.5,3.6,3.6
2020,1,553,3.5,3.6,3.6,3.7,3.7,3.7
2020,1,555,3.5,3.6,3.5,3.6,3.6,3.6
2020,1,557,3.5,3.64,3.62,3.731,3.746,3.7747
2020,1,563,3.5,3.5,3.6,3.7,3.9,4.1
2020,1,568,3.5,3.5823,3.2822,3.4655,3.4254,3.409
2020,1,569,3.5,3.6,3.5,3.4,3.3,3.3
2020,1,570,3.5,3.5682,3.6031,3.6552,3.6704,3.6936
2020,1,572,3.5,3.6,3.6,3.7,3.8,4.0
2020,1,574,3.5,3.5056,3.4669,3.4736,3.5255,3.6221
2020,1,576,3.5,3.6,3.6,3.6,3.6,3.6
2020,1,577,3.5,3.6,3.7,3.8,3.8,3.8
2020,1,578,3.5,3.669,3.7812,3.9067,3.9576,4.0691
2020,1,579,3.5,3.5429,3.5204,3.5204,3.5204,3.5204
2020,1,584,3.5,3.6,3.5903,3.5512,3.5206,3.504
2020,1,585,3.5,3.7036,3.7017,3.7264,3.7017,3.6922
2020,1,586,3.5,3.5,3.5,3.6,3.7,3.8
2020,1,587,3.5,3.8,3.9,4.0,4.0,4.1
2020,1,588,3.5,3.5333,3.4,3.5,3.5,3.5
2020,2,411,3.8,18.1,19.6,18.2,15.8,13.8
2020,2,421,3.8,18.5,15.8,12.3,9.0,8.0
2020,2,422,3.8,16.5536,15.1027,14.4496,13.7187,12.3975
2020,2,424,3.8,16.0,9.0,9.0,8.0,8.0
2020,2,426,3.8,14.7,11.1,14.2,13.5,13.4
2020,2,428,3.8,15.0022,8.3553,8.977,9.2456,9.2759
2020,2,429,3.8,17.4209,11.7178,8.9451,8.1162,7.8391
2020,2,433,3.8,16.2,13.2,10.4216,9.2162,8.0108
2020,2,463,3.8,12.9,9.0,7.5,6.5,5.7
2020,2,472,3.8,13.7,14.34,15.32,15.32,15.86
2020,2,484,3.8,18.94,19.8519,16.8464,13.1045,8.7597
2020,2,504,3.8,10.5529,7.1749,6.164,5.4926,4.9675
2020,2,508,3.8,9.5236,6.9236,6.5027,6.4756,6.2875
2020,2,510,3.8,12.9,7.0,7.0,6.9,6.8
2020,2,518,3.8,14.4,13.2,12.1,11.2285,10.6871
2020,2,524,3.8,17.6043,15.3882,13.4976,11.1664,9.305
2020,2,527,3.8,13.2,11.7,9.7,9.3,8.8
2020,2,528,3.8,17.6,12.4,9.0,7.6,7.0
2020,2,535,3.8,16.4,11.3,7.7,6.7,6.2
2020,2,546,3.8,15.0,10.0,8.0,6.0,5.5
2020,2,548,3.8,8.38,9.82,10.25,9.7,8.48
2020,2,549,3.8,16.3,15.4,14.1,12.1,11.1
2020,2,553,3.8,15.0,13.0,11.0,10.0,10.0
2020,2,555,3.8,17.6,12.1,8.1,7.1,6.6
2020,2,557,3.8,16.038,10.784,8.752,7.298,6.284
2020,2,559,3.8,15.6831,13.3107,11.0012,9.6963,8.8185
2020,2,560,3.8,16.2,10.1,11.1,12.2,12.3
2020,2,563,3.8,18.0,15.0,12.0,8.0,5.0
2020,2,568,3.8,15.2866,13.573,12.291,10.687,9.7988
2020,2,569,3.8,20.6,25.0,20.0,18.0,15.0
2020,2,570,3.8,16.9208,11.5,7.8,7.4,7.1
2020,2,572,3.8,18.1,20.5,18.0,15.9,14.9
2020,2,574,3.8,14.4971,12.8849,10.8743,8.9673,7.5806
2020,2,576,3.8,12.5276,8.1941,8.9367,9.3762,9.5683
2020,2,577,3.8,20.5,17.25,14.0,12.0,11.0
2020,2,578,3.8,12.3,10.8,10.1,8.8,7.4
2020,2,579,3.8,18.2111,15.2441,13.2768,12.4753,11.2859
2020,2,584,3.8,15.7,16.5445,16.773,16.0913,14.9512
2020,2,585,3.8,15.2855,10.6909,9.5542,9.1997,8.9043
2020,2,586,3.8,20.1,16.8,13.4,11.2,9.2
2020,2,587,3.8,17.0,13.0,11.0,10.0,7.0
2020,2,588,3.8,18.4333,24.5333,17.1667,7.9333,6.8667
2020,3,411,13.0,9.3,8.1,7.1,6.5,6.0
2020,3,421,13.0,10.7,9.8,9.0,8.4,7.8
2020,3,422,13.0,10.7464,10.546,9.9861,9.6008,8.6732
2020,3,423,13.0,13.3,12.3,12.0,11.5,11.4
2020,3,426,13.0,11.1,14.2,13.5,13.4,11.1
2020,3,433,13.0,10.0,9.3,8.6689,7.9378,7.2068
2020,3,456,13.0,10.1918,9.3126,8.3329,7.4082,6.928
2020,3,484,13.0,9.75,9.0,8.75,8.25,7.75
2020,3,504,13.0,9.3309,8.1183,7.7487,7.4473,6.451
2020,3,507,13.0,9.85,8.4667,7.5,6.7975,6.3025
2020,3,508,13.0,10.0,8.8,7.8034,6.8609,6.0685
2020,3,510,13.0,8.7,8.6,8.4,8.2,8.0
2020,3,518,13.0,9.365,9.6945,9.0492,8.4386,8.1909
2020,3,528,13.0,10.5306,9.9724,9.1825,8.6508,7.4713
2020,3,535,13.0,9.5,7.6,6.6,5.9,5.3
2020,3,546,13.0,9.8,8.2,7.2,6.4,5.6
2020,3,549,13.0,9.9,9.5,9.1,8.5,8.2
2020,3,555,13.0,9.6,8.3,7.5,7.1,6.6
2020,3,557,13.0,9.679,8.745,8.29,7.974,7.7107
2020,3,559,13.0,9.9687,9.0682,8.4029,7.7353,6.964
2020,3,560,13.0,9.4,9.5,9.9,9.6,9.1
2020,3,563,13.0,9.0,9.0,8.5,8.5,8.2
2020,3,568,13.0,13.9073,13.1065,12.6135,12.7474,12.5157
2020,3,569,13.0,10.0,9.0,9.0,8.0,8.0
2020,3,570,13.0,11.4404,10.0654,9.1254,8.4385,7.9245
2020,3,572,13.0,10.2,9.7,9.2,8.5,7.4
2020,3,574,13.0,9.7397,8.6949,7.8758,7.4106,7.1406
2020,3,576,13.0,10.0,9.8,9.5,9.1,8.9
2020,3,577,13.0,10.0,9.6,9.2,9.0,8.6
2020,3,579,13.0,9.9736,9.8468,9.6676,9.2245,8.4095
2020,3,584,13.0,10.2,9.6491,9.3306,9.1917,9.171
2020,3,585,13.0,10.3386,9.5447,9.2337,8.9146,8.5879
2020,3,586,13.0,11.4,10.6,9.2,7.8,6.4
2020,3,587,13.0,11.0,9.5,9.25,9.0,8.0
2020,3,588,13.0,9.3333,8.3,7.7,7.3,7.0
2020,4,411,8.8,7.6,6.8,6.5,6.2,6.1
2020,4,421,8.8,7.0,6.9,6.8,6.7,6.6
2020,4,422,8.8,7.9031,7.6375,7.0666,6.5228,5.695
2020,4,424,8.8,7.5,7.0,6.5,6.3,6.0
2020,4,426,8.8,8.3,8.2,8.0,7.4,7.2
2020,4,429,8.8,6.7757,6.375,5.9987,5.7752,5.6104
2020,4,433,8.8,7.42,6.91,6.6802,6.4504,6.2205
2020,4,456,8.8,6.73,6.394,5.9632,5.5007,5.3056
2020,4,472,8.8,7.6,6.7,6.2,6.1,5.7
2020,4,504,8.8,6.4667,4.4531,3.7828,3.5753,3.5729
2020,4,507,8.8,6.7,6.4,6.1,5.8,5.5
2020,4,508,8.8,7.6,7.2,6.8,6.3,5.8
2020,4,510,8.8,7.8,7.6,7.3,7.2,7.0
2020,4,518,8.8,7.1,7.5,7.6,7.0,7.0
2020,4,528,8.8,7.2,7.0,6.4,5.8,5.6
2020,4,535,8.8,6.7,6.1,5.5,4.8,4.2
2020,4,546,8.8,6.6,6.0,5.6,5.3,5.0
2020,4,548,8.8,7.37,6.43,6.04,5.59,5.22
2020,4,549,8.8,7.6,7.6,7.2,6.9,7.0
2020,4,553,8.8,7.0,6.8,6.5,6.2,6.3
2020,4,555,8.8,6.8,6.7,6.5,6.2,5.9
2020,4,557,8.8,6.7953,6.4833,6.1732,5.8652,5.5525
2020,4,563,8.8,6.6,6.4,6.2,6.0,5.8
2020,4,568,8.8,6.8281,6.2194,6.4989,6.2304,6.0735
2020,4,569,8.8,6.5,5.5,5.0,5.0,4.5
2020,4,570,8.8,8.198,7.6476,6.6,6.3,6.0
2020,4,572,8.8,6.8,7.0,6.7,6.5,6.2
2020,4,574,8.8,6.805,6.1481,5.6896,5.4249,5.1988
2020,4,577,8.8,7.0,7.0,6.8,6.6,6.4
2020,4,578,8.8,6.6,6.4,5.9,5.5,5.2
2020,4,579,8.8,7.1,7.0,6.7581,6.1129,5.5362
2020,4,586,8.8,6.5,6.3,5.9,5.7,5.5
2020,4,587,8.8,7.0,7.0,6.5,6.0,5.8
2020,4,588,8.8,6.7,6.3,6.0,5.7,5.4
2020,4,589,8.8,6.8,6.5,6.3,6.1,6.1
2020,4,590,8.8333,6.9118,6.544,6.1234,5.6879,5.1679
2020,4,591,8.8,7.5,7.7,7.9,7.5,6.0
2021,1,411,6.8,6.3,5.9,5.5,5.0,4.5
2021,1,421,6.8,6.7,6.6,6.5,6.4,6.3
2021,1,422,6.8,6.523,6.2761,5.765,4.9837,4.2349
2021,1,424,6.8,6.7,6.3,5.9,5.5,
2021,1,426,6.8,6.8784,7.1361,7.0104,6.8,6.4
2021,1,429,6.8,6.292,5.9813,5.612,5.2954,5.0246
2021,1,433,6.8,6.75,6.4,5.715,5.03,4.8056
2021,1,456,6.8,6.346,5.9501,5.0947,4.3161,3.9257
2021,1,463,6.8,6.3,6.0,5.4,4.9,4.6
2021,1,484,6.8,6.6,6.6,6.5,6.5,6.4
2021,1,504,6.8,6.1831,6.2605,5.1688,4.1996,3.8109
2021,1,507,6.8,6.4333,6.1714,5.6659,5.1604,4.7382
2021,1,508,6.8,6.315,6.1305,5.4359,4.917,4.4216
2021,1,510,6.8,6.6,6.3,6.0,5.8,5.6
2021,1,518,6.8,6.2176,6.0442,6.065,5.9574,5.6654
2021,1,524,6.8,6.1886,5.9989,5.0637,5.0218,4.7337
2021,1,528,6.8,6.0554,5.5518,5.3956,5.0851,4.7337
2021,1,535,6.8,6.2,5.7,4.9,4.3,4.0
2021,1,546,6.8,6.3,5.8,5.4,5.0,4.7
2021,1,549,6.8,6.5,6.2,5.9,5.7,5.6
2021,1,553,6.8,6.1,5.7,5.4,5.3,4.7
2021,1,555,6.8,6.4,6.2,5.9,5.6,5.3
2021,1,557,6.8,6.1823,6.0003,5.7627,5.5497,5.356
2021,1,563,6.8,6.1,6.1,6.0,6.0,6.1
2021,1,568,6.8,6.4214,5.3504,4.1679,3.8578,3.4892
2021,1,570,6.8,6.6689,6.3921,5.9927,5.6546,5.3628
2021,1,572,6.8,6.4,6.0,5.6,5.2,4.8
2021,1,574,6.8,6.281,5.858,5.4377,5.0199,4.6048
2021,1,576,6.8,6.3071,5.9841,5.6159,5.5004,5.369
2021,1,577,6.77,6.6,6.3,6.0,5.8,5.6
2021,1,578,6.8,6.3,5.8,5.4,5.1,4.8
2021,1,579,6.8,6.4246,5.9547,5.1629,4.4902,4.0321
2021,1,584,6.8,6.2976,6.0979,5.8812,5.6633,5.4778
2021,1,585,6.8,6.5236,6.3898,6.2333,5.8341,5.3842
2021,1,586,6.8,6.8,6.7,6.6,6.6,6.5
2021,1,587,6.8,6.8,6.5,6.0,5.8,5.7
2021,1,588,6.7667,6.2667,6.0,5.7,5.4,5.1667
2021,1,589,6.8,6.3,6.0,5.7,5.5,5.5
2021,1,591,6.8,6.4,6.7,6.6,6.5,6.4
2021,2,411,6.2,5.7,4.9,4.2,4.0,3.8
2021,2,421,6.2,5.8,5.6,5.4,5.2,5.0
2021,2,422,6.2,6.0848,5.7488,5.5107,5.1593,4.6018
2021,2,423,6.2,6.0,6.1,6.1,6.1,6.1
2021,2,424,6.2,5.7667,5.1667,4.7667,,
2021,2,426,6.2,5.7823,5.1461,4.85,4.4,4.2
2021,2,429,6.2,5.8975,5.3393,5.3355,5.0676,4.8821
2021,2,433,6.2,5.4,4.6,4.4,4.1,4.0
2021,2,456,6.2,5.8834,4.8628,4.1905,3.8238,3.6254
2021,2,484,6.2,6.2,6.2,6.1,6.1,6.0
2021,2,504,6.2,5.458,4.3448,3.6741,3.3472,3.126
2021,2,508,6.2,5.4856,4.7761,4.4664,4.3208,4.1444
2021,2,510,6.2,5.9,5.8,5.5,5.2,5.0
2021,2,518,6.2,5.4035,4.7291,4.4526,4.4255,4.3298
2021,2,528,6.2,5.3399,5.0545,4.8921,4.7207,4.4418
2021,2,535,6.2,5.8,5.0,4.3,4.0,3.8
2021,2,546,6.2,5.6,5.1,4.7,4.4,4.2
2021,2,549,6.2,5.9,5.3,4.9,4.6,4.5
2021,2,553,6.2,5.6,5.4,4.8,4.7,4.5
2021,2,555,6.2,5.8,5.2,4.7,4.5,4.4
2021,2,557,6.2,5.952,5.543,5.1733,4.8747,4.6407
2021,2,563,6.2,6.1,6.1,6.0,5.9,5.8
2021,2,568,6.2,5.9443,5.2004,4.6649,4.5049,4.3943
2021,2,570,6.2,5.5,5.2,5.0,4.8,4.6
2021,2,572,6.2,5.8,5.4,5.0,4.6,4.4
2021,2,574,6.2,5.5888,5.0755,4.6581,4.3357,4.1074
2021,2,576,6.2,6.0,5.5,5.5,5.4,5.3
2021,2,577,6.2,6.0,5.6,5.4,5.2,5.0
2021,2,578,6.2,5.5,5.1,4.8,4.6,4.4
2021,2,579,6.2,5.8431,4.9139,4.3296,3.9624,3.6133
2021,2,584,6.2,6.1,5.8003,5.4903,5.2164,5.0021
2021,2,586,6.2,6.1,6.1,6.1,6.0,6.0
2021,2,587,6.2,5.9672,5.6425,5.3046,4.9189,4.7961
2021,2,588,6.1667,6.0,5.7,5.4,5.1,4.9333
2021,2,589,6.2,5.9,5.3,5.1,4.8,4.5
2021,2,590,6.2,5.3168,4.6212,4.2239,3.9607,3.7754
2021,3,411,5.9,5.1,4.7,4.3,4.0,3.8
2021,3,421,5.9,5.7,5.5,5.3,5.1,4.9
2021,3,422,5.9,5.1293,4.5179,4.1332,3.5862,3.4213
2021,3,424,5.9,5.1667,4.7667,4.6,4.4,4.2
2021,3,426,5.9,5.1461,4.85,4.4,4.2,4.0
2021,3,428,5.9333,5.2827,4.5695,4.0203,3.672,3.5713
2021,3,433,5.9,4.8,4.4,4.1,4.0,4.0
2021,3,456,5.9237,5.0912,4.2742,3.8481,3.5539,3.4639
2021,3,463,5.9,5.2,4.8,4.4,4.1,3.9
2021,3,484,5.9,5.5,5.4,5.35,5.3,5.3
2021,3,504,5.9,5.406,4.5512,4.1498,3.5175,3.4893
2021,3,508,5.9,5.5374,5.0433,4.9043,4.7348,4.5938
2021,3,510,5.9,5.7,5.6,5.4,5.1,5.0
2021,3,518,5.9,5.7616,5.5871,5.6413,5.4326,5.1246
2021,3,528,5.9,5.2937,5.0155,4.7435,4.5172,4.2261
2021,3,535,5.9,5.1,4.4,4.0,3.8,3.6
2021,3,546,5.9,5.3,5.1,4.8,4.6,4.4
2021,3,549,5.9,5.2,4.7,4.5,4.4,4.3
2021,3,553,5.9,5.3,4.8,4.7,4.5,4.1
2021,3,555,5.9,5.4,4.9,4.5,4.3,4.2
2021,3,557,5.9,5.143,4.7733,4.4747,4.2407,4.043
2021,3,563,5.9,5.3,5.2,5.1,5.0,4.9
2021,3,568,5.9,5.1948,4.4502,4.4262,3.9198,3.6462
2021,3,570,5.9,5.2745,4.7559,4.2663,4.1,3.9
2021,3,572,5.9,5.3,4.8,4.6,4.3,4.1
2021,3,574,5.9,5.424,4.9397,4.5847,4.3862,4.2512
2021,3,576,5.9,5.3,5.0,4.7,4.4,4.1
2021,3,577,5.9,5.6,5.4,5.2,5.0,4.8
2021,3,578,5.9,5.3333,5.0333,4.6333,4.4,4.0667
2021,3,579,5.9,5.0431,4.409,4.0195,3.6649,3.5077
2021,3,584,5.9,5.4,5.1306,4.8861,4.6927,4.5582
2021,3,586,5.9,5.8,5.8,5.6,5.6,5.5
2021,3,587,5.9,5.4,5.3046,4.9189,4.7961,4.6897
2021,3,588,5.9333,5.3667,5.2333,5.0,4.8667,4.7333
2021,3,589,5.9,5.2523,4.8561,4.496,4.2531,4.1574
2021,3,591,5.9,5.3,5.0,4.8,4.6,4.4
2021,4,411,5.1,4.5,4.2,3.9,3.6,3.5
2021,4,421,5.1,4.6,4.5,4.4,4.3,4.2
2021,4,422,5.1,4.5111,4.0127,3.9912,3.8797,3.7156
2021,4,424,5.1,4.5,4.3,4.1,3.9,3.8
2021,4,426,5.1,4.5962,4.0972,3.705,3.739,3.7733
2021,4,428,5.1333,4.5266,4.0674,3.7162,3.5449,3.5136
2021,4,429,5.1,4.5053,4.3712,4.1029,3.8959,3.7477
2021,4,433,5.1,4.3,3.9311,3.845,3.7825,3.7199
2021,4,456,5.1,4.4151,3.9908,3.7382,3.5796,3.5356
2021,4,463,5.1,4.8,4.5,4.2,4.0,3.9
2021,4,484,5.1,5.1,5.0,4.9,4.8,4.7
2021,4,504,5.1,4.4089,4.0225,3.8233,3.6892,3.6974
2021,4,508,5.1,4.2,4.1,4.0,3.9,3.8
2021,4,510,5.1,4.6,4.4,4.2,4.1,4.0
2021,4,518,5.1,4.8,4.7,4.8,4.707,4.3545
2021,4,524,5.1,4.4119,4.2381,4.1198,4.0761,3.9129
2021,4,528,5.1,4.5349,4.1282,3.7866,3.5465,3.325
2021,4,535,5.1,4.4,4.0,3.8,3.6,3.5
2021,4,546,5.1,4.5,4.3,4.2,4.1,4.0
2021,4,549,5.1,4.6,4.4,4.3,4.2,4.1
2021,4,553,5.1,4.7,4.5,4.3,4.2,4.1
2021,4,555,5.1,4.5,4.3,4.2,4.0,3.8
2021,4,563,5.1,4.5,4.4,4.4,4.3,4.2
2021,4,568,5.1,4.4567,4.3147,3.7185,3.5233,3.4158
2021,4,570,5.1,4.9127,4.5977,4.1,3.9,3.9
2021,4,572,5.13,4.6,4.4,4.1,3.9,3.8
2021,4,574,5.1,4.5974,4.2199,3.8739,3.6455,3.5052
2021,4,576,5.1,4.7,4.4,4.1,3.9,3.9
2021,4,577,5.1,4.5,4.3,4.0,3.8,3.7
2021,4,579,5.1,4.455,4.0431,3.7026,3.5908,3.5784
2021,4,584,5.1,4.6,4.4998,4.3985,4.3217,4.2739
2021,4,587,5.1,4.513,4.178,4.166,4.1035,4.0669
2021,4,588,5.1333,4.6,4.5667,4.5,4.4333,4.3667
2021,4,589,5.1,4.921,4.5913,4.4082,4.2487,4.1068
2021,4,591,5.1,4.4,4.2,4.1,4.0,3.9
2021,4,593,5.1,4.9,4.7,4.6,4.5,4.5
2021,4,594,,,,,,
2022,1,411,4.2,3.9,3.6,3.4,3.4,3.4
2022,1,421,4.2,3.9,3.8,3.7,3.6,3.5
2022,1,422,4.2,3.948,3.3073,3.2256,3.2772,3.4337
2022,1,424,4.2,3.8,3.6,3.5,3.4,
2022,1,426,4.2,4.0674,3.7162,3.5449,3.6146,3.6856
2022,1,428,4.2333,3.9077,3.685,3.4968,3.4482,3.4099
2022,1,429,4.2,3.8486,3.5413,3.3732,3.2664,3.2652
2022,1,433,4.2,3.98,3.86,3.72,3.58,3.56
2022,1,456,4.2,3.8787,3.6699,3.4954,3.4134,3.3323
2022,1,463,4.2,3.9,3.7,3.5,3.4,3.4
2022,1,484,4.2,4.2,4.1,3.9,4.0,4.1
2022,1,504,4.2,3.7503,3.2958,3.3897,3.4142,3.387
2022,1,508,4.2,3.9,3.6,3.5,3.4,3.4
2022,1,510,4.2,3.8,3.5,3.4,3.3,3.1
2022,1,518,4.2,4.1,4.2,4.2,4.3,4.4
2022,1,528,4.2,3.8521,3.7629,3.5742,3.3976,3.3822
2022,1,535,4.2,3.8,3.6,3.4,3.3,3.2
2022,1,546,4.2,3.9,3.7,3.6,3.5,3.4
2022,1,549,4.2,3.9,3.7,3.6,3.5,3.4
2022,1,553,4.2,3.8,3.7,3.5,3.4,3.5
2022,1,555,4.2,3.9,3.6,3.5,3.4,3.3
2022,1,563,4.2,4.0,4.0,4.1,4.2,
2022,1,568,4.2,3.7241,3.8575,3.7604,3.6877,3.7823
2022,1,570,4.2,3.9118,3.8599,3.5829,3.516,3.3793
2022,1,572,4.2,3.8,3.6,3.5,3.4,3.4
2022,1,574,4.2,3.9213,3.721,3.6453,3.5783,3.5664
2022,1,576,4.2,3.9,3.7,3.5,3.5,3.4
2022,1,577,4.2333,4.1,4.0,3.8,3.7,3.5
2022,1,579,4.2,3.8655,3.5487,3.3922,3.3754,3.3755
2022,1,584,4.2,4.0,4.0146,4.0233,4.0406,4.0659
2022,1,585,4.2,3.8239,3.79,3.6462,3.6199,3.4241
2022,1,586,4.2,4.3,4.3,4.4,4.5,4.5
2022,1,587,4.2,4.178,4.0,4.1035,4.0669,4.0176
2022,1,588,4.2,3.9333,3.8,3.7,3.7,
2022,1,589,4.2,4.0879,3.9311,3.7302,3.5991,3.7
2022,1,594,,,,,,
2022,2,411,3.8,3.6,3.5,3.6,3.7,3.9
2022,2,422,3.8,3.5253,3.1949,3.0993,3.2586,3.4328
2022,2,424,3.8,3.6,3.5,3.4,3.4,3.4
2022,2,428,3.8,3.5023,3.3779,3.334,3.3507,3.381
2022,2,429,3.8,3.5774,3.4177,3.4001,3.4542,3.5274
2022,2,433,3.8,3.481,3.4038,3.364,3.3677,3.3839
2022,2,456,3.8,3.507,3.293,3.2964,3.3006,3.2803
2022,2,463,3.8,3.5,3.4,3.4,3.3,3.3
2022,2,484,3.8,3.8,3.8,3.8,3.8,3.8
2022,2,504,3.8,3.6117,3.6261,3.5688,3.5383,3.5302
2022,2,508,3.8,3.5377,3.8,3.8914,3.9487,4.0462
2022,2,510,3.8,3.2,3.1,3.0,2.8,2.6
2022,2,518,3.8,3.8755,3.9472,4.1226,4.1489,4.2176
2022,2,535,3.8,3.5,3.3,3.2,3.1,3.0
2022,2,546,3.8,3.6,3.5,3.6,3.8,4.0
2022,2,549,3.8,3.6,3.5,3.5,3.4,3.5
2022,2,553,3.8,3.6,3.5,3.6,3.6,3.6
2022,2,555,3.8,3.6,3.4,3.3,3.3,3.2
2022,2,563,3.8,3.7,3.8,4.0,4.1,4.1
2022,2,568,3.8,3.6474,3.6232,3.6101,3.7018,3.8186
2022,2,570,3.8,3.6,3.5,3.5,3.5,3.6
2022,2,572,3.8,3.4,3.4,3.4,3.5,3.6
2022,2,574,3.8,3.6648,3.5879,3.4847,3.4443,3.44
2022,2,576,3.8,3.7,3.5,3.5,3.4,3.5
2022,2,577,3.8,3.7,3.7,3.8,3.8,4.0
2022,2,579,3.8,3.4509,3.3495,3.2993,3.284,3.3754
2022,2,584,3.8,3.6,3.7558,3.9691,4.1949,4.4038
2022,2,586,3.8,3.9,4.0,4.1,4.3,4.4
2022,2,587,3.8,3.7,4.1035,4.5,5.0,4.7
2022,2,588,3.8,3.6,3.6,3.5,3.5,3.4
2022,2,589,3.8,3.9311,3.7302,3.5991,3.7,3.8
2022,2,591,3.8,3.5,3.4,3.1,3.1,3.2
2022,2,593,3.8,3.6,3.6,3.8,4.0,4.2
2022,2,594,,,,,,
2022,3,411,3.6,3.5,3.6,3.9,4.1,4.3
2022,3,422,3.6,3.5346,3.4013,3.5872,3.7207,3.7689
2022,3,424,3.6,3.5,3.5,3.6,3.6,3.7
2022,3,426,3.6,3.5449,3.5449,3.5449,3.5449,3.5449
2022,3,428,3.6,3.5027,3.6919,3.8119,3.9081,3.9521
2022,3,433,3.6,3.46,3.539,3.604,3.6779,3.7464
2022,3,456,3.6,3.4629,3.5564,3.6615,3.7164,3.7594
2022,3,463,3.6,3.4,3.5,3.5,3.6,3.7
2022,3,484,3.6,3.8,3.8,3.8,3.8,3.8
2022,3,504,3.6,3.5032,3.6956,3.7721,3.7621,3.7043
2022,3,508,3.6,3.7705,3.9702,4.441,4.8885,5.2919
2022,3,510,3.6,3.7,3.7,3.5,3.4,3.3
2022,3,518,3.6,3.8,4.0,4.3,4.7,5.0
2022,3,528,3.6,3.6542,3.8613,3.9363,4.0165,4.1428
2022,3,535,3.6,3.4,3.3,3.2,3.2,3.2
2022,3,546,3.6,3.7,3.8,4.0,4.2,4.4
2022,3,549,3.6,3.6,3.7,3.8,3.9,4.0
2022,3,553,3.6,3.6,3.7,4.0,4.25,4.75
2022,3,555,3.6,3.4829,3.5564,3.762,4.0816,4.6451
2022,3,563,,,,,,
2022,3,568,3.6,3.5323,3.7547,3.7897,3.8301,3.869
2022,3,570,3.6,3.9654,4.2514,4.5076,4.7599,4.9999
2022,3,572,3.6,3.6,3.8,4.0,4.2,4.7
2022,3,574,3.6,3.4167,3.371,3.3889,3.4247,3.4781
2022,3,576,3.6,3.6,3.7,3.7,3.7,3.8
2022,3,577,3.6,3.7,3.8,3.8,4.0,4.0
2022,3,584,3.6,3.5,3.7163,3.9382,4.1404,4.3193
2022,3,587,3.6,3.7,3.9,4.1,4.4,4.5
2022,3,588,3.6,3.5,3.5,3.5,3.4,3.4
2022,3,589,3.6,3.5,3.6,3.6,3.7,3.8
2022,3,591,3.6,3.7,3.8,4.2,4.4,4.8
2022,3,593,3.6,3.7,3.8,4.0,4.2,4.5
2022,3,594,,,,,,
2022,3,595,3.6,3.4,3.5,4.0,4.5,5.0
2022,3,596,3.6,3.0,3.0,3.0,3.0,3.0
2022,4,411,3.6,3.7,4.0,4.7,5.3,5.7
2022,4,422,3.6,3.7,4.1,4.7,5.2,5.5
2022,4,426,3.6,3.6944,3.7847,3.9355,3.9355,3.9355
2022,4,428,3.5667,3.6925,3.7489,3.9295,4.035,4.1244
2022,4,429,3.6,3.6,3.6,3.7,3.9,4.1
2022,4,433,3.5667,3.65,3.892,4.3938,4.6599,4.7544
2022,4,456,3.6,3.6715,3.7224,3.847,3.9714,4.0936
2022,4,463,3.6,3.6,3.7,3.8,3.9,4.0
2022,4,484,3.6,3.8,3.8,3.8,3.9,4.14
2022,4,504,3.6,3.617,3.6132,3.5536,3.5488,3.5367
2022,4,508,3.6,3.6743,3.735,4.0454,4.3946,4.6616
2022,4,510,3.6,3.6,3.7,3.8,3.9,4.1
2022,4,518,3.6,3.84,4.04,4.32,4.83,5.21
2022,4,524,3.6,3.668,3.8697,4.1289,4.5355,4.8268
2022,4,528,3.6,3.8557,3.9634,4.0615,4.2064,4.364
2022,4,530,3.6,3.7,3.8,4.0,4.2,4.7
2022,4,535,3.6,3.6,3.4,3.4,3.4,3.4
2022,4,546,3.6,3.8,4.0,4.3,4.8,5.0
2022,4,549,3.6,3.6,3.7,3.8,4.0,4.2
2022,4,555,3.6,3.66,3.7845,3.9359,4.328,4.9321
2022,4,563,,,,,,
2022,4,568,3.6,3.697,3.715,4.2456,4.3561,4.3271
2022,4,570,3.6,3.7148,4.1072,4.3208,4.586,4.8157
2022,4,572,3.6,3.8,4.0,4.4,4.7,4.8
2022,4,574,3.6,3.6996,3.8069,3.8893,3.9591,4.0177
2022,4,576,3.6,3.6516,3.7,3.86,3.98,4.02
2022,4,577,3.5667,3.7,3.8,4.0,4.2,4.5
2022,4,579,3.6,3.5698,3.8822,4.5657,5.3067,5.8915
2022,4,584,3.6,3.7,3.9582,4.2614,4.5499,4.8002
2022,4,585,3.6,3.8324,3.9305,4.1816,4.5031,4.7564
2022,4,586,3.6,3.7,3.9,4.0,4.1,4.3
2022,4,587,3.6,3.9,4.1,4.4,4.5,4.25
2022,4,588,3.5667,3.8,4.4333,5.1,5.5,5.5
2022,4,589,3.6,3.6851,3.8407,4.0434,4.1618,4.2593
2022,4,591,3.6,3.8,4.2,4.4,4.8,4.8
2022,4,594,,,,,,
2022,4,595,3.6,3.8,4.2,4.5,5.0,5.5
2022,4,596,3.6,3.6,3.6,3.6,3.6,3.6
2023,1,411,3.6,3.4,3.7,4.2,4.4,4.5
2023,1,422,3.6,3.4,3.5,3.7,4.0,4.2
2023,1,428,3.6,3.4304,3.4033,3.5014,3.6809,3.8036
2023,1,429,3.6,3.4427,3.4166,3.5436,3.7417,3.9935
2023,1,433,3.6,3.35,3.6953,4.2448,4.6599,4.7544
2023,1,456,3.6,3.4732,3.5969,3.7484,3.8977,3.9782
2023,1,463,3.6,3.5,3.7,3.9,4.0,4.1
2023,1,484,3.6,3.5,3.8,3.9,4.1,3.8
2023,1,504,3.6,3.4276,3.4191,3.5624,3.5548,3.5502
2023,1,508,3.6,3.6728,4.2563,4.6422,4.8954,5.0266
2023,1,510,3.6,3.5,3.7,3.8,4.0,4.1
2023,1,518,3.6,3.6947,4.3329,4.7135,5.0961,5.2906
2023,1,524,3.6,3.4054,3.4711,3.647,3.8068,4.0704
2023,1,528,3.6,3.9693,4.0611,4.196,4.3417,4.4088
2023,1,535,3.6,3.4,3.4,3.4,3.4,3.5
2023,1,548,3.6,4.4763,5.5283,6.4054,6.9376,7.1212
2023,1,549,3.6,3.5,3.6,3.7,3.9,4.0
2023,1,555,3.6,3.4533,3.6474,4.0507,4.6629,4.8171
2023,1,563,3.6,3.6,3.7,3.8,3.9,
2023,1,568,3.6,3.494,3.8626,3.9405,3.7946,3.6573
2023,1,570,3.6,3.7764,4.0341,4.2636,4.4385,4.6291
2023,1,572,3.6,3.5,4.0,4.4,4.7,4.8
2023,1,574,3.6,3.5431,3.5024,3.5808,3.7195,3.8848
2023,1,576,3.6,3.48,3.45,3.5,3.65,3.79
2023,1,577,3.6,3.8,3.6,3.8,4.0,4.2
2023,1,584,3.6,3.5,3.6179,3.7911,3.9284,4.035
2023,1,586,3.6,3.8,3.9,4.1,4.2,4.3
2023,1,587,3.6,3.5,3.8,4.2,4.25,4.1
2023,1,588,3.6,3.4333,4.0333,5.3333,5.1333,4.8
2023,1,589,3.6,3.7,3.9,4.2,4.5,4.7
2023,1,591,3.6,3.8,4.1,4.4,4.4,4.6
2023,1,593,3.6,3.8,4.2,4.4,4.6,4.8
2023,1,594,,,,,,
2023,1,595,3.6,3.8,4.2,4.5,5.0,5.5
2023,1,596,3.6,3.4,3.4,3.4,3.4,3.4
2023,1,598,3.6,3.6,3.7,3.8,3.9,3.9
2023,1,601,3.6,3.8,4.1,4.6,4.8,4.9
2023,2,411,3.5,3.5,3.6,3.8,4.0,4.2
2023,2,422,3.5,3.4753,3.764,3.9696,4.1218,4.2
2023,2,426,3.5,3.5854,3.6557,3.8703,3.93,3.98
2023,2,428,3.5,3.4241,3.5372,3.7821,3.9403,3.9568
2023,2,429,3.5,3.4856,3.5191,3.6958,3.8913,4.0471
2023,2,433,3.5,3.6479,4.1412,4.9622,5.274,5.259
2023,2,456,3.5,3.3911,3.455,3.53,3.5799,3.5924
2023,2,463,3.5,3.5,3.8,4.0,4.1,4.1
2023,2,504,3.5,3.495,3.6381,3.6304,3.6267,3.6178
2023,2,508,3.5,3.5831,3.8311,4.0124,4.2833,4.6677
2023,2,510,3.5,3.6,3.7,3.8,3.9,4.0
2023,2,518,3.5,3.7015,4.0304,4.3183,4.5386,4.7894
2023,2,524,3.5,3.3575,3.469,3.6754,3.9128,4.0033
2023,2,528,3.5,3.4544,3.7296,4.0687,4.2303,4.2805
2023,2,535,3.5,3.4,3.4,3.5,3.6,3.7
2023,2,548,3.5,4.5613,5.1616,5.5252,5.8674,6.0228
2023,2,549,3.5,3.5,3.8,4.2,4.3,4.3
2023,2,555,3.5,3.4799,3.711,4.1149,4.7169,4.7423
2023,2,563,3.5,3.6,3.7,3.8,3.9,
2023,2,568,3.5,3.4878,3.5339,3.6891,3.5943,3.6078
2023,2,570,3.5,3.742,4.2919,4.5793,4.8973,4.9166
2023,2,572,3.5,3.6,4.2,4.6,4.8,4.7
2023,2,574,3.5,3.5403,3.5276,3.5507,3.6091,3.7026
2023,2,576,3.5,3.7454,3.8615,4.0554,4.1922,4.3072
2023,2,577,3.5,3.6,3.8,4.0,4.2,4.0
2023,2,584,3.5,3.4,3.5374,3.6335,3.7071,3.7727
2023,2,585,3.5,3.4343,3.7136,4.1432,4.409,4.6544
2023,2,586,3.5,3.7,3.8,4.0,4.1,4.2
2023,2,587,3.5,3.8,4.2,4.25,4.1,4.0
2023,2,588,3.5,3.6,4.6,5.4333,5.0,4.7
2023,2,589,3.5,3.76,4.08,4.42,4.48,4.49
2023,2,591,3.5,3.6,3.8,4.0,4.1,4.2
2023,2,594,,,,,,
2023,2,596,3.5,3.6,3.6,3.6,3.6,3.6
2023,2,598,3.5,3.6,3.7,3.8,3.8,3.8
2023,2,599,3.5,3.9,4.1,4.3,4.3,4.3
2023,2,600,3.5,3.7,4.0,4.2,4.5,4.5
2023,2,601,3.5,3.8,4.2,4.6,4.7,4.6
2023,3,411,3.6,3.5,3.6,3.6,3.8,3.9
2023,3,421,3.6,3.7,3.9,4.0,4.1,4.2
2023,3,422,3.6,3.6796,3.7083,3.8583,3.973,3.9655
2023,3,426,3.6,3.5667,3.6586,3.8213,3.9471,4.1
2023,3,428,3.5667,3.5705,3.7367,3.9284,3.9629,4.0621
2023,3,429,3.6,3.5299,3.5846,3.6849,3.7984,3.9061
2023,3,433,3.5667,3.6428,3.8961,4.6139,5.2142,5.2734
2023,3,456,3.539,3.5101,3.5355,3.5566,3.5612,3.5659
2023,3,463,3.6,3.5,3.7,3.8,3.9,4.0
2023,3,484,3.6,3.6,3.7,3.8,3.7,3.6
2023,3,504,3.6,3.6,3.7,4.0,4.1,4.3
2023,3,508,3.6,3.6647,3.8634,4.0924,4.2567,4.4295
2023,3,510,3.6,3.7,3.8,3.9,3.9,4.0
2023,3,518,3.6,3.5347,3.6019,3.8153,4.0641,4.2991
2023,3,535,3.6,3.5,3.5,3.6,3.8,4.0
2023,3,549,3.6,3.6,3.7,3.9,4.1,4.2
2023,3,555,3.6,3.5662,3.7478,3.9613,4.4038,4.6023
2023,3,563,3.6,3.6,3.6,3.6,3.5,3.6
2023,3,568,3.6,3.4978,3.5612,3.6015,3.7018,3.7933
2023,3,570,3.6,3.7315,3.9509,4.2287,4.5606,4.8883
2023,3,572,3.6,3.6,3.9,4.2,4.3,4.4
2023,3,574,3.6,3.5623,3.621,3.7149,3.8435,3.9713
2023,3,576,3.6,3.6799,3.8475,4.0354,4.1226,4.2485
2023,3,577,3.5667,3.6,3.8,3.8,4.0,
2023,3,584,3.6,3.5,3.6313,3.752,3.8631,3.9592
2023,3,586,3.6,3.7,3.9,4.0,4.2,4.3
2023,3,587,3.6,3.8,3.9,4.0,4.0,3.8064
2023,3,588,3.6,3.6,4.3333,5.2667,5.0,4.3667
2023,3,589,3.6,3.86,4.14,4.41,4.57,4.54
2023,3,591,3.6,3.8,3.9,4.1,4.2,4.3
2023,3,593,3.6,3.8,4.2,4.4,4.6,4.8
2023,3,594,,,,,,
2023,3,595,3.6,3.5,3.8,4.0,4.2,4.5
2023,3,596,3.6,3.2,3.2,3.0,3.0,3.0
2023,3,598,3.6,3.6,3.7,3.8,3.8,3.8
2023,3,599,3.6,3.7,3.75,4.14,4.27,4.35
2023,3,603,3.6,3.5,3.6,3.5,3.6,3.5
2023,4,411,3.7,3.9,4.0,4.2,4.4,4.5
2023,4,421,3.7,3.8,3.9,4.1,4.2,4.1
2023,4,422,3.7,3.9,4.0,4.0,4.1,4.2
2023,4,426,3.7,3.8914,3.9832,4.019,4.1,4.2
2023,4,428,3.7,3.8452,3.8997,3.9089,3.976,4.026
2023,4,429,3.7,3.8928,3.9873,4.0688,4.1649,4.2364
2023,4,463,3.7,3.9,4.0,4.1,4.2,4.3
2023,4,484,3.7,3.7,3.8,3.7,3.6,3.7
2023,4,508,3.7,3.8882,3.8873,3.9321,3.9398,3.964
2023,4,510,3.7,3.9,4.0,4.0,4.1,4.0
2023,4,518,3.7,3.5478,3.7509,3.9939,4.2239,4.4
2023,4,549,3.7,3.9,4.0,4.2,4.3,4.4
2023,4,555,3.7,3.8505,3.9033,4.0691,4.4151,4.4832
2023,4,563,3.7,3.8,3.8,3.9,3.9,3.8
2023,4,568,3.7,3.8714,3.8762,3.8701,4.0215,3.9778
2023,4,570,3.7,3.8854,4.1,4.2,4.4,4.5
2023,4,572,3.7,3.9,4.2,4.3,4.4,4.4
2023,4,574,3.7,3.7125,3.7882,3.8987,4.0437,4.1526
2023,4,576,3.7,3.8651,4.0256,4.1219,4.2444,4.3379
2023,4,577,3.7,3.8,3.8,4.0,3.8,3.7
2023,4,584,3.7,3.6313,3.752,3.8631,3.9592,4.0492
2023,4,586,3.7,3.9,4.0,4.1,4.3,4.4
2023,4,587,3.7,3.9,4.0,4.0,3.8064,3.7546
2023,4,588,3.7,3.9,4.7333,5.3333,4.7333,4.2
2023,4,589,3.7,3.87,4.17,4.42,4.44,4.41
2023,4,591,3.7,3.8,3.9,4.0,4.1,4.2
2023,4,594,,,,,,
2023,4,596,3.7,3.5,3.5,3.5,3.5,3.5
2023,4,598,3.7,3.9,4.0,4.0,4.1,4.1
2023,4,599,3.7,3.9,4.03,4.23,4.25,4.35
2023,4,600,3.7,4.0,4.2,4.5,4.5,4.4
2023,4,602,3.7,3.9319,4.1237,4.2247,4.3041,4.3659
2023,4,603,3.7,3.885,3.8339,3.7397,3.6451,3.7048
2023,4,604,3.7,4.0,4.5,5.0,4.8,4.6
2024,1,411,3.7,3.7,3.8,3.9,4.0,4.1
2024,1,421,3.7,3.9,4.1,4.3,4.2,4.1
2024,1,422,3.7,3.7,3.8711,3.9248,4.0093,4.0256
2024,1,428,3.7333,3.7644,3.8808,3.9674,4.0289,4.0901
2024,1,429,3.7,3.7077,3.8261,3.8743,3.935,3.9659
2024,1,433,3.7333,3.8007,4.0499,4.1495,4.1501,4.1493
2024,1,463,3.7,3.9,4.0,4.1,4.2,4.2
2024,1,508,3.7,3.8,3.8897,3.9302,3.9718,3.9597
2024,1,510,3.7,3.8,3.9,3.8,3.8,3.7
2024,1,518,3.7,3.8884,3.9396,4.0616,4.1335,4.1611
2024,1,535,3.7,3.7,3.8,3.9,4.0,4.2
2024,1,548,3.7,3.8,3.9,3.9,4.0,4.0
2024,1,549,3.7,3.7,3.9,4.0,4.1,4.3
2024,1,555,3.7,3.7059,3.7649,3.8119,3.8658,3.8169
2024,1,563,3.7,3.7,3.7,3.8,3.7,
2024,1,568,3.7,3.6779,3.875,4.0458,3.9897,3.8934
2024,1,570,3.7,3.7317,3.816,4.0,4.0,4.1
2024,1,572,3.7,3.7,3.9,4.1,4.2,4.1
2024,1,574,3.7,3.7345,3.7353,3.7716,3.8429,3.9139
2024,1,576,3.7,3.89,3.91,3.99,4.04,4.1
2024,1,577,3.7333,3.7,3.7,3.6,3.6,3.7
2024,1,584,3.7,3.7,3.7048,3.6901,3.6803,3.6859
2024,1,586,3.7,3.9,4.0,4.2,4.3,4.4
2024,1,587,3.7,4.0,4.0,3.8064,3.7546,3.8027
2024,1,588,3.7333,3.7333,3.9,4.2333,4.0,3.7667
2024,1,589,3.7,3.8,4.04,4.24,4.34,4.3
2024,1,593,3.7,3.8,3.9,4.0,4.1,4.3
2024,1,594,,,,,,
2024,1,596,3.7,3.6,3.5,3.4,3.3,3.2
2024,1,598,3.7,3.9,4.0,4.1,4.1,4.0
2024,1,599,3.7,3.9,4.08,4.21,4.23,4.29
2024,1,602,3.7,3.8842,4.0404,4.1549,4.1952,4.1949
2024,1,603,3.7,3.7826,4.0259,3.778,3.8376,3.7429
2024,1,604,3.7,3.7,4.4,4.8,4.5,4.4
2024,2,411,3.8,3.8,3.8,3.9,3.9,4.0
2024,2,421,3.8,4.0,4.1,4.3,4.2,4.1
2024,2,422,3.8,3.9249,4.0994,4.1285,4.1591,4.2861
2024,2,428,3.8,3.9769,4.0018,4.0244,4.0693,4.0575
2024,2,429,3.8,3.8607,3.8951,3.9672,4.0175,4.0338
2024,2,433,3.8,3.8916,4.0005,4.0492,4.0992,4.1518
2024,2,463,3.8,3.9,4.0,4.0,4.1,4.1
2024,2,484,3.8,3.85,3.9,3.95,4.0,4.1
2024,2,508,3.8,3.8897,3.9302,3.9718,3.9597,3.9092
2024,2,510,3.8,3.9,3.9,3.8,3.7,3.7
2024,2,518,3.8,3.8999,4.0313,4.1716,4.3024,4.399
2024,2,535,3.8,3.9,3.9,4.0,4.1,4.2
2024,2,548,3.8,3.8777,3.9289,3.9584,3.9817,4.0225
2024,2,549,3.8,3.9,4.0,4.1,4.3,4.3
2024,2,555,3.8,3.8625,3.9612,4.0744,4.0537,4.0037
2024,2,563,3.8,3.8,3.9,3.9,4.0,
2024,2,568,3.8,3.8519,3.8927,3.9131,3.8803,3.8794
2024,2,570,3.8,3.8212,4.0,4.0,4.1,4.1
2024,2,572,3.8,3.9,4.1,4.2,4.1,4.1
2024,2,574,3.8,3.8548,3.9122,3.9833,4.054,4.089
2024,2,576,3.8,3.88,3.97,4.03,4.09,4.08
2024,2,577,3.8,3.8,3.7,3.7,3.7,3.6
2024,2,584,3.8,3.9,3.9942,4.0775,4.1615,4.2337
2024,2,587,3.8,3.9,3.8064,3.7546,3.8027,3.7508
2024,2,588,3.8,3.9,4.0667,3.9333,3.7667,3.7
2024,2,589,3.8,3.93,4.04,4.14,4.14,4.12
2024,2,594,,,,,,
2024,2,596,3.8,3.7,3.6,3.5,3.4,3.3
2024,2,598,3.8,3.9,4.0,4.1,4.1,4.2
2024,2,599,3.8,3.9,4.01,4.1,4.2,4.3
2024,2,600,3.8,3.9,4.0,4.1,4.2,4.2
2024,2,602,3.8,3.866,3.9963,4.1024,4.0908,4.0056
2024,2,603,3.8,3.9741,3.8544,3.8657,3.8843,3.842
2024,2,604,3.8,4.4,4.8,4.5,4.4,4.3
2024,3,411,4.0,4.0,4.1,4.2,4.2,4.3
2024,3,421,4.0,4.2,4.3,4.3,4.2,4.2
2024,3,422,4.0,4.3,4.4,4.4,4.4,4.5
2024,3,426,4.0,4.0551,4.0733,4.0885,4.2,4.2551
2024,3,428,4.0,4.1737,4.1366,4.1202,4.0713,4.0719
2024,3,429,4.0,4.2776,4.4244,4.5458,4.6321,4.6397
2024,3,433,4.0,4.2175,4.2648,4.2901,4.2998,4.2964
2024,3,463,4.0,4.2,4.3,4.3,4.4,4.4
2024,3,508,4.0,4.2,4.2,4.2,4.2,4.2505
2024,3,510,4.0,4.1,4.0,4.0,4.0,4.1
2024,3,518,4.0,4.3,4.3776,4.4522,4.5989,4.7414
2024,3,528,4.0,4.1085,4.1957,4.2937,4.3862,4.4636
2024,3,535,4.0,4.2,4.3,4.4,4.5,4.6
2024,3,549,4.0,4.3,4.4,4.6,4.8,4.9
2024,3,555,4.0,4.2759,4.4774,4.4291,4.3126,4.2703
2024,3,563,4.0,4.3,4.4,4.3,4.2,4.1
2024,3,568,4.0,4.2421,4.1899,4.185,4.1838,4.2878
2024,3,570,4.0,4.1,4.2,4.0,4.0,4.0
2024,3,574,4.0,4.1957,4.2944,4.3997,4.5116,4.5876
2024,3,576,4.0,4.3,4.25,4.2,4.1,4.1
2024,3,577,4.0,4.2,4.2,4.2,4.1,
2024,3,584,4.0,4.3,4.3751,4.4119,4.4315,4.4484
2024,3,586,4.0,4.1,4.3,4.4,4.5,4.6
2024,3,587,4.0,4.2,4.0,3.8027,3.7508,3.6989
2024,3,588,4.0,4.3333,4.5333,4.5333,4.3667,4.2333
2024,3,589,4.0,4.1,4.1,4.2,4.2,4.3
2024,3,591,4.0,4.3,4.5,4.5,4.5,4.4
2024,3,593,4.0,4.3,4.6,4.9,5.1,4.9
2024,3,594,,,,,,
2024,3,595,4.0,4.3,4.3,4.2,4.2,4.1
2024,3,596,4.0,4.2,4.3,4.4,4.5,4.6
2024,3,598,4.0,4.4,4.5,4.5,4.5,4.4
2024,3,599,4.0,4.3,4.4,4.6,5.02,5.2
2024,3,602,4.0,4.0705,4.1248,4.0887,4.0541,4.0676
2024,3,603,4.0,4.2571,4.2629,4.2765,4.2296,4.1826
2024,3,604,4.0,4.1,4.3,4.4,4.4,4.2
2024,4,411,4.2,4.2,4.3,4.4,4.4,4.5
2024,4,426,4.2,4.0367,4.0,4.0,3.9,4.2367
2024,4,428,4.2,4.1754,4.159,4.1031,4.0948,4.0731
2024,4,429,4.2,4.2282,4.3144,4.4232,4.4173,4.3851
2024,4,433,4.2,4.2337,4.3203,4.3025,4.2416,4.1792
2024,4,463,4.2,4.2,4.2,4.3,4.3,4.4
2024,4,508,4.2,4.2023,4.2031,4.2153,4.211,4.1916
2024,4,510,4.2,4.1,4.1,4.1,4.2,4.1
2024,4,518,4.2,4.2,4.26,4.42,4.59,4.63
2024,4,535,4.2,4.1,4.2,4.3,4.4,4.4
2024,4,549,4.2,4.2,4.4,4.5,4.7,4.9
2024,4,555,4.2,4.2622,4.2239,4.167,4.109,4.0665
2024,4,563,4.2,4.2,4.2,4.2,4.2,
2024,4,568,4.2,4.0617,4.1702,4.1626,4.3749,4.5222
2024,4,570,4.2,4.1056,4.1353,4.1862,4.2509,4.2669
2024,4,572,4.2,4.2,4.3,4.4,4.4,4.4
2024,4,574,4.1752,4.1959,4.1953,4.23,4.2435,4.2921
2024,4,576,4.2,4.2,4.2,4.1,4.1,4.0
2024,4,577,4.2,4.2,4.2,4.3,4.4,4.3
2024,4,584,4.2,4.1,4.1957,4.2465,4.2832,4.3182
2024,4,587,4.2,4.1,4.3,4.5,4.7,4.5
2024,4,588,4.2,4.1667,4.2333,4.2333,4.2,4.2
2024,4,589,4.2,4.35,4.4,4.38,4.35,4.27
2024,4,590,4.2,4.2886,4.319,4.3031,4.205,4.2416
2024,4,594,,,,,,
2024,4,595,4.2,4.3,4.3,4.2,4.2,4.1
2024,4,596,4.2,4.0,4.0,4.0,4.0,4.0
2024,4,598,4.2,4.2,4.2,4.1,4.2,4.3
2024,4,599,4.2,4.22,4.29,4.55,4.53,4.48
2024,4,600,4.2,4.2,4.3,4.4,4.5,4.5
2024,4,603,4.2,4.1599,4.1724,4.1239,4.0753,4.0268
2024,4,604,4.2,4.4,4.4,4.4,4.2,4.2
2024,4,605,4.2,4.2297,4.2852,4.3415,4.4007,4.438
2025,1,411,4.1,4.1,4.2,4.2,4.3,4.3
2025,1,421,4.1,4.2,4.3,4.3,4.4,4.5
2025,1,422,4.1,4.1,4.0,3.9,3.9,3.8
2025,1,428,4.1333,4.1235,4.0894,4.1002,4.1417,4.1245
2025,1,429,4.1,4.033,4.0813,4.0962,4.1099,4.1244
2025,1,433,4.1,4.082,4.1814,4.2444,4.2899,4.2812
2025,1,463,4.1,4.1,4.2,4.3,4.4,4.4
2025,1,508,4.1,4.1699,4.1468,4.0565,3.9363,3.8101
2025,1,510,4.1,4.0,4.1,4.2,4.1,4.0
2025,1,518,4.1,4.2174,4.2807,4.3704,4.5314,4.6191
2025,1,535,4.1,4.1,4.2,4.3,4.3,4.2
2025,1,548,4.1,4.0347,4.1109,4.1602,4.2311,4.3136
2025,1,549,4.1,4.0,4.1,4.1,4.2,4.2
2025,1,555,4.1,4.0277,4.0772,4.1199,4.1344,4.1075
2025,1,563,4.1,4.2,4.1,4.0,4.2,
2025,1,568,4.1,3.9813,4.3596,4.4594,4.4073,4.3134
2025,1,570,4.1,4.1217,4.178,4.1986,4.2199,4.2814
2025,1,572,4.1,4.2,4.3,4.3,4.3,4.3
2025,1,574,4.1333,4.1727,4.1722,4.207,4.2206,4.2692
2025,1,576,4.1,4.0,4.1,4.2,4.2,4.2
2025,1,577,4.1333,4.2,4.3,4.4,4.3,4.2
2025,1,584,4.1,4.0,4.0822,4.1318,4.1668,4.1991
2025,1,586,4.1,4.3,4.4,4.5,4.6,4.7
2025,1,587,4.1,4.3,4.5,5.0,5.0,5.0
2025,1,588,4.1,4.0,4.1667,4.1,4.1333,4.2
2025,1,589,4.1,4.167,4.28,4.35,4.34,4.27
2025,1,591,4.1,4.3,4.4,4.4,4.5,4.5
2025,1,593,4.1,4.3,4.6,4.9,5.1,4.9
2025,1,594,,,,,,
2025,1,595,4.1,4.1,4.1,4.1,4.0,4.0
2025,1,596,4.1,4.0,4.0,4.0,4.0,4.0
2025,1,598,4.1,4.2,4.2,4.3,4.3,4.4
2025,1,599,4.1,4.22,4.55,4.62,4.64,4.68
2025,1,600,4.1,4.2,4.3,4.4,4.4,4.4
2025,1,602,4.1333,4.1607,4.0611,3.957,3.8417,3.7697
2025,1,603,4.1,3.9515,3.9279,3.925,3.9219,3.9188
2025,1,604,4.1,4.0,4.0,4.2,4.3,4.2
2025,1,605,4.1,4.0393,4.0534,4.0814,4.1241,4.1602
2025,1,606,4.1,4.1606,4.315,4.476,4.4621,4.4833
2025,1,607,4.1,4.2,4.3,4.3,4.3,4.3
2025,2,411,4.1,4.3,4.5,4.7,4.8,4.9
2025,2,422,4.1,4.176,4.4746,4.8921,5.1647,5.4602
2025,2,428,4.1,4.1517,4.246,4.3916,4.6022,4.7965
2025,2,429,4.1,4.1989,4.3891,4.612,4.8307,4.8811
2025,2,433,4.1,4.1679,4.4347,4.6929,4.745,4.663
2025,2,463,4.1,4.2,4.3,4.4,4.4,4.4
2025,2,484,4.1,4.1,4.0,3.98,4.0,4.1
2025,2,508,4.1,4.3073,4.4601,4.5654,4.6012,4.5838
2025,2,510,4.1,4.3,4.4,4.5,4.4,4.4
2025,2,518,4.1,4.2304,4.3177,4.509,4.6625,4.7872
2025,2,535,4.1,4.2,4.4,4.4,4.4,4.4
2025,2,549,4.1,4.2,4.4,4.6,4.7,4.9
2025,2,555,4.1,4.2528,4.3707,4.4708,4.4617,4.3822
2025,2,563,4.1,4.1,4.2,4.2,4.2,4.3
2025,2,568,4.1,4.1752,4.9454,5.4892,5.6268,5.6799
2025,2,570,4.1,4.3081,4.4449,4.5734,4.7078,4.8256
2025,2,572,4.1,4.3,4.6,4.8,5.0,5.0
2025,2,574,4.1,4.1566,4.2469,4.3158,4.3638,4.4461
2025,2,576,4.1,4.2,4.3,4.3,4.4,4.4
2025,2,577,4.1,4.3,4.4,4.5,4.6,4.5
2025,2,584,4.1,4.2,4.2758,4.3322,4.3829,4.437
2025,2,586,4.1,4.2,4.3,4.4,4.5,4.6
2025,2,587,4.1,4.5,5.0,5.0,5.0,4.8
2025,2,588,4.1,4.2667,4.2667,4.2,4.2,4.2
2025,2,589,4.1,4.28,4.32,4.33,4.33,4.32
2025,2,590,4.1,4.322,4.488,4.6271,4.6302,4.4886
2025,2,594,,,,,,
2025,2,595,4.1,4.2,4.3,4.5,4.6,4.6
2025,2,596,4.1,4.0,4.0,4.0,4.0,4.0
2025,2,598,4.1,4.2,4.3,4.4,4.4,4.4
2025,2,600,4.1,4.2,4.3,4.4,4.4,4.3
2025,2,603,4.1,4.0333,3.9632,3.96,3.9568,3.9536
2025,2,604,4.1,4.2,4.3,4.8,4.8,4.5
2025,2,605,4.1,4.2033,4.3434,4.6206,4.7482,4.8216
2025,2,606,4.1,4.2543,4.4154,4.4015,4.4227,4.5566
2025,2,607,4.1,4.3,4.4,4.4,4.3,4.3
2025,3,411,4.2,4.3,4.4,4.4,4.5,4.5
2025,3,421,4.2,4.4,4.7,4.9,4.8,4.6
2025,3,422,4.2,4.2995,4.3725,4.6147,4.9632,4.8032
2025,3,428,4.1667,4.3282,4.3605,4.4576,4.5992,4.7486
2025,3,429,4.2,4.2464,4.3334,4.4858,4.6007,4.593
2025,3,433,4.1667,4.2973,4.3814,4.4014,4.3982,4.3644
2025,3,463,4.2,4.3,4.4,4.4,4.4,4.4
2025,3,484,4.2,4.25,4.3,4.35,4.4,4.45
2025,3,508,4.2,4.3195,4.4248,4.4606,4.4432,4.3937
2025,3,510,4.2,4.3,4.3,4.4,4.3,4.2
2025,3,518,4.2,4.2976,4.4642,4.6001,4.6966,4.7031
2025,3,549,4.2,4.3,4.5,4.6,4.7,4.7
2025,3,563,4.2,4.2,4.3,4.3,4.4,
2025,3,568,4.2,4.2669,4.5411,4.6481,4.4908,4.4451
2025,3,570,4.2,4.2007,4.3266,4.5111,4.6631,4.8023
2025,3,572,4.2,4.3,4.5,4.6,4.6,4.6
2025,3,574,4.1667,4.2281,4.2908,4.3707,4.4678,4.5471
2025,3,576,4.2,4.3,4.3,4.4,4.4,4.4
2025,3,577,4.1667,4.3,4.5,4.6,4.6,4.5
2025,3,584,4.2,4.2,4.2625,4.277,4.2828,4.2878
2025,3,586,4.2,4.3,4.4,4.5,4.6,4.7
2025,3,587,4.2,4.4,4.7,5.0,5.0,4.8
2025,3,588,4.2,4.3,4.4667,4.4333,4.3333,4.3
2025,3,589,4.2,4.1667,4.1333,4.1,4.233,4.43
2025,3,590,4.2,4.3953,4.5125,4.5201,4.5431,4.4083
2025,3,591,4.2,4.2,4.4,4.4,4.4,4.5
2025,3,594,,,,,,
2025,3,595,4.2,4.3,4.5,4.6,4.6,4.5
2025,3,596,4.1,4.2,4.3,4.3,4.2,4.1
2025,3,598,4.2,4.3,4.5,4.6,4.7,4.8
2025,3,603,4.2,4.1538,4.1185,4.0978,4.0761,4.0535
2025,3,604,4.2,4.3,4.4,4.4,4.1,4.1
2025,3,606,4.2,4.361,4.3472,4.3684,4.442,4.4911
2025,3,607,4.2,4.3643,4.4552,4.4435,4.4587,4.4663
2025,3,608,4.2,4.25,4.3,4.35,4.4,4.45
2025,3,609,4.2,4.2,4.2,4.3,4.5,4.5
2025,4,411,4.3,4.4,4.5,4.5,4.5,4.5
2025,4,421,4.3,4.6,4.9,4.8,4.6,4.5
2025,4,428,4.2712,4.3278,4.434,4.5919,4.7461,4.7768
2025,4,429,4.3035,4.5255,4.5053,4.4937,4.4908,4.4923
2025,4,463,4.3,4.5,4.4,4.5,4.5,4.5
2025,4,484,4.25,4.3,4.35,4.4,4.45,4.5
2025,4,508,4.2566,4.3433,4.4042,4.4515,4.5101,4.5451
2025,4,510,4.3,4.4,4.4,4.3,4.4,4.3
2025,4,518,4.1607,4.3996,4.6149,4.7138,4.7291,4.7323
2025,4,535,4.3,4.4,4.4,4.3,4.2,4.1
2025,4,549,4.3,4.4,4.5,4.5,4.6,4.7
2025,4,563,,4.4,4.5,,,
2025,4,568,4.3058,4.4501,4.583,4.6711,4.6931,4.7337
2025,4,570,4.3,4.3525,4.3951,4.4317,4.5042,4.5628
2025,4,571,4.2679,4.3524,4.3291,4.3363,4.3347,4.3267
2025,4,572,4.3,4.5,4.6,4.6,4.6,4.6
2025,4,574,4.2983,4.3433,4.4057,4.4852,4.582,4.661
2025,4,576,4.3,4.3,4.4,4.4,4.4,4.4
2025,4,577,4.3,4.5,4.6,4.6,4.5,4.4
2025,4,586,4.3,4.4,4.5,4.6,4.7,4.8
2025,4,587,4.3,4.5,4.7,5.0,4.8,4.7
2025,4,588,4.3,4.5,4.3667,4.3,4.2,4.2
2025,4,589,4.1667,4.267,4.49,4.55,4.57,4.56
2025,4,591,4.25,4.6,4.7,4.8,4.5,4.8
2025,4,594,,,,,,
2025,4,595,4.6,4.3,4.5,4.6,4.6,4.5
2025,4,598,4.3,4.5,4.6,4.7,4.8,4.8
2025,4,600,4.3,4.5,4.6,4.6,4.5,4.5
2025,4,602,4.2517,4.1897,4.1084,3.9925,3.8988,3.8127
2025,4,603,4.2909,4.306,4.2874,4.2682,4.2479,4.2267
2025,4,607,4.3,4.4,4.45,4.4,4.4,4.4
2025,4,608,4.3,4.2,4.3,4.3,4.3,4.3
2025,4,609,4.189,4.2032,4.2731,4.5397,4.5175,4.5142
2026,1,411,4.5,4.4,4.5,4.6,4.6,4.6
2026,1,421,4.5,4.5,4.7,4.9,5.0,4.8
2026,1,422,4.5,4.3,4.2554,4.2128,4.1702,4.1275
2026,1,428,4.5,4.5026,4.534,4.5124,4.4602,4.4198
2026,1,429,4.5,4.3072,4.395,4.4174,4.4298,4.4369
2026,1,433,4.5,4.4526,4.4192,4.3555,4.3048,4.266
2026,1,508,4.5,4.5039,4.543,4.5243,4.4656,4.3845
2026,1,510,4.5,4.3,4.2,4.3,4.3,4.2
2026,1,518,4.5,4.52,4.68,4.8,4.87,4.82
2026,1,535,4.5,4.3,4.3,4.2,4.1,4.1
2026,1,549,4.5,4.4,4.3,4.4,4.4,4.5
2026,1,563,4.5,4.4,4.4,,,
2026,1,568,4.5,4.1549,4.1081,4.0688,4.1007,4.1559
2026,1,570,4.5,4.3343,4.3664,4.429,4.4977,4.4676
2026,1,571,4.4505,4.3536,4.3654,4.3878,4.3946,4.3919
2026,1,572,4.5,4.3666,4.4762,4.5016,4.5182,4.4485
2026,1,574,4.45,4.4658,4.4825,4.4992,4.4985,4.5254
2026,1,576,4.5,4.5,4.5,4.5,4.4,4.3
2026,1,577,4.5,4.6,4.6,4.5,4.5,4.4
2026,1,584,4.5,4.3,4.3036,4.3017,4.3003,4.2987
2026,1,586,4.5,4.6,4.6,4.7,4.8,4.9
2026,1,587,4.5,4.5,4.7,4.8,4.7,4.5
2026,1,588,4.45,4.3,4.3,4.3,4.2,4.1667
2026,1,589,4.5,4.5,4.5,4.4,4.4,4.4
2026,1,590,4.5,4.3987,4.4181,4.3637,4.3929,4.3611
2026,1,591,4.5,4.4,4.6,4.5,4.6,4.7
2026,1,594,,,,,,
2026,1,595,4.5,4.3,4.4,4.5,4.5,4.5
2026,1,598,4.5,4.6,4.8,4.9,4.9,4.8
2026,1,599,4.5,4.5,4.7,4.6,4.5,4.5
2026,1,600,4.5,4.5,4.5,4.5,4.4,4.4
2026,1,603,4.5,4.1852,4.1248,4.1059,4.0861,4.0404
2026,1,604,4.5,4.4,4.4,4.4,4.5,4.5
2026,1,605,4.5,4.3767,4.3606,4.3671,4.378,4.3942
2026,1,608,4.5,4.6,4.7,4.7,4.6,4.8
2026,1,609,4.5,4.5293,4.7906,4.7726,4.7903,4.8237
2026,1,612,4.5,4.4,4.5,4.6,4.6,4.6
2026,2,411,4.3,4.4,4.6,4.7,4.8,4.8
2026,2,421,4.3,4.5,4.6,4.8,4.8,4.7
2026,2,428,4.3,4.2854,4.5188,4.5519,4.6299,4.5768
2026,2,429,4.3,4.4312,4.5042,4.5284,4.5414,4.5412
2026,2,433,4.3333,4.4242,4.456,4.4438,4.4158,4.375
2026,2,508,4.3,4.5034,4.6421,4.7075,4.7324,4.7363
2026,2,510,4.3,4.2,4.3,4.3,4.2,4.1
2026,2,518,4.3,4.4,4.6,4.7,4.8,4.8
2026,2,535,4.3,4.3,4.3,4.2,4.1,4.1
2026,2,549,4.3,4.3,4.2,4.3,4.4,4.4
2026,2,563,4.3,4.3,4.4,4.5,4.5,4.4
2026,2,568,4.3,4.3197,4.4614,4.4237,4.4685,4.4642
2026,2,570,4.3,4.3242,4.3564,4.4273,4.4303,4.3493
2026,2,571,4.3398,4.3027,4.2791,4.2712,4.2401,4.1997
2026,2,572,4.3,4.4,4.5,4.5,4.4,4.4
2026,2,574,4.3333,4.3393,4.3564,4.3909,4.4079,4.4526
2026,2,577,4.3333,4.4,4.5,4.5,4.4,
2026,2,584,4.3,4.3,4.3273,4.4025,4.4951,4.5882
2026,2,587,4.3,4.5,4.7,4.8,4.6,4.3
2026,2,588,4.3333,4.3,4.3333,4.4667,4.4,4.3333
2026,2,589,4.3,4.45,4.51,4.47,4.43,4.38
2026,2,590,4.3,4.3117,4.2687,4.2844,4.2826,4.2864
2026,2,591,4.3,4.4,4.6,4.7,4.7,4.9
2026,2,594,,,,,,
2026,2,595,4.3,4.4,4.5,4.5,4.5,4.5
2026,2,596,4.3,4.2,4.1,4.0,3.9,3.9
2026,2,598,4.3,4.5,4.7,4.7,4.6,4.5
2026,2,602,4.3,4.2963,4.232,4.1362,4.0568,3.9533
2026,2,603,4.3,4.3423,4.3301,4.3066,4.2556,4.2577
2026,2,604,4.3,4.3,4.3,4.4,4.6,4.6
2026,2,605,4.3,4.3767,4.4009,4.4261,4.4527,4.482
2026,2,609,4.3,4.5583,4.5271,4.5287,4.5823,4.8209
2026,2,612,4.3,4.4,4.5,4.6,4.7,4.7
2026,3,411,4.3,4.3,4.4,4.4,4.4,4.4
2026,3,428,4.2667,4.1691,4.3024,4.5139,4.6249,4.7034
2026,3,429,4.3,4.1545,4.1897,4.2107,4.1974,4.1686
2026,3,433,4.3,4.1861,4.2107,4.2257,4.236,4.2336
2026,3,508,4.3,4.3411,4.3807,4.3929,4.4036,4.4241
2026,3,510,4.3,4.2,4.2,4.1,4.0,4.0
2026,3,518,4.3,4.4007,4.5201,4.6271,4.7045,4.7416
2026,3,535,4.3,4.2,4.1,4.1,4.0,4.0
2026,3,549,4.3,4.1,4.2,4.3,4.5,4.6
2026,3,563,4.3,4.3,4.4,4.5,4.5,
2026,3,568,4.3,3.9719,3.9867,3.9742,4.0722,4.0457
2026,3,570,4.3,4.2462,4.2848,4.1778,4.3269,4.3444
2026,3,571,4.2741,4.1474,4.038,3.9711,3.9135,3.873
2026,3,572,4.3,4.2,4.2,4.2,4.2,4.2
2026,3,574,4.2667,4.3091,4.3438,4.3961,4.4482,4.5105
2026,3,577,4.2667,4.4,4.4,4.4,4.3,4.2
2026,3,584,4.3,4.2667,4.1,4.1643,4.2479,4.3508
2026,3,586,4.3,4.4,4.5,4.6,4.6,4.7
2026,3,587,4.3,4.2,4.3,4.4,4.3,4.3
2026,3,588,4.2667,4.1,4.0667,4.0,4.0,4.1
2026,3,589,4.3,4.44,4.44,4.44,4.41,4.37
2026,3,591,4.3,4.2,4.4,4.6,4.7,4.9
2026,3,594,,,,,,
2026,3,595,4.3,4.2,4.3,4.3,4.3,4.2
2026,3,598,4.3,4.4,4.6,4.7,4.6,4.5
2026,3,602,4.3,4.1884,4.0744,3.9631,3.8341,3.7342
2026,3,603,4.3,4.0636,4.0282,4.0013,3.9736,3.9451
2026,3,604,4.3,4.1,4.3,4.3,4.3,4.3
2026,3,605,4.3,4.1,4.2,4.2,4.2,4.2
2026,3,608,4.3,4.3,4.4,4.5,4.6,4.6
2026,3,609,4.3,4.31,4.31,4.36,4.58,4.57
2026,3,612,4.3,4.2,4.3,4.4,4.4,4.5
